country_name,country_text_id,year,v2x_regime,v2x_regime_amb
Mexico,MEX,1946.0,1.0,3.0
Mexico,MEX,1947.0,1.0,3.0
Mexico,MEX,1948.0,1.0,3.0
Mexico,MEX,1949.0,1.0,3.0
Mexico,MEX,1950.0,1.0,3.0
Mexico,MEX,1951.0,1.0,3.0
Mexico,MEX,1952.0,1.0,3.0
Mexico,MEX,1953.0,1.0,3.0
Mexico,MEX,1954.0,1.0,3.0
Mexico,MEX,1955.0,1.0,3.0
Mexico,MEX,1956.0,1.0,3.0
Mexico,MEX,1957.0,1.0,3.0
Mexico,MEX,1958.0,1.0,3.0
Mexico,MEX,1959.0,1.0,3.0
Mexico,MEX,1960.0,1.0,3.0
Mexico,MEX,1961.0,1.0,3.0
Mexico,MEX,1962.0,1.0,3.0
Mexico,MEX,1963.0,1.0,3.0
Mexico,MEX,1964.0,1.0,3.0
Mexico,MEX,1965.0,1.0,3.0
Mexico,MEX,1966.0,1.0,3.0
Mexico,MEX,1967.0,1.0,3.0
Mexico,MEX,1968.0,1.0,3.0
Mexico,MEX,1969.0,1.0,3.0
Mexico,MEX,1970.0,1.0,3.0
Mexico,MEX,1971.0,1.0,3.0
Mexico,MEX,1972.0,1.0,3.0
Mexico,MEX,1973.0,1.0,3.0
Mexico,MEX,1974.0,1.0,3.0
Mexico,MEX,1975.0,1.0,3.0
Mexico,MEX,1976.0,1.0,3.0
Mexico,MEX,1977.0,1.0,3.0
Mexico,MEX,1978.0,1.0,3.0
Mexico,MEX,1979.0,1.0,3.0
Mexico,MEX,1980.0,1.0,3.0
Mexico,MEX,1981.0,1.0,3.0
Mexico,MEX,1982.0,1.0,3.0
Mexico,MEX,1983.0,1.0,3.0
Mexico,MEX,1984.0,1.0,3.0
Mexico,MEX,1985.0,1.0,3.0
Mexico,MEX,1986.0,1.0,3.0
Mexico,MEX,1987.0,1.0,3.0
Mexico,MEX,1988.0,1.0,3.0
Mexico,MEX,1989.0,1.0,3.0
Mexico,MEX,1990.0,1.0,3.0
Mexico,MEX,1991.0,1.0,3.0
Mexico,MEX,1992.0,1.0,3.0
Mexico,MEX,1993.0,1.0,3.0
Mexico,MEX,1994.0,1.0,4.0
Mexico,MEX,1995.0,1.0,4.0
Mexico,MEX,1996.0,2.0,5.0
Mexico,MEX,1997.0,2.0,5.0
Mexico,MEX,1998.0,2.0,6.0
Mexico,MEX,1999.0,2.0,6.0
Mexico,MEX,2000.0,2.0,6.0
Mexico,MEX,2001.0,2.0,6.0
Mexico,MEX,2002.0,2.0,6.0
Mexico,MEX,2003.0,2.0,6.0
Mexico,MEX,2004.0,2.0,6.0
Mexico,MEX,2005.0,2.0,6.0
Mexico,MEX,2006.0,2.0,6.0
Mexico,MEX,2007.0,2.0,6.0
Mexico,MEX,2008.0,2.0,6.0
Mexico,MEX,2009.0,2.0,6.0
Mexico,MEX,2010.0,2.0,6.0
Mexico,MEX,2011.0,2.0,6.0
Mexico,MEX,2012.0,2.0,6.0
Mexico,MEX,2013.0,2.0,6.0
Mexico,MEX,2014.0,2.0,6.0
Mexico,MEX,2015.0,2.0,6.0
Mexico,MEX,2016.0,2.0,6.0
Mexico,MEX,2017.0,2.0,6.0
Mexico,MEX,2018.0,2.0,6.0
Mexico,MEX,2019.0,2.0,6.0
Mexico,MEX,2020.0,2.0,6.0
Mexico,MEX,2021.0,2.0,6.0
Mexico,MEX,2022.0,2.0,6.0
Mexico,MEX,2023.0,2.0,5.0
Mexico,MEX,2024.0,2.0,5.0
Suriname,SUR,1946.0,0.0,0.0
Suriname,SUR,1947.0,0.0,0.0
Suriname,SUR,1948.0,0.0,0.0
Suriname,SUR,1949.0,1.0,3.0
Suriname,SUR,1950.0,2.0,5.0
Suriname,SUR,1951.0,2.0,5.0
Suriname,SUR,1952.0,2.0,5.0
Suriname,SUR,1953.0,2.0,5.0
Suriname,SUR,1954.0,2.0,5.0
Suriname,SUR,1955.0,2.0,5.0
Suriname,SUR,1956.0,2.0,5.0
Suriname,SUR,1957.0,2.0,5.0
Suriname,SUR,1958.0,2.0,5.0
Suriname,SUR,1959.0,2.0,5.0
Suriname,SUR,1960.0,2.0,5.0
Suriname,SUR,1961.0,2.0,5.0
Suriname,SUR,1962.0,2.0,5.0
Suriname,SUR,1963.0,2.0,5.0
Suriname,SUR,1964.0,2.0,5.0
Suriname,SUR,1965.0,2.0,5.0
Suriname,SUR,1966.0,2.0,5.0
Suriname,SUR,1967.0,2.0,5.0
Suriname,SUR,1968.0,2.0,5.0
Suriname,SUR,1969.0,2.0,5.0
Suriname,SUR,1970.0,2.0,5.0
Suriname,SUR,1971.0,2.0,5.0
Suriname,SUR,1972.0,2.0,5.0
Suriname,SUR,1973.0,2.0,5.0
Suriname,SUR,1974.0,2.0,5.0
Suriname,SUR,1975.0,1.0,3.0
Suriname,SUR,1976.0,2.0,6.0
Suriname,SUR,1977.0,2.0,6.0
Suriname,SUR,1978.0,2.0,6.0
Suriname,SUR,1979.0,2.0,6.0
Suriname,SUR,1980.0,0.0,0.0
Suriname,SUR,1981.0,0.0,0.0
Suriname,SUR,1982.0,0.0,0.0
Suriname,SUR,1983.0,0.0,0.0
Suriname,SUR,1984.0,0.0,0.0
Suriname,SUR,1985.0,0.0,0.0
Suriname,SUR,1986.0,0.0,0.0
Suriname,SUR,1987.0,0.0,0.0
Suriname,SUR,1988.0,2.0,6.0
Suriname,SUR,1989.0,2.0,6.0
Suriname,SUR,1990.0,2.0,6.0
Suriname,SUR,1991.0,1.0,3.0
Suriname,SUR,1992.0,2.0,7.0
Suriname,SUR,1993.0,2.0,7.0
Suriname,SUR,1994.0,2.0,7.0
Suriname,SUR,1995.0,2.0,7.0
Suriname,SUR,1996.0,2.0,7.0
Suriname,SUR,1997.0,2.0,7.0
Suriname,SUR,1998.0,2.0,7.0
Suriname,SUR,1999.0,2.0,7.0
Suriname,SUR,2000.0,2.0,7.0
Suriname,SUR,2001.0,2.0,7.0
Suriname,SUR,2002.0,2.0,7.0
Suriname,SUR,2003.0,2.0,7.0
Suriname,SUR,2004.0,2.0,7.0
Suriname,SUR,2005.0,2.0,7.0
Suriname,SUR,2006.0,2.0,7.0
Suriname,SUR,2007.0,2.0,7.0
Suriname,SUR,2008.0,2.0,7.0
Suriname,SUR,2009.0,2.0,7.0
Suriname,SUR,2010.0,2.0,7.0
Suriname,SUR,2011.0,2.0,7.0
Suriname,SUR,2012.0,2.0,7.0
Suriname,SUR,2013.0,2.0,7.0
Suriname,SUR,2014.0,2.0,7.0
Suriname,SUR,2015.0,2.0,7.0
Suriname,SUR,2016.0,2.0,7.0
Suriname,SUR,2017.0,2.0,7.0
Suriname,SUR,2018.0,2.0,7.0
Suriname,SUR,2019.0,2.0,6.0
Suriname,SUR,2020.0,2.0,6.0
Suriname,SUR,2021.0,2.0,6.0
Suriname,SUR,2022.0,2.0,6.0
Suriname,SUR,2023.0,3.0,8.0
Suriname,SUR,2024.0,2.0,6.0
Sweden,SWE,1946.0,3.0,8.0
Sweden,SWE,1947.0,3.0,8.0
Sweden,SWE,1948.0,3.0,8.0
Sweden,SWE,1949.0,3.0,8.0
Sweden,SWE,1950.0,3.0,8.0
Sweden,SWE,1951.0,3.0,8.0
Sweden,SWE,1952.0,3.0,9.0
Sweden,SWE,1953.0,3.0,9.0
Sweden,SWE,1954.0,3.0,9.0
Sweden,SWE,1955.0,3.0,9.0
Sweden,SWE,1956.0,3.0,9.0
Sweden,SWE,1957.0,3.0,9.0
Sweden,SWE,1958.0,3.0,9.0
Sweden,SWE,1959.0,3.0,9.0
Sweden,SWE,1960.0,3.0,9.0
Sweden,SWE,1961.0,3.0,9.0
Sweden,SWE,1962.0,3.0,9.0
Sweden,SWE,1963.0,3.0,9.0
Sweden,SWE,1964.0,3.0,9.0
Sweden,SWE,1965.0,3.0,9.0
Sweden,SWE,1966.0,3.0,9.0
Sweden,SWE,1967.0,3.0,9.0
Sweden,SWE,1968.0,3.0,9.0
Sweden,SWE,1969.0,3.0,9.0
Sweden,SWE,1970.0,3.0,9.0
Sweden,SWE,1971.0,3.0,9.0
Sweden,SWE,1972.0,3.0,9.0
Sweden,SWE,1973.0,3.0,9.0
Sweden,SWE,1974.0,3.0,9.0
Sweden,SWE,1975.0,3.0,9.0
Sweden,SWE,1976.0,3.0,9.0
Sweden,SWE,1977.0,3.0,9.0
Sweden,SWE,1978.0,3.0,9.0
Sweden,SWE,1979.0,3.0,9.0
Sweden,SWE,1980.0,3.0,9.0
Sweden,SWE,1981.0,3.0,9.0
Sweden,SWE,1982.0,3.0,9.0
Sweden,SWE,1983.0,3.0,9.0
Sweden,SWE,1984.0,3.0,9.0
Sweden,SWE,1985.0,3.0,9.0
Sweden,SWE,1986.0,3.0,9.0
Sweden,SWE,1987.0,3.0,9.0
Sweden,SWE,1988.0,3.0,9.0
Sweden,SWE,1989.0,3.0,9.0
Sweden,SWE,1990.0,3.0,9.0
Sweden,SWE,1991.0,3.0,9.0
Sweden,SWE,1992.0,3.0,9.0
Sweden,SWE,1993.0,3.0,9.0
Sweden,SWE,1994.0,3.0,9.0
Sweden,SWE,1995.0,3.0,9.0
Sweden,SWE,1996.0,3.0,9.0
Sweden,SWE,1997.0,3.0,9.0
Sweden,SWE,1998.0,3.0,9.0
Sweden,SWE,1999.0,3.0,9.0
Sweden,SWE,2000.0,3.0,9.0
Sweden,SWE,2001.0,3.0,9.0
Sweden,SWE,2002.0,3.0,9.0
Sweden,SWE,2003.0,3.0,9.0
Sweden,SWE,2004.0,3.0,9.0
Sweden,SWE,2005.0,3.0,9.0
Sweden,SWE,2006.0,3.0,9.0
Sweden,SWE,2007.0,3.0,9.0
Sweden,SWE,2008.0,3.0,9.0
Sweden,SWE,2009.0,3.0,9.0
Sweden,SWE,2010.0,3.0,9.0
Sweden,SWE,2011.0,3.0,9.0
Sweden,SWE,2012.0,3.0,9.0
Sweden,SWE,2013.0,3.0,9.0
Sweden,SWE,2014.0,3.0,9.0
Sweden,SWE,2015.0,3.0,9.0
Sweden,SWE,2016.0,3.0,9.0
Sweden,SWE,2017.0,3.0,9.0
Sweden,SWE,2018.0,3.0,9.0
Sweden,SWE,2019.0,3.0,9.0
Sweden,SWE,2020.0,3.0,9.0
Sweden,SWE,2021.0,3.0,9.0
Sweden,SWE,2022.0,3.0,9.0
Sweden,SWE,2023.0,3.0,9.0
Sweden,SWE,2024.0,3.0,9.0
Switzerland,CHE,1946.0,3.0,9.0
Switzerland,CHE,1947.0,3.0,9.0
Switzerland,CHE,1948.0,3.0,9.0
Switzerland,CHE,1949.0,3.0,9.0
Switzerland,CHE,1950.0,3.0,9.0
Switzerland,CHE,1951.0,3.0,9.0
Switzerland,CHE,1952.0,3.0,9.0
Switzerland,CHE,1953.0,3.0,9.0
Switzerland,CHE,1954.0,3.0,9.0
Switzerland,CHE,1955.0,3.0,9.0
Switzerland,CHE,1956.0,3.0,9.0
Switzerland,CHE,1957.0,3.0,9.0
Switzerland,CHE,1958.0,3.0,9.0
Switzerland,CHE,1959.0,3.0,9.0
Switzerland,CHE,1960.0,3.0,9.0
Switzerland,CHE,1961.0,3.0,9.0
Switzerland,CHE,1962.0,3.0,9.0
Switzerland,CHE,1963.0,3.0,9.0
Switzerland,CHE,1964.0,3.0,9.0
Switzerland,CHE,1965.0,3.0,9.0
Switzerland,CHE,1966.0,3.0,9.0
Switzerland,CHE,1967.0,3.0,9.0
Switzerland,CHE,1968.0,3.0,9.0
Switzerland,CHE,1969.0,3.0,9.0
Switzerland,CHE,1970.0,3.0,9.0
Switzerland,CHE,1971.0,3.0,9.0
Switzerland,CHE,1972.0,3.0,9.0
Switzerland,CHE,1973.0,3.0,9.0
Switzerland,CHE,1974.0,3.0,9.0
Switzerland,CHE,1975.0,3.0,9.0
Switzerland,CHE,1976.0,3.0,9.0
Switzerland,CHE,1977.0,3.0,9.0
Switzerland,CHE,1978.0,3.0,9.0
Switzerland,CHE,1979.0,3.0,9.0
Switzerland,CHE,1980.0,3.0,9.0
Switzerland,CHE,1981.0,3.0,9.0
Switzerland,CHE,1982.0,3.0,9.0
Switzerland,CHE,1983.0,3.0,9.0
Switzerland,CHE,1984.0,3.0,9.0
Switzerland,CHE,1985.0,3.0,9.0
Switzerland,CHE,1986.0,3.0,9.0
Switzerland,CHE,1987.0,3.0,9.0
Switzerland,CHE,1988.0,3.0,9.0
Switzerland,CHE,1989.0,3.0,9.0
Switzerland,CHE,1990.0,3.0,9.0
Switzerland,CHE,1991.0,3.0,9.0
Switzerland,CHE,1992.0,3.0,9.0
Switzerland,CHE,1993.0,3.0,9.0
Switzerland,CHE,1994.0,3.0,9.0
Switzerland,CHE,1995.0,3.0,9.0
Switzerland,CHE,1996.0,3.0,9.0
Switzerland,CHE,1997.0,3.0,9.0
Switzerland,CHE,1998.0,3.0,9.0
Switzerland,CHE,1999.0,3.0,9.0
Switzerland,CHE,2000.0,3.0,9.0
Switzerland,CHE,2001.0,3.0,9.0
Switzerland,CHE,2002.0,3.0,9.0
Switzerland,CHE,2003.0,3.0,9.0
Switzerland,CHE,2004.0,3.0,9.0
Switzerland,CHE,2005.0,3.0,9.0
Switzerland,CHE,2006.0,3.0,9.0
Switzerland,CHE,2007.0,3.0,9.0
Switzerland,CHE,2008.0,3.0,9.0
Switzerland,CHE,2009.0,3.0,9.0
Switzerland,CHE,2010.0,3.0,9.0
Switzerland,CHE,2011.0,3.0,9.0
Switzerland,CHE,2012.0,3.0,9.0
Switzerland,CHE,2013.0,3.0,9.0
Switzerland,CHE,2014.0,3.0,9.0
Switzerland,CHE,2015.0,3.0,9.0
Switzerland,CHE,2016.0,3.0,9.0
Switzerland,CHE,2017.0,3.0,9.0
Switzerland,CHE,2018.0,3.0,9.0
Switzerland,CHE,2019.0,3.0,9.0
Switzerland,CHE,2020.0,3.0,9.0
Switzerland,CHE,2021.0,3.0,9.0
Switzerland,CHE,2022.0,3.0,9.0
Switzerland,CHE,2023.0,3.0,9.0
Switzerland,CHE,2024.0,3.0,9.0
Ghana,GHA,1946.0,0.0,0.0
Ghana,GHA,1947.0,0.0,0.0
Ghana,GHA,1948.0,0.0,0.0
Ghana,GHA,1949.0,0.0,0.0
Ghana,GHA,1950.0,0.0,0.0
Ghana,GHA,1951.0,0.0,0.0
Ghana,GHA,1952.0,0.0,0.0
Ghana,GHA,1953.0,0.0,0.0
Ghana,GHA,1954.0,0.0,0.0
Ghana,GHA,1955.0,0.0,0.0
Ghana,GHA,1956.0,0.0,0.0
Ghana,GHA,1957.0,1.0,3.0
Ghana,GHA,1958.0,1.0,3.0
Ghana,GHA,1959.0,1.0,3.0
Ghana,GHA,1960.0,1.0,3.0
Ghana,GHA,1961.0,1.0,3.0
Ghana,GHA,1962.0,1.0,3.0
Ghana,GHA,1963.0,1.0,3.0
Ghana,GHA,1964.0,1.0,3.0
Ghana,GHA,1965.0,1.0,3.0
Ghana,GHA,1966.0,1.0,3.0
Ghana,GHA,1967.0,0.0,0.0
Ghana,GHA,1968.0,0.0,0.0
Ghana,GHA,1969.0,1.0,3.0
Ghana,GHA,1970.0,1.0,3.0
Ghana,GHA,1971.0,1.0,3.0
Ghana,GHA,1972.0,0.0,0.0
Ghana,GHA,1973.0,0.0,0.0
Ghana,GHA,1974.0,0.0,0.0
Ghana,GHA,1975.0,0.0,0.0
Ghana,GHA,1976.0,0.0,0.0
Ghana,GHA,1977.0,0.0,0.0
Ghana,GHA,1978.0,0.0,0.0
Ghana,GHA,1979.0,1.0,3.0
Ghana,GHA,1980.0,2.0,5.0
Ghana,GHA,1981.0,0.0,0.0
Ghana,GHA,1982.0,0.0,0.0
Ghana,GHA,1983.0,0.0,0.0
Ghana,GHA,1984.0,0.0,0.0
Ghana,GHA,1985.0,0.0,0.0
Ghana,GHA,1986.0,0.0,0.0
Ghana,GHA,1987.0,0.0,0.0
Ghana,GHA,1988.0,0.0,0.0
Ghana,GHA,1989.0,0.0,0.0
Ghana,GHA,1990.0,0.0,0.0
Ghana,GHA,1991.0,0.0,0.0
Ghana,GHA,1992.0,1.0,3.0
Ghana,GHA,1993.0,1.0,3.0
Ghana,GHA,1994.0,1.0,4.0
Ghana,GHA,1995.0,1.0,4.0
Ghana,GHA,1996.0,2.0,5.0
Ghana,GHA,1997.0,2.0,7.0
Ghana,GHA,1998.0,2.0,7.0
Ghana,GHA,1999.0,2.0,7.0
Ghana,GHA,2000.0,2.0,7.0
Ghana,GHA,2001.0,2.0,7.0
Ghana,GHA,2002.0,2.0,7.0
Ghana,GHA,2003.0,3.0,8.0
Ghana,GHA,2004.0,3.0,8.0
Ghana,GHA,2005.0,3.0,8.0
Ghana,GHA,2006.0,3.0,8.0
Ghana,GHA,2007.0,3.0,8.0
Ghana,GHA,2008.0,3.0,8.0
Ghana,GHA,2009.0,3.0,8.0
Ghana,GHA,2010.0,3.0,8.0
Ghana,GHA,2011.0,3.0,8.0
Ghana,GHA,2012.0,3.0,8.0
Ghana,GHA,2013.0,3.0,8.0
Ghana,GHA,2014.0,3.0,8.0
Ghana,GHA,2015.0,2.0,6.0
Ghana,GHA,2016.0,2.0,7.0
Ghana,GHA,2017.0,2.0,7.0
Ghana,GHA,2018.0,2.0,7.0
Ghana,GHA,2019.0,2.0,7.0
Ghana,GHA,2020.0,2.0,7.0
Ghana,GHA,2021.0,2.0,6.0
Ghana,GHA,2022.0,2.0,6.0
Ghana,GHA,2023.0,2.0,6.0
Ghana,GHA,2024.0,2.0,6.0
South Africa,ZAF,1946.0,1.0,3.0
South Africa,ZAF,1947.0,1.0,3.0
South Africa,ZAF,1948.0,1.0,3.0
South Africa,ZAF,1949.0,1.0,3.0
South Africa,ZAF,1950.0,1.0,3.0
South Africa,ZAF,1951.0,1.0,3.0
South Africa,ZAF,1952.0,1.0,3.0
South Africa,ZAF,1953.0,1.0,3.0
South Africa,ZAF,1954.0,1.0,3.0
South Africa,ZAF,1955.0,1.0,3.0
South Africa,ZAF,1956.0,1.0,3.0
South Africa,ZAF,1957.0,1.0,3.0
South Africa,ZAF,1958.0,1.0,3.0
South Africa,ZAF,1959.0,1.0,3.0
South Africa,ZAF,1960.0,1.0,3.0
South Africa,ZAF,1961.0,1.0,3.0
South Africa,ZAF,1962.0,1.0,3.0
South Africa,ZAF,1963.0,1.0,3.0
South Africa,ZAF,1964.0,1.0,3.0
South Africa,ZAF,1965.0,1.0,3.0
South Africa,ZAF,1966.0,1.0,3.0
South Africa,ZAF,1967.0,1.0,3.0
South Africa,ZAF,1968.0,1.0,3.0
South Africa,ZAF,1969.0,1.0,3.0
South Africa,ZAF,1970.0,1.0,3.0
South Africa,ZAF,1971.0,1.0,3.0
South Africa,ZAF,1972.0,1.0,3.0
South Africa,ZAF,1973.0,1.0,3.0
South Africa,ZAF,1974.0,1.0,3.0
South Africa,ZAF,1975.0,1.0,3.0
South Africa,ZAF,1976.0,1.0,3.0
South Africa,ZAF,1977.0,1.0,3.0
South Africa,ZAF,1978.0,1.0,3.0
South Africa,ZAF,1979.0,1.0,3.0
South Africa,ZAF,1980.0,1.0,3.0
South Africa,ZAF,1981.0,1.0,3.0
South Africa,ZAF,1982.0,1.0,3.0
South Africa,ZAF,1983.0,1.0,3.0
South Africa,ZAF,1984.0,0.0,0.0
South Africa,ZAF,1985.0,0.0,0.0
South Africa,ZAF,1986.0,0.0,0.0
South Africa,ZAF,1987.0,0.0,0.0
South Africa,ZAF,1988.0,0.0,0.0
South Africa,ZAF,1989.0,0.0,0.0
South Africa,ZAF,1990.0,0.0,0.0
South Africa,ZAF,1991.0,0.0,0.0
South Africa,ZAF,1992.0,0.0,0.0
South Africa,ZAF,1993.0,0.0,0.0
South Africa,ZAF,1994.0,1.0,3.0
South Africa,ZAF,1995.0,2.0,7.0
South Africa,ZAF,1996.0,3.0,8.0
South Africa,ZAF,1997.0,3.0,8.0
South Africa,ZAF,1998.0,3.0,8.0
South Africa,ZAF,1999.0,3.0,8.0
South Africa,ZAF,2000.0,3.0,8.0
South Africa,ZAF,2001.0,3.0,8.0
South Africa,ZAF,2002.0,3.0,8.0
South Africa,ZAF,2003.0,3.0,8.0
South Africa,ZAF,2004.0,3.0,8.0
South Africa,ZAF,2005.0,3.0,8.0
South Africa,ZAF,2006.0,3.0,8.0
South Africa,ZAF,2007.0,3.0,8.0
South Africa,ZAF,2008.0,3.0,8.0
South Africa,ZAF,2009.0,3.0,8.0
South Africa,ZAF,2010.0,3.0,8.0
South Africa,ZAF,2011.0,3.0,8.0
South Africa,ZAF,2012.0,3.0,8.0
South Africa,ZAF,2013.0,2.0,7.0
South Africa,ZAF,2014.0,2.0,7.0
South Africa,ZAF,2015.0,2.0,7.0
South Africa,ZAF,2016.0,2.0,7.0
South Africa,ZAF,2017.0,2.0,6.0
South Africa,ZAF,2018.0,2.0,6.0
South Africa,ZAF,2019.0,2.0,6.0
South Africa,ZAF,2020.0,2.0,6.0
South Africa,ZAF,2021.0,2.0,6.0
South Africa,ZAF,2022.0,2.0,6.0
South Africa,ZAF,2023.0,2.0,6.0
South Africa,ZAF,2024.0,3.0,8.0
Japan,JPN,1946.0,0.0,0.0
Japan,JPN,1947.0,0.0,0.0
Japan,JPN,1948.0,0.0,0.0
Japan,JPN,1949.0,0.0,0.0
Japan,JPN,1950.0,0.0,0.0
Japan,JPN,1951.0,0.0,0.0
Japan,JPN,1952.0,3.0,8.0
Japan,JPN,1953.0,3.0,9.0
Japan,JPN,1954.0,3.0,9.0
Japan,JPN,1955.0,3.0,9.0
Japan,JPN,1956.0,3.0,9.0
Japan,JPN,1957.0,3.0,9.0
Japan,JPN,1958.0,3.0,9.0
Japan,JPN,1959.0,3.0,9.0
Japan,JPN,1960.0,3.0,9.0
Japan,JPN,1961.0,3.0,9.0
Japan,JPN,1962.0,3.0,9.0
Japan,JPN,1963.0,3.0,9.0
Japan,JPN,1964.0,3.0,9.0
Japan,JPN,1965.0,3.0,9.0
Japan,JPN,1966.0,3.0,9.0
Japan,JPN,1967.0,3.0,9.0
Japan,JPN,1968.0,3.0,9.0
Japan,JPN,1969.0,3.0,9.0
Japan,JPN,1970.0,3.0,9.0
Japan,JPN,1971.0,3.0,9.0
Japan,JPN,1972.0,3.0,9.0
Japan,JPN,1973.0,3.0,9.0
Japan,JPN,1974.0,3.0,9.0
Japan,JPN,1975.0,3.0,9.0
Japan,JPN,1976.0,3.0,9.0
Japan,JPN,1977.0,3.0,9.0
Japan,JPN,1978.0,3.0,9.0
Japan,JPN,1979.0,3.0,9.0
Japan,JPN,1980.0,3.0,9.0
Japan,JPN,1981.0,3.0,9.0
Japan,JPN,1982.0,3.0,9.0
Japan,JPN,1983.0,3.0,9.0
Japan,JPN,1984.0,3.0,9.0
Japan,JPN,1985.0,3.0,9.0
Japan,JPN,1986.0,3.0,9.0
Japan,JPN,1987.0,3.0,9.0
Japan,JPN,1988.0,3.0,9.0
Japan,JPN,1989.0,3.0,9.0
Japan,JPN,1990.0,3.0,9.0
Japan,JPN,1991.0,3.0,9.0
Japan,JPN,1992.0,3.0,9.0
Japan,JPN,1993.0,3.0,9.0
Japan,JPN,1994.0,3.0,9.0
Japan,JPN,1995.0,3.0,9.0
Japan,JPN,1996.0,3.0,9.0
Japan,JPN,1997.0,3.0,9.0
Japan,JPN,1998.0,3.0,9.0
Japan,JPN,1999.0,3.0,9.0
Japan,JPN,2000.0,3.0,9.0
Japan,JPN,2001.0,3.0,9.0
Japan,JPN,2002.0,3.0,9.0
Japan,JPN,2003.0,3.0,9.0
Japan,JPN,2004.0,3.0,9.0
Japan,JPN,2005.0,3.0,9.0
Japan,JPN,2006.0,3.0,9.0
Japan,JPN,2007.0,3.0,9.0
Japan,JPN,2008.0,3.0,9.0
Japan,JPN,2009.0,3.0,9.0
Japan,JPN,2010.0,3.0,9.0
Japan,JPN,2011.0,3.0,9.0
Japan,JPN,2012.0,3.0,9.0
Japan,JPN,2013.0,3.0,9.0
Japan,JPN,2014.0,3.0,9.0
Japan,JPN,2015.0,3.0,9.0
Japan,JPN,2016.0,3.0,9.0
Japan,JPN,2017.0,3.0,9.0
Japan,JPN,2018.0,3.0,9.0
Japan,JPN,2019.0,3.0,9.0
Japan,JPN,2020.0,3.0,9.0
Japan,JPN,2021.0,3.0,9.0
Japan,JPN,2022.0,3.0,9.0
Japan,JPN,2023.0,3.0,9.0
Japan,JPN,2024.0,3.0,9.0
Burma/Myanmar,MMR,1946.0,0.0,0.0
Burma/Myanmar,MMR,1947.0,0.0,0.0
Burma/Myanmar,MMR,1948.0,0.0,0.0
Burma/Myanmar,MMR,1949.0,0.0,0.0
Burma/Myanmar,MMR,1950.0,0.0,0.0
Burma/Myanmar,MMR,1951.0,1.0,3.0
Burma/Myanmar,MMR,1952.0,1.0,3.0
Burma/Myanmar,MMR,1953.0,1.0,3.0
Burma/Myanmar,MMR,1954.0,1.0,3.0
Burma/Myanmar,MMR,1955.0,1.0,3.0
Burma/Myanmar,MMR,1956.0,1.0,3.0
Burma/Myanmar,MMR,1957.0,1.0,3.0
Burma/Myanmar,MMR,1958.0,1.0,3.0
Burma/Myanmar,MMR,1959.0,1.0,3.0
Burma/Myanmar,MMR,1960.0,1.0,3.0
Burma/Myanmar,MMR,1961.0,1.0,3.0
Burma/Myanmar,MMR,1962.0,0.0,0.0
Burma/Myanmar,MMR,1963.0,0.0,0.0
Burma/Myanmar,MMR,1964.0,0.0,0.0
Burma/Myanmar,MMR,1965.0,0.0,0.0
Burma/Myanmar,MMR,1966.0,0.0,0.0
Burma/Myanmar,MMR,1967.0,0.0,0.0
Burma/Myanmar,MMR,1968.0,0.0,0.0
Burma/Myanmar,MMR,1969.0,0.0,0.0
Burma/Myanmar,MMR,1970.0,0.0,0.0
Burma/Myanmar,MMR,1971.0,0.0,0.0
Burma/Myanmar,MMR,1972.0,0.0,0.0
Burma/Myanmar,MMR,1973.0,0.0,0.0
Burma/Myanmar,MMR,1974.0,0.0,0.0
Burma/Myanmar,MMR,1975.0,0.0,0.0
Burma/Myanmar,MMR,1976.0,0.0,0.0
Burma/Myanmar,MMR,1977.0,0.0,0.0
Burma/Myanmar,MMR,1978.0,0.0,0.0
Burma/Myanmar,MMR,1979.0,0.0,0.0
Burma/Myanmar,MMR,1980.0,0.0,0.0
Burma/Myanmar,MMR,1981.0,0.0,0.0
Burma/Myanmar,MMR,1982.0,0.0,0.0
Burma/Myanmar,MMR,1983.0,0.0,0.0
Burma/Myanmar,MMR,1984.0,0.0,0.0
Burma/Myanmar,MMR,1985.0,0.0,0.0
Burma/Myanmar,MMR,1986.0,0.0,0.0
Burma/Myanmar,MMR,1987.0,0.0,0.0
Burma/Myanmar,MMR,1988.0,0.0,0.0
Burma/Myanmar,MMR,1989.0,0.0,0.0
Burma/Myanmar,MMR,1990.0,0.0,0.0
Burma/Myanmar,MMR,1991.0,0.0,0.0
Burma/Myanmar,MMR,1992.0,0.0,0.0
Burma/Myanmar,MMR,1993.0,0.0,0.0
Burma/Myanmar,MMR,1994.0,0.0,0.0
Burma/Myanmar,MMR,1995.0,0.0,0.0
Burma/Myanmar,MMR,1996.0,0.0,0.0
Burma/Myanmar,MMR,1997.0,0.0,0.0
Burma/Myanmar,MMR,1998.0,0.0,0.0
Burma/Myanmar,MMR,1999.0,0.0,0.0
Burma/Myanmar,MMR,2000.0,0.0,0.0
Burma/Myanmar,MMR,2001.0,0.0,0.0
Burma/Myanmar,MMR,2002.0,0.0,0.0
Burma/Myanmar,MMR,2003.0,0.0,0.0
Burma/Myanmar,MMR,2004.0,0.0,0.0
Burma/Myanmar,MMR,2005.0,0.0,0.0
Burma/Myanmar,MMR,2006.0,0.0,0.0
Burma/Myanmar,MMR,2007.0,0.0,0.0
Burma/Myanmar,MMR,2008.0,0.0,0.0
Burma/Myanmar,MMR,2009.0,0.0,0.0
Burma/Myanmar,MMR,2010.0,0.0,0.0
Burma/Myanmar,MMR,2011.0,1.0,3.0
Burma/Myanmar,MMR,2012.0,1.0,3.0
Burma/Myanmar,MMR,2013.0,1.0,3.0
Burma/Myanmar,MMR,2014.0,1.0,3.0
Burma/Myanmar,MMR,2015.0,1.0,3.0
Burma/Myanmar,MMR,2016.0,1.0,3.0
Burma/Myanmar,MMR,2017.0,1.0,3.0
Burma/Myanmar,MMR,2018.0,1.0,3.0
Burma/Myanmar,MMR,2019.0,1.0,3.0
Burma/Myanmar,MMR,2020.0,1.0,3.0
Burma/Myanmar,MMR,2021.0,0.0,0.0
Burma/Myanmar,MMR,2022.0,0.0,0.0
Burma/Myanmar,MMR,2023.0,0.0,0.0
Burma/Myanmar,MMR,2024.0,0.0,0.0
Russia,RUS,1946.0,0.0,0.0
Russia,RUS,1947.0,0.0,0.0
Russia,RUS,1948.0,0.0,0.0
Russia,RUS,1949.0,0.0,0.0
Russia,RUS,1950.0,0.0,0.0
Russia,RUS,1951.0,0.0,0.0
Russia,RUS,1952.0,0.0,0.0
Russia,RUS,1953.0,0.0,0.0
Russia,RUS,1954.0,0.0,0.0
Russia,RUS,1955.0,0.0,0.0
Russia,RUS,1956.0,0.0,0.0
Russia,RUS,1957.0,0.0,0.0
Russia,RUS,1958.0,0.0,0.0
Russia,RUS,1959.0,0.0,0.0
Russia,RUS,1960.0,0.0,0.0
Russia,RUS,1961.0,0.0,0.0
Russia,RUS,1962.0,0.0,0.0
Russia,RUS,1963.0,0.0,0.0
Russia,RUS,1964.0,0.0,0.0
Russia,RUS,1965.0,0.0,0.0
Russia,RUS,1966.0,0.0,0.0
Russia,RUS,1967.0,0.0,0.0
Russia,RUS,1968.0,0.0,0.0
Russia,RUS,1969.0,0.0,0.0
Russia,RUS,1970.0,0.0,0.0
Russia,RUS,1971.0,0.0,0.0
Russia,RUS,1972.0,0.0,0.0
Russia,RUS,1973.0,0.0,0.0
Russia,RUS,1974.0,0.0,0.0
Russia,RUS,1975.0,0.0,0.0
Russia,RUS,1976.0,0.0,0.0
Russia,RUS,1977.0,0.0,0.0
Russia,RUS,1978.0,0.0,0.0
Russia,RUS,1979.0,0.0,0.0
Russia,RUS,1980.0,0.0,0.0
Russia,RUS,1981.0,0.0,0.0
Russia,RUS,1982.0,0.0,0.0
Russia,RUS,1983.0,0.0,0.0
Russia,RUS,1984.0,0.0,0.0
Russia,RUS,1985.0,0.0,0.0
Russia,RUS,1986.0,0.0,0.0
Russia,RUS,1987.0,0.0,0.0
Russia,RUS,1988.0,0.0,0.0
Russia,RUS,1989.0,0.0,0.0
Russia,RUS,1990.0,0.0,0.0
Russia,RUS,1991.0,1.0,3.0
Russia,RUS,1992.0,1.0,4.0
Russia,RUS,1993.0,1.0,4.0
Russia,RUS,1994.0,1.0,4.0
Russia,RUS,1995.0,1.0,4.0
Russia,RUS,1996.0,1.0,4.0
Russia,RUS,1997.0,1.0,4.0
Russia,RUS,1998.0,1.0,4.0
Russia,RUS,1999.0,1.0,4.0
Russia,RUS,2000.0,1.0,3.0
Russia,RUS,2001.0,1.0,3.0
Russia,RUS,2002.0,1.0,3.0
Russia,RUS,2003.0,1.0,3.0
Russia,RUS,2004.0,1.0,3.0
Russia,RUS,2005.0,1.0,3.0
Russia,RUS,2006.0,1.0,3.0
Russia,RUS,2007.0,1.0,3.0
Russia,RUS,2008.0,1.0,3.0
Russia,RUS,2009.0,1.0,3.0
Russia,RUS,2010.0,1.0,3.0
Russia,RUS,2011.0,1.0,3.0
Russia,RUS,2012.0,1.0,3.0
Russia,RUS,2013.0,1.0,3.0
Russia,RUS,2014.0,1.0,3.0
Russia,RUS,2015.0,1.0,3.0
Russia,RUS,2016.0,1.0,3.0
Russia,RUS,2017.0,1.0,3.0
Russia,RUS,2018.0,1.0,3.0
Russia,RUS,2019.0,1.0,3.0
Russia,RUS,2020.0,1.0,3.0
Russia,RUS,2021.0,1.0,3.0
Russia,RUS,2022.0,1.0,3.0
Russia,RUS,2023.0,1.0,3.0
Russia,RUS,2024.0,1.0,3.0
Albania,ALB,1946.0,1.0,2.0
Albania,ALB,1947.0,1.0,2.0
Albania,ALB,1948.0,1.0,2.0
Albania,ALB,1949.0,0.0,1.0
Albania,ALB,1950.0,0.0,1.0
Albania,ALB,1951.0,0.0,1.0
Albania,ALB,1952.0,0.0,1.0
Albania,ALB,1953.0,0.0,1.0
Albania,ALB,1954.0,0.0,1.0
Albania,ALB,1955.0,0.0,1.0
Albania,ALB,1956.0,0.0,1.0
Albania,ALB,1957.0,0.0,1.0
Albania,ALB,1958.0,0.0,1.0
Albania,ALB,1959.0,0.0,1.0
Albania,ALB,1960.0,0.0,1.0
Albania,ALB,1961.0,0.0,1.0
Albania,ALB,1962.0,0.0,1.0
Albania,ALB,1963.0,0.0,1.0
Albania,ALB,1964.0,0.0,1.0
Albania,ALB,1965.0,0.0,1.0
Albania,ALB,1966.0,0.0,1.0
Albania,ALB,1967.0,0.0,1.0
Albania,ALB,1968.0,0.0,1.0
Albania,ALB,1969.0,0.0,1.0
Albania,ALB,1970.0,0.0,1.0
Albania,ALB,1971.0,0.0,1.0
Albania,ALB,1972.0,0.0,1.0
Albania,ALB,1973.0,0.0,1.0
Albania,ALB,1974.0,0.0,1.0
Albania,ALB,1975.0,0.0,1.0
Albania,ALB,1976.0,0.0,1.0
Albania,ALB,1977.0,0.0,1.0
Albania,ALB,1978.0,0.0,1.0
Albania,ALB,1979.0,0.0,1.0
Albania,ALB,1980.0,0.0,1.0
Albania,ALB,1981.0,0.0,1.0
Albania,ALB,1982.0,0.0,1.0
Albania,ALB,1983.0,0.0,1.0
Albania,ALB,1984.0,0.0,1.0
Albania,ALB,1985.0,0.0,1.0
Albania,ALB,1986.0,0.0,1.0
Albania,ALB,1987.0,0.0,1.0
Albania,ALB,1988.0,0.0,1.0
Albania,ALB,1989.0,0.0,1.0
Albania,ALB,1990.0,0.0,1.0
Albania,ALB,1991.0,1.0,3.0
Albania,ALB,1992.0,1.0,3.0
Albania,ALB,1993.0,1.0,3.0
Albania,ALB,1994.0,1.0,3.0
Albania,ALB,1995.0,1.0,3.0
Albania,ALB,1996.0,1.0,3.0
Albania,ALB,1997.0,1.0,3.0
Albania,ALB,1998.0,1.0,3.0
Albania,ALB,1999.0,1.0,3.0
Albania,ALB,2000.0,1.0,3.0
Albania,ALB,2001.0,1.0,3.0
Albania,ALB,2002.0,1.0,4.0
Albania,ALB,2003.0,1.0,4.0
Albania,ALB,2004.0,1.0,4.0
Albania,ALB,2005.0,2.0,5.0
Albania,ALB,2006.0,2.0,5.0
Albania,ALB,2007.0,2.0,5.0
Albania,ALB,2008.0,2.0,5.0
Albania,ALB,2009.0,2.0,5.0
Albania,ALB,2010.0,2.0,5.0
Albania,ALB,2011.0,2.0,5.0
Albania,ALB,2012.0,2.0,5.0
Albania,ALB,2013.0,2.0,5.0
Albania,ALB,2014.0,2.0,5.0
Albania,ALB,2015.0,2.0,5.0
Albania,ALB,2016.0,2.0,5.0
Albania,ALB,2017.0,2.0,5.0
Albania,ALB,2018.0,2.0,5.0
Albania,ALB,2019.0,2.0,5.0
Albania,ALB,2020.0,2.0,5.0
Albania,ALB,2021.0,2.0,5.0
Albania,ALB,2022.0,2.0,5.0
Albania,ALB,2023.0,2.0,5.0
Albania,ALB,2024.0,2.0,5.0
Egypt,EGY,1946.0,1.0,3.0
Egypt,EGY,1947.0,1.0,3.0
Egypt,EGY,1948.0,1.0,3.0
Egypt,EGY,1949.0,1.0,3.0
Egypt,EGY,1950.0,1.0,3.0
Egypt,EGY,1951.0,1.0,3.0
Egypt,EGY,1952.0,1.0,3.0
Egypt,EGY,1953.0,0.0,0.0
Egypt,EGY,1954.0,0.0,0.0
Egypt,EGY,1955.0,0.0,0.0
Egypt,EGY,1956.0,0.0,0.0
Egypt,EGY,1957.0,0.0,0.0
Egypt,EGY,1958.0,0.0,0.0
Egypt,EGY,1959.0,0.0,0.0
Egypt,EGY,1960.0,0.0,0.0
Egypt,EGY,1961.0,0.0,0.0
Egypt,EGY,1962.0,0.0,0.0
Egypt,EGY,1963.0,0.0,0.0
Egypt,EGY,1964.0,0.0,0.0
Egypt,EGY,1965.0,0.0,0.0
Egypt,EGY,1966.0,0.0,0.0
Egypt,EGY,1967.0,0.0,0.0
Egypt,EGY,1968.0,0.0,0.0
Egypt,EGY,1969.0,0.0,0.0
Egypt,EGY,1970.0,0.0,0.0
Egypt,EGY,1971.0,0.0,0.0
Egypt,EGY,1972.0,0.0,0.0
Egypt,EGY,1973.0,0.0,0.0
Egypt,EGY,1974.0,0.0,0.0
Egypt,EGY,1975.0,0.0,0.0
Egypt,EGY,1976.0,1.0,3.0
Egypt,EGY,1977.0,1.0,3.0
Egypt,EGY,1978.0,1.0,3.0
Egypt,EGY,1979.0,1.0,3.0
Egypt,EGY,1980.0,1.0,3.0
Egypt,EGY,1981.0,1.0,3.0
Egypt,EGY,1982.0,1.0,3.0
Egypt,EGY,1983.0,1.0,3.0
Egypt,EGY,1984.0,1.0,3.0
Egypt,EGY,1985.0,1.0,3.0
Egypt,EGY,1986.0,1.0,3.0
Egypt,EGY,1987.0,1.0,3.0
Egypt,EGY,1988.0,1.0,3.0
Egypt,EGY,1989.0,1.0,3.0
Egypt,EGY,1990.0,1.0,3.0
Egypt,EGY,1991.0,1.0,3.0
Egypt,EGY,1992.0,1.0,3.0
Egypt,EGY,1993.0,1.0,2.0
Egypt,EGY,1994.0,1.0,2.0
Egypt,EGY,1995.0,1.0,2.0
Egypt,EGY,1996.0,1.0,2.0
Egypt,EGY,1997.0,1.0,2.0
Egypt,EGY,1998.0,1.0,2.0
Egypt,EGY,1999.0,1.0,2.0
Egypt,EGY,2000.0,1.0,2.0
Egypt,EGY,2001.0,1.0,2.0
Egypt,EGY,2002.0,1.0,2.0
Egypt,EGY,2003.0,1.0,2.0
Egypt,EGY,2004.0,1.0,2.0
Egypt,EGY,2005.0,1.0,3.0
Egypt,EGY,2006.0,1.0,3.0
Egypt,EGY,2007.0,1.0,3.0
Egypt,EGY,2008.0,1.0,3.0
Egypt,EGY,2009.0,1.0,3.0
Egypt,EGY,2010.0,1.0,3.0
Egypt,EGY,2011.0,1.0,3.0
Egypt,EGY,2012.0,1.0,3.0
Egypt,EGY,2013.0,0.0,0.0
Egypt,EGY,2014.0,1.0,3.0
Egypt,EGY,2015.0,1.0,3.0
Egypt,EGY,2016.0,1.0,3.0
Egypt,EGY,2017.0,1.0,3.0
Egypt,EGY,2018.0,1.0,2.0
Egypt,EGY,2019.0,1.0,2.0
Egypt,EGY,2020.0,1.0,2.0
Egypt,EGY,2021.0,1.0,2.0
Egypt,EGY,2022.0,1.0,2.0
Egypt,EGY,2023.0,1.0,3.0
Egypt,EGY,2024.0,1.0,3.0
Yemen,YEM,1946.0,0.0,0.0
Yemen,YEM,1947.0,0.0,0.0
Yemen,YEM,1948.0,0.0,0.0
Yemen,YEM,1949.0,0.0,0.0
Yemen,YEM,1950.0,0.0,0.0
Yemen,YEM,1951.0,0.0,0.0
Yemen,YEM,1952.0,0.0,0.0
Yemen,YEM,1953.0,0.0,0.0
Yemen,YEM,1954.0,0.0,0.0
Yemen,YEM,1955.0,0.0,0.0
Yemen,YEM,1956.0,0.0,0.0
Yemen,YEM,1957.0,0.0,0.0
Yemen,YEM,1958.0,0.0,0.0
Yemen,YEM,1959.0,0.0,0.0
Yemen,YEM,1960.0,0.0,0.0
Yemen,YEM,1961.0,0.0,0.0
Yemen,YEM,1962.0,0.0,0.0
Yemen,YEM,1963.0,0.0,0.0
Yemen,YEM,1964.0,0.0,0.0
Yemen,YEM,1965.0,0.0,0.0
Yemen,YEM,1966.0,0.0,0.0
Yemen,YEM,1967.0,0.0,0.0
Yemen,YEM,1968.0,0.0,0.0
Yemen,YEM,1969.0,0.0,0.0
Yemen,YEM,1970.0,0.0,0.0
Yemen,YEM,1971.0,0.0,0.0
Yemen,YEM,1972.0,0.0,0.0
Yemen,YEM,1973.0,0.0,0.0
Yemen,YEM,1974.0,0.0,0.0
Yemen,YEM,1975.0,0.0,0.0
Yemen,YEM,1976.0,0.0,0.0
Yemen,YEM,1977.0,0.0,0.0
Yemen,YEM,1978.0,0.0,0.0
Yemen,YEM,1979.0,0.0,0.0
Yemen,YEM,1980.0,0.0,0.0
Yemen,YEM,1981.0,0.0,0.0
Yemen,YEM,1982.0,0.0,0.0
Yemen,YEM,1983.0,0.0,0.0
Yemen,YEM,1984.0,0.0,0.0
Yemen,YEM,1985.0,0.0,0.0
Yemen,YEM,1986.0,0.0,0.0
Yemen,YEM,1987.0,0.0,0.0
Yemen,YEM,1988.0,1.0,2.0
Yemen,YEM,1989.0,1.0,2.0
Yemen,YEM,1990.0,1.0,2.0
Yemen,YEM,1991.0,1.0,2.0
Yemen,YEM,1992.0,1.0,2.0
Yemen,YEM,1993.0,1.0,3.0
Yemen,YEM,1994.0,1.0,3.0
Yemen,YEM,1995.0,1.0,3.0
Yemen,YEM,1996.0,1.0,3.0
Yemen,YEM,1997.0,1.0,3.0
Yemen,YEM,1998.0,1.0,3.0
Yemen,YEM,1999.0,1.0,3.0
Yemen,YEM,2000.0,1.0,3.0
Yemen,YEM,2001.0,1.0,3.0
Yemen,YEM,2002.0,1.0,3.0
Yemen,YEM,2003.0,1.0,3.0
Yemen,YEM,2004.0,1.0,3.0
Yemen,YEM,2005.0,1.0,3.0
Yemen,YEM,2006.0,1.0,3.0
Yemen,YEM,2007.0,1.0,3.0
Yemen,YEM,2008.0,1.0,3.0
Yemen,YEM,2009.0,1.0,3.0
Yemen,YEM,2010.0,1.0,3.0
Yemen,YEM,2011.0,1.0,3.0
Yemen,YEM,2012.0,1.0,3.0
Yemen,YEM,2013.0,1.0,3.0
Yemen,YEM,2014.0,1.0,3.0
Yemen,YEM,2015.0,1.0,3.0
Yemen,YEM,2016.0,0.0,0.0
Yemen,YEM,2017.0,0.0,0.0
Yemen,YEM,2018.0,0.0,0.0
Yemen,YEM,2019.0,0.0,0.0
Yemen,YEM,2020.0,0.0,0.0
Yemen,YEM,2021.0,0.0,0.0
Yemen,YEM,2022.0,0.0,0.0
Yemen,YEM,2023.0,0.0,0.0
Yemen,YEM,2024.0,0.0,0.0
Colombia,COL,1946.0,1.0,3.0
Colombia,COL,1947.0,1.0,3.0
Colombia,COL,1948.0,1.0,3.0
Colombia,COL,1949.0,1.0,3.0
Colombia,COL,1950.0,1.0,3.0
Colombia,COL,1951.0,1.0,3.0
Colombia,COL,1952.0,1.0,3.0
Colombia,COL,1953.0,1.0,3.0
Colombia,COL,1954.0,1.0,3.0
Colombia,COL,1955.0,1.0,3.0
Colombia,COL,1956.0,1.0,3.0
Colombia,COL,1957.0,1.0,3.0
Colombia,COL,1958.0,1.0,3.0
Colombia,COL,1959.0,1.0,3.0
Colombia,COL,1960.0,1.0,3.0
Colombia,COL,1961.0,1.0,3.0
Colombia,COL,1962.0,1.0,3.0
Colombia,COL,1963.0,1.0,3.0
Colombia,COL,1964.0,1.0,3.0
Colombia,COL,1965.0,1.0,3.0
Colombia,COL,1966.0,1.0,3.0
Colombia,COL,1967.0,1.0,3.0
Colombia,COL,1968.0,1.0,3.0
Colombia,COL,1969.0,1.0,3.0
Colombia,COL,1970.0,1.0,3.0
Colombia,COL,1971.0,1.0,3.0
Colombia,COL,1972.0,1.0,3.0
Colombia,COL,1973.0,1.0,3.0
Colombia,COL,1974.0,1.0,3.0
Colombia,COL,1975.0,1.0,4.0
Colombia,COL,1976.0,1.0,4.0
Colombia,COL,1977.0,1.0,4.0
Colombia,COL,1978.0,1.0,3.0
Colombia,COL,1979.0,1.0,3.0
Colombia,COL,1980.0,1.0,3.0
Colombia,COL,1981.0,1.0,3.0
Colombia,COL,1982.0,1.0,3.0
Colombia,COL,1983.0,1.0,4.0
Colombia,COL,1984.0,1.0,4.0
Colombia,COL,1985.0,1.0,4.0
Colombia,COL,1986.0,1.0,4.0
Colombia,COL,1987.0,1.0,4.0
Colombia,COL,1988.0,1.0,4.0
Colombia,COL,1989.0,1.0,4.0
Colombia,COL,1990.0,1.0,4.0
Colombia,COL,1991.0,2.0,5.0
Colombia,COL,1992.0,2.0,5.0
Colombia,COL,1993.0,2.0,5.0
Colombia,COL,1994.0,2.0,5.0
Colombia,COL,1995.0,2.0,5.0
Colombia,COL,1996.0,2.0,5.0
Colombia,COL,1997.0,2.0,5.0
Colombia,COL,1998.0,2.0,5.0
Colombia,COL,1999.0,2.0,5.0
Colombia,COL,2000.0,2.0,5.0
Colombia,COL,2001.0,2.0,5.0
Colombia,COL,2002.0,2.0,5.0
Colombia,COL,2003.0,2.0,5.0
Colombia,COL,2004.0,2.0,5.0
Colombia,COL,2005.0,2.0,5.0
Colombia,COL,2006.0,2.0,6.0
Colombia,COL,2007.0,2.0,6.0
Colombia,COL,2008.0,2.0,6.0
Colombia,COL,2009.0,2.0,6.0
Colombia,COL,2010.0,2.0,6.0
Colombia,COL,2011.0,2.0,6.0
Colombia,COL,2012.0,2.0,6.0
Colombia,COL,2013.0,2.0,6.0
Colombia,COL,2014.0,2.0,6.0
Colombia,COL,2015.0,2.0,6.0
Colombia,COL,2016.0,2.0,6.0
Colombia,COL,2017.0,2.0,6.0
Colombia,COL,2018.0,2.0,6.0
Colombia,COL,2019.0,2.0,6.0
Colombia,COL,2020.0,2.0,6.0
Colombia,COL,2021.0,2.0,6.0
Colombia,COL,2022.0,2.0,6.0
Colombia,COL,2023.0,2.0,6.0
Colombia,COL,2024.0,2.0,6.0
Poland,POL,1946.0,0.0,0.0
Poland,POL,1947.0,1.0,3.0
Poland,POL,1948.0,1.0,3.0
Poland,POL,1949.0,1.0,3.0
Poland,POL,1950.0,1.0,3.0
Poland,POL,1951.0,1.0,3.0
Poland,POL,1952.0,0.0,0.0
Poland,POL,1953.0,0.0,0.0
Poland,POL,1954.0,0.0,0.0
Poland,POL,1955.0,0.0,0.0
Poland,POL,1956.0,0.0,0.0
Poland,POL,1957.0,1.0,3.0
Poland,POL,1958.0,1.0,3.0
Poland,POL,1959.0,1.0,3.0
Poland,POL,1960.0,1.0,3.0
Poland,POL,1961.0,0.0,0.0
Poland,POL,1962.0,0.0,0.0
Poland,POL,1963.0,0.0,0.0
Poland,POL,1964.0,0.0,0.0
Poland,POL,1965.0,0.0,0.0
Poland,POL,1966.0,0.0,0.0
Poland,POL,1967.0,0.0,0.0
Poland,POL,1968.0,0.0,0.0
Poland,POL,1969.0,0.0,0.0
Poland,POL,1970.0,0.0,0.0
Poland,POL,1971.0,0.0,0.0
Poland,POL,1972.0,0.0,0.0
Poland,POL,1973.0,0.0,0.0
Poland,POL,1974.0,0.0,0.0
Poland,POL,1975.0,0.0,0.0
Poland,POL,1976.0,0.0,0.0
Poland,POL,1977.0,0.0,0.0
Poland,POL,1978.0,0.0,0.0
Poland,POL,1979.0,0.0,0.0
Poland,POL,1980.0,0.0,0.0
Poland,POL,1981.0,0.0,0.0
Poland,POL,1982.0,0.0,0.0
Poland,POL,1983.0,0.0,0.0
Poland,POL,1984.0,0.0,0.0
Poland,POL,1985.0,0.0,0.0
Poland,POL,1986.0,0.0,0.0
Poland,POL,1987.0,0.0,0.0
Poland,POL,1988.0,0.0,0.0
Poland,POL,1989.0,1.0,3.0
Poland,POL,1990.0,3.0,8.0
Poland,POL,1991.0,3.0,8.0
Poland,POL,1992.0,3.0,8.0
Poland,POL,1993.0,3.0,8.0
Poland,POL,1994.0,3.0,8.0
Poland,POL,1995.0,3.0,8.0
Poland,POL,1996.0,3.0,8.0
Poland,POL,1997.0,3.0,8.0
Poland,POL,1998.0,3.0,8.0
Poland,POL,1999.0,3.0,8.0
Poland,POL,2000.0,3.0,8.0
Poland,POL,2001.0,3.0,8.0
Poland,POL,2002.0,3.0,8.0
Poland,POL,2003.0,3.0,8.0
Poland,POL,2004.0,3.0,8.0
Poland,POL,2005.0,3.0,8.0
Poland,POL,2006.0,3.0,8.0
Poland,POL,2007.0,3.0,8.0
Poland,POL,2008.0,3.0,9.0
Poland,POL,2009.0,3.0,9.0
Poland,POL,2010.0,3.0,9.0
Poland,POL,2011.0,3.0,9.0
Poland,POL,2012.0,3.0,9.0
Poland,POL,2013.0,3.0,8.0
Poland,POL,2014.0,3.0,8.0
Poland,POL,2015.0,3.0,8.0
Poland,POL,2016.0,2.0,6.0
Poland,POL,2017.0,2.0,6.0
Poland,POL,2018.0,2.0,6.0
Poland,POL,2019.0,2.0,6.0
Poland,POL,2020.0,2.0,6.0
Poland,POL,2021.0,2.0,6.0
Poland,POL,2022.0,2.0,6.0
Poland,POL,2023.0,2.0,6.0
Poland,POL,2024.0,2.0,6.0
Brazil,BRA,1946.0,0.0,0.0
Brazil,BRA,1947.0,0.0,0.0
Brazil,BRA,1948.0,0.0,0.0
Brazil,BRA,1949.0,0.0,0.0
Brazil,BRA,1950.0,1.0,3.0
Brazil,BRA,1951.0,1.0,3.0
Brazil,BRA,1952.0,1.0,3.0
Brazil,BRA,1953.0,1.0,3.0
Brazil,BRA,1954.0,1.0,3.0
Brazil,BRA,1955.0,1.0,3.0
Brazil,BRA,1956.0,1.0,3.0
Brazil,BRA,1957.0,1.0,3.0
Brazil,BRA,1958.0,1.0,3.0
Brazil,BRA,1959.0,1.0,3.0
Brazil,BRA,1960.0,1.0,3.0
Brazil,BRA,1961.0,1.0,3.0
Brazil,BRA,1962.0,1.0,3.0
Brazil,BRA,1963.0,1.0,3.0
Brazil,BRA,1964.0,1.0,3.0
Brazil,BRA,1965.0,0.0,1.0
Brazil,BRA,1966.0,0.0,1.0
Brazil,BRA,1967.0,0.0,1.0
Brazil,BRA,1968.0,0.0,1.0
Brazil,BRA,1969.0,0.0,1.0
Brazil,BRA,1970.0,0.0,1.0
Brazil,BRA,1971.0,0.0,1.0
Brazil,BRA,1972.0,0.0,1.0
Brazil,BRA,1973.0,0.0,1.0
Brazil,BRA,1974.0,0.0,1.0
Brazil,BRA,1975.0,0.0,1.0
Brazil,BRA,1976.0,0.0,1.0
Brazil,BRA,1977.0,0.0,1.0
Brazil,BRA,1978.0,0.0,1.0
Brazil,BRA,1979.0,0.0,1.0
Brazil,BRA,1980.0,0.0,1.0
Brazil,BRA,1981.0,0.0,1.0
Brazil,BRA,1982.0,0.0,1.0
Brazil,BRA,1983.0,0.0,1.0
Brazil,BRA,1984.0,0.0,1.0
Brazil,BRA,1985.0,1.0,3.0
Brazil,BRA,1986.0,1.0,4.0
Brazil,BRA,1987.0,2.0,6.0
Brazil,BRA,1988.0,2.0,6.0
Brazil,BRA,1989.0,2.0,6.0
Brazil,BRA,1990.0,2.0,6.0
Brazil,BRA,1991.0,2.0,7.0
Brazil,BRA,1992.0,2.0,7.0
Brazil,BRA,1993.0,2.0,7.0
Brazil,BRA,1994.0,2.0,7.0
Brazil,BRA,1995.0,2.0,7.0
Brazil,BRA,1996.0,2.0,7.0
Brazil,BRA,1997.0,2.0,7.0
Brazil,BRA,1998.0,2.0,7.0
Brazil,BRA,1999.0,2.0,7.0
Brazil,BRA,2000.0,2.0,7.0
Brazil,BRA,2001.0,2.0,7.0
Brazil,BRA,2002.0,2.0,7.0
Brazil,BRA,2003.0,2.0,7.0
Brazil,BRA,2004.0,2.0,7.0
Brazil,BRA,2005.0,2.0,6.0
Brazil,BRA,2006.0,2.0,6.0
Brazil,BRA,2007.0,2.0,6.0
Brazil,BRA,2008.0,2.0,6.0
Brazil,BRA,2009.0,2.0,6.0
Brazil,BRA,2010.0,2.0,6.0
Brazil,BRA,2011.0,2.0,6.0
Brazil,BRA,2012.0,2.0,6.0
Brazil,BRA,2013.0,2.0,6.0
Brazil,BRA,2014.0,2.0,6.0
Brazil,BRA,2015.0,2.0,6.0
Brazil,BRA,2016.0,2.0,6.0
Brazil,BRA,2017.0,2.0,6.0
Brazil,BRA,2018.0,2.0,6.0
Brazil,BRA,2019.0,2.0,6.0
Brazil,BRA,2020.0,2.0,6.0
Brazil,BRA,2021.0,2.0,6.0
Brazil,BRA,2022.0,2.0,6.0
Brazil,BRA,2023.0,2.0,6.0
Brazil,BRA,2024.0,2.0,6.0
United States of America,USA,1946.0,2.0,6.0
United States of America,USA,1947.0,2.0,6.0
United States of America,USA,1948.0,2.0,6.0
United States of America,USA,1949.0,2.0,6.0
United States of America,USA,1950.0,2.0,6.0
United States of America,USA,1951.0,2.0,6.0
United States of America,USA,1952.0,2.0,6.0
United States of America,USA,1953.0,2.0,6.0
United States of America,USA,1954.0,2.0,6.0
United States of America,USA,1955.0,2.0,6.0
United States of America,USA,1956.0,2.0,6.0
United States of America,USA,1957.0,2.0,6.0
United States of America,USA,1958.0,2.0,6.0
United States of America,USA,1959.0,2.0,6.0
United States of America,USA,1960.0,2.0,6.0
United States of America,USA,1961.0,2.0,6.0
United States of America,USA,1962.0,2.0,6.0
United States of America,USA,1963.0,2.0,6.0
United States of America,USA,1964.0,2.0,6.0
United States of America,USA,1965.0,2.0,7.0
United States of America,USA,1966.0,2.0,7.0
United States of America,USA,1967.0,2.0,7.0
United States of America,USA,1968.0,2.0,7.0
United States of America,USA,1969.0,3.0,8.0
United States of America,USA,1970.0,3.0,8.0
United States of America,USA,1971.0,3.0,9.0
United States of America,USA,1972.0,3.0,9.0
United States of America,USA,1973.0,3.0,9.0
United States of America,USA,1974.0,3.0,9.0
United States of America,USA,1975.0,3.0,9.0
United States of America,USA,1976.0,3.0,9.0
United States of America,USA,1977.0,3.0,9.0
United States of America,USA,1978.0,3.0,9.0
United States of America,USA,1979.0,3.0,9.0
United States of America,USA,1980.0,3.0,9.0
United States of America,USA,1981.0,3.0,9.0
United States of America,USA,1982.0,3.0,9.0
United States of America,USA,1983.0,3.0,9.0
United States of America,USA,1984.0,3.0,9.0
United States of America,USA,1985.0,3.0,9.0
United States of America,USA,1986.0,3.0,9.0
United States of America,USA,1987.0,3.0,9.0
United States of America,USA,1988.0,3.0,9.0
United States of America,USA,1989.0,3.0,9.0
United States of America,USA,1990.0,3.0,9.0
United States of America,USA,1991.0,3.0,9.0
United States of America,USA,1992.0,3.0,9.0
United States of America,USA,1993.0,3.0,9.0
United States of America,USA,1994.0,3.0,9.0
United States of America,USA,1995.0,3.0,9.0
United States of America,USA,1996.0,3.0,9.0
United States of America,USA,1997.0,3.0,9.0
United States of America,USA,1998.0,3.0,9.0
United States of America,USA,1999.0,3.0,9.0
United States of America,USA,2000.0,3.0,9.0
United States of America,USA,2001.0,3.0,9.0
United States of America,USA,2002.0,3.0,9.0
United States of America,USA,2003.0,3.0,9.0
United States of America,USA,2004.0,3.0,9.0
United States of America,USA,2005.0,3.0,9.0
United States of America,USA,2006.0,3.0,9.0
United States of America,USA,2007.0,3.0,9.0
United States of America,USA,2008.0,3.0,9.0
United States of America,USA,2009.0,3.0,9.0
United States of America,USA,2010.0,3.0,9.0
United States of America,USA,2011.0,3.0,9.0
United States of America,USA,2012.0,3.0,9.0
United States of America,USA,2013.0,3.0,9.0
United States of America,USA,2014.0,3.0,9.0
United States of America,USA,2015.0,3.0,9.0
United States of America,USA,2016.0,3.0,8.0
United States of America,USA,2017.0,3.0,9.0
United States of America,USA,2018.0,3.0,9.0
United States of America,USA,2019.0,3.0,9.0
United States of America,USA,2020.0,3.0,9.0
United States of America,USA,2021.0,3.0,9.0
United States of America,USA,2022.0,3.0,9.0
United States of America,USA,2023.0,3.0,9.0
United States of America,USA,2024.0,3.0,9.0
Portugal,PRT,1946.0,0.0,1.0
Portugal,PRT,1947.0,0.0,1.0
Portugal,PRT,1948.0,0.0,1.0
Portugal,PRT,1949.0,1.0,2.0
Portugal,PRT,1950.0,1.0,2.0
Portugal,PRT,1951.0,0.0,1.0
Portugal,PRT,1952.0,0.0,1.0
Portugal,PRT,1953.0,0.0,1.0
Portugal,PRT,1954.0,0.0,1.0
Portugal,PRT,1955.0,0.0,1.0
Portugal,PRT,1956.0,0.0,1.0
Portugal,PRT,1957.0,0.0,1.0
Portugal,PRT,1958.0,1.0,2.0
Portugal,PRT,1959.0,1.0,2.0
Portugal,PRT,1960.0,1.0,2.0
Portugal,PRT,1961.0,0.0,1.0
Portugal,PRT,1962.0,0.0,1.0
Portugal,PRT,1963.0,0.0,1.0
Portugal,PRT,1964.0,0.0,1.0
Portugal,PRT,1965.0,0.0,1.0
Portugal,PRT,1966.0,0.0,0.0
Portugal,PRT,1967.0,0.0,0.0
Portugal,PRT,1968.0,0.0,0.0
Portugal,PRT,1969.0,0.0,0.0
Portugal,PRT,1970.0,0.0,0.0
Portugal,PRT,1971.0,0.0,0.0
Portugal,PRT,1972.0,0.0,0.0
Portugal,PRT,1973.0,0.0,0.0
Portugal,PRT,1974.0,0.0,0.0
Portugal,PRT,1975.0,0.0,0.0
Portugal,PRT,1976.0,2.0,5.0
Portugal,PRT,1977.0,3.0,9.0
Portugal,PRT,1978.0,3.0,9.0
Portugal,PRT,1979.0,3.0,9.0
Portugal,PRT,1980.0,3.0,9.0
Portugal,PRT,1981.0,3.0,9.0
Portugal,PRT,1982.0,3.0,9.0
Portugal,PRT,1983.0,3.0,9.0
Portugal,PRT,1984.0,3.0,9.0
Portugal,PRT,1985.0,3.0,9.0
Portugal,PRT,1986.0,3.0,9.0
Portugal,PRT,1987.0,3.0,9.0
Portugal,PRT,1988.0,3.0,9.0
Portugal,PRT,1989.0,3.0,9.0
Portugal,PRT,1990.0,3.0,9.0
Portugal,PRT,1991.0,3.0,9.0
Portugal,PRT,1992.0,3.0,9.0
Portugal,PRT,1993.0,3.0,9.0
Portugal,PRT,1994.0,3.0,9.0
Portugal,PRT,1995.0,3.0,9.0
Portugal,PRT,1996.0,3.0,9.0
Portugal,PRT,1997.0,3.0,9.0
Portugal,PRT,1998.0,3.0,9.0
Portugal,PRT,1999.0,3.0,9.0
Portugal,PRT,2000.0,3.0,9.0
Portugal,PRT,2001.0,3.0,9.0
Portugal,PRT,2002.0,3.0,9.0
Portugal,PRT,2003.0,3.0,9.0
Portugal,PRT,2004.0,3.0,9.0
Portugal,PRT,2005.0,3.0,9.0
Portugal,PRT,2006.0,3.0,9.0
Portugal,PRT,2007.0,3.0,9.0
Portugal,PRT,2008.0,3.0,9.0
Portugal,PRT,2009.0,3.0,9.0
Portugal,PRT,2010.0,3.0,9.0
Portugal,PRT,2011.0,3.0,9.0
Portugal,PRT,2012.0,3.0,9.0
Portugal,PRT,2013.0,3.0,8.0
Portugal,PRT,2014.0,3.0,8.0
Portugal,PRT,2015.0,3.0,8.0
Portugal,PRT,2016.0,3.0,8.0
Portugal,PRT,2017.0,3.0,8.0
Portugal,PRT,2018.0,3.0,8.0
Portugal,PRT,2019.0,3.0,8.0
Portugal,PRT,2020.0,3.0,8.0
Portugal,PRT,2021.0,3.0,8.0
Portugal,PRT,2022.0,3.0,8.0
Portugal,PRT,2023.0,2.0,7.0
Portugal,PRT,2024.0,2.0,7.0
El Salvador,SLV,1946.0,0.0,1.0
El Salvador,SLV,1947.0,0.0,1.0
El Salvador,SLV,1948.0,0.0,1.0
El Salvador,SLV,1949.0,0.0,0.0
El Salvador,SLV,1950.0,0.0,0.0
El Salvador,SLV,1951.0,0.0,0.0
El Salvador,SLV,1952.0,0.0,0.0
El Salvador,SLV,1953.0,0.0,0.0
El Salvador,SLV,1954.0,0.0,0.0
El Salvador,SLV,1955.0,0.0,0.0
El Salvador,SLV,1956.0,1.0,3.0
El Salvador,SLV,1957.0,1.0,3.0
El Salvador,SLV,1958.0,1.0,3.0
El Salvador,SLV,1959.0,1.0,3.0
El Salvador,SLV,1960.0,1.0,3.0
El Salvador,SLV,1961.0,1.0,3.0
El Salvador,SLV,1962.0,1.0,3.0
El Salvador,SLV,1963.0,1.0,3.0
El Salvador,SLV,1964.0,1.0,3.0
El Salvador,SLV,1965.0,1.0,3.0
El Salvador,SLV,1966.0,1.0,3.0
El Salvador,SLV,1967.0,1.0,3.0
El Salvador,SLV,1968.0,1.0,3.0
El Salvador,SLV,1969.0,1.0,3.0
El Salvador,SLV,1970.0,1.0,3.0
El Salvador,SLV,1971.0,1.0,3.0
El Salvador,SLV,1972.0,1.0,3.0
El Salvador,SLV,1973.0,1.0,3.0
El Salvador,SLV,1974.0,1.0,3.0
El Salvador,SLV,1975.0,1.0,3.0
El Salvador,SLV,1976.0,1.0,3.0
El Salvador,SLV,1977.0,1.0,3.0
El Salvador,SLV,1978.0,1.0,3.0
El Salvador,SLV,1979.0,1.0,3.0
El Salvador,SLV,1980.0,0.0,0.0
El Salvador,SLV,1981.0,0.0,0.0
El Salvador,SLV,1982.0,0.0,0.0
El Salvador,SLV,1983.0,0.0,0.0
El Salvador,SLV,1984.0,1.0,3.0
El Salvador,SLV,1985.0,1.0,3.0
El Salvador,SLV,1986.0,1.0,3.0
El Salvador,SLV,1987.0,1.0,3.0
El Salvador,SLV,1988.0,1.0,3.0
El Salvador,SLV,1989.0,1.0,3.0
El Salvador,SLV,1990.0,1.0,3.0
El Salvador,SLV,1991.0,1.0,3.0
El Salvador,SLV,1992.0,1.0,3.0
El Salvador,SLV,1993.0,1.0,3.0
El Salvador,SLV,1994.0,1.0,4.0
El Salvador,SLV,1995.0,1.0,4.0
El Salvador,SLV,1996.0,1.0,4.0
El Salvador,SLV,1997.0,1.0,4.0
El Salvador,SLV,1998.0,1.0,4.0
El Salvador,SLV,1999.0,2.0,5.0
El Salvador,SLV,2000.0,2.0,5.0
El Salvador,SLV,2001.0,2.0,5.0
El Salvador,SLV,2002.0,2.0,5.0
El Salvador,SLV,2003.0,2.0,5.0
El Salvador,SLV,2004.0,2.0,5.0
El Salvador,SLV,2005.0,2.0,5.0
El Salvador,SLV,2006.0,2.0,5.0
El Salvador,SLV,2007.0,2.0,6.0
El Salvador,SLV,2008.0,2.0,6.0
El Salvador,SLV,2009.0,2.0,6.0
El Salvador,SLV,2010.0,2.0,6.0
El Salvador,SLV,2011.0,2.0,6.0
El Salvador,SLV,2012.0,2.0,6.0
El Salvador,SLV,2013.0,2.0,6.0
El Salvador,SLV,2014.0,2.0,6.0
El Salvador,SLV,2015.0,2.0,6.0
El Salvador,SLV,2016.0,2.0,6.0
El Salvador,SLV,2017.0,2.0,6.0
El Salvador,SLV,2018.0,2.0,6.0
El Salvador,SLV,2019.0,2.0,6.0
El Salvador,SLV,2020.0,2.0,5.0
El Salvador,SLV,2021.0,1.0,3.0
El Salvador,SLV,2022.0,1.0,3.0
El Salvador,SLV,2023.0,1.0,3.0
El Salvador,SLV,2024.0,1.0,3.0
South Yemen,YMD,1946.0,0.0,0.0
South Yemen,YMD,1947.0,0.0,0.0
South Yemen,YMD,1948.0,0.0,0.0
South Yemen,YMD,1949.0,0.0,0.0
South Yemen,YMD,1950.0,0.0,0.0
South Yemen,YMD,1951.0,0.0,0.0
South Yemen,YMD,1952.0,0.0,0.0
South Yemen,YMD,1953.0,0.0,0.0
South Yemen,YMD,1954.0,0.0,0.0
South Yemen,YMD,1955.0,0.0,0.0
South Yemen,YMD,1956.0,0.0,0.0
South Yemen,YMD,1957.0,0.0,0.0
South Yemen,YMD,1958.0,0.0,0.0
South Yemen,YMD,1959.0,0.0,0.0
South Yemen,YMD,1960.0,0.0,0.0
South Yemen,YMD,1961.0,0.0,0.0
South Yemen,YMD,1962.0,0.0,0.0
South Yemen,YMD,1963.0,0.0,0.0
South Yemen,YMD,1964.0,0.0,0.0
South Yemen,YMD,1965.0,0.0,0.0
South Yemen,YMD,1966.0,0.0,0.0
South Yemen,YMD,1967.0,0.0,0.0
South Yemen,YMD,1968.0,0.0,0.0
South Yemen,YMD,1969.0,0.0,0.0
South Yemen,YMD,1970.0,0.0,0.0
South Yemen,YMD,1971.0,0.0,0.0
South Yemen,YMD,1972.0,0.0,0.0
South Yemen,YMD,1973.0,0.0,0.0
South Yemen,YMD,1974.0,0.0,0.0
South Yemen,YMD,1975.0,0.0,0.0
South Yemen,YMD,1976.0,0.0,0.0
South Yemen,YMD,1977.0,0.0,0.0
South Yemen,YMD,1978.0,0.0,0.0
South Yemen,YMD,1979.0,0.0,0.0
South Yemen,YMD,1980.0,0.0,0.0
South Yemen,YMD,1981.0,0.0,0.0
South Yemen,YMD,1982.0,0.0,0.0
South Yemen,YMD,1983.0,0.0,0.0
South Yemen,YMD,1984.0,0.0,0.0
South Yemen,YMD,1985.0,0.0,0.0
South Yemen,YMD,1986.0,0.0,0.0
South Yemen,YMD,1987.0,0.0,0.0
South Yemen,YMD,1988.0,0.0,0.0
South Yemen,YMD,1989.0,0.0,0.0
South Yemen,YMD,1990.0,0.0,0.0
Bangladesh,BGD,1971.0,0.0,0.0
Bangladesh,BGD,1972.0,0.0,0.0
Bangladesh,BGD,1973.0,1.0,3.0
Bangladesh,BGD,1974.0,1.0,3.0
Bangladesh,BGD,1975.0,1.0,3.0
Bangladesh,BGD,1976.0,0.0,0.0
Bangladesh,BGD,1977.0,0.0,0.0
Bangladesh,BGD,1978.0,1.0,3.0
Bangladesh,BGD,1979.0,1.0,3.0
Bangladesh,BGD,1980.0,1.0,3.0
Bangladesh,BGD,1981.0,1.0,3.0
Bangladesh,BGD,1982.0,1.0,3.0
Bangladesh,BGD,1983.0,0.0,0.0
Bangladesh,BGD,1984.0,0.0,0.0
Bangladesh,BGD,1985.0,0.0,0.0
Bangladesh,BGD,1986.0,1.0,3.0
Bangladesh,BGD,1987.0,1.0,3.0
Bangladesh,BGD,1988.0,1.0,3.0
Bangladesh,BGD,1989.0,1.0,3.0
Bangladesh,BGD,1990.0,1.0,3.0
Bangladesh,BGD,1991.0,1.0,4.0
Bangladesh,BGD,1992.0,2.0,5.0
Bangladesh,BGD,1993.0,2.0,5.0
Bangladesh,BGD,1994.0,2.0,5.0
Bangladesh,BGD,1995.0,2.0,5.0
Bangladesh,BGD,1996.0,1.0,4.0
Bangladesh,BGD,1997.0,2.0,5.0
Bangladesh,BGD,1998.0,2.0,5.0
Bangladesh,BGD,1999.0,2.0,5.0
Bangladesh,BGD,2000.0,2.0,5.0
Bangladesh,BGD,2001.0,2.0,5.0
Bangladesh,BGD,2002.0,1.0,4.0
Bangladesh,BGD,2003.0,1.0,4.0
Bangladesh,BGD,2004.0,1.0,4.0
Bangladesh,BGD,2005.0,1.0,4.0
Bangladesh,BGD,2006.0,1.0,3.0
Bangladesh,BGD,2007.0,0.0,0.0
Bangladesh,BGD,2008.0,1.0,3.0
Bangladesh,BGD,2009.0,1.0,3.0
Bangladesh,BGD,2010.0,1.0,3.0
Bangladesh,BGD,2011.0,1.0,3.0
Bangladesh,BGD,2012.0,1.0,3.0
Bangladesh,BGD,2013.0,1.0,3.0
Bangladesh,BGD,2014.0,1.0,3.0
Bangladesh,BGD,2015.0,1.0,3.0
Bangladesh,BGD,2016.0,1.0,3.0
Bangladesh,BGD,2017.0,1.0,3.0
Bangladesh,BGD,2018.0,1.0,3.0
Bangladesh,BGD,2019.0,1.0,3.0
Bangladesh,BGD,2020.0,1.0,3.0
Bangladesh,BGD,2021.0,1.0,3.0
Bangladesh,BGD,2022.0,1.0,3.0
Bangladesh,BGD,2023.0,1.0,3.0
Bangladesh,BGD,2024.0,1.0,3.0
Bolivia,BOL,1946.0,0.0,0.0
Bolivia,BOL,1947.0,1.0,3.0
Bolivia,BOL,1948.0,1.0,3.0
Bolivia,BOL,1949.0,0.0,0.0
Bolivia,BOL,1950.0,0.0,0.0
Bolivia,BOL,1951.0,1.0,3.0
Bolivia,BOL,1952.0,1.0,3.0
Bolivia,BOL,1953.0,1.0,3.0
Bolivia,BOL,1954.0,1.0,3.0
Bolivia,BOL,1955.0,1.0,3.0
Bolivia,BOL,1956.0,1.0,3.0
Bolivia,BOL,1957.0,1.0,3.0
Bolivia,BOL,1958.0,1.0,3.0
Bolivia,BOL,1959.0,1.0,3.0
Bolivia,BOL,1960.0,1.0,3.0
Bolivia,BOL,1961.0,1.0,3.0
Bolivia,BOL,1962.0,1.0,3.0
Bolivia,BOL,1963.0,1.0,3.0
Bolivia,BOL,1964.0,1.0,3.0
Bolivia,BOL,1965.0,0.0,0.0
Bolivia,BOL,1966.0,1.0,3.0
Bolivia,BOL,1967.0,1.0,3.0
Bolivia,BOL,1968.0,1.0,3.0
Bolivia,BOL,1969.0,1.0,3.0
Bolivia,BOL,1970.0,0.0,0.0
Bolivia,BOL,1971.0,0.0,0.0
Bolivia,BOL,1972.0,0.0,0.0
Bolivia,BOL,1973.0,0.0,0.0
Bolivia,BOL,1974.0,0.0,0.0
Bolivia,BOL,1975.0,0.0,0.0
Bolivia,BOL,1976.0,0.0,0.0
Bolivia,BOL,1977.0,0.0,0.0
Bolivia,BOL,1978.0,1.0,3.0
Bolivia,BOL,1979.0,1.0,3.0
Bolivia,BOL,1980.0,1.0,3.0
Bolivia,BOL,1981.0,0.0,0.0
Bolivia,BOL,1982.0,0.0,0.0
Bolivia,BOL,1983.0,0.0,0.0
Bolivia,BOL,1984.0,0.0,0.0
Bolivia,BOL,1985.0,1.0,4.0
Bolivia,BOL,1986.0,2.0,6.0
Bolivia,BOL,1987.0,2.0,6.0
Bolivia,BOL,1988.0,2.0,6.0
Bolivia,BOL,1989.0,2.0,6.0
Bolivia,BOL,1990.0,2.0,6.0
Bolivia,BOL,1991.0,2.0,6.0
Bolivia,BOL,1992.0,2.0,6.0
Bolivia,BOL,1993.0,2.0,6.0
Bolivia,BOL,1994.0,2.0,6.0
Bolivia,BOL,1995.0,2.0,6.0
Bolivia,BOL,1996.0,2.0,6.0
Bolivia,BOL,1997.0,2.0,6.0
Bolivia,BOL,1998.0,2.0,6.0
Bolivia,BOL,1999.0,2.0,6.0
Bolivia,BOL,2000.0,2.0,6.0
Bolivia,BOL,2001.0,2.0,6.0
Bolivia,BOL,2002.0,2.0,6.0
Bolivia,BOL,2003.0,2.0,6.0
Bolivia,BOL,2004.0,2.0,6.0
Bolivia,BOL,2005.0,2.0,6.0
Bolivia,BOL,2006.0,2.0,6.0
Bolivia,BOL,2007.0,2.0,6.0
Bolivia,BOL,2008.0,2.0,6.0
Bolivia,BOL,2009.0,2.0,6.0
Bolivia,BOL,2010.0,2.0,6.0
Bolivia,BOL,2011.0,2.0,6.0
Bolivia,BOL,2012.0,2.0,6.0
Bolivia,BOL,2013.0,2.0,6.0
Bolivia,BOL,2014.0,2.0,6.0
Bolivia,BOL,2015.0,2.0,6.0
Bolivia,BOL,2016.0,2.0,6.0
Bolivia,BOL,2017.0,2.0,6.0
Bolivia,BOL,2018.0,2.0,6.0
Bolivia,BOL,2019.0,1.0,4.0
Bolivia,BOL,2020.0,1.0,3.0
Bolivia,BOL,2021.0,2.0,6.0
Bolivia,BOL,2022.0,2.0,6.0
Bolivia,BOL,2023.0,2.0,6.0
Bolivia,BOL,2024.0,2.0,6.0
Haiti,HTI,1946.0,1.0,3.0
Haiti,HTI,1947.0,1.0,3.0
Haiti,HTI,1948.0,1.0,3.0
Haiti,HTI,1949.0,1.0,3.0
Haiti,HTI,1950.0,1.0,3.0
Haiti,HTI,1951.0,1.0,3.0
Haiti,HTI,1952.0,1.0,3.0
Haiti,HTI,1953.0,1.0,3.0
Haiti,HTI,1954.0,1.0,3.0
Haiti,HTI,1955.0,1.0,3.0
Haiti,HTI,1956.0,1.0,3.0
Haiti,HTI,1957.0,1.0,2.0
Haiti,HTI,1958.0,1.0,2.0
Haiti,HTI,1959.0,1.0,2.0
Haiti,HTI,1960.0,1.0,2.0
Haiti,HTI,1961.0,0.0,1.0
Haiti,HTI,1962.0,0.0,1.0
Haiti,HTI,1963.0,0.0,1.0
Haiti,HTI,1964.0,0.0,0.0
Haiti,HTI,1965.0,0.0,0.0
Haiti,HTI,1966.0,0.0,0.0
Haiti,HTI,1967.0,0.0,0.0
Haiti,HTI,1968.0,0.0,0.0
Haiti,HTI,1969.0,0.0,0.0
Haiti,HTI,1970.0,0.0,0.0
Haiti,HTI,1971.0,0.0,0.0
Haiti,HTI,1972.0,0.0,0.0
Haiti,HTI,1973.0,0.0,1.0
Haiti,HTI,1974.0,0.0,1.0
Haiti,HTI,1975.0,0.0,1.0
Haiti,HTI,1976.0,0.0,1.0
Haiti,HTI,1977.0,0.0,1.0
Haiti,HTI,1978.0,0.0,1.0
Haiti,HTI,1979.0,0.0,1.0
Haiti,HTI,1980.0,0.0,1.0
Haiti,HTI,1981.0,0.0,1.0
Haiti,HTI,1982.0,0.0,1.0
Haiti,HTI,1983.0,0.0,1.0
Haiti,HTI,1984.0,0.0,1.0
Haiti,HTI,1985.0,0.0,1.0
Haiti,HTI,1986.0,0.0,1.0
Haiti,HTI,1987.0,1.0,3.0
Haiti,HTI,1988.0,1.0,3.0
Haiti,HTI,1989.0,0.0,0.0
Haiti,HTI,1990.0,1.0,3.0
Haiti,HTI,1991.0,1.0,3.0
Haiti,HTI,1992.0,0.0,0.0
Haiti,HTI,1993.0,0.0,1.0
Haiti,HTI,1994.0,0.0,1.0
Haiti,HTI,1995.0,1.0,3.0
Haiti,HTI,1996.0,1.0,3.0
Haiti,HTI,1997.0,1.0,3.0
Haiti,HTI,1998.0,1.0,3.0
Haiti,HTI,1999.0,1.0,3.0
Haiti,HTI,2000.0,1.0,3.0
Haiti,HTI,2001.0,1.0,3.0
Haiti,HTI,2002.0,1.0,3.0
Haiti,HTI,2003.0,1.0,3.0
Haiti,HTI,2004.0,1.0,3.0
Haiti,HTI,2005.0,0.0,0.0
Haiti,HTI,2006.0,1.0,3.0
Haiti,HTI,2007.0,1.0,3.0
Haiti,HTI,2008.0,1.0,3.0
Haiti,HTI,2009.0,1.0,3.0
Haiti,HTI,2010.0,1.0,3.0
Haiti,HTI,2011.0,1.0,3.0
Haiti,HTI,2012.0,1.0,3.0
Haiti,HTI,2013.0,1.0,3.0
Haiti,HTI,2014.0,1.0,3.0
Haiti,HTI,2015.0,1.0,3.0
Haiti,HTI,2016.0,1.0,3.0
Haiti,HTI,2017.0,1.0,3.0
Haiti,HTI,2018.0,1.0,3.0
Haiti,HTI,2019.0,1.0,3.0
Haiti,HTI,2020.0,1.0,3.0
Haiti,HTI,2021.0,1.0,3.0
Haiti,HTI,2022.0,0.0,0.0
Haiti,HTI,2023.0,0.0,0.0
Haiti,HTI,2024.0,0.0,0.0
Honduras,HND,1946.0,1.0,2.0
Honduras,HND,1947.0,1.0,2.0
Honduras,HND,1948.0,1.0,3.0
Honduras,HND,1949.0,1.0,3.0
Honduras,HND,1950.0,1.0,3.0
Honduras,HND,1951.0,1.0,3.0
Honduras,HND,1952.0,1.0,3.0
Honduras,HND,1953.0,1.0,3.0
Honduras,HND,1954.0,1.0,3.0
Honduras,HND,1955.0,0.0,0.0
Honduras,HND,1956.0,0.0,1.0
Honduras,HND,1957.0,1.0,3.0
Honduras,HND,1958.0,0.0,0.0
Honduras,HND,1959.0,0.0,0.0
Honduras,HND,1960.0,0.0,0.0
Honduras,HND,1961.0,0.0,0.0
Honduras,HND,1962.0,0.0,0.0
Honduras,HND,1963.0,0.0,0.0
Honduras,HND,1964.0,0.0,0.0
Honduras,HND,1965.0,1.0,3.0
Honduras,HND,1966.0,0.0,0.0
Honduras,HND,1967.0,0.0,0.0
Honduras,HND,1968.0,0.0,0.0
Honduras,HND,1969.0,0.0,0.0
Honduras,HND,1970.0,0.0,0.0
Honduras,HND,1971.0,1.0,3.0
Honduras,HND,1972.0,1.0,3.0
Honduras,HND,1973.0,0.0,0.0
Honduras,HND,1974.0,0.0,0.0
Honduras,HND,1975.0,0.0,0.0
Honduras,HND,1976.0,0.0,0.0
Honduras,HND,1977.0,0.0,0.0
Honduras,HND,1978.0,0.0,0.0
Honduras,HND,1979.0,0.0,0.0
Honduras,HND,1980.0,0.0,0.0
Honduras,HND,1981.0,1.0,3.0
Honduras,HND,1982.0,1.0,3.0
Honduras,HND,1983.0,1.0,3.0
Honduras,HND,1984.0,1.0,3.0
Honduras,HND,1985.0,1.0,3.0
Honduras,HND,1986.0,1.0,3.0
Honduras,HND,1987.0,1.0,3.0
Honduras,HND,1988.0,1.0,3.0
Honduras,HND,1989.0,1.0,3.0
Honduras,HND,1990.0,1.0,4.0
Honduras,HND,1991.0,1.0,4.0
Honduras,HND,1992.0,1.0,4.0
Honduras,HND,1993.0,1.0,4.0
Honduras,HND,1994.0,2.0,5.0
Honduras,HND,1995.0,2.0,5.0
Honduras,HND,1996.0,2.0,5.0
Honduras,HND,1997.0,2.0,5.0
Honduras,HND,1998.0,2.0,5.0
Honduras,HND,1999.0,2.0,5.0
Honduras,HND,2000.0,2.0,5.0
Honduras,HND,2001.0,2.0,5.0
Honduras,HND,2002.0,2.0,5.0
Honduras,HND,2003.0,2.0,6.0
Honduras,HND,2004.0,2.0,6.0
Honduras,HND,2005.0,2.0,6.0
Honduras,HND,2006.0,2.0,5.0
Honduras,HND,2007.0,2.0,5.0
Honduras,HND,2008.0,2.0,5.0
Honduras,HND,2009.0,1.0,3.0
Honduras,HND,2010.0,1.0,3.0
Honduras,HND,2011.0,1.0,3.0
Honduras,HND,2012.0,1.0,3.0
Honduras,HND,2013.0,1.0,3.0
Honduras,HND,2014.0,1.0,3.0
Honduras,HND,2015.0,1.0,3.0
Honduras,HND,2016.0,1.0,3.0
Honduras,HND,2017.0,1.0,3.0
Honduras,HND,2018.0,1.0,3.0
Honduras,HND,2019.0,1.0,3.0
Honduras,HND,2020.0,1.0,3.0
Honduras,HND,2021.0,1.0,3.0
Honduras,HND,2022.0,2.0,5.0
Honduras,HND,2023.0,2.0,5.0
Honduras,HND,2024.0,2.0,5.0
Mali,MLI,1946.0,0.0,0.0
Mali,MLI,1947.0,0.0,0.0
Mali,MLI,1948.0,0.0,0.0
Mali,MLI,1949.0,0.0,0.0
Mali,MLI,1950.0,0.0,0.0
Mali,MLI,1951.0,0.0,0.0
Mali,MLI,1952.0,0.0,0.0
Mali,MLI,1953.0,0.0,0.0
Mali,MLI,1954.0,0.0,0.0
Mali,MLI,1955.0,0.0,0.0
Mali,MLI,1956.0,0.0,0.0
Mali,MLI,1957.0,0.0,0.0
Mali,MLI,1958.0,0.0,0.0
Mali,MLI,1959.0,0.0,0.0
Mali,MLI,1960.0,1.0,3.0
Mali,MLI,1961.0,1.0,3.0
Mali,MLI,1962.0,1.0,3.0
Mali,MLI,1963.0,1.0,3.0
Mali,MLI,1964.0,1.0,3.0
Mali,MLI,1965.0,1.0,3.0
Mali,MLI,1966.0,1.0,3.0
Mali,MLI,1967.0,1.0,3.0
Mali,MLI,1968.0,0.0,0.0
Mali,MLI,1969.0,0.0,0.0
Mali,MLI,1970.0,0.0,0.0
Mali,MLI,1971.0,0.0,0.0
Mali,MLI,1972.0,0.0,0.0
Mali,MLI,1973.0,0.0,0.0
Mali,MLI,1974.0,0.0,0.0
Mali,MLI,1975.0,0.0,0.0
Mali,MLI,1976.0,0.0,0.0
Mali,MLI,1977.0,0.0,0.0
Mali,MLI,1978.0,0.0,0.0
Mali,MLI,1979.0,0.0,1.0
Mali,MLI,1980.0,0.0,1.0
Mali,MLI,1981.0,0.0,1.0
Mali,MLI,1982.0,0.0,1.0
Mali,MLI,1983.0,0.0,1.0
Mali,MLI,1984.0,0.0,1.0
Mali,MLI,1985.0,0.0,0.0
Mali,MLI,1986.0,0.0,0.0
Mali,MLI,1987.0,0.0,0.0
Mali,MLI,1988.0,0.0,0.0
Mali,MLI,1989.0,0.0,0.0
Mali,MLI,1990.0,0.0,0.0
Mali,MLI,1991.0,0.0,0.0
Mali,MLI,1992.0,1.0,4.0
Mali,MLI,1993.0,2.0,6.0
Mali,MLI,1994.0,2.0,6.0
Mali,MLI,1995.0,2.0,6.0
Mali,MLI,1996.0,2.0,6.0
Mali,MLI,1997.0,2.0,5.0
Mali,MLI,1998.0,2.0,5.0
Mali,MLI,1999.0,2.0,5.0
Mali,MLI,2000.0,2.0,5.0
Mali,MLI,2001.0,2.0,5.0
Mali,MLI,2002.0,2.0,6.0
Mali,MLI,2003.0,2.0,6.0
Mali,MLI,2004.0,2.0,6.0
Mali,MLI,2005.0,2.0,6.0
Mali,MLI,2006.0,2.0,6.0
Mali,MLI,2007.0,2.0,6.0
Mali,MLI,2008.0,2.0,6.0
Mali,MLI,2009.0,2.0,6.0
Mali,MLI,2010.0,2.0,6.0
Mali,MLI,2011.0,2.0,6.0
Mali,MLI,2012.0,1.0,3.0
Mali,MLI,2013.0,1.0,3.0
Mali,MLI,2014.0,2.0,5.0
Mali,MLI,2015.0,2.0,5.0
Mali,MLI,2016.0,2.0,5.0
Mali,MLI,2017.0,2.0,5.0
Mali,MLI,2018.0,1.0,4.0
Mali,MLI,2019.0,1.0,4.0
Mali,MLI,2020.0,1.0,3.0
Mali,MLI,2021.0,0.0,0.0
Mali,MLI,2022.0,0.0,0.0
Mali,MLI,2023.0,0.0,0.0
Mali,MLI,2024.0,0.0,0.0
Pakistan,PAK,1947.0,0.0,0.0
Pakistan,PAK,1948.0,0.0,0.0
Pakistan,PAK,1949.0,0.0,0.0
Pakistan,PAK,1950.0,0.0,0.0
Pakistan,PAK,1951.0,0.0,0.0
Pakistan,PAK,1952.0,0.0,0.0
Pakistan,PAK,1953.0,0.0,0.0
Pakistan,PAK,1954.0,0.0,0.0
Pakistan,PAK,1955.0,0.0,0.0
Pakistan,PAK,1956.0,0.0,0.0
Pakistan,PAK,1957.0,0.0,0.0
Pakistan,PAK,1958.0,0.0,0.0
Pakistan,PAK,1959.0,0.0,0.0
Pakistan,PAK,1960.0,0.0,0.0
Pakistan,PAK,1961.0,0.0,0.0
Pakistan,PAK,1962.0,0.0,0.0
Pakistan,PAK,1963.0,0.0,0.0
Pakistan,PAK,1964.0,0.0,0.0
Pakistan,PAK,1965.0,0.0,0.0
Pakistan,PAK,1966.0,0.0,0.0
Pakistan,PAK,1967.0,0.0,0.0
Pakistan,PAK,1968.0,0.0,0.0
Pakistan,PAK,1969.0,0.0,0.0
Pakistan,PAK,1970.0,0.0,0.0
Pakistan,PAK,1971.0,0.0,0.0
Pakistan,PAK,1972.0,0.0,0.0
Pakistan,PAK,1973.0,0.0,0.0
Pakistan,PAK,1974.0,0.0,0.0
Pakistan,PAK,1975.0,0.0,0.0
Pakistan,PAK,1976.0,0.0,0.0
Pakistan,PAK,1977.0,1.0,3.0
Pakistan,PAK,1978.0,0.0,0.0
Pakistan,PAK,1979.0,0.0,0.0
Pakistan,PAK,1980.0,0.0,0.0
Pakistan,PAK,1981.0,0.0,0.0
Pakistan,PAK,1982.0,0.0,0.0
Pakistan,PAK,1983.0,0.0,0.0
Pakistan,PAK,1984.0,0.0,0.0
Pakistan,PAK,1985.0,1.0,2.0
Pakistan,PAK,1986.0,1.0,2.0
Pakistan,PAK,1987.0,1.0,2.0
Pakistan,PAK,1988.0,1.0,3.0
Pakistan,PAK,1989.0,1.0,3.0
Pakistan,PAK,1990.0,1.0,3.0
Pakistan,PAK,1991.0,1.0,3.0
Pakistan,PAK,1992.0,1.0,3.0
Pakistan,PAK,1993.0,1.0,3.0
Pakistan,PAK,1994.0,1.0,3.0
Pakistan,PAK,1995.0,1.0,3.0
Pakistan,PAK,1996.0,1.0,3.0
Pakistan,PAK,1997.0,1.0,3.0
Pakistan,PAK,1998.0,1.0,3.0
Pakistan,PAK,1999.0,0.0,0.0
Pakistan,PAK,2000.0,0.0,0.0
Pakistan,PAK,2001.0,0.0,0.0
Pakistan,PAK,2002.0,1.0,3.0
Pakistan,PAK,2003.0,1.0,3.0
Pakistan,PAK,2004.0,1.0,3.0
Pakistan,PAK,2005.0,1.0,3.0
Pakistan,PAK,2006.0,1.0,3.0
Pakistan,PAK,2007.0,1.0,3.0
Pakistan,PAK,2008.0,1.0,3.0
Pakistan,PAK,2009.0,1.0,3.0
Pakistan,PAK,2010.0,1.0,4.0
Pakistan,PAK,2011.0,1.0,4.0
Pakistan,PAK,2012.0,1.0,4.0
Pakistan,PAK,2013.0,1.0,4.0
Pakistan,PAK,2014.0,1.0,4.0
Pakistan,PAK,2015.0,1.0,3.0
Pakistan,PAK,2016.0,1.0,3.0
Pakistan,PAK,2017.0,1.0,3.0
Pakistan,PAK,2018.0,1.0,3.0
Pakistan,PAK,2019.0,1.0,3.0
Pakistan,PAK,2020.0,1.0,3.0
Pakistan,PAK,2021.0,1.0,3.0
Pakistan,PAK,2022.0,1.0,3.0
Pakistan,PAK,2023.0,1.0,3.0
Pakistan,PAK,2024.0,1.0,3.0
Peru,PER,1946.0,1.0,3.0
Peru,PER,1947.0,1.0,3.0
Peru,PER,1948.0,1.0,3.0
Peru,PER,1949.0,0.0,0.0
Peru,PER,1950.0,0.0,0.0
Peru,PER,1951.0,0.0,0.0
Peru,PER,1952.0,0.0,0.0
Peru,PER,1953.0,0.0,0.0
Peru,PER,1954.0,0.0,0.0
Peru,PER,1955.0,0.0,0.0
Peru,PER,1956.0,1.0,3.0
Peru,PER,1957.0,1.0,3.0
Peru,PER,1958.0,1.0,3.0
Peru,PER,1959.0,1.0,3.0
Peru,PER,1960.0,1.0,3.0
Peru,PER,1961.0,1.0,3.0
Peru,PER,1962.0,1.0,3.0
Peru,PER,1963.0,1.0,3.0
Peru,PER,1964.0,1.0,3.0
Peru,PER,1965.0,1.0,3.0
Peru,PER,1966.0,1.0,3.0
Peru,PER,1967.0,1.0,3.0
Peru,PER,1968.0,1.0,3.0
Peru,PER,1969.0,0.0,0.0
Peru,PER,1970.0,0.0,0.0
Peru,PER,1971.0,0.0,0.0
Peru,PER,1972.0,0.0,0.0
Peru,PER,1973.0,0.0,0.0
Peru,PER,1974.0,0.0,0.0
Peru,PER,1975.0,0.0,0.0
Peru,PER,1976.0,0.0,0.0
Peru,PER,1977.0,0.0,0.0
Peru,PER,1978.0,0.0,0.0
Peru,PER,1979.0,0.0,0.0
Peru,PER,1980.0,1.0,3.0
Peru,PER,1981.0,2.0,6.0
Peru,PER,1982.0,2.0,6.0
Peru,PER,1983.0,2.0,6.0
Peru,PER,1984.0,2.0,6.0
Peru,PER,1985.0,2.0,6.0
Peru,PER,1986.0,2.0,6.0
Peru,PER,1987.0,2.0,6.0
Peru,PER,1988.0,2.0,6.0
Peru,PER,1989.0,2.0,6.0
Peru,PER,1990.0,2.0,6.0
Peru,PER,1991.0,2.0,6.0
Peru,PER,1992.0,0.0,0.0
Peru,PER,1993.0,0.0,0.0
Peru,PER,1994.0,0.0,0.0
Peru,PER,1995.0,1.0,3.0
Peru,PER,1996.0,1.0,3.0
Peru,PER,1997.0,1.0,3.0
Peru,PER,1998.0,1.0,3.0
Peru,PER,1999.0,1.0,3.0
Peru,PER,2000.0,1.0,3.0
Peru,PER,2001.0,2.0,6.0
Peru,PER,2002.0,2.0,6.0
Peru,PER,2003.0,2.0,6.0
Peru,PER,2004.0,2.0,6.0
Peru,PER,2005.0,2.0,6.0
Peru,PER,2006.0,2.0,6.0
Peru,PER,2007.0,2.0,6.0
Peru,PER,2008.0,2.0,6.0
Peru,PER,2009.0,2.0,6.0
Peru,PER,2010.0,2.0,6.0
Peru,PER,2011.0,2.0,6.0
Peru,PER,2012.0,2.0,6.0
Peru,PER,2013.0,2.0,6.0
Peru,PER,2014.0,2.0,6.0
Peru,PER,2015.0,2.0,6.0
Peru,PER,2016.0,2.0,6.0
Peru,PER,2017.0,2.0,6.0
Peru,PER,2018.0,2.0,6.0
Peru,PER,2019.0,2.0,6.0
Peru,PER,2020.0,2.0,6.0
Peru,PER,2021.0,2.0,6.0
Peru,PER,2022.0,2.0,6.0
Peru,PER,2023.0,2.0,6.0
Peru,PER,2024.0,2.0,6.0
Senegal,SEN,1946.0,0.0,0.0
Senegal,SEN,1947.0,0.0,0.0
Senegal,SEN,1948.0,0.0,0.0
Senegal,SEN,1949.0,0.0,0.0
Senegal,SEN,1950.0,0.0,0.0
Senegal,SEN,1951.0,0.0,0.0
Senegal,SEN,1952.0,0.0,0.0
Senegal,SEN,1953.0,0.0,0.0
Senegal,SEN,1954.0,0.0,0.0
Senegal,SEN,1955.0,0.0,0.0
Senegal,SEN,1956.0,0.0,0.0
Senegal,SEN,1957.0,0.0,0.0
Senegal,SEN,1958.0,0.0,0.0
Senegal,SEN,1959.0,0.0,0.0
Senegal,SEN,1960.0,1.0,3.0
Senegal,SEN,1961.0,1.0,3.0
Senegal,SEN,1962.0,1.0,3.0
Senegal,SEN,1963.0,1.0,3.0
Senegal,SEN,1964.0,1.0,3.0
Senegal,SEN,1965.0,1.0,3.0
Senegal,SEN,1966.0,1.0,3.0
Senegal,SEN,1967.0,1.0,3.0
Senegal,SEN,1968.0,1.0,3.0
Senegal,SEN,1969.0,1.0,3.0
Senegal,SEN,1970.0,1.0,3.0
Senegal,SEN,1971.0,1.0,3.0
Senegal,SEN,1972.0,1.0,3.0
Senegal,SEN,1973.0,1.0,3.0
Senegal,SEN,1974.0,1.0,3.0
Senegal,SEN,1975.0,1.0,3.0
Senegal,SEN,1976.0,1.0,3.0
Senegal,SEN,1977.0,1.0,3.0
Senegal,SEN,1978.0,1.0,3.0
Senegal,SEN,1979.0,1.0,3.0
Senegal,SEN,1980.0,1.0,3.0
Senegal,SEN,1981.0,1.0,4.0
Senegal,SEN,1982.0,1.0,4.0
Senegal,SEN,1983.0,1.0,4.0
Senegal,SEN,1984.0,1.0,4.0
Senegal,SEN,1985.0,1.0,4.0
Senegal,SEN,1986.0,1.0,4.0
Senegal,SEN,1987.0,1.0,4.0
Senegal,SEN,1988.0,1.0,4.0
Senegal,SEN,1989.0,1.0,4.0
Senegal,SEN,1990.0,2.0,5.0
Senegal,SEN,1991.0,2.0,5.0
Senegal,SEN,1992.0,2.0,5.0
Senegal,SEN,1993.0,2.0,6.0
Senegal,SEN,1994.0,2.0,6.0
Senegal,SEN,1995.0,2.0,6.0
Senegal,SEN,1996.0,2.0,6.0
Senegal,SEN,1997.0,2.0,6.0
Senegal,SEN,1998.0,2.0,6.0
Senegal,SEN,1999.0,2.0,6.0
Senegal,SEN,2000.0,2.0,6.0
Senegal,SEN,2001.0,2.0,6.0
Senegal,SEN,2002.0,2.0,7.0
Senegal,SEN,2003.0,2.0,7.0
Senegal,SEN,2004.0,2.0,7.0
Senegal,SEN,2005.0,2.0,7.0
Senegal,SEN,2006.0,2.0,7.0
Senegal,SEN,2007.0,2.0,7.0
Senegal,SEN,2008.0,2.0,7.0
Senegal,SEN,2009.0,2.0,7.0
Senegal,SEN,2010.0,2.0,7.0
Senegal,SEN,2011.0,2.0,7.0
Senegal,SEN,2012.0,2.0,7.0
Senegal,SEN,2013.0,2.0,7.0
Senegal,SEN,2014.0,2.0,7.0
Senegal,SEN,2015.0,2.0,7.0
Senegal,SEN,2016.0,2.0,7.0
Senegal,SEN,2017.0,2.0,7.0
Senegal,SEN,2018.0,2.0,7.0
Senegal,SEN,2019.0,2.0,7.0
Senegal,SEN,2020.0,2.0,7.0
Senegal,SEN,2021.0,2.0,7.0
Senegal,SEN,2022.0,2.0,7.0
Senegal,SEN,2023.0,2.0,6.0
Senegal,SEN,2024.0,2.0,6.0
South Sudan,SSD,2011.0,0.0,0.0
South Sudan,SSD,2012.0,0.0,0.0
South Sudan,SSD,2013.0,0.0,0.0
South Sudan,SSD,2014.0,0.0,0.0
South Sudan,SSD,2015.0,0.0,0.0
South Sudan,SSD,2016.0,0.0,0.0
South Sudan,SSD,2017.0,0.0,0.0
South Sudan,SSD,2018.0,0.0,0.0
South Sudan,SSD,2019.0,0.0,0.0
South Sudan,SSD,2020.0,0.0,0.0
South Sudan,SSD,2021.0,0.0,0.0
South Sudan,SSD,2022.0,0.0,0.0
South Sudan,SSD,2023.0,0.0,0.0
South Sudan,SSD,2024.0,0.0,0.0
Sudan,SDN,1946.0,0.0,0.0
Sudan,SDN,1947.0,0.0,0.0
Sudan,SDN,1948.0,0.0,0.0
Sudan,SDN,1949.0,0.0,0.0
Sudan,SDN,1950.0,0.0,0.0
Sudan,SDN,1951.0,0.0,0.0
Sudan,SDN,1952.0,0.0,0.0
Sudan,SDN,1953.0,0.0,0.0
Sudan,SDN,1954.0,1.0,2.0
Sudan,SDN,1955.0,1.0,2.0
Sudan,SDN,1956.0,1.0,2.0
Sudan,SDN,1957.0,1.0,2.0
Sudan,SDN,1958.0,0.0,0.0
Sudan,SDN,1959.0,0.0,0.0
Sudan,SDN,1960.0,0.0,0.0
Sudan,SDN,1961.0,0.0,0.0
Sudan,SDN,1962.0,0.0,0.0
Sudan,SDN,1963.0,0.0,0.0
Sudan,SDN,1964.0,0.0,0.0
Sudan,SDN,1965.0,1.0,3.0
Sudan,SDN,1966.0,0.0,0.0
Sudan,SDN,1967.0,0.0,0.0
Sudan,SDN,1968.0,1.0,3.0
Sudan,SDN,1969.0,0.0,0.0
Sudan,SDN,1970.0,0.0,0.0
Sudan,SDN,1971.0,1.0,2.0
Sudan,SDN,1972.0,1.0,2.0
Sudan,SDN,1973.0,1.0,2.0
Sudan,SDN,1974.0,1.0,2.0
Sudan,SDN,1975.0,1.0,2.0
Sudan,SDN,1976.0,1.0,2.0
Sudan,SDN,1977.0,1.0,2.0
Sudan,SDN,1978.0,1.0,2.0
Sudan,SDN,1979.0,1.0,2.0
Sudan,SDN,1980.0,1.0,2.0
Sudan,SDN,1981.0,1.0,2.0
Sudan,SDN,1982.0,1.0,2.0
Sudan,SDN,1983.0,1.0,3.0
Sudan,SDN,1984.0,1.0,3.0
Sudan,SDN,1985.0,0.0,0.0
Sudan,SDN,1986.0,1.0,3.0
Sudan,SDN,1987.0,1.0,3.0
Sudan,SDN,1988.0,1.0,3.0
Sudan,SDN,1989.0,0.0,0.0
Sudan,SDN,1990.0,0.0,0.0
Sudan,SDN,1991.0,0.0,0.0
Sudan,SDN,1992.0,0.0,0.0
Sudan,SDN,1993.0,0.0,0.0
Sudan,SDN,1994.0,0.0,0.0
Sudan,SDN,1995.0,0.0,0.0
Sudan,SDN,1996.0,1.0,3.0
Sudan,SDN,1997.0,1.0,3.0
Sudan,SDN,1998.0,1.0,3.0
Sudan,SDN,1999.0,1.0,3.0
Sudan,SDN,2000.0,1.0,3.0
Sudan,SDN,2001.0,1.0,3.0
Sudan,SDN,2002.0,1.0,3.0
Sudan,SDN,2003.0,1.0,3.0
Sudan,SDN,2004.0,1.0,3.0
Sudan,SDN,2005.0,1.0,3.0
Sudan,SDN,2006.0,1.0,3.0
Sudan,SDN,2007.0,1.0,3.0
Sudan,SDN,2008.0,1.0,3.0
Sudan,SDN,2009.0,1.0,3.0
Sudan,SDN,2010.0,1.0,3.0
Sudan,SDN,2011.0,1.0,3.0
Sudan,SDN,2012.0,1.0,3.0
Sudan,SDN,2013.0,1.0,3.0
Sudan,SDN,2014.0,1.0,3.0
Sudan,SDN,2015.0,1.0,3.0
Sudan,SDN,2016.0,1.0,3.0
Sudan,SDN,2017.0,1.0,3.0
Sudan,SDN,2018.0,1.0,3.0
Sudan,SDN,2019.0,1.0,3.0
Sudan,SDN,2020.0,0.0,0.0
Sudan,SDN,2021.0,0.0,0.0
Sudan,SDN,2022.0,0.0,0.0
Sudan,SDN,2023.0,0.0,0.0
Sudan,SDN,2024.0,0.0,0.0
Vietnam,VNM,1946.0,1.0,3.0
Vietnam,VNM,1947.0,1.0,3.0
Vietnam,VNM,1948.0,1.0,3.0
Vietnam,VNM,1949.0,1.0,3.0
Vietnam,VNM,1950.0,1.0,3.0
Vietnam,VNM,1951.0,1.0,3.0
Vietnam,VNM,1952.0,1.0,3.0
Vietnam,VNM,1953.0,1.0,3.0
Vietnam,VNM,1954.0,1.0,3.0
Vietnam,VNM,1955.0,1.0,3.0
Vietnam,VNM,1956.0,1.0,3.0
Vietnam,VNM,1957.0,1.0,3.0
Vietnam,VNM,1958.0,1.0,3.0
Vietnam,VNM,1959.0,1.0,3.0
Vietnam,VNM,1960.0,1.0,3.0
Vietnam,VNM,1961.0,1.0,3.0
Vietnam,VNM,1962.0,1.0,3.0
Vietnam,VNM,1963.0,1.0,3.0
Vietnam,VNM,1964.0,1.0,3.0
Vietnam,VNM,1965.0,1.0,3.0
Vietnam,VNM,1966.0,1.0,3.0
Vietnam,VNM,1967.0,1.0,3.0
Vietnam,VNM,1968.0,1.0,3.0
Vietnam,VNM,1969.0,1.0,3.0
Vietnam,VNM,1970.0,1.0,3.0
Vietnam,VNM,1971.0,1.0,3.0
Vietnam,VNM,1972.0,1.0,3.0
Vietnam,VNM,1973.0,1.0,3.0
Vietnam,VNM,1974.0,1.0,3.0
Vietnam,VNM,1975.0,1.0,3.0
Vietnam,VNM,1976.0,1.0,3.0
Vietnam,VNM,1977.0,0.0,0.0
Vietnam,VNM,1978.0,0.0,0.0
Vietnam,VNM,1979.0,0.0,0.0
Vietnam,VNM,1980.0,0.0,0.0
Vietnam,VNM,1981.0,0.0,0.0
Vietnam,VNM,1982.0,0.0,0.0
Vietnam,VNM,1983.0,0.0,0.0
Vietnam,VNM,1984.0,0.0,0.0
Vietnam,VNM,1985.0,0.0,0.0
Vietnam,VNM,1986.0,0.0,0.0
Vietnam,VNM,1987.0,0.0,0.0
Vietnam,VNM,1988.0,0.0,0.0
Vietnam,VNM,1989.0,0.0,0.0
Vietnam,VNM,1990.0,0.0,0.0
Vietnam,VNM,1991.0,0.0,0.0
Vietnam,VNM,1992.0,0.0,0.0
Vietnam,VNM,1993.0,0.0,0.0
Vietnam,VNM,1994.0,0.0,0.0
Vietnam,VNM,1995.0,0.0,0.0
Vietnam,VNM,1996.0,0.0,0.0
Vietnam,VNM,1997.0,0.0,0.0
Vietnam,VNM,1998.0,0.0,0.0
Vietnam,VNM,1999.0,0.0,0.0
Vietnam,VNM,2000.0,0.0,0.0
Vietnam,VNM,2001.0,0.0,0.0
Vietnam,VNM,2002.0,0.0,0.0
Vietnam,VNM,2003.0,0.0,0.0
Vietnam,VNM,2004.0,0.0,0.0
Vietnam,VNM,2005.0,0.0,0.0
Vietnam,VNM,2006.0,0.0,0.0
Vietnam,VNM,2007.0,0.0,0.0
Vietnam,VNM,2008.0,0.0,0.0
Vietnam,VNM,2009.0,0.0,0.0
Vietnam,VNM,2010.0,0.0,0.0
Vietnam,VNM,2011.0,0.0,0.0
Vietnam,VNM,2012.0,0.0,0.0
Vietnam,VNM,2013.0,0.0,0.0
Vietnam,VNM,2014.0,0.0,0.0
Vietnam,VNM,2015.0,0.0,0.0
Vietnam,VNM,2016.0,0.0,0.0
Vietnam,VNM,2017.0,0.0,0.0
Vietnam,VNM,2018.0,1.0,2.0
Vietnam,VNM,2019.0,1.0,2.0
Vietnam,VNM,2020.0,1.0,2.0
Vietnam,VNM,2021.0,0.0,0.0
Vietnam,VNM,2022.0,0.0,0.0
Vietnam,VNM,2023.0,0.0,0.0
Vietnam,VNM,2024.0,0.0,0.0
Republic of Vietnam,VDR,1946.0,0.0,0.0
Republic of Vietnam,VDR,1947.0,0.0,0.0
Republic of Vietnam,VDR,1948.0,0.0,0.0
Republic of Vietnam,VDR,1949.0,0.0,0.0
Republic of Vietnam,VDR,1950.0,0.0,0.0
Republic of Vietnam,VDR,1951.0,0.0,0.0
Republic of Vietnam,VDR,1952.0,0.0,0.0
Republic of Vietnam,VDR,1953.0,0.0,0.0
Republic of Vietnam,VDR,1954.0,0.0,0.0
Republic of Vietnam,VDR,1955.0,1.0,3.0
Republic of Vietnam,VDR,1956.0,1.0,3.0
Republic of Vietnam,VDR,1957.0,1.0,3.0
Republic of Vietnam,VDR,1958.0,1.0,3.0
Republic of Vietnam,VDR,1959.0,1.0,3.0
Republic of Vietnam,VDR,1960.0,1.0,3.0
Republic of Vietnam,VDR,1961.0,1.0,3.0
Republic of Vietnam,VDR,1962.0,1.0,3.0
Republic of Vietnam,VDR,1963.0,1.0,3.0
Republic of Vietnam,VDR,1964.0,0.0,0.0
Republic of Vietnam,VDR,1965.0,0.0,0.0
Republic of Vietnam,VDR,1966.0,0.0,0.0
Republic of Vietnam,VDR,1967.0,1.0,3.0
Republic of Vietnam,VDR,1968.0,1.0,3.0
Republic of Vietnam,VDR,1969.0,1.0,3.0
Republic of Vietnam,VDR,1970.0,1.0,3.0
Republic of Vietnam,VDR,1971.0,1.0,3.0
Republic of Vietnam,VDR,1972.0,1.0,3.0
Republic of Vietnam,VDR,1973.0,1.0,3.0
Republic of Vietnam,VDR,1974.0,1.0,3.0
Republic of Vietnam,VDR,1975.0,1.0,3.0
Afghanistan,AFG,1946.0,0.0,0.0
Afghanistan,AFG,1947.0,0.0,0.0
Afghanistan,AFG,1948.0,0.0,0.0
Afghanistan,AFG,1949.0,0.0,0.0
Afghanistan,AFG,1950.0,0.0,0.0
Afghanistan,AFG,1951.0,0.0,0.0
Afghanistan,AFG,1952.0,0.0,0.0
Afghanistan,AFG,1953.0,0.0,0.0
Afghanistan,AFG,1954.0,0.0,0.0
Afghanistan,AFG,1955.0,0.0,0.0
Afghanistan,AFG,1956.0,0.0,0.0
Afghanistan,AFG,1957.0,0.0,0.0
Afghanistan,AFG,1958.0,0.0,0.0
Afghanistan,AFG,1959.0,0.0,0.0
Afghanistan,AFG,1960.0,0.0,0.0
Afghanistan,AFG,1961.0,0.0,0.0
Afghanistan,AFG,1962.0,0.0,0.0
Afghanistan,AFG,1963.0,0.0,0.0
Afghanistan,AFG,1964.0,0.0,0.0
Afghanistan,AFG,1965.0,0.0,0.0
Afghanistan,AFG,1966.0,0.0,0.0
Afghanistan,AFG,1967.0,0.0,0.0
Afghanistan,AFG,1968.0,0.0,0.0
Afghanistan,AFG,1969.0,0.0,0.0
Afghanistan,AFG,1970.0,0.0,0.0
Afghanistan,AFG,1971.0,0.0,0.0
Afghanistan,AFG,1972.0,0.0,0.0
Afghanistan,AFG,1973.0,0.0,0.0
Afghanistan,AFG,1974.0,0.0,0.0
Afghanistan,AFG,1975.0,0.0,0.0
Afghanistan,AFG,1976.0,0.0,0.0
Afghanistan,AFG,1977.0,0.0,0.0
Afghanistan,AFG,1978.0,0.0,0.0
Afghanistan,AFG,1979.0,0.0,0.0
Afghanistan,AFG,1980.0,0.0,0.0
Afghanistan,AFG,1981.0,0.0,0.0
Afghanistan,AFG,1982.0,0.0,0.0
Afghanistan,AFG,1983.0,0.0,0.0
Afghanistan,AFG,1984.0,0.0,0.0
Afghanistan,AFG,1985.0,0.0,0.0
Afghanistan,AFG,1986.0,0.0,0.0
Afghanistan,AFG,1987.0,0.0,0.0
Afghanistan,AFG,1988.0,0.0,0.0
Afghanistan,AFG,1989.0,0.0,0.0
Afghanistan,AFG,1990.0,0.0,0.0
Afghanistan,AFG,1991.0,0.0,0.0
Afghanistan,AFG,1992.0,0.0,0.0
Afghanistan,AFG,1993.0,0.0,0.0
Afghanistan,AFG,1994.0,0.0,0.0
Afghanistan,AFG,1995.0,0.0,0.0
Afghanistan,AFG,1996.0,0.0,0.0
Afghanistan,AFG,1997.0,0.0,0.0
Afghanistan,AFG,1998.0,0.0,0.0
Afghanistan,AFG,1999.0,0.0,0.0
Afghanistan,AFG,2000.0,0.0,0.0
Afghanistan,AFG,2001.0,0.0,0.0
Afghanistan,AFG,2002.0,0.0,0.0
Afghanistan,AFG,2003.0,0.0,0.0
Afghanistan,AFG,2004.0,1.0,3.0
Afghanistan,AFG,2005.0,1.0,3.0
Afghanistan,AFG,2006.0,1.0,3.0
Afghanistan,AFG,2007.0,1.0,3.0
Afghanistan,AFG,2008.0,1.0,3.0
Afghanistan,AFG,2009.0,1.0,3.0
Afghanistan,AFG,2010.0,1.0,3.0
Afghanistan,AFG,2011.0,1.0,3.0
Afghanistan,AFG,2012.0,1.0,3.0
Afghanistan,AFG,2013.0,1.0,3.0
Afghanistan,AFG,2014.0,1.0,3.0
Afghanistan,AFG,2015.0,1.0,3.0
Afghanistan,AFG,2016.0,1.0,3.0
Afghanistan,AFG,2017.0,1.0,3.0
Afghanistan,AFG,2018.0,1.0,3.0
Afghanistan,AFG,2019.0,1.0,3.0
Afghanistan,AFG,2020.0,1.0,3.0
Afghanistan,AFG,2021.0,1.0,3.0
Afghanistan,AFG,2022.0,0.0,0.0
Afghanistan,AFG,2023.0,0.0,0.0
Afghanistan,AFG,2024.0,0.0,0.0
Argentina,ARG,1946.0,1.0,3.0
Argentina,ARG,1947.0,1.0,3.0
Argentina,ARG,1948.0,1.0,3.0
Argentina,ARG,1949.0,1.0,3.0
Argentina,ARG,1950.0,1.0,3.0
Argentina,ARG,1951.0,1.0,3.0
Argentina,ARG,1952.0,1.0,3.0
Argentina,ARG,1953.0,1.0,3.0
Argentina,ARG,1954.0,1.0,3.0
Argentina,ARG,1955.0,1.0,3.0
Argentina,ARG,1956.0,0.0,0.0
Argentina,ARG,1957.0,0.0,1.0
Argentina,ARG,1958.0,1.0,3.0
Argentina,ARG,1959.0,1.0,4.0
Argentina,ARG,1960.0,1.0,4.0
Argentina,ARG,1961.0,1.0,4.0
Argentina,ARG,1962.0,1.0,3.0
Argentina,ARG,1963.0,1.0,3.0
Argentina,ARG,1964.0,2.0,5.0
Argentina,ARG,1965.0,2.0,5.0
Argentina,ARG,1966.0,1.0,3.0
Argentina,ARG,1967.0,0.0,0.0
Argentina,ARG,1968.0,0.0,0.0
Argentina,ARG,1969.0,0.0,0.0
Argentina,ARG,1970.0,0.0,0.0
Argentina,ARG,1971.0,0.0,0.0
Argentina,ARG,1972.0,0.0,0.0
Argentina,ARG,1973.0,1.0,4.0
Argentina,ARG,1974.0,2.0,6.0
Argentina,ARG,1975.0,2.0,5.0
Argentina,ARG,1976.0,1.0,3.0
Argentina,ARG,1977.0,0.0,0.0
Argentina,ARG,1978.0,0.0,0.0
Argentina,ARG,1979.0,0.0,0.0
Argentina,ARG,1980.0,0.0,0.0
Argentina,ARG,1981.0,0.0,0.0
Argentina,ARG,1982.0,0.0,0.0
Argentina,ARG,1983.0,1.0,3.0
Argentina,ARG,1984.0,2.0,7.0
Argentina,ARG,1985.0,2.0,7.0
Argentina,ARG,1986.0,2.0,7.0
Argentina,ARG,1987.0,2.0,7.0
Argentina,ARG,1988.0,2.0,7.0
Argentina,ARG,1989.0,2.0,7.0
Argentina,ARG,1990.0,2.0,6.0
Argentina,ARG,1991.0,2.0,6.0
Argentina,ARG,1992.0,2.0,7.0
Argentina,ARG,1993.0,2.0,7.0
Argentina,ARG,1994.0,2.0,7.0
Argentina,ARG,1995.0,2.0,7.0
Argentina,ARG,1996.0,2.0,7.0
Argentina,ARG,1997.0,2.0,7.0
Argentina,ARG,1998.0,2.0,7.0
Argentina,ARG,1999.0,2.0,7.0
Argentina,ARG,2000.0,2.0,7.0
Argentina,ARG,2001.0,2.0,7.0
Argentina,ARG,2002.0,2.0,6.0
Argentina,ARG,2003.0,2.0,6.0
Argentina,ARG,2004.0,2.0,6.0
Argentina,ARG,2005.0,2.0,6.0
Argentina,ARG,2006.0,2.0,6.0
Argentina,ARG,2007.0,2.0,6.0
Argentina,ARG,2008.0,2.0,6.0
Argentina,ARG,2009.0,2.0,6.0
Argentina,ARG,2010.0,2.0,6.0
Argentina,ARG,2011.0,2.0,6.0
Argentina,ARG,2012.0,2.0,6.0
Argentina,ARG,2013.0,2.0,6.0
Argentina,ARG,2014.0,2.0,6.0
Argentina,ARG,2015.0,2.0,6.0
Argentina,ARG,2016.0,2.0,6.0
Argentina,ARG,2017.0,2.0,6.0
Argentina,ARG,2018.0,2.0,6.0
Argentina,ARG,2019.0,2.0,6.0
Argentina,ARG,2020.0,2.0,6.0
Argentina,ARG,2021.0,2.0,6.0
Argentina,ARG,2022.0,2.0,6.0
Argentina,ARG,2023.0,2.0,6.0
Argentina,ARG,2024.0,2.0,6.0
Ethiopia,ETH,1946.0,0.0,0.0
Ethiopia,ETH,1947.0,0.0,0.0
Ethiopia,ETH,1948.0,0.0,0.0
Ethiopia,ETH,1949.0,0.0,0.0
Ethiopia,ETH,1950.0,0.0,0.0
Ethiopia,ETH,1951.0,0.0,0.0
Ethiopia,ETH,1952.0,0.0,0.0
Ethiopia,ETH,1953.0,0.0,0.0
Ethiopia,ETH,1954.0,0.0,0.0
Ethiopia,ETH,1955.0,0.0,0.0
Ethiopia,ETH,1956.0,0.0,0.0
Ethiopia,ETH,1957.0,0.0,0.0
Ethiopia,ETH,1958.0,0.0,0.0
Ethiopia,ETH,1959.0,0.0,0.0
Ethiopia,ETH,1960.0,0.0,0.0
Ethiopia,ETH,1961.0,0.0,0.0
Ethiopia,ETH,1962.0,0.0,0.0
Ethiopia,ETH,1963.0,0.0,0.0
Ethiopia,ETH,1964.0,0.0,0.0
Ethiopia,ETH,1965.0,0.0,0.0
Ethiopia,ETH,1966.0,0.0,0.0
Ethiopia,ETH,1967.0,0.0,0.0
Ethiopia,ETH,1968.0,0.0,0.0
Ethiopia,ETH,1969.0,0.0,0.0
Ethiopia,ETH,1970.0,0.0,0.0
Ethiopia,ETH,1971.0,0.0,0.0
Ethiopia,ETH,1972.0,0.0,0.0
Ethiopia,ETH,1973.0,0.0,0.0
Ethiopia,ETH,1974.0,0.0,0.0
Ethiopia,ETH,1975.0,0.0,0.0
Ethiopia,ETH,1976.0,0.0,0.0
Ethiopia,ETH,1977.0,0.0,0.0
Ethiopia,ETH,1978.0,0.0,0.0
Ethiopia,ETH,1979.0,0.0,0.0
Ethiopia,ETH,1980.0,0.0,0.0
Ethiopia,ETH,1981.0,0.0,0.0
Ethiopia,ETH,1982.0,0.0,0.0
Ethiopia,ETH,1983.0,0.0,0.0
Ethiopia,ETH,1984.0,0.0,0.0
Ethiopia,ETH,1985.0,0.0,0.0
Ethiopia,ETH,1986.0,0.0,0.0
Ethiopia,ETH,1987.0,0.0,0.0
Ethiopia,ETH,1988.0,0.0,0.0
Ethiopia,ETH,1989.0,0.0,0.0
Ethiopia,ETH,1990.0,0.0,0.0
Ethiopia,ETH,1991.0,0.0,0.0
Ethiopia,ETH,1992.0,0.0,0.0
Ethiopia,ETH,1993.0,0.0,0.0
Ethiopia,ETH,1994.0,1.0,3.0
Ethiopia,ETH,1995.0,1.0,3.0
Ethiopia,ETH,1996.0,1.0,3.0
Ethiopia,ETH,1997.0,1.0,3.0
Ethiopia,ETH,1998.0,1.0,3.0
Ethiopia,ETH,1999.0,1.0,3.0
Ethiopia,ETH,2000.0,1.0,3.0
Ethiopia,ETH,2001.0,1.0,3.0
Ethiopia,ETH,2002.0,1.0,3.0
Ethiopia,ETH,2003.0,1.0,3.0
Ethiopia,ETH,2004.0,1.0,3.0
Ethiopia,ETH,2005.0,1.0,3.0
Ethiopia,ETH,2006.0,1.0,3.0
Ethiopia,ETH,2007.0,1.0,3.0
Ethiopia,ETH,2008.0,1.0,3.0
Ethiopia,ETH,2009.0,1.0,3.0
Ethiopia,ETH,2010.0,1.0,3.0
Ethiopia,ETH,2011.0,1.0,3.0
Ethiopia,ETH,2012.0,1.0,3.0
Ethiopia,ETH,2013.0,1.0,3.0
Ethiopia,ETH,2014.0,1.0,3.0
Ethiopia,ETH,2015.0,1.0,3.0
Ethiopia,ETH,2016.0,1.0,3.0
Ethiopia,ETH,2017.0,1.0,3.0
Ethiopia,ETH,2018.0,1.0,3.0
Ethiopia,ETH,2019.0,1.0,3.0
Ethiopia,ETH,2020.0,1.0,3.0
Ethiopia,ETH,2021.0,1.0,3.0
Ethiopia,ETH,2022.0,1.0,3.0
Ethiopia,ETH,2023.0,1.0,3.0
Ethiopia,ETH,2024.0,1.0,3.0
India,IND,1946.0,1.0,3.0
India,IND,1947.0,1.0,3.0
India,IND,1948.0,0.0,0.0
India,IND,1949.0,0.0,0.0
India,IND,1950.0,0.0,0.0
India,IND,1951.0,1.0,3.0
India,IND,1952.0,2.0,6.0
India,IND,1953.0,2.0,6.0
India,IND,1954.0,2.0,6.0
India,IND,1955.0,2.0,6.0
India,IND,1956.0,2.0,6.0
India,IND,1957.0,2.0,6.0
India,IND,1958.0,2.0,6.0
India,IND,1959.0,2.0,6.0
India,IND,1960.0,2.0,6.0
India,IND,1961.0,2.0,6.0
India,IND,1962.0,2.0,6.0
India,IND,1963.0,2.0,6.0
India,IND,1964.0,2.0,6.0
India,IND,1965.0,2.0,6.0
India,IND,1966.0,2.0,6.0
India,IND,1967.0,2.0,6.0
India,IND,1968.0,2.0,6.0
India,IND,1969.0,2.0,6.0
India,IND,1970.0,2.0,6.0
India,IND,1971.0,2.0,6.0
India,IND,1972.0,2.0,6.0
India,IND,1973.0,2.0,6.0
India,IND,1974.0,2.0,6.0
India,IND,1975.0,1.0,3.0
India,IND,1976.0,1.0,3.0
India,IND,1977.0,1.0,4.0
India,IND,1978.0,2.0,6.0
India,IND,1979.0,2.0,6.0
India,IND,1980.0,2.0,6.0
India,IND,1981.0,2.0,6.0
India,IND,1982.0,2.0,6.0
India,IND,1983.0,2.0,6.0
India,IND,1984.0,2.0,6.0
India,IND,1985.0,2.0,6.0
India,IND,1986.0,2.0,6.0
India,IND,1987.0,2.0,6.0
India,IND,1988.0,2.0,6.0
India,IND,1989.0,2.0,6.0
India,IND,1990.0,2.0,6.0
India,IND,1991.0,2.0,6.0
India,IND,1992.0,2.0,6.0
India,IND,1993.0,2.0,6.0
India,IND,1994.0,2.0,6.0
India,IND,1995.0,2.0,6.0
India,IND,1996.0,2.0,6.0
India,IND,1997.0,2.0,6.0
India,IND,1998.0,2.0,6.0
India,IND,1999.0,2.0,6.0
India,IND,2000.0,2.0,6.0
India,IND,2001.0,2.0,6.0
India,IND,2002.0,2.0,6.0
India,IND,2003.0,2.0,6.0
India,IND,2004.0,2.0,6.0
India,IND,2005.0,2.0,6.0
India,IND,2006.0,2.0,6.0
India,IND,2007.0,2.0,6.0
India,IND,2008.0,2.0,6.0
India,IND,2009.0,2.0,6.0
India,IND,2010.0,2.0,6.0
India,IND,2011.0,2.0,6.0
India,IND,2012.0,2.0,6.0
India,IND,2013.0,2.0,6.0
India,IND,2014.0,2.0,6.0
India,IND,2015.0,2.0,5.0
India,IND,2016.0,2.0,5.0
India,IND,2017.0,1.0,4.0
India,IND,2018.0,1.0,4.0
India,IND,2019.0,1.0,3.0
India,IND,2020.0,1.0,3.0
India,IND,2021.0,1.0,3.0
India,IND,2022.0,1.0,3.0
India,IND,2023.0,1.0,3.0
India,IND,2024.0,1.0,3.0
Kenya,KEN,1946.0,0.0,0.0
Kenya,KEN,1947.0,0.0,0.0
Kenya,KEN,1948.0,0.0,0.0
Kenya,KEN,1949.0,0.0,0.0
Kenya,KEN,1950.0,0.0,0.0
Kenya,KEN,1951.0,0.0,0.0
Kenya,KEN,1952.0,0.0,0.0
Kenya,KEN,1953.0,0.0,0.0
Kenya,KEN,1954.0,0.0,0.0
Kenya,KEN,1955.0,0.0,0.0
Kenya,KEN,1956.0,0.0,0.0
Kenya,KEN,1957.0,0.0,0.0
Kenya,KEN,1958.0,0.0,0.0
Kenya,KEN,1959.0,0.0,0.0
Kenya,KEN,1960.0,0.0,0.0
Kenya,KEN,1961.0,0.0,0.0
Kenya,KEN,1962.0,0.0,0.0
Kenya,KEN,1963.0,1.0,3.0
Kenya,KEN,1964.0,1.0,3.0
Kenya,KEN,1965.0,1.0,3.0
Kenya,KEN,1966.0,1.0,3.0
Kenya,KEN,1967.0,1.0,3.0
Kenya,KEN,1968.0,1.0,3.0
Kenya,KEN,1969.0,1.0,3.0
Kenya,KEN,1970.0,1.0,3.0
Kenya,KEN,1971.0,1.0,3.0
Kenya,KEN,1972.0,1.0,3.0
Kenya,KEN,1973.0,1.0,3.0
Kenya,KEN,1974.0,1.0,3.0
Kenya,KEN,1975.0,1.0,3.0
Kenya,KEN,1976.0,1.0,3.0
Kenya,KEN,1977.0,1.0,3.0
Kenya,KEN,1978.0,1.0,3.0
Kenya,KEN,1979.0,1.0,2.0
Kenya,KEN,1980.0,1.0,2.0
Kenya,KEN,1981.0,1.0,2.0
Kenya,KEN,1982.0,1.0,2.0
Kenya,KEN,1983.0,1.0,3.0
Kenya,KEN,1984.0,1.0,3.0
Kenya,KEN,1985.0,1.0,3.0
Kenya,KEN,1986.0,1.0,3.0
Kenya,KEN,1987.0,1.0,3.0
Kenya,KEN,1988.0,1.0,3.0
Kenya,KEN,1989.0,1.0,3.0
Kenya,KEN,1990.0,1.0,3.0
Kenya,KEN,1991.0,1.0,3.0
Kenya,KEN,1992.0,1.0,3.0
Kenya,KEN,1993.0,1.0,3.0
Kenya,KEN,1994.0,1.0,3.0
Kenya,KEN,1995.0,1.0,3.0
Kenya,KEN,1996.0,1.0,3.0
Kenya,KEN,1997.0,1.0,3.0
Kenya,KEN,1998.0,1.0,3.0
Kenya,KEN,1999.0,1.0,3.0
Kenya,KEN,2000.0,1.0,3.0
Kenya,KEN,2001.0,1.0,3.0
Kenya,KEN,2002.0,1.0,3.0
Kenya,KEN,2003.0,2.0,5.0
Kenya,KEN,2004.0,2.0,5.0
Kenya,KEN,2005.0,2.0,5.0
Kenya,KEN,2006.0,2.0,5.0
Kenya,KEN,2007.0,1.0,3.0
Kenya,KEN,2008.0,1.0,3.0
Kenya,KEN,2009.0,1.0,3.0
Kenya,KEN,2010.0,1.0,3.0
Kenya,KEN,2011.0,1.0,3.0
Kenya,KEN,2012.0,1.0,3.0
Kenya,KEN,2013.0,2.0,5.0
Kenya,KEN,2014.0,2.0,5.0
Kenya,KEN,2015.0,2.0,5.0
Kenya,KEN,2016.0,2.0,5.0
Kenya,KEN,2017.0,1.0,4.0
Kenya,KEN,2018.0,1.0,4.0
Kenya,KEN,2019.0,1.0,4.0
Kenya,KEN,2020.0,1.0,4.0
Kenya,KEN,2021.0,1.0,4.0
Kenya,KEN,2022.0,2.0,5.0
Kenya,KEN,2023.0,2.0,5.0
Kenya,KEN,2024.0,2.0,5.0
North Korea,PRK,1946.0,0.0,0.0
North Korea,PRK,1947.0,0.0,0.0
North Korea,PRK,1948.0,0.0,0.0
North Korea,PRK,1949.0,0.0,0.0
North Korea,PRK,1950.0,0.0,0.0
North Korea,PRK,1951.0,0.0,0.0
North Korea,PRK,1952.0,0.0,0.0
North Korea,PRK,1953.0,0.0,0.0
North Korea,PRK,1954.0,0.0,0.0
North Korea,PRK,1955.0,0.0,0.0
North Korea,PRK,1956.0,0.0,0.0
North Korea,PRK,1957.0,0.0,0.0
North Korea,PRK,1958.0,0.0,0.0
North Korea,PRK,1959.0,0.0,0.0
North Korea,PRK,1960.0,0.0,0.0
North Korea,PRK,1961.0,0.0,0.0
North Korea,PRK,1962.0,0.0,0.0
North Korea,PRK,1963.0,0.0,0.0
North Korea,PRK,1964.0,0.0,0.0
North Korea,PRK,1965.0,0.0,0.0
North Korea,PRK,1966.0,0.0,0.0
North Korea,PRK,1967.0,0.0,0.0
North Korea,PRK,1968.0,0.0,0.0
North Korea,PRK,1969.0,0.0,0.0
North Korea,PRK,1970.0,0.0,0.0
North Korea,PRK,1971.0,0.0,0.0
North Korea,PRK,1972.0,0.0,0.0
North Korea,PRK,1973.0,0.0,0.0
North Korea,PRK,1974.0,0.0,0.0
North Korea,PRK,1975.0,0.0,0.0
North Korea,PRK,1976.0,0.0,0.0
North Korea,PRK,1977.0,0.0,0.0
North Korea,PRK,1978.0,0.0,0.0
North Korea,PRK,1979.0,0.0,0.0
North Korea,PRK,1980.0,0.0,0.0
North Korea,PRK,1981.0,0.0,0.0
North Korea,PRK,1982.0,0.0,0.0
North Korea,PRK,1983.0,0.0,0.0
North Korea,PRK,1984.0,0.0,0.0
North Korea,PRK,1985.0,0.0,0.0
North Korea,PRK,1986.0,0.0,0.0
North Korea,PRK,1987.0,0.0,0.0
North Korea,PRK,1988.0,0.0,0.0
North Korea,PRK,1989.0,0.0,0.0
North Korea,PRK,1990.0,0.0,0.0
North Korea,PRK,1991.0,0.0,0.0
North Korea,PRK,1992.0,0.0,0.0
North Korea,PRK,1993.0,0.0,0.0
North Korea,PRK,1994.0,0.0,0.0
North Korea,PRK,1995.0,0.0,0.0
North Korea,PRK,1996.0,0.0,0.0
North Korea,PRK,1997.0,0.0,0.0
North Korea,PRK,1998.0,0.0,0.0
North Korea,PRK,1999.0,0.0,0.0
North Korea,PRK,2000.0,0.0,0.0
North Korea,PRK,2001.0,0.0,0.0
North Korea,PRK,2002.0,0.0,0.0
North Korea,PRK,2003.0,0.0,0.0
North Korea,PRK,2004.0,0.0,0.0
North Korea,PRK,2005.0,0.0,0.0
North Korea,PRK,2006.0,0.0,0.0
North Korea,PRK,2007.0,0.0,0.0
North Korea,PRK,2008.0,0.0,0.0
North Korea,PRK,2009.0,0.0,0.0
North Korea,PRK,2010.0,0.0,0.0
North Korea,PRK,2011.0,0.0,0.0
North Korea,PRK,2012.0,0.0,0.0
North Korea,PRK,2013.0,0.0,0.0
North Korea,PRK,2014.0,0.0,0.0
North Korea,PRK,2015.0,0.0,0.0
North Korea,PRK,2016.0,0.0,0.0
North Korea,PRK,2017.0,0.0,0.0
North Korea,PRK,2018.0,0.0,0.0
North Korea,PRK,2019.0,0.0,0.0
North Korea,PRK,2020.0,0.0,0.0
North Korea,PRK,2021.0,0.0,0.0
North Korea,PRK,2022.0,0.0,0.0
North Korea,PRK,2023.0,0.0,0.0
North Korea,PRK,2024.0,0.0,0.0
South Korea,KOR,1946.0,0.0,0.0
South Korea,KOR,1947.0,0.0,0.0
South Korea,KOR,1948.0,1.0,3.0
South Korea,KOR,1949.0,1.0,3.0
South Korea,KOR,1950.0,1.0,3.0
South Korea,KOR,1951.0,1.0,3.0
South Korea,KOR,1952.0,1.0,3.0
South Korea,KOR,1953.0,1.0,3.0
South Korea,KOR,1954.0,1.0,3.0
South Korea,KOR,1955.0,1.0,3.0
South Korea,KOR,1956.0,1.0,3.0
South Korea,KOR,1957.0,1.0,3.0
South Korea,KOR,1958.0,1.0,3.0
South Korea,KOR,1959.0,1.0,3.0
South Korea,KOR,1960.0,1.0,3.0
South Korea,KOR,1961.0,1.0,3.0
South Korea,KOR,1962.0,1.0,3.0
South Korea,KOR,1963.0,1.0,3.0
South Korea,KOR,1964.0,1.0,3.0
South Korea,KOR,1965.0,1.0,3.0
South Korea,KOR,1966.0,1.0,3.0
South Korea,KOR,1967.0,1.0,3.0
South Korea,KOR,1968.0,1.0,3.0
South Korea,KOR,1969.0,1.0,3.0
South Korea,KOR,1970.0,1.0,3.0
South Korea,KOR,1971.0,1.0,3.0
South Korea,KOR,1972.0,1.0,3.0
South Korea,KOR,1973.0,1.0,3.0
South Korea,KOR,1974.0,1.0,3.0
South Korea,KOR,1975.0,1.0,3.0
South Korea,KOR,1976.0,1.0,3.0
South Korea,KOR,1977.0,1.0,3.0
South Korea,KOR,1978.0,1.0,3.0
South Korea,KOR,1979.0,1.0,3.0
South Korea,KOR,1980.0,1.0,3.0
South Korea,KOR,1981.0,1.0,3.0
South Korea,KOR,1982.0,1.0,3.0
South Korea,KOR,1983.0,1.0,3.0
South Korea,KOR,1984.0,1.0,3.0
South Korea,KOR,1985.0,1.0,3.0
South Korea,KOR,1986.0,1.0,3.0
South Korea,KOR,1987.0,1.0,3.0
South Korea,KOR,1988.0,2.0,6.0
South Korea,KOR,1989.0,2.0,7.0
South Korea,KOR,1990.0,2.0,7.0
South Korea,KOR,1991.0,2.0,7.0
South Korea,KOR,1992.0,2.0,7.0
South Korea,KOR,1993.0,3.0,8.0
South Korea,KOR,1994.0,3.0,8.0
South Korea,KOR,1995.0,3.0,8.0
South Korea,KOR,1996.0,3.0,8.0
South Korea,KOR,1997.0,3.0,9.0
South Korea,KOR,1998.0,3.0,9.0
South Korea,KOR,1999.0,3.0,9.0
South Korea,KOR,2000.0,3.0,9.0
South Korea,KOR,2001.0,3.0,9.0
South Korea,KOR,2002.0,3.0,9.0
South Korea,KOR,2003.0,3.0,9.0
South Korea,KOR,2004.0,3.0,9.0
South Korea,KOR,2005.0,3.0,9.0
South Korea,KOR,2006.0,3.0,9.0
South Korea,KOR,2007.0,3.0,9.0
South Korea,KOR,2008.0,3.0,9.0
South Korea,KOR,2009.0,3.0,9.0
South Korea,KOR,2010.0,3.0,9.0
South Korea,KOR,2011.0,3.0,9.0
South Korea,KOR,2012.0,3.0,9.0
South Korea,KOR,2013.0,3.0,9.0
South Korea,KOR,2014.0,3.0,9.0
South Korea,KOR,2015.0,3.0,9.0
South Korea,KOR,2016.0,3.0,9.0
South Korea,KOR,2017.0,3.0,9.0
South Korea,KOR,2018.0,3.0,9.0
South Korea,KOR,2019.0,3.0,9.0
South Korea,KOR,2020.0,3.0,9.0
South Korea,KOR,2021.0,3.0,9.0
South Korea,KOR,2022.0,3.0,9.0
South Korea,KOR,2023.0,3.0,8.0
South Korea,KOR,2024.0,2.0,7.0
Kosovo,XKX,1999.0,0.0,0.0
Kosovo,XKX,2000.0,0.0,0.0
Kosovo,XKX,2001.0,0.0,0.0
Kosovo,XKX,2002.0,1.0,4.0
Kosovo,XKX,2003.0,2.0,5.0
Kosovo,XKX,2004.0,2.0,5.0
Kosovo,XKX,2005.0,2.0,5.0
Kosovo,XKX,2006.0,2.0,5.0
Kosovo,XKX,2007.0,2.0,5.0
Kosovo,XKX,2008.0,2.0,5.0
Kosovo,XKX,2009.0,2.0,5.0
Kosovo,XKX,2010.0,2.0,5.0
Kosovo,XKX,2011.0,2.0,5.0
Kosovo,XKX,2012.0,2.0,5.0
Kosovo,XKX,2013.0,2.0,5.0
Kosovo,XKX,2014.0,2.0,6.0
Kosovo,XKX,2015.0,2.0,6.0
Kosovo,XKX,2016.0,2.0,6.0
Kosovo,XKX,2017.0,2.0,6.0
Kosovo,XKX,2018.0,2.0,6.0
Kosovo,XKX,2019.0,2.0,6.0
Kosovo,XKX,2020.0,2.0,6.0
Kosovo,XKX,2021.0,2.0,6.0
Kosovo,XKX,2022.0,2.0,6.0
Kosovo,XKX,2023.0,2.0,6.0
Kosovo,XKX,2024.0,2.0,6.0
Lebanon,LBN,1946.0,1.0,3.0
Lebanon,LBN,1947.0,1.0,3.0
Lebanon,LBN,1948.0,1.0,3.0
Lebanon,LBN,1949.0,1.0,3.0
Lebanon,LBN,1950.0,1.0,3.0
Lebanon,LBN,1951.0,1.0,3.0
Lebanon,LBN,1952.0,1.0,3.0
Lebanon,LBN,1953.0,1.0,3.0
Lebanon,LBN,1954.0,1.0,3.0
Lebanon,LBN,1955.0,1.0,3.0
Lebanon,LBN,1956.0,1.0,3.0
Lebanon,LBN,1957.0,1.0,3.0
Lebanon,LBN,1958.0,1.0,3.0
Lebanon,LBN,1959.0,1.0,3.0
Lebanon,LBN,1960.0,1.0,3.0
Lebanon,LBN,1961.0,1.0,3.0
Lebanon,LBN,1962.0,1.0,3.0
Lebanon,LBN,1963.0,1.0,3.0
Lebanon,LBN,1964.0,1.0,3.0
Lebanon,LBN,1965.0,1.0,3.0
Lebanon,LBN,1966.0,1.0,3.0
Lebanon,LBN,1967.0,1.0,3.0
Lebanon,LBN,1968.0,1.0,3.0
Lebanon,LBN,1969.0,1.0,3.0
Lebanon,LBN,1970.0,1.0,3.0
Lebanon,LBN,1971.0,1.0,3.0
Lebanon,LBN,1972.0,1.0,3.0
Lebanon,LBN,1973.0,1.0,3.0
Lebanon,LBN,1974.0,1.0,3.0
Lebanon,LBN,1975.0,1.0,3.0
Lebanon,LBN,1976.0,1.0,3.0
Lebanon,LBN,1977.0,1.0,3.0
Lebanon,LBN,1978.0,1.0,3.0
Lebanon,LBN,1979.0,1.0,3.0
Lebanon,LBN,1980.0,1.0,3.0
Lebanon,LBN,1981.0,1.0,3.0
Lebanon,LBN,1982.0,1.0,3.0
Lebanon,LBN,1983.0,1.0,3.0
Lebanon,LBN,1984.0,1.0,3.0
Lebanon,LBN,1985.0,1.0,3.0
Lebanon,LBN,1986.0,1.0,3.0
Lebanon,LBN,1987.0,1.0,3.0
Lebanon,LBN,1988.0,1.0,3.0
Lebanon,LBN,1989.0,1.0,3.0
Lebanon,LBN,1990.0,1.0,3.0
Lebanon,LBN,1991.0,1.0,3.0
Lebanon,LBN,1992.0,1.0,3.0
Lebanon,LBN,1993.0,1.0,3.0
Lebanon,LBN,1994.0,1.0,3.0
Lebanon,LBN,1995.0,1.0,3.0
Lebanon,LBN,1996.0,1.0,3.0
Lebanon,LBN,1997.0,1.0,3.0
Lebanon,LBN,1998.0,1.0,3.0
Lebanon,LBN,1999.0,1.0,3.0
Lebanon,LBN,2000.0,1.0,3.0
Lebanon,LBN,2001.0,1.0,3.0
Lebanon,LBN,2002.0,1.0,3.0
Lebanon,LBN,2003.0,1.0,3.0
Lebanon,LBN,2004.0,1.0,3.0
Lebanon,LBN,2005.0,1.0,3.0
Lebanon,LBN,2006.0,1.0,3.0
Lebanon,LBN,2007.0,1.0,3.0
Lebanon,LBN,2008.0,1.0,4.0
Lebanon,LBN,2009.0,1.0,4.0
Lebanon,LBN,2010.0,1.0,4.0
Lebanon,LBN,2011.0,1.0,4.0
Lebanon,LBN,2012.0,1.0,4.0
Lebanon,LBN,2013.0,1.0,4.0
Lebanon,LBN,2014.0,1.0,4.0
Lebanon,LBN,2015.0,1.0,4.0
Lebanon,LBN,2016.0,1.0,4.0
Lebanon,LBN,2017.0,1.0,4.0
Lebanon,LBN,2018.0,1.0,3.0
Lebanon,LBN,2019.0,1.0,3.0
Lebanon,LBN,2020.0,1.0,3.0
Lebanon,LBN,2021.0,1.0,3.0
Lebanon,LBN,2022.0,1.0,3.0
Lebanon,LBN,2023.0,1.0,3.0
Lebanon,LBN,2024.0,0.0,0.0
Nigeria,NGA,1946.0,0.0,0.0
Nigeria,NGA,1947.0,0.0,0.0
Nigeria,NGA,1948.0,0.0,0.0
Nigeria,NGA,1949.0,0.0,0.0
Nigeria,NGA,1950.0,0.0,0.0
Nigeria,NGA,1951.0,0.0,0.0
Nigeria,NGA,1952.0,0.0,0.0
Nigeria,NGA,1953.0,0.0,0.0
Nigeria,NGA,1954.0,0.0,0.0
Nigeria,NGA,1955.0,0.0,0.0
Nigeria,NGA,1956.0,0.0,0.0
Nigeria,NGA,1957.0,0.0,0.0
Nigeria,NGA,1958.0,0.0,0.0
Nigeria,NGA,1959.0,0.0,0.0
Nigeria,NGA,1960.0,0.0,0.0
Nigeria,NGA,1961.0,0.0,0.0
Nigeria,NGA,1962.0,0.0,0.0
Nigeria,NGA,1963.0,0.0,0.0
Nigeria,NGA,1964.0,0.0,0.0
Nigeria,NGA,1965.0,0.0,0.0
Nigeria,NGA,1966.0,0.0,0.0
Nigeria,NGA,1967.0,0.0,0.0
Nigeria,NGA,1968.0,0.0,0.0
Nigeria,NGA,1969.0,0.0,0.0
Nigeria,NGA,1970.0,0.0,0.0
Nigeria,NGA,1971.0,0.0,0.0
Nigeria,NGA,1972.0,0.0,0.0
Nigeria,NGA,1973.0,0.0,0.0
Nigeria,NGA,1974.0,0.0,0.0
Nigeria,NGA,1975.0,0.0,0.0
Nigeria,NGA,1976.0,0.0,0.0
Nigeria,NGA,1977.0,0.0,0.0
Nigeria,NGA,1978.0,0.0,0.0
Nigeria,NGA,1979.0,1.0,3.0
Nigeria,NGA,1980.0,1.0,3.0
Nigeria,NGA,1981.0,1.0,3.0
Nigeria,NGA,1982.0,1.0,3.0
Nigeria,NGA,1983.0,1.0,3.0
Nigeria,NGA,1984.0,0.0,0.0
Nigeria,NGA,1985.0,0.0,0.0
Nigeria,NGA,1986.0,0.0,0.0
Nigeria,NGA,1987.0,0.0,0.0
Nigeria,NGA,1988.0,0.0,0.0
Nigeria,NGA,1989.0,0.0,0.0
Nigeria,NGA,1990.0,0.0,0.0
Nigeria,NGA,1991.0,0.0,0.0
Nigeria,NGA,1992.0,0.0,0.0
Nigeria,NGA,1993.0,1.0,3.0
Nigeria,NGA,1994.0,0.0,0.0
Nigeria,NGA,1995.0,0.0,0.0
Nigeria,NGA,1996.0,0.0,0.0
Nigeria,NGA,1997.0,0.0,0.0
Nigeria,NGA,1998.0,0.0,0.0
Nigeria,NGA,1999.0,1.0,3.0
Nigeria,NGA,2000.0,1.0,4.0
Nigeria,NGA,2001.0,1.0,4.0
Nigeria,NGA,2002.0,1.0,4.0
Nigeria,NGA,2003.0,1.0,3.0
Nigeria,NGA,2004.0,1.0,3.0
Nigeria,NGA,2005.0,1.0,3.0
Nigeria,NGA,2006.0,1.0,3.0
Nigeria,NGA,2007.0,1.0,3.0
Nigeria,NGA,2008.0,1.0,3.0
Nigeria,NGA,2009.0,1.0,3.0
Nigeria,NGA,2010.0,1.0,3.0
Nigeria,NGA,2011.0,1.0,4.0
Nigeria,NGA,2012.0,2.0,5.0
Nigeria,NGA,2013.0,2.0,5.0
Nigeria,NGA,2014.0,2.0,5.0
Nigeria,NGA,2015.0,2.0,6.0
Nigeria,NGA,2016.0,2.0,5.0
Nigeria,NGA,2017.0,2.0,5.0
Nigeria,NGA,2018.0,2.0,5.0
Nigeria,NGA,2019.0,2.0,5.0
Nigeria,NGA,2020.0,2.0,5.0
Nigeria,NGA,2021.0,1.0,4.0
Nigeria,NGA,2022.0,1.0,4.0
Nigeria,NGA,2023.0,1.0,4.0
Nigeria,NGA,2024.0,2.0,5.0
Philippines,PHL,1946.0,1.0,3.0
Philippines,PHL,1947.0,1.0,3.0
Philippines,PHL,1948.0,1.0,3.0
Philippines,PHL,1949.0,1.0,3.0
Philippines,PHL,1950.0,1.0,3.0
Philippines,PHL,1951.0,1.0,3.0
Philippines,PHL,1952.0,1.0,3.0
Philippines,PHL,1953.0,1.0,3.0
Philippines,PHL,1954.0,1.0,3.0
Philippines,PHL,1955.0,1.0,3.0
Philippines,PHL,1956.0,1.0,3.0
Philippines,PHL,1957.0,1.0,3.0
Philippines,PHL,1958.0,1.0,3.0
Philippines,PHL,1959.0,1.0,3.0
Philippines,PHL,1960.0,1.0,3.0
Philippines,PHL,1961.0,1.0,3.0
Philippines,PHL,1962.0,1.0,3.0
Philippines,PHL,1963.0,1.0,3.0
Philippines,PHL,1964.0,1.0,3.0
Philippines,PHL,1965.0,1.0,3.0
Philippines,PHL,1966.0,1.0,3.0
Philippines,PHL,1967.0,1.0,3.0
Philippines,PHL,1968.0,1.0,3.0
Philippines,PHL,1969.0,1.0,3.0
Philippines,PHL,1970.0,1.0,3.0
Philippines,PHL,1971.0,1.0,3.0
Philippines,PHL,1972.0,0.0,0.0
Philippines,PHL,1973.0,0.0,0.0
Philippines,PHL,1974.0,0.0,0.0
Philippines,PHL,1975.0,0.0,0.0
Philippines,PHL,1976.0,0.0,0.0
Philippines,PHL,1977.0,1.0,3.0
Philippines,PHL,1978.0,1.0,3.0
Philippines,PHL,1979.0,1.0,3.0
Philippines,PHL,1980.0,1.0,3.0
Philippines,PHL,1981.0,0.0,1.0
Philippines,PHL,1982.0,0.0,1.0
Philippines,PHL,1983.0,0.0,1.0
Philippines,PHL,1984.0,0.0,1.0
Philippines,PHL,1985.0,0.0,1.0
Philippines,PHL,1986.0,1.0,3.0
Philippines,PHL,1987.0,1.0,3.0
Philippines,PHL,1988.0,2.0,6.0
Philippines,PHL,1989.0,2.0,6.0
Philippines,PHL,1990.0,2.0,6.0
Philippines,PHL,1991.0,2.0,6.0
Philippines,PHL,1992.0,2.0,5.0
Philippines,PHL,1993.0,2.0,5.0
Philippines,PHL,1994.0,2.0,5.0
Philippines,PHL,1995.0,2.0,5.0
Philippines,PHL,1996.0,2.0,5.0
Philippines,PHL,1997.0,2.0,5.0
Philippines,PHL,1998.0,2.0,6.0
Philippines,PHL,1999.0,2.0,6.0
Philippines,PHL,2000.0,2.0,6.0
Philippines,PHL,2001.0,2.0,5.0
Philippines,PHL,2002.0,2.0,5.0
Philippines,PHL,2003.0,2.0,5.0
Philippines,PHL,2004.0,1.0,4.0
Philippines,PHL,2005.0,1.0,4.0
Philippines,PHL,2006.0,1.0,4.0
Philippines,PHL,2007.0,1.0,4.0
Philippines,PHL,2008.0,1.0,4.0
Philippines,PHL,2009.0,1.0,4.0
Philippines,PHL,2010.0,2.0,5.0
Philippines,PHL,2011.0,2.0,5.0
Philippines,PHL,2012.0,2.0,5.0
Philippines,PHL,2013.0,2.0,5.0
Philippines,PHL,2014.0,2.0,5.0
Philippines,PHL,2015.0,2.0,5.0
Philippines,PHL,2016.0,2.0,5.0
Philippines,PHL,2017.0,2.0,5.0
Philippines,PHL,2018.0,1.0,4.0
Philippines,PHL,2019.0,1.0,4.0
Philippines,PHL,2020.0,1.0,3.0
Philippines,PHL,2021.0,1.0,3.0
Philippines,PHL,2022.0,1.0,3.0
Philippines,PHL,2023.0,1.0,3.0
Philippines,PHL,2024.0,1.0,3.0
Tanzania,TZA,1946.0,0.0,0.0
Tanzania,TZA,1947.0,0.0,0.0
Tanzania,TZA,1948.0,0.0,0.0
Tanzania,TZA,1949.0,0.0,0.0
Tanzania,TZA,1950.0,0.0,0.0
Tanzania,TZA,1951.0,0.0,0.0
Tanzania,TZA,1952.0,0.0,0.0
Tanzania,TZA,1953.0,0.0,0.0
Tanzania,TZA,1954.0,0.0,0.0
Tanzania,TZA,1955.0,0.0,0.0
Tanzania,TZA,1956.0,0.0,0.0
Tanzania,TZA,1957.0,0.0,0.0
Tanzania,TZA,1958.0,0.0,0.0
Tanzania,TZA,1959.0,0.0,0.0
Tanzania,TZA,1960.0,0.0,0.0
Tanzania,TZA,1961.0,0.0,0.0
Tanzania,TZA,1962.0,1.0,3.0
Tanzania,TZA,1963.0,1.0,3.0
Tanzania,TZA,1964.0,1.0,3.0
Tanzania,TZA,1965.0,1.0,2.0
Tanzania,TZA,1966.0,1.0,2.0
Tanzania,TZA,1967.0,1.0,2.0
Tanzania,TZA,1968.0,1.0,2.0
Tanzania,TZA,1969.0,1.0,2.0
Tanzania,TZA,1970.0,1.0,2.0
Tanzania,TZA,1971.0,1.0,2.0
Tanzania,TZA,1972.0,1.0,2.0
Tanzania,TZA,1973.0,1.0,2.0
Tanzania,TZA,1974.0,1.0,2.0
Tanzania,TZA,1975.0,1.0,2.0
Tanzania,TZA,1976.0,1.0,2.0
Tanzania,TZA,1977.0,1.0,2.0
Tanzania,TZA,1978.0,1.0,2.0
Tanzania,TZA,1979.0,1.0,2.0
Tanzania,TZA,1980.0,1.0,2.0
Tanzania,TZA,1981.0,1.0,2.0
Tanzania,TZA,1982.0,1.0,2.0
Tanzania,TZA,1983.0,1.0,2.0
Tanzania,TZA,1984.0,1.0,2.0
Tanzania,TZA,1985.0,1.0,2.0
Tanzania,TZA,1986.0,1.0,2.0
Tanzania,TZA,1987.0,1.0,2.0
Tanzania,TZA,1988.0,1.0,2.0
Tanzania,TZA,1989.0,1.0,2.0
Tanzania,TZA,1990.0,1.0,2.0
Tanzania,TZA,1991.0,1.0,2.0
Tanzania,TZA,1992.0,1.0,2.0
Tanzania,TZA,1993.0,1.0,2.0
Tanzania,TZA,1994.0,1.0,2.0
Tanzania,TZA,1995.0,1.0,4.0
Tanzania,TZA,1996.0,1.0,4.0
Tanzania,TZA,1997.0,1.0,4.0
Tanzania,TZA,1998.0,1.0,4.0
Tanzania,TZA,1999.0,1.0,4.0
Tanzania,TZA,2000.0,1.0,4.0
Tanzania,TZA,2001.0,1.0,3.0
Tanzania,TZA,2002.0,1.0,3.0
Tanzania,TZA,2003.0,1.0,3.0
Tanzania,TZA,2004.0,1.0,3.0
Tanzania,TZA,2005.0,1.0,3.0
Tanzania,TZA,2006.0,1.0,4.0
Tanzania,TZA,2007.0,1.0,4.0
Tanzania,TZA,2008.0,1.0,4.0
Tanzania,TZA,2009.0,1.0,4.0
Tanzania,TZA,2010.0,1.0,4.0
Tanzania,TZA,2011.0,1.0,4.0
Tanzania,TZA,2012.0,1.0,4.0
Tanzania,TZA,2013.0,1.0,4.0
Tanzania,TZA,2014.0,1.0,4.0
Tanzania,TZA,2015.0,1.0,4.0
Tanzania,TZA,2016.0,1.0,3.0
Tanzania,TZA,2017.0,1.0,3.0
Tanzania,TZA,2018.0,1.0,3.0
Tanzania,TZA,2019.0,1.0,3.0
Tanzania,TZA,2020.0,1.0,3.0
Tanzania,TZA,2021.0,1.0,3.0
Tanzania,TZA,2022.0,1.0,3.0
Tanzania,TZA,2023.0,1.0,3.0
Tanzania,TZA,2024.0,1.0,3.0
Taiwan,TWN,1946.0,0.0,0.0
Taiwan,TWN,1947.0,0.0,0.0
Taiwan,TWN,1948.0,0.0,0.0
Taiwan,TWN,1949.0,0.0,0.0
Taiwan,TWN,1950.0,0.0,0.0
Taiwan,TWN,1951.0,0.0,0.0
Taiwan,TWN,1952.0,0.0,0.0
Taiwan,TWN,1953.0,0.0,0.0
Taiwan,TWN,1954.0,0.0,0.0
Taiwan,TWN,1955.0,0.0,0.0
Taiwan,TWN,1956.0,0.0,0.0
Taiwan,TWN,1957.0,0.0,0.0
Taiwan,TWN,1958.0,0.0,0.0
Taiwan,TWN,1959.0,0.0,0.0
Taiwan,TWN,1960.0,0.0,0.0
Taiwan,TWN,1961.0,0.0,0.0
Taiwan,TWN,1962.0,0.0,0.0
Taiwan,TWN,1963.0,0.0,0.0
Taiwan,TWN,1964.0,0.0,0.0
Taiwan,TWN,1965.0,0.0,0.0
Taiwan,TWN,1966.0,0.0,0.0
Taiwan,TWN,1967.0,0.0,0.0
Taiwan,TWN,1968.0,0.0,0.0
Taiwan,TWN,1969.0,0.0,0.0
Taiwan,TWN,1970.0,0.0,0.0
Taiwan,TWN,1971.0,0.0,0.0
Taiwan,TWN,1972.0,0.0,0.0
Taiwan,TWN,1973.0,0.0,0.0
Taiwan,TWN,1974.0,0.0,0.0
Taiwan,TWN,1975.0,0.0,0.0
Taiwan,TWN,1976.0,0.0,0.0
Taiwan,TWN,1977.0,0.0,0.0
Taiwan,TWN,1978.0,0.0,0.0
Taiwan,TWN,1979.0,0.0,0.0
Taiwan,TWN,1980.0,0.0,0.0
Taiwan,TWN,1981.0,0.0,0.0
Taiwan,TWN,1982.0,0.0,0.0
Taiwan,TWN,1983.0,0.0,0.0
Taiwan,TWN,1984.0,0.0,0.0
Taiwan,TWN,1985.0,0.0,0.0
Taiwan,TWN,1986.0,0.0,0.0
Taiwan,TWN,1987.0,0.0,0.0
Taiwan,TWN,1988.0,0.0,0.0
Taiwan,TWN,1989.0,0.0,0.0
Taiwan,TWN,1990.0,0.0,0.0
Taiwan,TWN,1991.0,0.0,0.0
Taiwan,TWN,1992.0,0.0,0.0
Taiwan,TWN,1993.0,0.0,0.0
Taiwan,TWN,1994.0,0.0,0.0
Taiwan,TWN,1995.0,0.0,0.0
Taiwan,TWN,1996.0,2.0,5.0
Taiwan,TWN,1997.0,2.0,7.0
Taiwan,TWN,1998.0,2.0,7.0
Taiwan,TWN,1999.0,2.0,7.0
Taiwan,TWN,2000.0,3.0,9.0
Taiwan,TWN,2001.0,3.0,9.0
Taiwan,TWN,2002.0,3.0,9.0
Taiwan,TWN,2003.0,3.0,9.0
Taiwan,TWN,2004.0,3.0,9.0
Taiwan,TWN,2005.0,3.0,9.0
Taiwan,TWN,2006.0,3.0,9.0
Taiwan,TWN,2007.0,3.0,9.0
Taiwan,TWN,2008.0,3.0,9.0
Taiwan,TWN,2009.0,3.0,8.0
Taiwan,TWN,2010.0,3.0,8.0
Taiwan,TWN,2011.0,3.0,8.0
Taiwan,TWN,2012.0,3.0,8.0
Taiwan,TWN,2013.0,3.0,8.0
Taiwan,TWN,2014.0,3.0,8.0
Taiwan,TWN,2015.0,3.0,8.0
Taiwan,TWN,2016.0,3.0,9.0
Taiwan,TWN,2017.0,3.0,9.0
Taiwan,TWN,2018.0,3.0,9.0
Taiwan,TWN,2019.0,3.0,9.0
Taiwan,TWN,2020.0,3.0,9.0
Taiwan,TWN,2021.0,3.0,9.0
Taiwan,TWN,2022.0,3.0,9.0
Taiwan,TWN,2023.0,3.0,9.0
Taiwan,TWN,2024.0,3.0,9.0
Thailand,THA,1946.0,0.0,0.0
Thailand,THA,1947.0,0.0,0.0
Thailand,THA,1948.0,0.0,0.0
Thailand,THA,1949.0,0.0,0.0
Thailand,THA,1950.0,0.0,0.0
Thailand,THA,1951.0,0.0,0.0
Thailand,THA,1952.0,0.0,0.0
Thailand,THA,1953.0,0.0,0.0
Thailand,THA,1954.0,0.0,0.0
Thailand,THA,1955.0,0.0,0.0
Thailand,THA,1956.0,0.0,0.0
Thailand,THA,1957.0,0.0,0.0
Thailand,THA,1958.0,0.0,0.0
Thailand,THA,1959.0,0.0,0.0
Thailand,THA,1960.0,0.0,0.0
Thailand,THA,1961.0,0.0,0.0
Thailand,THA,1962.0,0.0,0.0
Thailand,THA,1963.0,0.0,0.0
Thailand,THA,1964.0,0.0,0.0
Thailand,THA,1965.0,0.0,0.0
Thailand,THA,1966.0,0.0,0.0
Thailand,THA,1967.0,0.0,0.0
Thailand,THA,1968.0,0.0,0.0
Thailand,THA,1969.0,0.0,0.0
Thailand,THA,1970.0,0.0,0.0
Thailand,THA,1971.0,0.0,0.0
Thailand,THA,1972.0,0.0,0.0
Thailand,THA,1973.0,0.0,0.0
Thailand,THA,1974.0,0.0,0.0
Thailand,THA,1975.0,1.0,3.0
Thailand,THA,1976.0,1.0,3.0
Thailand,THA,1977.0,0.0,0.0
Thailand,THA,1978.0,0.0,0.0
Thailand,THA,1979.0,0.0,0.0
Thailand,THA,1980.0,1.0,3.0
Thailand,THA,1981.0,1.0,3.0
Thailand,THA,1982.0,1.0,3.0
Thailand,THA,1983.0,1.0,3.0
Thailand,THA,1984.0,1.0,3.0
Thailand,THA,1985.0,1.0,3.0
Thailand,THA,1986.0,1.0,3.0
Thailand,THA,1987.0,1.0,3.0
Thailand,THA,1988.0,1.0,3.0
Thailand,THA,1989.0,1.0,3.0
Thailand,THA,1990.0,1.0,3.0
Thailand,THA,1991.0,0.0,0.0
Thailand,THA,1992.0,1.0,3.0
Thailand,THA,1993.0,1.0,3.0
Thailand,THA,1994.0,1.0,3.0
Thailand,THA,1995.0,1.0,3.0
Thailand,THA,1996.0,1.0,3.0
Thailand,THA,1997.0,1.0,4.0
Thailand,THA,1998.0,2.0,5.0
Thailand,THA,1999.0,2.0,5.0
Thailand,THA,2000.0,2.0,5.0
Thailand,THA,2001.0,2.0,5.0
Thailand,THA,2002.0,2.0,5.0
Thailand,THA,2003.0,2.0,5.0
Thailand,THA,2004.0,2.0,5.0
Thailand,THA,2005.0,2.0,5.0
Thailand,THA,2006.0,1.0,3.0
Thailand,THA,2007.0,0.0,0.0
Thailand,THA,2008.0,1.0,3.0
Thailand,THA,2009.0,1.0,3.0
Thailand,THA,2010.0,1.0,3.0
Thailand,THA,2011.0,1.0,4.0
Thailand,THA,2012.0,1.0,4.0
Thailand,THA,2013.0,1.0,3.0
Thailand,THA,2014.0,0.0,0.0
Thailand,THA,2015.0,0.0,0.0
Thailand,THA,2016.0,0.0,0.0
Thailand,THA,2017.0,0.0,0.0
Thailand,THA,2018.0,0.0,0.0
Thailand,THA,2019.0,0.0,0.0
Thailand,THA,2020.0,0.0,0.0
Thailand,THA,2021.0,0.0,0.0
Thailand,THA,2022.0,0.0,0.0
Thailand,THA,2023.0,1.0,3.0
Thailand,THA,2024.0,1.0,3.0
Uganda,UGA,1946.0,0.0,0.0
Uganda,UGA,1947.0,0.0,0.0
Uganda,UGA,1948.0,0.0,0.0
Uganda,UGA,1949.0,0.0,0.0
Uganda,UGA,1950.0,0.0,0.0
Uganda,UGA,1951.0,0.0,0.0
Uganda,UGA,1952.0,0.0,0.0
Uganda,UGA,1953.0,0.0,0.0
Uganda,UGA,1954.0,0.0,0.0
Uganda,UGA,1955.0,0.0,0.0
Uganda,UGA,1956.0,0.0,0.0
Uganda,UGA,1957.0,0.0,0.0
Uganda,UGA,1958.0,0.0,0.0
Uganda,UGA,1959.0,0.0,0.0
Uganda,UGA,1960.0,0.0,0.0
Uganda,UGA,1961.0,0.0,0.0
Uganda,UGA,1962.0,0.0,0.0
Uganda,UGA,1963.0,1.0,3.0
Uganda,UGA,1964.0,1.0,3.0
Uganda,UGA,1965.0,1.0,3.0
Uganda,UGA,1966.0,0.0,0.0
Uganda,UGA,1967.0,0.0,0.0
Uganda,UGA,1968.0,0.0,0.0
Uganda,UGA,1969.0,0.0,0.0
Uganda,UGA,1970.0,0.0,0.0
Uganda,UGA,1971.0,0.0,0.0
Uganda,UGA,1972.0,0.0,0.0
Uganda,UGA,1973.0,0.0,0.0
Uganda,UGA,1974.0,0.0,0.0
Uganda,UGA,1975.0,0.0,0.0
Uganda,UGA,1976.0,0.0,0.0
Uganda,UGA,1977.0,0.0,0.0
Uganda,UGA,1978.0,0.0,0.0
Uganda,UGA,1979.0,0.0,0.0
Uganda,UGA,1980.0,1.0,3.0
Uganda,UGA,1981.0,1.0,3.0
Uganda,UGA,1982.0,1.0,3.0
Uganda,UGA,1983.0,1.0,3.0
Uganda,UGA,1984.0,1.0,3.0
Uganda,UGA,1985.0,0.0,0.0
Uganda,UGA,1986.0,0.0,0.0
Uganda,UGA,1987.0,0.0,0.0
Uganda,UGA,1988.0,0.0,0.0
Uganda,UGA,1989.0,0.0,0.0
Uganda,UGA,1990.0,1.0,2.0
Uganda,UGA,1991.0,1.0,2.0
Uganda,UGA,1992.0,1.0,2.0
Uganda,UGA,1993.0,1.0,2.0
Uganda,UGA,1994.0,0.0,1.0
Uganda,UGA,1995.0,0.0,1.0
Uganda,UGA,1996.0,1.0,3.0
Uganda,UGA,1997.0,1.0,3.0
Uganda,UGA,1998.0,1.0,3.0
Uganda,UGA,1999.0,1.0,3.0
Uganda,UGA,2000.0,1.0,3.0
Uganda,UGA,2001.0,1.0,3.0
Uganda,UGA,2002.0,1.0,3.0
Uganda,UGA,2003.0,1.0,3.0
Uganda,UGA,2004.0,1.0,3.0
Uganda,UGA,2005.0,1.0,3.0
Uganda,UGA,2006.0,1.0,3.0
Uganda,UGA,2007.0,1.0,3.0
Uganda,UGA,2008.0,1.0,3.0
Uganda,UGA,2009.0,1.0,3.0
Uganda,UGA,2010.0,1.0,3.0
Uganda,UGA,2011.0,1.0,3.0
Uganda,UGA,2012.0,1.0,3.0
Uganda,UGA,2013.0,1.0,3.0
Uganda,UGA,2014.0,1.0,3.0
Uganda,UGA,2015.0,1.0,3.0
Uganda,UGA,2016.0,1.0,3.0
Uganda,UGA,2017.0,1.0,3.0
Uganda,UGA,2018.0,1.0,3.0
Uganda,UGA,2019.0,1.0,3.0
Uganda,UGA,2020.0,1.0,3.0
Uganda,UGA,2021.0,1.0,3.0
Uganda,UGA,2022.0,1.0,3.0
Uganda,UGA,2023.0,1.0,3.0
Uganda,UGA,2024.0,1.0,3.0
Venezuela,VEN,1946.0,0.0,0.0
Venezuela,VEN,1947.0,1.0,3.0
Venezuela,VEN,1948.0,1.0,3.0
Venezuela,VEN,1949.0,0.0,0.0
Venezuela,VEN,1950.0,0.0,0.0
Venezuela,VEN,1951.0,0.0,0.0
Venezuela,VEN,1952.0,0.0,0.0
Venezuela,VEN,1953.0,0.0,0.0
Venezuela,VEN,1954.0,0.0,0.0
Venezuela,VEN,1955.0,0.0,0.0
Venezuela,VEN,1956.0,0.0,0.0
Venezuela,VEN,1957.0,0.0,0.0
Venezuela,VEN,1958.0,1.0,3.0
Venezuela,VEN,1959.0,2.0,6.0
Venezuela,VEN,1960.0,2.0,6.0
Venezuela,VEN,1961.0,2.0,6.0
Venezuela,VEN,1962.0,2.0,6.0
Venezuela,VEN,1963.0,2.0,6.0
Venezuela,VEN,1964.0,2.0,6.0
Venezuela,VEN,1965.0,2.0,6.0
Venezuela,VEN,1966.0,2.0,6.0
Venezuela,VEN,1967.0,2.0,6.0
Venezuela,VEN,1968.0,2.0,6.0
Venezuela,VEN,1969.0,2.0,6.0
Venezuela,VEN,1970.0,2.0,6.0
Venezuela,VEN,1971.0,2.0,6.0
Venezuela,VEN,1972.0,2.0,6.0
Venezuela,VEN,1973.0,2.0,6.0
Venezuela,VEN,1974.0,2.0,6.0
Venezuela,VEN,1975.0,2.0,6.0
Venezuela,VEN,1976.0,2.0,6.0
Venezuela,VEN,1977.0,2.0,6.0
Venezuela,VEN,1978.0,2.0,6.0
Venezuela,VEN,1979.0,2.0,6.0
Venezuela,VEN,1980.0,2.0,6.0
Venezuela,VEN,1981.0,2.0,6.0
Venezuela,VEN,1982.0,2.0,6.0
Venezuela,VEN,1983.0,2.0,6.0
Venezuela,VEN,1984.0,2.0,6.0
Venezuela,VEN,1985.0,2.0,6.0
Venezuela,VEN,1986.0,2.0,6.0
Venezuela,VEN,1987.0,2.0,6.0
Venezuela,VEN,1988.0,2.0,6.0
Venezuela,VEN,1989.0,2.0,6.0
Venezuela,VEN,1990.0,2.0,6.0
Venezuela,VEN,1991.0,2.0,6.0
Venezuela,VEN,1992.0,2.0,6.0
Venezuela,VEN,1993.0,2.0,6.0
Venezuela,VEN,1994.0,2.0,6.0
Venezuela,VEN,1995.0,2.0,6.0
Venezuela,VEN,1996.0,2.0,6.0
Venezuela,VEN,1997.0,2.0,6.0
Venezuela,VEN,1998.0,2.0,6.0
Venezuela,VEN,1999.0,2.0,6.0
Venezuela,VEN,2000.0,2.0,6.0
Venezuela,VEN,2001.0,2.0,5.0
Venezuela,VEN,2002.0,1.0,4.0
Venezuela,VEN,2003.0,1.0,4.0
Venezuela,VEN,2004.0,1.0,4.0
Venezuela,VEN,2005.0,1.0,4.0
Venezuela,VEN,2006.0,1.0,4.0
Venezuela,VEN,2007.0,1.0,3.0
Venezuela,VEN,2008.0,1.0,3.0
Venezuela,VEN,2009.0,1.0,3.0
Venezuela,VEN,2010.0,1.0,3.0
Venezuela,VEN,2011.0,1.0,3.0
Venezuela,VEN,2012.0,1.0,3.0
Venezuela,VEN,2013.0,1.0,3.0
Venezuela,VEN,2014.0,1.0,3.0
Venezuela,VEN,2015.0,1.0,3.0
Venezuela,VEN,2016.0,1.0,3.0
Venezuela,VEN,2017.0,1.0,3.0
Venezuela,VEN,2018.0,1.0,3.0
Venezuela,VEN,2019.0,1.0,3.0
Venezuela,VEN,2020.0,1.0,3.0
Venezuela,VEN,2021.0,1.0,3.0
Venezuela,VEN,2022.0,1.0,3.0
Venezuela,VEN,2023.0,1.0,3.0
Venezuela,VEN,2024.0,1.0,3.0
Benin,BEN,1946.0,0.0,0.0
Benin,BEN,1947.0,0.0,0.0
Benin,BEN,1948.0,0.0,0.0
Benin,BEN,1949.0,0.0,0.0
Benin,BEN,1950.0,0.0,0.0
Benin,BEN,1951.0,0.0,0.0
Benin,BEN,1952.0,0.0,0.0
Benin,BEN,1953.0,0.0,0.0
Benin,BEN,1954.0,0.0,0.0
Benin,BEN,1955.0,0.0,0.0
Benin,BEN,1956.0,0.0,0.0
Benin,BEN,1957.0,0.0,0.0
Benin,BEN,1958.0,0.0,0.0
Benin,BEN,1959.0,0.0,0.0
Benin,BEN,1960.0,1.0,3.0
Benin,BEN,1961.0,1.0,3.0
Benin,BEN,1962.0,1.0,3.0
Benin,BEN,1963.0,1.0,3.0
Benin,BEN,1964.0,1.0,3.0
Benin,BEN,1965.0,0.0,0.0
Benin,BEN,1966.0,0.0,0.0
Benin,BEN,1967.0,0.0,0.0
Benin,BEN,1968.0,1.0,3.0
Benin,BEN,1969.0,0.0,0.0
Benin,BEN,1970.0,0.0,0.0
Benin,BEN,1971.0,0.0,0.0
Benin,BEN,1972.0,0.0,0.0
Benin,BEN,1973.0,0.0,0.0
Benin,BEN,1974.0,0.0,0.0
Benin,BEN,1975.0,0.0,0.0
Benin,BEN,1976.0,0.0,0.0
Benin,BEN,1977.0,0.0,0.0
Benin,BEN,1978.0,0.0,0.0
Benin,BEN,1979.0,0.0,0.0
Benin,BEN,1980.0,0.0,0.0
Benin,BEN,1981.0,0.0,0.0
Benin,BEN,1982.0,0.0,0.0
Benin,BEN,1983.0,0.0,0.0
Benin,BEN,1984.0,0.0,0.0
Benin,BEN,1985.0,0.0,0.0
Benin,BEN,1986.0,0.0,0.0
Benin,BEN,1987.0,0.0,0.0
Benin,BEN,1988.0,0.0,0.0
Benin,BEN,1989.0,0.0,0.0
Benin,BEN,1990.0,0.0,0.0
Benin,BEN,1991.0,1.0,4.0
Benin,BEN,1992.0,2.0,7.0
Benin,BEN,1993.0,2.0,7.0
Benin,BEN,1994.0,2.0,7.0
Benin,BEN,1995.0,2.0,7.0
Benin,BEN,1996.0,2.0,7.0
Benin,BEN,1997.0,2.0,7.0
Benin,BEN,1998.0,2.0,7.0
Benin,BEN,1999.0,2.0,7.0
Benin,BEN,2000.0,2.0,7.0
Benin,BEN,2001.0,2.0,7.0
Benin,BEN,2002.0,2.0,7.0
Benin,BEN,2003.0,2.0,7.0
Benin,BEN,2004.0,2.0,7.0
Benin,BEN,2005.0,2.0,7.0
Benin,BEN,2006.0,2.0,7.0
Benin,BEN,2007.0,2.0,7.0
Benin,BEN,2008.0,2.0,7.0
Benin,BEN,2009.0,2.0,7.0
Benin,BEN,2010.0,2.0,7.0
Benin,BEN,2011.0,2.0,7.0
Benin,BEN,2012.0,2.0,7.0
Benin,BEN,2013.0,2.0,7.0
Benin,BEN,2014.0,2.0,7.0
Benin,BEN,2015.0,2.0,6.0
Benin,BEN,2016.0,2.0,6.0
Benin,BEN,2017.0,2.0,6.0
Benin,BEN,2018.0,2.0,6.0
Benin,BEN,2019.0,1.0,3.0
Benin,BEN,2020.0,1.0,3.0
Benin,BEN,2021.0,1.0,3.0
Benin,BEN,2022.0,1.0,3.0
Benin,BEN,2023.0,1.0,4.0
Benin,BEN,2024.0,1.0,4.0
Bhutan,BTN,1946.0,0.0,0.0
Bhutan,BTN,1947.0,0.0,0.0
Bhutan,BTN,1948.0,0.0,0.0
Bhutan,BTN,1949.0,0.0,0.0
Bhutan,BTN,1950.0,0.0,0.0
Bhutan,BTN,1951.0,0.0,0.0
Bhutan,BTN,1952.0,0.0,0.0
Bhutan,BTN,1953.0,0.0,0.0
Bhutan,BTN,1954.0,0.0,0.0
Bhutan,BTN,1955.0,0.0,0.0
Bhutan,BTN,1956.0,0.0,0.0
Bhutan,BTN,1957.0,0.0,0.0
Bhutan,BTN,1958.0,0.0,0.0
Bhutan,BTN,1959.0,0.0,0.0
Bhutan,BTN,1960.0,0.0,0.0
Bhutan,BTN,1961.0,0.0,0.0
Bhutan,BTN,1962.0,0.0,0.0
Bhutan,BTN,1963.0,0.0,0.0
Bhutan,BTN,1964.0,0.0,0.0
Bhutan,BTN,1965.0,0.0,0.0
Bhutan,BTN,1966.0,0.0,0.0
Bhutan,BTN,1967.0,0.0,0.0
Bhutan,BTN,1968.0,0.0,0.0
Bhutan,BTN,1969.0,0.0,0.0
Bhutan,BTN,1970.0,0.0,0.0
Bhutan,BTN,1971.0,0.0,0.0
Bhutan,BTN,1972.0,0.0,0.0
Bhutan,BTN,1973.0,0.0,0.0
Bhutan,BTN,1974.0,0.0,0.0
Bhutan,BTN,1975.0,0.0,0.0
Bhutan,BTN,1976.0,0.0,0.0
Bhutan,BTN,1977.0,0.0,0.0
Bhutan,BTN,1978.0,0.0,0.0
Bhutan,BTN,1979.0,0.0,0.0
Bhutan,BTN,1980.0,0.0,0.0
Bhutan,BTN,1981.0,0.0,0.0
Bhutan,BTN,1982.0,0.0,0.0
Bhutan,BTN,1983.0,0.0,0.0
Bhutan,BTN,1984.0,0.0,0.0
Bhutan,BTN,1985.0,0.0,0.0
Bhutan,BTN,1986.0,0.0,0.0
Bhutan,BTN,1987.0,0.0,0.0
Bhutan,BTN,1988.0,0.0,0.0
Bhutan,BTN,1989.0,0.0,0.0
Bhutan,BTN,1990.0,0.0,0.0
Bhutan,BTN,1991.0,0.0,0.0
Bhutan,BTN,1992.0,0.0,0.0
Bhutan,BTN,1993.0,0.0,0.0
Bhutan,BTN,1994.0,0.0,0.0
Bhutan,BTN,1995.0,0.0,0.0
Bhutan,BTN,1996.0,0.0,0.0
Bhutan,BTN,1997.0,0.0,0.0
Bhutan,BTN,1998.0,0.0,0.0
Bhutan,BTN,1999.0,0.0,0.0
Bhutan,BTN,2000.0,0.0,0.0
Bhutan,BTN,2001.0,0.0,0.0
Bhutan,BTN,2002.0,0.0,0.0
Bhutan,BTN,2003.0,0.0,0.0
Bhutan,BTN,2004.0,0.0,0.0
Bhutan,BTN,2005.0,0.0,0.0
Bhutan,BTN,2006.0,0.0,0.0
Bhutan,BTN,2007.0,0.0,0.0
Bhutan,BTN,2008.0,3.0,8.0
Bhutan,BTN,2009.0,3.0,8.0
Bhutan,BTN,2010.0,3.0,8.0
Bhutan,BTN,2011.0,3.0,8.0
Bhutan,BTN,2012.0,3.0,8.0
Bhutan,BTN,2013.0,2.0,7.0
Bhutan,BTN,2014.0,2.0,7.0
Bhutan,BTN,2015.0,2.0,7.0
Bhutan,BTN,2016.0,2.0,7.0
Bhutan,BTN,2017.0,2.0,7.0
Bhutan,BTN,2018.0,2.0,7.0
Bhutan,BTN,2019.0,2.0,7.0
Bhutan,BTN,2020.0,2.0,7.0
Bhutan,BTN,2021.0,3.0,8.0
Bhutan,BTN,2022.0,3.0,8.0
Bhutan,BTN,2023.0,3.0,8.0
Bhutan,BTN,2024.0,2.0,7.0
Burkina Faso,BFA,1947.0,0.0,0.0
Burkina Faso,BFA,1948.0,0.0,0.0
Burkina Faso,BFA,1949.0,0.0,0.0
Burkina Faso,BFA,1950.0,0.0,0.0
Burkina Faso,BFA,1951.0,0.0,0.0
Burkina Faso,BFA,1952.0,0.0,0.0
Burkina Faso,BFA,1953.0,0.0,0.0
Burkina Faso,BFA,1954.0,0.0,0.0
Burkina Faso,BFA,1955.0,0.0,0.0
Burkina Faso,BFA,1956.0,0.0,0.0
Burkina Faso,BFA,1957.0,0.0,0.0
Burkina Faso,BFA,1958.0,0.0,0.0
Burkina Faso,BFA,1959.0,0.0,0.0
Burkina Faso,BFA,1960.0,1.0,3.0
Burkina Faso,BFA,1961.0,1.0,3.0
Burkina Faso,BFA,1962.0,1.0,3.0
Burkina Faso,BFA,1963.0,1.0,3.0
Burkina Faso,BFA,1964.0,1.0,3.0
Burkina Faso,BFA,1965.0,1.0,3.0
Burkina Faso,BFA,1966.0,0.0,0.0
Burkina Faso,BFA,1967.0,0.0,0.0
Burkina Faso,BFA,1968.0,0.0,0.0
Burkina Faso,BFA,1969.0,0.0,0.0
Burkina Faso,BFA,1970.0,0.0,0.0
Burkina Faso,BFA,1971.0,0.0,0.0
Burkina Faso,BFA,1972.0,0.0,0.0
Burkina Faso,BFA,1973.0,0.0,0.0
Burkina Faso,BFA,1974.0,0.0,0.0
Burkina Faso,BFA,1975.0,0.0,0.0
Burkina Faso,BFA,1976.0,0.0,0.0
Burkina Faso,BFA,1977.0,0.0,0.0
Burkina Faso,BFA,1978.0,1.0,3.0
Burkina Faso,BFA,1979.0,1.0,3.0
Burkina Faso,BFA,1980.0,1.0,3.0
Burkina Faso,BFA,1981.0,0.0,0.0
Burkina Faso,BFA,1982.0,0.0,0.0
Burkina Faso,BFA,1983.0,0.0,0.0
Burkina Faso,BFA,1984.0,0.0,0.0
Burkina Faso,BFA,1985.0,0.0,0.0
Burkina Faso,BFA,1986.0,0.0,0.0
Burkina Faso,BFA,1987.0,0.0,0.0
Burkina Faso,BFA,1988.0,0.0,0.0
Burkina Faso,BFA,1989.0,0.0,0.0
Burkina Faso,BFA,1990.0,0.0,0.0
Burkina Faso,BFA,1991.0,1.0,3.0
Burkina Faso,BFA,1992.0,1.0,3.0
Burkina Faso,BFA,1993.0,1.0,4.0
Burkina Faso,BFA,1994.0,1.0,4.0
Burkina Faso,BFA,1995.0,1.0,4.0
Burkina Faso,BFA,1996.0,1.0,4.0
Burkina Faso,BFA,1997.0,1.0,4.0
Burkina Faso,BFA,1998.0,1.0,4.0
Burkina Faso,BFA,1999.0,1.0,4.0
Burkina Faso,BFA,2000.0,2.0,5.0
Burkina Faso,BFA,2001.0,2.0,5.0
Burkina Faso,BFA,2002.0,2.0,5.0
Burkina Faso,BFA,2003.0,2.0,5.0
Burkina Faso,BFA,2004.0,2.0,5.0
Burkina Faso,BFA,2005.0,2.0,5.0
Burkina Faso,BFA,2006.0,2.0,5.0
Burkina Faso,BFA,2007.0,2.0,5.0
Burkina Faso,BFA,2008.0,2.0,5.0
Burkina Faso,BFA,2009.0,2.0,5.0
Burkina Faso,BFA,2010.0,2.0,5.0
Burkina Faso,BFA,2011.0,2.0,5.0
Burkina Faso,BFA,2012.0,2.0,6.0
Burkina Faso,BFA,2013.0,2.0,6.0
Burkina Faso,BFA,2014.0,2.0,6.0
Burkina Faso,BFA,2015.0,1.0,3.0
Burkina Faso,BFA,2016.0,2.0,6.0
Burkina Faso,BFA,2017.0,2.0,6.0
Burkina Faso,BFA,2018.0,2.0,6.0
Burkina Faso,BFA,2019.0,2.0,6.0
Burkina Faso,BFA,2020.0,2.0,6.0
Burkina Faso,BFA,2021.0,2.0,6.0
Burkina Faso,BFA,2022.0,1.0,3.0
Burkina Faso,BFA,2023.0,0.0,0.0
Burkina Faso,BFA,2024.0,0.0,0.0
Cambodia,KHM,1946.0,0.0,0.0
Cambodia,KHM,1947.0,0.0,0.0
Cambodia,KHM,1948.0,0.0,0.0
Cambodia,KHM,1949.0,0.0,0.0
Cambodia,KHM,1950.0,0.0,0.0
Cambodia,KHM,1951.0,0.0,0.0
Cambodia,KHM,1952.0,0.0,0.0
Cambodia,KHM,1953.0,0.0,0.0
Cambodia,KHM,1954.0,0.0,0.0
Cambodia,KHM,1955.0,1.0,3.0
Cambodia,KHM,1956.0,1.0,3.0
Cambodia,KHM,1957.0,1.0,3.0
Cambodia,KHM,1958.0,1.0,3.0
Cambodia,KHM,1959.0,1.0,3.0
Cambodia,KHM,1960.0,1.0,3.0
Cambodia,KHM,1961.0,1.0,3.0
Cambodia,KHM,1962.0,1.0,3.0
Cambodia,KHM,1963.0,1.0,3.0
Cambodia,KHM,1964.0,1.0,3.0
Cambodia,KHM,1965.0,1.0,3.0
Cambodia,KHM,1966.0,1.0,3.0
Cambodia,KHM,1967.0,1.0,3.0
Cambodia,KHM,1968.0,1.0,3.0
Cambodia,KHM,1969.0,1.0,3.0
Cambodia,KHM,1970.0,1.0,3.0
Cambodia,KHM,1971.0,0.0,0.0
Cambodia,KHM,1972.0,1.0,3.0
Cambodia,KHM,1973.0,0.0,1.0
Cambodia,KHM,1974.0,0.0,1.0
Cambodia,KHM,1975.0,0.0,0.0
Cambodia,KHM,1976.0,0.0,0.0
Cambodia,KHM,1977.0,0.0,0.0
Cambodia,KHM,1978.0,0.0,0.0
Cambodia,KHM,1979.0,0.0,0.0
Cambodia,KHM,1980.0,0.0,0.0
Cambodia,KHM,1981.0,1.0,2.0
Cambodia,KHM,1982.0,1.0,2.0
Cambodia,KHM,1983.0,1.0,2.0
Cambodia,KHM,1984.0,1.0,2.0
Cambodia,KHM,1985.0,1.0,2.0
Cambodia,KHM,1986.0,1.0,2.0
Cambodia,KHM,1987.0,1.0,2.0
Cambodia,KHM,1988.0,1.0,2.0
Cambodia,KHM,1989.0,1.0,2.0
Cambodia,KHM,1990.0,1.0,2.0
Cambodia,KHM,1991.0,1.0,2.0
Cambodia,KHM,1992.0,1.0,2.0
Cambodia,KHM,1993.0,1.0,3.0
Cambodia,KHM,1994.0,1.0,3.0
Cambodia,KHM,1995.0,1.0,3.0
Cambodia,KHM,1996.0,1.0,3.0
Cambodia,KHM,1997.0,1.0,3.0
Cambodia,KHM,1998.0,1.0,3.0
Cambodia,KHM,1999.0,1.0,3.0
Cambodia,KHM,2000.0,1.0,3.0
Cambodia,KHM,2001.0,1.0,3.0
Cambodia,KHM,2002.0,1.0,3.0
Cambodia,KHM,2003.0,1.0,3.0
Cambodia,KHM,2004.0,1.0,3.0
Cambodia,KHM,2005.0,1.0,3.0
Cambodia,KHM,2006.0,1.0,3.0
Cambodia,KHM,2007.0,1.0,3.0
Cambodia,KHM,2008.0,1.0,3.0
Cambodia,KHM,2009.0,1.0,3.0
Cambodia,KHM,2010.0,1.0,3.0
Cambodia,KHM,2011.0,1.0,3.0
Cambodia,KHM,2012.0,1.0,3.0
Cambodia,KHM,2013.0,1.0,3.0
Cambodia,KHM,2014.0,1.0,3.0
Cambodia,KHM,2015.0,1.0,3.0
Cambodia,KHM,2016.0,1.0,3.0
Cambodia,KHM,2017.0,1.0,3.0
Cambodia,KHM,2018.0,1.0,3.0
Cambodia,KHM,2019.0,1.0,3.0
Cambodia,KHM,2020.0,1.0,3.0
Cambodia,KHM,2021.0,1.0,3.0
Cambodia,KHM,2022.0,1.0,3.0
Cambodia,KHM,2023.0,1.0,3.0
Cambodia,KHM,2024.0,1.0,3.0
Indonesia,IDN,1946.0,0.0,0.0
Indonesia,IDN,1947.0,0.0,0.0
Indonesia,IDN,1948.0,0.0,0.0
Indonesia,IDN,1949.0,0.0,0.0
Indonesia,IDN,1950.0,0.0,0.0
Indonesia,IDN,1951.0,0.0,0.0
Indonesia,IDN,1952.0,0.0,0.0
Indonesia,IDN,1953.0,0.0,0.0
Indonesia,IDN,1954.0,0.0,0.0
Indonesia,IDN,1955.0,1.0,3.0
Indonesia,IDN,1956.0,2.0,6.0
Indonesia,IDN,1957.0,2.0,5.0
Indonesia,IDN,1958.0,1.0,4.0
Indonesia,IDN,1959.0,1.0,3.0
Indonesia,IDN,1960.0,1.0,3.0
Indonesia,IDN,1961.0,0.0,0.0
Indonesia,IDN,1962.0,0.0,0.0
Indonesia,IDN,1963.0,0.0,0.0
Indonesia,IDN,1964.0,0.0,0.0
Indonesia,IDN,1965.0,0.0,0.0
Indonesia,IDN,1966.0,0.0,0.0
Indonesia,IDN,1967.0,0.0,0.0
Indonesia,IDN,1968.0,0.0,0.0
Indonesia,IDN,1969.0,0.0,0.0
Indonesia,IDN,1970.0,0.0,0.0
Indonesia,IDN,1971.0,1.0,3.0
Indonesia,IDN,1972.0,1.0,3.0
Indonesia,IDN,1973.0,1.0,3.0
Indonesia,IDN,1974.0,1.0,3.0
Indonesia,IDN,1975.0,1.0,3.0
Indonesia,IDN,1976.0,1.0,3.0
Indonesia,IDN,1977.0,1.0,3.0
Indonesia,IDN,1978.0,1.0,3.0
Indonesia,IDN,1979.0,1.0,3.0
Indonesia,IDN,1980.0,1.0,3.0
Indonesia,IDN,1981.0,1.0,3.0
Indonesia,IDN,1982.0,1.0,3.0
Indonesia,IDN,1983.0,1.0,3.0
Indonesia,IDN,1984.0,1.0,3.0
Indonesia,IDN,1985.0,1.0,3.0
Indonesia,IDN,1986.0,1.0,3.0
Indonesia,IDN,1987.0,1.0,3.0
Indonesia,IDN,1988.0,1.0,3.0
Indonesia,IDN,1989.0,1.0,3.0
Indonesia,IDN,1990.0,1.0,3.0
Indonesia,IDN,1991.0,1.0,3.0
Indonesia,IDN,1992.0,1.0,3.0
Indonesia,IDN,1993.0,1.0,3.0
Indonesia,IDN,1994.0,1.0,3.0
Indonesia,IDN,1995.0,1.0,3.0
Indonesia,IDN,1996.0,1.0,3.0
Indonesia,IDN,1997.0,1.0,3.0
Indonesia,IDN,1998.0,1.0,3.0
Indonesia,IDN,1999.0,2.0,5.0
Indonesia,IDN,2000.0,2.0,6.0
Indonesia,IDN,2001.0,2.0,6.0
Indonesia,IDN,2002.0,2.0,6.0
Indonesia,IDN,2003.0,2.0,6.0
Indonesia,IDN,2004.0,2.0,6.0
Indonesia,IDN,2005.0,2.0,6.0
Indonesia,IDN,2006.0,2.0,6.0
Indonesia,IDN,2007.0,2.0,6.0
Indonesia,IDN,2008.0,2.0,6.0
Indonesia,IDN,2009.0,2.0,6.0
Indonesia,IDN,2010.0,2.0,6.0
Indonesia,IDN,2011.0,2.0,6.0
Indonesia,IDN,2012.0,2.0,6.0
Indonesia,IDN,2013.0,2.0,6.0
Indonesia,IDN,2014.0,2.0,6.0
Indonesia,IDN,2015.0,2.0,6.0
Indonesia,IDN,2016.0,2.0,6.0
Indonesia,IDN,2017.0,2.0,6.0
Indonesia,IDN,2018.0,2.0,6.0
Indonesia,IDN,2019.0,2.0,6.0
Indonesia,IDN,2020.0,2.0,6.0
Indonesia,IDN,2021.0,2.0,5.0
Indonesia,IDN,2022.0,2.0,5.0
Indonesia,IDN,2023.0,2.0,5.0
Indonesia,IDN,2024.0,1.0,4.0
Mozambique,MOZ,1946.0,0.0,0.0
Mozambique,MOZ,1947.0,0.0,0.0
Mozambique,MOZ,1948.0,0.0,0.0
Mozambique,MOZ,1949.0,0.0,0.0
Mozambique,MOZ,1950.0,0.0,0.0
Mozambique,MOZ,1951.0,0.0,0.0
Mozambique,MOZ,1952.0,0.0,0.0
Mozambique,MOZ,1953.0,0.0,0.0
Mozambique,MOZ,1954.0,0.0,0.0
Mozambique,MOZ,1955.0,0.0,0.0
Mozambique,MOZ,1956.0,0.0,0.0
Mozambique,MOZ,1957.0,0.0,0.0
Mozambique,MOZ,1958.0,0.0,0.0
Mozambique,MOZ,1959.0,0.0,0.0
Mozambique,MOZ,1960.0,0.0,0.0
Mozambique,MOZ,1961.0,0.0,0.0
Mozambique,MOZ,1962.0,0.0,0.0
Mozambique,MOZ,1963.0,0.0,0.0
Mozambique,MOZ,1964.0,0.0,0.0
Mozambique,MOZ,1965.0,0.0,0.0
Mozambique,MOZ,1966.0,0.0,0.0
Mozambique,MOZ,1967.0,0.0,0.0
Mozambique,MOZ,1968.0,0.0,0.0
Mozambique,MOZ,1969.0,0.0,0.0
Mozambique,MOZ,1970.0,0.0,0.0
Mozambique,MOZ,1971.0,0.0,0.0
Mozambique,MOZ,1972.0,0.0,0.0
Mozambique,MOZ,1973.0,0.0,0.0
Mozambique,MOZ,1974.0,0.0,0.0
Mozambique,MOZ,1975.0,0.0,0.0
Mozambique,MOZ,1976.0,0.0,0.0
Mozambique,MOZ,1977.0,0.0,0.0
Mozambique,MOZ,1978.0,0.0,0.0
Mozambique,MOZ,1979.0,0.0,0.0
Mozambique,MOZ,1980.0,0.0,0.0
Mozambique,MOZ,1981.0,0.0,0.0
Mozambique,MOZ,1982.0,0.0,0.0
Mozambique,MOZ,1983.0,0.0,0.0
Mozambique,MOZ,1984.0,0.0,0.0
Mozambique,MOZ,1985.0,0.0,0.0
Mozambique,MOZ,1986.0,0.0,0.0
Mozambique,MOZ,1987.0,0.0,0.0
Mozambique,MOZ,1988.0,0.0,0.0
Mozambique,MOZ,1989.0,0.0,0.0
Mozambique,MOZ,1990.0,0.0,0.0
Mozambique,MOZ,1991.0,0.0,0.0
Mozambique,MOZ,1992.0,0.0,0.0
Mozambique,MOZ,1993.0,0.0,0.0
Mozambique,MOZ,1994.0,1.0,3.0
Mozambique,MOZ,1995.0,1.0,4.0
Mozambique,MOZ,1996.0,1.0,4.0
Mozambique,MOZ,1997.0,1.0,4.0
Mozambique,MOZ,1998.0,1.0,4.0
Mozambique,MOZ,1999.0,1.0,4.0
Mozambique,MOZ,2000.0,1.0,3.0
Mozambique,MOZ,2001.0,1.0,3.0
Mozambique,MOZ,2002.0,1.0,3.0
Mozambique,MOZ,2003.0,1.0,3.0
Mozambique,MOZ,2004.0,1.0,3.0
Mozambique,MOZ,2005.0,1.0,4.0
Mozambique,MOZ,2006.0,1.0,4.0
Mozambique,MOZ,2007.0,1.0,4.0
Mozambique,MOZ,2008.0,1.0,4.0
Mozambique,MOZ,2009.0,1.0,4.0
Mozambique,MOZ,2010.0,1.0,3.0
Mozambique,MOZ,2011.0,1.0,3.0
Mozambique,MOZ,2012.0,1.0,3.0
Mozambique,MOZ,2013.0,1.0,3.0
Mozambique,MOZ,2014.0,1.0,3.0
Mozambique,MOZ,2015.0,1.0,3.0
Mozambique,MOZ,2016.0,1.0,3.0
Mozambique,MOZ,2017.0,1.0,3.0
Mozambique,MOZ,2018.0,1.0,3.0
Mozambique,MOZ,2019.0,1.0,3.0
Mozambique,MOZ,2020.0,1.0,3.0
Mozambique,MOZ,2021.0,1.0,3.0
Mozambique,MOZ,2022.0,1.0,3.0
Mozambique,MOZ,2023.0,1.0,3.0
Mozambique,MOZ,2024.0,1.0,3.0
Nepal,NPL,1946.0,0.0,0.0
Nepal,NPL,1947.0,0.0,0.0
Nepal,NPL,1948.0,0.0,0.0
Nepal,NPL,1949.0,0.0,0.0
Nepal,NPL,1950.0,0.0,0.0
Nepal,NPL,1951.0,0.0,0.0
Nepal,NPL,1952.0,0.0,0.0
Nepal,NPL,1953.0,0.0,0.0
Nepal,NPL,1954.0,0.0,0.0
Nepal,NPL,1955.0,0.0,0.0
Nepal,NPL,1956.0,0.0,0.0
Nepal,NPL,1957.0,0.0,0.0
Nepal,NPL,1958.0,0.0,0.0
Nepal,NPL,1959.0,1.0,3.0
Nepal,NPL,1960.0,0.0,0.0
Nepal,NPL,1961.0,0.0,0.0
Nepal,NPL,1962.0,0.0,0.0
Nepal,NPL,1963.0,0.0,0.0
Nepal,NPL,1964.0,0.0,0.0
Nepal,NPL,1965.0,0.0,0.0
Nepal,NPL,1966.0,0.0,0.0
Nepal,NPL,1967.0,0.0,0.0
Nepal,NPL,1968.0,0.0,0.0
Nepal,NPL,1969.0,0.0,0.0
Nepal,NPL,1970.0,0.0,0.0
Nepal,NPL,1971.0,0.0,0.0
Nepal,NPL,1972.0,0.0,0.0
Nepal,NPL,1973.0,0.0,0.0
Nepal,NPL,1974.0,0.0,0.0
Nepal,NPL,1975.0,0.0,0.0
Nepal,NPL,1976.0,0.0,0.0
Nepal,NPL,1977.0,0.0,0.0
Nepal,NPL,1978.0,0.0,0.0
Nepal,NPL,1979.0,0.0,0.0
Nepal,NPL,1980.0,0.0,0.0
Nepal,NPL,1981.0,0.0,0.0
Nepal,NPL,1982.0,0.0,0.0
Nepal,NPL,1983.0,0.0,0.0
Nepal,NPL,1984.0,0.0,0.0
Nepal,NPL,1985.0,0.0,0.0
Nepal,NPL,1986.0,0.0,0.0
Nepal,NPL,1987.0,0.0,0.0
Nepal,NPL,1988.0,0.0,0.0
Nepal,NPL,1989.0,0.0,0.0
Nepal,NPL,1990.0,0.0,0.0
Nepal,NPL,1991.0,1.0,3.0
Nepal,NPL,1992.0,1.0,3.0
Nepal,NPL,1993.0,1.0,3.0
Nepal,NPL,1994.0,1.0,3.0
Nepal,NPL,1995.0,1.0,3.0
Nepal,NPL,1996.0,1.0,3.0
Nepal,NPL,1997.0,1.0,3.0
Nepal,NPL,1998.0,1.0,3.0
Nepal,NPL,1999.0,1.0,3.0
Nepal,NPL,2000.0,1.0,3.0
Nepal,NPL,2001.0,1.0,3.0
Nepal,NPL,2002.0,0.0,0.0
Nepal,NPL,2003.0,0.0,0.0
Nepal,NPL,2004.0,0.0,0.0
Nepal,NPL,2005.0,0.0,0.0
Nepal,NPL,2006.0,0.0,0.0
Nepal,NPL,2007.0,0.0,0.0
Nepal,NPL,2008.0,1.0,4.0
Nepal,NPL,2009.0,2.0,5.0
Nepal,NPL,2010.0,2.0,5.0
Nepal,NPL,2011.0,2.0,5.0
Nepal,NPL,2012.0,1.0,3.0
Nepal,NPL,2013.0,1.0,3.0
Nepal,NPL,2014.0,2.0,6.0
Nepal,NPL,2015.0,2.0,6.0
Nepal,NPL,2016.0,2.0,6.0
Nepal,NPL,2017.0,2.0,6.0
Nepal,NPL,2018.0,2.0,6.0
Nepal,NPL,2019.0,2.0,6.0
Nepal,NPL,2020.0,2.0,6.0
Nepal,NPL,2021.0,2.0,6.0
Nepal,NPL,2022.0,2.0,6.0
Nepal,NPL,2023.0,2.0,6.0
Nepal,NPL,2024.0,2.0,6.0
Nicaragua,NIC,1946.0,0.0,1.0
Nicaragua,NIC,1947.0,1.0,2.0
Nicaragua,NIC,1948.0,0.0,0.0
Nicaragua,NIC,1949.0,0.0,0.0
Nicaragua,NIC,1950.0,1.0,2.0
Nicaragua,NIC,1951.0,1.0,2.0
Nicaragua,NIC,1952.0,1.0,2.0
Nicaragua,NIC,1953.0,1.0,2.0
Nicaragua,NIC,1954.0,1.0,2.0
Nicaragua,NIC,1955.0,1.0,2.0
Nicaragua,NIC,1956.0,1.0,2.0
Nicaragua,NIC,1957.0,1.0,2.0
Nicaragua,NIC,1958.0,1.0,2.0
Nicaragua,NIC,1959.0,1.0,2.0
Nicaragua,NIC,1960.0,1.0,2.0
Nicaragua,NIC,1961.0,1.0,2.0
Nicaragua,NIC,1962.0,1.0,2.0
Nicaragua,NIC,1963.0,1.0,3.0
Nicaragua,NIC,1964.0,1.0,3.0
Nicaragua,NIC,1965.0,1.0,3.0
Nicaragua,NIC,1966.0,1.0,3.0
Nicaragua,NIC,1967.0,1.0,3.0
Nicaragua,NIC,1968.0,1.0,3.0
Nicaragua,NIC,1969.0,1.0,3.0
Nicaragua,NIC,1970.0,1.0,3.0
Nicaragua,NIC,1971.0,1.0,3.0
Nicaragua,NIC,1972.0,1.0,2.0
Nicaragua,NIC,1973.0,1.0,3.0
Nicaragua,NIC,1974.0,1.0,2.0
Nicaragua,NIC,1975.0,1.0,2.0
Nicaragua,NIC,1976.0,1.0,2.0
Nicaragua,NIC,1977.0,1.0,2.0
Nicaragua,NIC,1978.0,1.0,2.0
Nicaragua,NIC,1979.0,1.0,2.0
Nicaragua,NIC,1980.0,0.0,0.0
Nicaragua,NIC,1981.0,0.0,0.0
Nicaragua,NIC,1982.0,0.0,0.0
Nicaragua,NIC,1983.0,0.0,0.0
Nicaragua,NIC,1984.0,1.0,3.0
Nicaragua,NIC,1985.0,1.0,3.0
Nicaragua,NIC,1986.0,1.0,3.0
Nicaragua,NIC,1987.0,1.0,3.0
Nicaragua,NIC,1988.0,1.0,3.0
Nicaragua,NIC,1989.0,1.0,3.0
Nicaragua,NIC,1990.0,2.0,6.0
Nicaragua,NIC,1991.0,2.0,6.0
Nicaragua,NIC,1992.0,2.0,6.0
Nicaragua,NIC,1993.0,2.0,6.0
Nicaragua,NIC,1994.0,2.0,6.0
Nicaragua,NIC,1995.0,2.0,6.0
Nicaragua,NIC,1996.0,2.0,6.0
Nicaragua,NIC,1997.0,2.0,6.0
Nicaragua,NIC,1998.0,2.0,6.0
Nicaragua,NIC,1999.0,2.0,6.0
Nicaragua,NIC,2000.0,2.0,6.0
Nicaragua,NIC,2001.0,2.0,6.0
Nicaragua,NIC,2002.0,2.0,6.0
Nicaragua,NIC,2003.0,2.0,6.0
Nicaragua,NIC,2004.0,2.0,6.0
Nicaragua,NIC,2005.0,2.0,6.0
Nicaragua,NIC,2006.0,2.0,5.0
Nicaragua,NIC,2007.0,1.0,4.0
Nicaragua,NIC,2008.0,1.0,3.0
Nicaragua,NIC,2009.0,1.0,3.0
Nicaragua,NIC,2010.0,1.0,3.0
Nicaragua,NIC,2011.0,1.0,3.0
Nicaragua,NIC,2012.0,1.0,3.0
Nicaragua,NIC,2013.0,1.0,3.0
Nicaragua,NIC,2014.0,1.0,3.0
Nicaragua,NIC,2015.0,1.0,3.0
Nicaragua,NIC,2016.0,1.0,3.0
Nicaragua,NIC,2017.0,1.0,3.0
Nicaragua,NIC,2018.0,1.0,3.0
Nicaragua,NIC,2019.0,1.0,3.0
Nicaragua,NIC,2020.0,1.0,3.0
Nicaragua,NIC,2021.0,1.0,2.0
Nicaragua,NIC,2022.0,1.0,2.0
Nicaragua,NIC,2023.0,1.0,2.0
Nicaragua,NIC,2024.0,1.0,2.0
Niger,NER,1946.0,0.0,0.0
Niger,NER,1947.0,0.0,0.0
Niger,NER,1948.0,0.0,0.0
Niger,NER,1949.0,0.0,0.0
Niger,NER,1950.0,0.0,0.0
Niger,NER,1951.0,0.0,0.0
Niger,NER,1952.0,0.0,0.0
Niger,NER,1953.0,0.0,0.0
Niger,NER,1954.0,0.0,0.0
Niger,NER,1955.0,0.0,0.0
Niger,NER,1956.0,0.0,0.0
Niger,NER,1957.0,0.0,0.0
Niger,NER,1958.0,0.0,0.0
Niger,NER,1959.0,0.0,0.0
Niger,NER,1960.0,1.0,3.0
Niger,NER,1961.0,1.0,3.0
Niger,NER,1962.0,1.0,3.0
Niger,NER,1963.0,1.0,3.0
Niger,NER,1964.0,1.0,3.0
Niger,NER,1965.0,0.0,1.0
Niger,NER,1966.0,0.0,1.0
Niger,NER,1967.0,0.0,1.0
Niger,NER,1968.0,0.0,1.0
Niger,NER,1969.0,0.0,1.0
Niger,NER,1970.0,0.0,1.0
Niger,NER,1971.0,0.0,1.0
Niger,NER,1972.0,0.0,1.0
Niger,NER,1973.0,0.0,1.0
Niger,NER,1974.0,0.0,1.0
Niger,NER,1975.0,0.0,0.0
Niger,NER,1976.0,0.0,0.0
Niger,NER,1977.0,0.0,0.0
Niger,NER,1978.0,0.0,0.0
Niger,NER,1979.0,0.0,0.0
Niger,NER,1980.0,0.0,0.0
Niger,NER,1981.0,0.0,0.0
Niger,NER,1982.0,0.0,0.0
Niger,NER,1983.0,0.0,0.0
Niger,NER,1984.0,0.0,0.0
Niger,NER,1985.0,0.0,0.0
Niger,NER,1986.0,0.0,0.0
Niger,NER,1987.0,0.0,0.0
Niger,NER,1988.0,0.0,0.0
Niger,NER,1989.0,1.0,3.0
Niger,NER,1990.0,1.0,3.0
Niger,NER,1991.0,1.0,3.0
Niger,NER,1992.0,1.0,3.0
Niger,NER,1993.0,2.0,5.0
Niger,NER,1994.0,2.0,5.0
Niger,NER,1995.0,2.0,5.0
Niger,NER,1996.0,1.0,3.0
Niger,NER,1997.0,1.0,3.0
Niger,NER,1998.0,1.0,3.0
Niger,NER,1999.0,1.0,3.0
Niger,NER,2000.0,2.0,5.0
Niger,NER,2001.0,2.0,5.0
Niger,NER,2002.0,2.0,5.0
Niger,NER,2003.0,2.0,5.0
Niger,NER,2004.0,2.0,5.0
Niger,NER,2005.0,2.0,6.0
Niger,NER,2006.0,2.0,6.0
Niger,NER,2007.0,2.0,6.0
Niger,NER,2008.0,2.0,6.0
Niger,NER,2009.0,1.0,3.0
Niger,NER,2010.0,0.0,0.0
Niger,NER,2011.0,2.0,5.0
Niger,NER,2012.0,2.0,7.0
Niger,NER,2013.0,2.0,7.0
Niger,NER,2014.0,2.0,7.0
Niger,NER,2015.0,2.0,7.0
Niger,NER,2016.0,2.0,5.0
Niger,NER,2017.0,2.0,5.0
Niger,NER,2018.0,2.0,5.0
Niger,NER,2019.0,2.0,5.0
Niger,NER,2020.0,2.0,5.0
Niger,NER,2021.0,2.0,5.0
Niger,NER,2022.0,2.0,5.0
Niger,NER,2023.0,1.0,3.0
Niger,NER,2024.0,0.0,0.0
Zambia,ZMB,1946.0,0.0,0.0
Zambia,ZMB,1947.0,0.0,0.0
Zambia,ZMB,1948.0,0.0,0.0
Zambia,ZMB,1949.0,0.0,0.0
Zambia,ZMB,1950.0,0.0,0.0
Zambia,ZMB,1951.0,0.0,0.0
Zambia,ZMB,1952.0,0.0,0.0
Zambia,ZMB,1953.0,0.0,0.0
Zambia,ZMB,1954.0,0.0,0.0
Zambia,ZMB,1955.0,0.0,0.0
Zambia,ZMB,1956.0,0.0,0.0
Zambia,ZMB,1957.0,0.0,0.0
Zambia,ZMB,1958.0,0.0,0.0
Zambia,ZMB,1959.0,0.0,0.0
Zambia,ZMB,1960.0,0.0,0.0
Zambia,ZMB,1961.0,0.0,0.0
Zambia,ZMB,1962.0,0.0,0.0
Zambia,ZMB,1963.0,0.0,0.0
Zambia,ZMB,1964.0,1.0,3.0
Zambia,ZMB,1965.0,1.0,3.0
Zambia,ZMB,1966.0,1.0,3.0
Zambia,ZMB,1967.0,1.0,3.0
Zambia,ZMB,1968.0,1.0,3.0
Zambia,ZMB,1969.0,1.0,3.0
Zambia,ZMB,1970.0,1.0,3.0
Zambia,ZMB,1971.0,1.0,3.0
Zambia,ZMB,1972.0,1.0,3.0
Zambia,ZMB,1973.0,1.0,3.0
Zambia,ZMB,1974.0,1.0,3.0
Zambia,ZMB,1975.0,1.0,3.0
Zambia,ZMB,1976.0,1.0,3.0
Zambia,ZMB,1977.0,1.0,3.0
Zambia,ZMB,1978.0,1.0,3.0
Zambia,ZMB,1979.0,1.0,3.0
Zambia,ZMB,1980.0,1.0,3.0
Zambia,ZMB,1981.0,1.0,3.0
Zambia,ZMB,1982.0,1.0,3.0
Zambia,ZMB,1983.0,1.0,3.0
Zambia,ZMB,1984.0,1.0,3.0
Zambia,ZMB,1985.0,1.0,3.0
Zambia,ZMB,1986.0,1.0,3.0
Zambia,ZMB,1987.0,1.0,3.0
Zambia,ZMB,1988.0,1.0,3.0
Zambia,ZMB,1989.0,1.0,3.0
Zambia,ZMB,1990.0,1.0,3.0
Zambia,ZMB,1991.0,1.0,3.0
Zambia,ZMB,1992.0,1.0,3.0
Zambia,ZMB,1993.0,1.0,3.0
Zambia,ZMB,1994.0,1.0,4.0
Zambia,ZMB,1995.0,1.0,4.0
Zambia,ZMB,1996.0,1.0,4.0
Zambia,ZMB,1997.0,1.0,4.0
Zambia,ZMB,1998.0,1.0,4.0
Zambia,ZMB,1999.0,1.0,4.0
Zambia,ZMB,2000.0,1.0,4.0
Zambia,ZMB,2001.0,1.0,4.0
Zambia,ZMB,2002.0,1.0,4.0
Zambia,ZMB,2003.0,1.0,4.0
Zambia,ZMB,2004.0,1.0,4.0
Zambia,ZMB,2005.0,1.0,4.0
Zambia,ZMB,2006.0,2.0,5.0
Zambia,ZMB,2007.0,2.0,5.0
Zambia,ZMB,2008.0,2.0,5.0
Zambia,ZMB,2009.0,2.0,5.0
Zambia,ZMB,2010.0,2.0,5.0
Zambia,ZMB,2011.0,2.0,5.0
Zambia,ZMB,2012.0,2.0,5.0
Zambia,ZMB,2013.0,1.0,4.0
Zambia,ZMB,2014.0,1.0,4.0
Zambia,ZMB,2015.0,1.0,4.0
Zambia,ZMB,2016.0,1.0,3.0
Zambia,ZMB,2017.0,1.0,3.0
Zambia,ZMB,2018.0,1.0,3.0
Zambia,ZMB,2019.0,1.0,3.0
Zambia,ZMB,2020.0,1.0,3.0
Zambia,ZMB,2021.0,1.0,3.0
Zambia,ZMB,2022.0,2.0,5.0
Zambia,ZMB,2023.0,2.0,5.0
Zambia,ZMB,2024.0,2.0,5.0
Zimbabwe,ZWE,1946.0,1.0,3.0
Zimbabwe,ZWE,1947.0,1.0,3.0
Zimbabwe,ZWE,1948.0,1.0,3.0
Zimbabwe,ZWE,1949.0,1.0,3.0
Zimbabwe,ZWE,1950.0,1.0,3.0
Zimbabwe,ZWE,1951.0,1.0,3.0
Zimbabwe,ZWE,1952.0,1.0,3.0
Zimbabwe,ZWE,1953.0,1.0,3.0
Zimbabwe,ZWE,1954.0,1.0,3.0
Zimbabwe,ZWE,1955.0,1.0,3.0
Zimbabwe,ZWE,1956.0,1.0,3.0
Zimbabwe,ZWE,1957.0,1.0,3.0
Zimbabwe,ZWE,1958.0,1.0,3.0
Zimbabwe,ZWE,1959.0,1.0,3.0
Zimbabwe,ZWE,1960.0,1.0,3.0
Zimbabwe,ZWE,1961.0,1.0,3.0
Zimbabwe,ZWE,1962.0,1.0,3.0
Zimbabwe,ZWE,1963.0,1.0,3.0
Zimbabwe,ZWE,1964.0,1.0,3.0
Zimbabwe,ZWE,1965.0,1.0,3.0
Zimbabwe,ZWE,1966.0,1.0,3.0
Zimbabwe,ZWE,1967.0,1.0,3.0
Zimbabwe,ZWE,1968.0,1.0,3.0
Zimbabwe,ZWE,1969.0,1.0,3.0
Zimbabwe,ZWE,1970.0,1.0,3.0
Zimbabwe,ZWE,1971.0,1.0,3.0
Zimbabwe,ZWE,1972.0,1.0,3.0
Zimbabwe,ZWE,1973.0,1.0,3.0
Zimbabwe,ZWE,1974.0,1.0,3.0
Zimbabwe,ZWE,1975.0,1.0,3.0
Zimbabwe,ZWE,1976.0,1.0,3.0
Zimbabwe,ZWE,1977.0,1.0,3.0
Zimbabwe,ZWE,1978.0,0.0,0.0
Zimbabwe,ZWE,1979.0,1.0,3.0
Zimbabwe,ZWE,1980.0,1.0,4.0
Zimbabwe,ZWE,1981.0,1.0,4.0
Zimbabwe,ZWE,1982.0,1.0,4.0
Zimbabwe,ZWE,1983.0,1.0,4.0
Zimbabwe,ZWE,1984.0,1.0,4.0
Zimbabwe,ZWE,1985.0,1.0,4.0
Zimbabwe,ZWE,1986.0,1.0,4.0
Zimbabwe,ZWE,1987.0,1.0,3.0
Zimbabwe,ZWE,1988.0,1.0,3.0
Zimbabwe,ZWE,1989.0,1.0,3.0
Zimbabwe,ZWE,1990.0,1.0,3.0
Zimbabwe,ZWE,1991.0,1.0,3.0
Zimbabwe,ZWE,1992.0,1.0,3.0
Zimbabwe,ZWE,1993.0,1.0,3.0
Zimbabwe,ZWE,1994.0,1.0,3.0
Zimbabwe,ZWE,1995.0,1.0,3.0
Zimbabwe,ZWE,1996.0,1.0,3.0
Zimbabwe,ZWE,1997.0,1.0,3.0
Zimbabwe,ZWE,1998.0,1.0,3.0
Zimbabwe,ZWE,1999.0,1.0,3.0
Zimbabwe,ZWE,2000.0,1.0,3.0
Zimbabwe,ZWE,2001.0,1.0,3.0
Zimbabwe,ZWE,2002.0,1.0,3.0
Zimbabwe,ZWE,2003.0,1.0,3.0
Zimbabwe,ZWE,2004.0,1.0,3.0
Zimbabwe,ZWE,2005.0,1.0,3.0
Zimbabwe,ZWE,2006.0,1.0,3.0
Zimbabwe,ZWE,2007.0,1.0,3.0
Zimbabwe,ZWE,2008.0,1.0,3.0
Zimbabwe,ZWE,2009.0,1.0,3.0
Zimbabwe,ZWE,2010.0,1.0,3.0
Zimbabwe,ZWE,2011.0,1.0,3.0
Zimbabwe,ZWE,2012.0,1.0,3.0
Zimbabwe,ZWE,2013.0,1.0,3.0
Zimbabwe,ZWE,2014.0,1.0,3.0
Zimbabwe,ZWE,2015.0,1.0,3.0
Zimbabwe,ZWE,2016.0,1.0,3.0
Zimbabwe,ZWE,2017.0,1.0,3.0
Zimbabwe,ZWE,2018.0,1.0,3.0
Zimbabwe,ZWE,2019.0,1.0,3.0
Zimbabwe,ZWE,2020.0,1.0,3.0
Zimbabwe,ZWE,2021.0,1.0,3.0
Zimbabwe,ZWE,2022.0,1.0,3.0
Zimbabwe,ZWE,2023.0,1.0,3.0
Zimbabwe,ZWE,2024.0,1.0,3.0
Guinea,GIN,1946.0,0.0,0.0
Guinea,GIN,1947.0,0.0,0.0
Guinea,GIN,1948.0,0.0,0.0
Guinea,GIN,1949.0,0.0,0.0
Guinea,GIN,1950.0,0.0,0.0
Guinea,GIN,1951.0,0.0,0.0
Guinea,GIN,1952.0,0.0,0.0
Guinea,GIN,1953.0,0.0,0.0
Guinea,GIN,1954.0,0.0,0.0
Guinea,GIN,1955.0,0.0,0.0
Guinea,GIN,1956.0,0.0,0.0
Guinea,GIN,1957.0,0.0,0.0
Guinea,GIN,1958.0,1.0,3.0
Guinea,GIN,1959.0,1.0,3.0
Guinea,GIN,1960.0,1.0,3.0
Guinea,GIN,1961.0,0.0,0.0
Guinea,GIN,1962.0,0.0,0.0
Guinea,GIN,1963.0,0.0,0.0
Guinea,GIN,1964.0,0.0,0.0
Guinea,GIN,1965.0,0.0,0.0
Guinea,GIN,1966.0,0.0,0.0
Guinea,GIN,1967.0,0.0,0.0
Guinea,GIN,1968.0,0.0,0.0
Guinea,GIN,1969.0,0.0,0.0
Guinea,GIN,1970.0,0.0,0.0
Guinea,GIN,1971.0,0.0,0.0
Guinea,GIN,1972.0,0.0,0.0
Guinea,GIN,1973.0,0.0,0.0
Guinea,GIN,1974.0,0.0,1.0
Guinea,GIN,1975.0,0.0,1.0
Guinea,GIN,1976.0,0.0,1.0
Guinea,GIN,1977.0,0.0,1.0
Guinea,GIN,1978.0,0.0,1.0
Guinea,GIN,1979.0,0.0,1.0
Guinea,GIN,1980.0,0.0,0.0
Guinea,GIN,1981.0,0.0,0.0
Guinea,GIN,1982.0,0.0,0.0
Guinea,GIN,1983.0,0.0,0.0
Guinea,GIN,1984.0,0.0,0.0
Guinea,GIN,1985.0,0.0,0.0
Guinea,GIN,1986.0,0.0,0.0
Guinea,GIN,1987.0,0.0,0.0
Guinea,GIN,1988.0,0.0,0.0
Guinea,GIN,1989.0,0.0,0.0
Guinea,GIN,1990.0,0.0,0.0
Guinea,GIN,1991.0,0.0,0.0
Guinea,GIN,1992.0,0.0,0.0
Guinea,GIN,1993.0,0.0,0.0
Guinea,GIN,1994.0,1.0,3.0
Guinea,GIN,1995.0,1.0,3.0
Guinea,GIN,1996.0,1.0,3.0
Guinea,GIN,1997.0,1.0,3.0
Guinea,GIN,1998.0,1.0,3.0
Guinea,GIN,1999.0,1.0,3.0
Guinea,GIN,2000.0,1.0,3.0
Guinea,GIN,2001.0,1.0,3.0
Guinea,GIN,2002.0,1.0,3.0
Guinea,GIN,2003.0,1.0,3.0
Guinea,GIN,2004.0,1.0,3.0
Guinea,GIN,2005.0,1.0,3.0
Guinea,GIN,2006.0,1.0,3.0
Guinea,GIN,2007.0,1.0,3.0
Guinea,GIN,2008.0,1.0,3.0
Guinea,GIN,2009.0,0.0,0.0
Guinea,GIN,2010.0,1.0,3.0
Guinea,GIN,2011.0,1.0,3.0
Guinea,GIN,2012.0,1.0,3.0
Guinea,GIN,2013.0,1.0,3.0
Guinea,GIN,2014.0,1.0,3.0
Guinea,GIN,2015.0,1.0,3.0
Guinea,GIN,2016.0,1.0,3.0
Guinea,GIN,2017.0,1.0,3.0
Guinea,GIN,2018.0,1.0,3.0
Guinea,GIN,2019.0,1.0,3.0
Guinea,GIN,2020.0,1.0,3.0
Guinea,GIN,2021.0,1.0,3.0
Guinea,GIN,2022.0,0.0,0.0
Guinea,GIN,2023.0,0.0,0.0
Guinea,GIN,2024.0,0.0,0.0
Ivory Coast,CIV,1946.0,0.0,0.0
Ivory Coast,CIV,1947.0,0.0,0.0
Ivory Coast,CIV,1948.0,0.0,0.0
Ivory Coast,CIV,1949.0,0.0,0.0
Ivory Coast,CIV,1950.0,0.0,0.0
Ivory Coast,CIV,1951.0,0.0,0.0
Ivory Coast,CIV,1952.0,0.0,0.0
Ivory Coast,CIV,1953.0,0.0,0.0
Ivory Coast,CIV,1954.0,0.0,0.0
Ivory Coast,CIV,1955.0,0.0,0.0
Ivory Coast,CIV,1956.0,0.0,0.0
Ivory Coast,CIV,1957.0,0.0,0.0
Ivory Coast,CIV,1958.0,0.0,0.0
Ivory Coast,CIV,1959.0,0.0,0.0
Ivory Coast,CIV,1960.0,1.0,2.0
Ivory Coast,CIV,1961.0,1.0,2.0
Ivory Coast,CIV,1962.0,1.0,2.0
Ivory Coast,CIV,1963.0,1.0,2.0
Ivory Coast,CIV,1964.0,1.0,2.0
Ivory Coast,CIV,1965.0,0.0,0.0
Ivory Coast,CIV,1966.0,0.0,0.0
Ivory Coast,CIV,1967.0,0.0,0.0
Ivory Coast,CIV,1968.0,0.0,0.0
Ivory Coast,CIV,1969.0,0.0,0.0
Ivory Coast,CIV,1970.0,0.0,0.0
Ivory Coast,CIV,1971.0,0.0,0.0
Ivory Coast,CIV,1972.0,0.0,0.0
Ivory Coast,CIV,1973.0,0.0,0.0
Ivory Coast,CIV,1974.0,0.0,0.0
Ivory Coast,CIV,1975.0,0.0,0.0
Ivory Coast,CIV,1976.0,0.0,0.0
Ivory Coast,CIV,1977.0,0.0,0.0
Ivory Coast,CIV,1978.0,0.0,0.0
Ivory Coast,CIV,1979.0,0.0,0.0
Ivory Coast,CIV,1980.0,0.0,1.0
Ivory Coast,CIV,1981.0,0.0,1.0
Ivory Coast,CIV,1982.0,0.0,1.0
Ivory Coast,CIV,1983.0,0.0,1.0
Ivory Coast,CIV,1984.0,0.0,1.0
Ivory Coast,CIV,1985.0,1.0,2.0
Ivory Coast,CIV,1986.0,1.0,2.0
Ivory Coast,CIV,1987.0,1.0,2.0
Ivory Coast,CIV,1988.0,1.0,2.0
Ivory Coast,CIV,1989.0,1.0,2.0
Ivory Coast,CIV,1990.0,1.0,3.0
Ivory Coast,CIV,1991.0,1.0,3.0
Ivory Coast,CIV,1992.0,1.0,3.0
Ivory Coast,CIV,1993.0,1.0,3.0
Ivory Coast,CIV,1994.0,1.0,3.0
Ivory Coast,CIV,1995.0,1.0,3.0
Ivory Coast,CIV,1996.0,1.0,3.0
Ivory Coast,CIV,1997.0,1.0,3.0
Ivory Coast,CIV,1998.0,1.0,3.0
Ivory Coast,CIV,1999.0,1.0,3.0
Ivory Coast,CIV,2000.0,1.0,3.0
Ivory Coast,CIV,2001.0,1.0,3.0
Ivory Coast,CIV,2002.0,1.0,3.0
Ivory Coast,CIV,2003.0,1.0,3.0
Ivory Coast,CIV,2004.0,1.0,3.0
Ivory Coast,CIV,2005.0,1.0,3.0
Ivory Coast,CIV,2006.0,1.0,3.0
Ivory Coast,CIV,2007.0,1.0,3.0
Ivory Coast,CIV,2008.0,1.0,3.0
Ivory Coast,CIV,2009.0,1.0,3.0
Ivory Coast,CIV,2010.0,1.0,3.0
Ivory Coast,CIV,2011.0,1.0,3.0
Ivory Coast,CIV,2012.0,1.0,4.0
Ivory Coast,CIV,2013.0,1.0,4.0
Ivory Coast,CIV,2014.0,1.0,4.0
Ivory Coast,CIV,2015.0,1.0,4.0
Ivory Coast,CIV,2016.0,2.0,5.0
Ivory Coast,CIV,2017.0,2.0,5.0
Ivory Coast,CIV,2018.0,2.0,5.0
Ivory Coast,CIV,2019.0,2.0,5.0
Ivory Coast,CIV,2020.0,1.0,3.0
Ivory Coast,CIV,2021.0,1.0,3.0
Ivory Coast,CIV,2022.0,1.0,3.0
Ivory Coast,CIV,2023.0,1.0,3.0
Ivory Coast,CIV,2024.0,1.0,3.0
Mauritania,MRT,1946.0,0.0,0.0
Mauritania,MRT,1947.0,0.0,0.0
Mauritania,MRT,1948.0,0.0,0.0
Mauritania,MRT,1949.0,0.0,0.0
Mauritania,MRT,1950.0,0.0,0.0
Mauritania,MRT,1951.0,0.0,0.0
Mauritania,MRT,1952.0,0.0,0.0
Mauritania,MRT,1953.0,0.0,0.0
Mauritania,MRT,1954.0,0.0,0.0
Mauritania,MRT,1955.0,0.0,0.0
Mauritania,MRT,1956.0,0.0,0.0
Mauritania,MRT,1957.0,1.0,3.0
Mauritania,MRT,1958.0,1.0,3.0
Mauritania,MRT,1959.0,1.0,3.0
Mauritania,MRT,1960.0,0.0,0.0
Mauritania,MRT,1961.0,1.0,3.0
Mauritania,MRT,1962.0,1.0,3.0
Mauritania,MRT,1963.0,1.0,3.0
Mauritania,MRT,1964.0,1.0,3.0
Mauritania,MRT,1965.0,1.0,2.0
Mauritania,MRT,1966.0,1.0,2.0
Mauritania,MRT,1967.0,1.0,2.0
Mauritania,MRT,1968.0,1.0,2.0
Mauritania,MRT,1969.0,1.0,2.0
Mauritania,MRT,1970.0,1.0,2.0
Mauritania,MRT,1971.0,1.0,2.0
Mauritania,MRT,1972.0,1.0,2.0
Mauritania,MRT,1973.0,1.0,2.0
Mauritania,MRT,1974.0,1.0,2.0
Mauritania,MRT,1975.0,1.0,2.0
Mauritania,MRT,1976.0,1.0,2.0
Mauritania,MRT,1977.0,1.0,2.0
Mauritania,MRT,1978.0,1.0,2.0
Mauritania,MRT,1979.0,0.0,0.0
Mauritania,MRT,1980.0,0.0,0.0
Mauritania,MRT,1981.0,0.0,0.0
Mauritania,MRT,1982.0,0.0,0.0
Mauritania,MRT,1983.0,0.0,0.0
Mauritania,MRT,1984.0,0.0,0.0
Mauritania,MRT,1985.0,0.0,0.0
Mauritania,MRT,1986.0,0.0,0.0
Mauritania,MRT,1987.0,0.0,0.0
Mauritania,MRT,1988.0,0.0,0.0
Mauritania,MRT,1989.0,0.0,0.0
Mauritania,MRT,1990.0,0.0,0.0
Mauritania,MRT,1991.0,0.0,0.0
Mauritania,MRT,1992.0,1.0,3.0
Mauritania,MRT,1993.0,1.0,3.0
Mauritania,MRT,1994.0,1.0,3.0
Mauritania,MRT,1995.0,1.0,3.0
Mauritania,MRT,1996.0,1.0,3.0
Mauritania,MRT,1997.0,1.0,3.0
Mauritania,MRT,1998.0,1.0,3.0
Mauritania,MRT,1999.0,1.0,3.0
Mauritania,MRT,2000.0,1.0,3.0
Mauritania,MRT,2001.0,1.0,3.0
Mauritania,MRT,2002.0,1.0,3.0
Mauritania,MRT,2003.0,1.0,3.0
Mauritania,MRT,2004.0,1.0,3.0
Mauritania,MRT,2005.0,1.0,3.0
Mauritania,MRT,2006.0,0.0,0.0
Mauritania,MRT,2007.0,1.0,4.0
Mauritania,MRT,2008.0,1.0,3.0
Mauritania,MRT,2009.0,1.0,3.0
Mauritania,MRT,2010.0,1.0,4.0
Mauritania,MRT,2011.0,1.0,4.0
Mauritania,MRT,2012.0,1.0,4.0
Mauritania,MRT,2013.0,1.0,3.0
Mauritania,MRT,2014.0,1.0,3.0
Mauritania,MRT,2015.0,1.0,3.0
Mauritania,MRT,2016.0,1.0,3.0
Mauritania,MRT,2017.0,1.0,3.0
Mauritania,MRT,2018.0,1.0,3.0
Mauritania,MRT,2019.0,1.0,3.0
Mauritania,MRT,2020.0,1.0,3.0
Mauritania,MRT,2021.0,1.0,3.0
Mauritania,MRT,2022.0,1.0,3.0
Mauritania,MRT,2023.0,1.0,3.0
Mauritania,MRT,2024.0,1.0,3.0
Canada,CAN,1946.0,2.0,6.0
Canada,CAN,1947.0,2.0,6.0
Canada,CAN,1948.0,2.0,6.0
Canada,CAN,1949.0,2.0,6.0
Canada,CAN,1950.0,2.0,6.0
Canada,CAN,1951.0,2.0,6.0
Canada,CAN,1952.0,2.0,6.0
Canada,CAN,1953.0,2.0,6.0
Canada,CAN,1954.0,2.0,6.0
Canada,CAN,1955.0,2.0,6.0
Canada,CAN,1956.0,2.0,6.0
Canada,CAN,1957.0,2.0,6.0
Canada,CAN,1958.0,2.0,6.0
Canada,CAN,1959.0,2.0,6.0
Canada,CAN,1960.0,2.0,7.0
Canada,CAN,1961.0,2.0,7.0
Canada,CAN,1962.0,2.0,7.0
Canada,CAN,1963.0,2.0,7.0
Canada,CAN,1964.0,2.0,7.0
Canada,CAN,1965.0,2.0,7.0
Canada,CAN,1966.0,2.0,7.0
Canada,CAN,1967.0,2.0,7.0
Canada,CAN,1968.0,2.0,7.0
Canada,CAN,1969.0,2.0,7.0
Canada,CAN,1970.0,2.0,7.0
Canada,CAN,1971.0,2.0,7.0
Canada,CAN,1972.0,2.0,7.0
Canada,CAN,1973.0,2.0,7.0
Canada,CAN,1974.0,2.0,7.0
Canada,CAN,1975.0,2.0,7.0
Canada,CAN,1976.0,3.0,8.0
Canada,CAN,1977.0,3.0,8.0
Canada,CAN,1978.0,3.0,8.0
Canada,CAN,1979.0,3.0,8.0
Canada,CAN,1980.0,3.0,8.0
Canada,CAN,1981.0,3.0,8.0
Canada,CAN,1982.0,3.0,8.0
Canada,CAN,1983.0,3.0,9.0
Canada,CAN,1984.0,3.0,9.0
Canada,CAN,1985.0,3.0,9.0
Canada,CAN,1986.0,3.0,9.0
Canada,CAN,1987.0,3.0,9.0
Canada,CAN,1988.0,3.0,9.0
Canada,CAN,1989.0,3.0,9.0
Canada,CAN,1990.0,3.0,9.0
Canada,CAN,1991.0,3.0,9.0
Canada,CAN,1992.0,3.0,9.0
Canada,CAN,1993.0,3.0,9.0
Canada,CAN,1994.0,3.0,9.0
Canada,CAN,1995.0,3.0,9.0
Canada,CAN,1996.0,3.0,9.0
Canada,CAN,1997.0,3.0,9.0
Canada,CAN,1998.0,3.0,9.0
Canada,CAN,1999.0,3.0,9.0
Canada,CAN,2000.0,3.0,9.0
Canada,CAN,2001.0,3.0,9.0
Canada,CAN,2002.0,3.0,9.0
Canada,CAN,2003.0,3.0,9.0
Canada,CAN,2004.0,3.0,9.0
Canada,CAN,2005.0,3.0,9.0
Canada,CAN,2006.0,3.0,9.0
Canada,CAN,2007.0,3.0,9.0
Canada,CAN,2008.0,3.0,9.0
Canada,CAN,2009.0,3.0,9.0
Canada,CAN,2010.0,3.0,9.0
Canada,CAN,2011.0,3.0,9.0
Canada,CAN,2012.0,3.0,9.0
Canada,CAN,2013.0,3.0,9.0
Canada,CAN,2014.0,3.0,9.0
Canada,CAN,2015.0,3.0,9.0
Canada,CAN,2016.0,3.0,9.0
Canada,CAN,2017.0,3.0,9.0
Canada,CAN,2018.0,3.0,9.0
Canada,CAN,2019.0,3.0,8.0
Canada,CAN,2020.0,2.0,7.0
Canada,CAN,2021.0,3.0,8.0
Canada,CAN,2022.0,2.0,6.0
Canada,CAN,2023.0,2.0,7.0
Canada,CAN,2024.0,2.0,7.0
Australia,AUS,1946.0,3.0,8.0
Australia,AUS,1947.0,3.0,8.0
Australia,AUS,1948.0,3.0,8.0
Australia,AUS,1949.0,3.0,8.0
Australia,AUS,1950.0,3.0,9.0
Australia,AUS,1951.0,3.0,9.0
Australia,AUS,1952.0,3.0,9.0
Australia,AUS,1953.0,3.0,9.0
Australia,AUS,1954.0,3.0,9.0
Australia,AUS,1955.0,3.0,9.0
Australia,AUS,1956.0,3.0,9.0
Australia,AUS,1957.0,3.0,9.0
Australia,AUS,1958.0,3.0,9.0
Australia,AUS,1959.0,3.0,9.0
Australia,AUS,1960.0,3.0,9.0
Australia,AUS,1961.0,3.0,9.0
Australia,AUS,1962.0,3.0,9.0
Australia,AUS,1963.0,3.0,9.0
Australia,AUS,1964.0,3.0,9.0
Australia,AUS,1965.0,3.0,9.0
Australia,AUS,1966.0,3.0,9.0
Australia,AUS,1967.0,3.0,9.0
Australia,AUS,1968.0,3.0,9.0
Australia,AUS,1969.0,3.0,9.0
Australia,AUS,1970.0,3.0,9.0
Australia,AUS,1971.0,3.0,9.0
Australia,AUS,1972.0,3.0,9.0
Australia,AUS,1973.0,3.0,9.0
Australia,AUS,1974.0,3.0,9.0
Australia,AUS,1975.0,3.0,9.0
Australia,AUS,1976.0,3.0,9.0
Australia,AUS,1977.0,3.0,9.0
Australia,AUS,1978.0,3.0,9.0
Australia,AUS,1979.0,3.0,9.0
Australia,AUS,1980.0,3.0,9.0
Australia,AUS,1981.0,3.0,9.0
Australia,AUS,1982.0,3.0,9.0
Australia,AUS,1983.0,3.0,9.0
Australia,AUS,1984.0,3.0,9.0
Australia,AUS,1985.0,3.0,9.0
Australia,AUS,1986.0,3.0,9.0
Australia,AUS,1987.0,3.0,9.0
Australia,AUS,1988.0,3.0,9.0
Australia,AUS,1989.0,3.0,9.0
Australia,AUS,1990.0,3.0,9.0
Australia,AUS,1991.0,3.0,9.0
Australia,AUS,1992.0,3.0,9.0
Australia,AUS,1993.0,3.0,9.0
Australia,AUS,1994.0,3.0,9.0
Australia,AUS,1995.0,3.0,9.0
Australia,AUS,1996.0,3.0,9.0
Australia,AUS,1997.0,3.0,9.0
Australia,AUS,1998.0,3.0,9.0
Australia,AUS,1999.0,3.0,9.0
Australia,AUS,2000.0,3.0,9.0
Australia,AUS,2001.0,3.0,9.0
Australia,AUS,2002.0,3.0,9.0
Australia,AUS,2003.0,3.0,9.0
Australia,AUS,2004.0,3.0,9.0
Australia,AUS,2005.0,3.0,9.0
Australia,AUS,2006.0,3.0,9.0
Australia,AUS,2007.0,3.0,9.0
Australia,AUS,2008.0,3.0,9.0
Australia,AUS,2009.0,3.0,9.0
Australia,AUS,2010.0,3.0,9.0
Australia,AUS,2011.0,3.0,9.0
Australia,AUS,2012.0,3.0,9.0
Australia,AUS,2013.0,3.0,9.0
Australia,AUS,2014.0,3.0,9.0
Australia,AUS,2015.0,3.0,9.0
Australia,AUS,2016.0,3.0,9.0
Australia,AUS,2017.0,3.0,9.0
Australia,AUS,2018.0,3.0,9.0
Australia,AUS,2019.0,3.0,9.0
Australia,AUS,2020.0,3.0,9.0
Australia,AUS,2021.0,3.0,9.0
Australia,AUS,2022.0,3.0,9.0
Australia,AUS,2023.0,3.0,9.0
Australia,AUS,2024.0,3.0,9.0
Botswana,BWA,1946.0,0.0,0.0
Botswana,BWA,1947.0,0.0,0.0
Botswana,BWA,1948.0,0.0,0.0
Botswana,BWA,1949.0,0.0,0.0
Botswana,BWA,1950.0,0.0,0.0
Botswana,BWA,1951.0,0.0,0.0
Botswana,BWA,1952.0,0.0,0.0
Botswana,BWA,1953.0,0.0,0.0
Botswana,BWA,1954.0,0.0,0.0
Botswana,BWA,1955.0,0.0,0.0
Botswana,BWA,1956.0,0.0,0.0
Botswana,BWA,1957.0,0.0,0.0
Botswana,BWA,1958.0,0.0,0.0
Botswana,BWA,1959.0,0.0,0.0
Botswana,BWA,1960.0,0.0,0.0
Botswana,BWA,1961.0,0.0,0.0
Botswana,BWA,1962.0,0.0,0.0
Botswana,BWA,1963.0,0.0,0.0
Botswana,BWA,1964.0,0.0,0.0
Botswana,BWA,1965.0,1.0,3.0
Botswana,BWA,1966.0,1.0,3.0
Botswana,BWA,1967.0,2.0,7.0
Botswana,BWA,1968.0,2.0,7.0
Botswana,BWA,1969.0,2.0,7.0
Botswana,BWA,1970.0,2.0,7.0
Botswana,BWA,1971.0,2.0,7.0
Botswana,BWA,1972.0,2.0,7.0
Botswana,BWA,1973.0,2.0,7.0
Botswana,BWA,1974.0,2.0,7.0
Botswana,BWA,1975.0,2.0,7.0
Botswana,BWA,1976.0,2.0,7.0
Botswana,BWA,1977.0,2.0,7.0
Botswana,BWA,1978.0,2.0,7.0
Botswana,BWA,1979.0,2.0,7.0
Botswana,BWA,1980.0,2.0,7.0
Botswana,BWA,1981.0,2.0,7.0
Botswana,BWA,1982.0,2.0,7.0
Botswana,BWA,1983.0,2.0,7.0
Botswana,BWA,1984.0,2.0,7.0
Botswana,BWA,1985.0,2.0,7.0
Botswana,BWA,1986.0,2.0,7.0
Botswana,BWA,1987.0,2.0,7.0
Botswana,BWA,1988.0,2.0,7.0
Botswana,BWA,1989.0,2.0,7.0
Botswana,BWA,1990.0,2.0,7.0
Botswana,BWA,1991.0,2.0,7.0
Botswana,BWA,1992.0,2.0,7.0
Botswana,BWA,1993.0,2.0,7.0
Botswana,BWA,1994.0,2.0,7.0
Botswana,BWA,1995.0,2.0,7.0
Botswana,BWA,1996.0,2.0,7.0
Botswana,BWA,1997.0,2.0,7.0
Botswana,BWA,1998.0,2.0,7.0
Botswana,BWA,1999.0,3.0,8.0
Botswana,BWA,2000.0,3.0,8.0
Botswana,BWA,2001.0,3.0,8.0
Botswana,BWA,2002.0,3.0,8.0
Botswana,BWA,2003.0,3.0,8.0
Botswana,BWA,2004.0,3.0,8.0
Botswana,BWA,2005.0,3.0,8.0
Botswana,BWA,2006.0,3.0,8.0
Botswana,BWA,2007.0,3.0,8.0
Botswana,BWA,2008.0,3.0,8.0
Botswana,BWA,2009.0,3.0,8.0
Botswana,BWA,2010.0,3.0,9.0
Botswana,BWA,2011.0,3.0,9.0
Botswana,BWA,2012.0,3.0,9.0
Botswana,BWA,2013.0,3.0,9.0
Botswana,BWA,2014.0,3.0,9.0
Botswana,BWA,2015.0,3.0,9.0
Botswana,BWA,2016.0,3.0,9.0
Botswana,BWA,2017.0,3.0,8.0
Botswana,BWA,2018.0,3.0,8.0
Botswana,BWA,2019.0,3.0,8.0
Botswana,BWA,2020.0,3.0,8.0
Botswana,BWA,2021.0,2.0,7.0
Botswana,BWA,2022.0,2.0,6.0
Botswana,BWA,2023.0,2.0,5.0
Botswana,BWA,2024.0,2.0,7.0
Burundi,BDI,1946.0,0.0,0.0
Burundi,BDI,1947.0,0.0,0.0
Burundi,BDI,1948.0,0.0,0.0
Burundi,BDI,1949.0,0.0,0.0
Burundi,BDI,1950.0,0.0,0.0
Burundi,BDI,1951.0,0.0,0.0
Burundi,BDI,1952.0,0.0,0.0
Burundi,BDI,1953.0,0.0,0.0
Burundi,BDI,1954.0,0.0,0.0
Burundi,BDI,1955.0,0.0,0.0
Burundi,BDI,1956.0,0.0,0.0
Burundi,BDI,1957.0,0.0,0.0
Burundi,BDI,1958.0,0.0,0.0
Burundi,BDI,1959.0,0.0,0.0
Burundi,BDI,1960.0,0.0,0.0
Burundi,BDI,1961.0,0.0,0.0
Burundi,BDI,1962.0,0.0,0.0
Burundi,BDI,1963.0,0.0,0.0
Burundi,BDI,1964.0,0.0,0.0
Burundi,BDI,1965.0,0.0,0.0
Burundi,BDI,1966.0,0.0,0.0
Burundi,BDI,1967.0,0.0,0.0
Burundi,BDI,1968.0,0.0,0.0
Burundi,BDI,1969.0,0.0,0.0
Burundi,BDI,1970.0,0.0,0.0
Burundi,BDI,1971.0,0.0,0.0
Burundi,BDI,1972.0,0.0,0.0
Burundi,BDI,1973.0,0.0,0.0
Burundi,BDI,1974.0,0.0,0.0
Burundi,BDI,1975.0,0.0,0.0
Burundi,BDI,1976.0,0.0,0.0
Burundi,BDI,1977.0,0.0,0.0
Burundi,BDI,1978.0,0.0,0.0
Burundi,BDI,1979.0,0.0,0.0
Burundi,BDI,1980.0,0.0,0.0
Burundi,BDI,1981.0,0.0,0.0
Burundi,BDI,1982.0,0.0,0.0
Burundi,BDI,1983.0,0.0,0.0
Burundi,BDI,1984.0,1.0,2.0
Burundi,BDI,1985.0,1.0,2.0
Burundi,BDI,1986.0,1.0,2.0
Burundi,BDI,1987.0,1.0,2.0
Burundi,BDI,1988.0,0.0,0.0
Burundi,BDI,1989.0,0.0,0.0
Burundi,BDI,1990.0,0.0,0.0
Burundi,BDI,1991.0,0.0,0.0
Burundi,BDI,1992.0,0.0,0.0
Burundi,BDI,1993.0,1.0,3.0
Burundi,BDI,1994.0,1.0,3.0
Burundi,BDI,1995.0,1.0,3.0
Burundi,BDI,1996.0,0.0,0.0
Burundi,BDI,1997.0,0.0,0.0
Burundi,BDI,1998.0,0.0,0.0
Burundi,BDI,1999.0,0.0,0.0
Burundi,BDI,2000.0,0.0,0.0
Burundi,BDI,2001.0,0.0,0.0
Burundi,BDI,2002.0,0.0,0.0
Burundi,BDI,2003.0,0.0,0.0
Burundi,BDI,2004.0,0.0,0.0
Burundi,BDI,2005.0,1.0,3.0
Burundi,BDI,2006.0,1.0,3.0
Burundi,BDI,2007.0,1.0,3.0
Burundi,BDI,2008.0,1.0,3.0
Burundi,BDI,2009.0,1.0,3.0
Burundi,BDI,2010.0,1.0,3.0
Burundi,BDI,2011.0,1.0,3.0
Burundi,BDI,2012.0,1.0,3.0
Burundi,BDI,2013.0,1.0,3.0
Burundi,BDI,2014.0,1.0,3.0
Burundi,BDI,2015.0,1.0,3.0
Burundi,BDI,2016.0,1.0,3.0
Burundi,BDI,2017.0,1.0,3.0
Burundi,BDI,2018.0,1.0,3.0
Burundi,BDI,2019.0,1.0,3.0
Burundi,BDI,2020.0,1.0,3.0
Burundi,BDI,2021.0,1.0,3.0
Burundi,BDI,2022.0,1.0,3.0
Burundi,BDI,2023.0,1.0,3.0
Burundi,BDI,2024.0,1.0,3.0
Cape Verde,CPV,1946.0,0.0,0.0
Cape Verde,CPV,1947.0,0.0,0.0
Cape Verde,CPV,1948.0,0.0,0.0
Cape Verde,CPV,1949.0,0.0,0.0
Cape Verde,CPV,1950.0,0.0,0.0
Cape Verde,CPV,1951.0,0.0,0.0
Cape Verde,CPV,1952.0,0.0,0.0
Cape Verde,CPV,1953.0,0.0,0.0
Cape Verde,CPV,1954.0,0.0,0.0
Cape Verde,CPV,1955.0,0.0,0.0
Cape Verde,CPV,1956.0,0.0,0.0
Cape Verde,CPV,1957.0,0.0,0.0
Cape Verde,CPV,1958.0,0.0,0.0
Cape Verde,CPV,1959.0,0.0,0.0
Cape Verde,CPV,1960.0,0.0,0.0
Cape Verde,CPV,1961.0,0.0,0.0
Cape Verde,CPV,1962.0,0.0,0.0
Cape Verde,CPV,1963.0,0.0,0.0
Cape Verde,CPV,1964.0,0.0,0.0
Cape Verde,CPV,1965.0,0.0,0.0
Cape Verde,CPV,1966.0,0.0,0.0
Cape Verde,CPV,1967.0,0.0,0.0
Cape Verde,CPV,1968.0,0.0,0.0
Cape Verde,CPV,1969.0,0.0,0.0
Cape Verde,CPV,1970.0,0.0,0.0
Cape Verde,CPV,1971.0,0.0,0.0
Cape Verde,CPV,1972.0,0.0,0.0
Cape Verde,CPV,1973.0,0.0,0.0
Cape Verde,CPV,1974.0,0.0,0.0
Cape Verde,CPV,1975.0,1.0,3.0
Cape Verde,CPV,1976.0,0.0,0.0
Cape Verde,CPV,1977.0,0.0,0.0
Cape Verde,CPV,1978.0,0.0,0.0
Cape Verde,CPV,1979.0,0.0,0.0
Cape Verde,CPV,1980.0,1.0,3.0
Cape Verde,CPV,1981.0,1.0,3.0
Cape Verde,CPV,1982.0,1.0,3.0
Cape Verde,CPV,1983.0,1.0,3.0
Cape Verde,CPV,1984.0,1.0,3.0
Cape Verde,CPV,1985.0,1.0,3.0
Cape Verde,CPV,1986.0,1.0,3.0
Cape Verde,CPV,1987.0,1.0,3.0
Cape Verde,CPV,1988.0,1.0,3.0
Cape Verde,CPV,1989.0,1.0,3.0
Cape Verde,CPV,1990.0,1.0,3.0
Cape Verde,CPV,1991.0,2.0,7.0
Cape Verde,CPV,1992.0,2.0,7.0
Cape Verde,CPV,1993.0,2.0,7.0
Cape Verde,CPV,1994.0,2.0,7.0
Cape Verde,CPV,1995.0,2.0,7.0
Cape Verde,CPV,1996.0,2.0,7.0
Cape Verde,CPV,1997.0,2.0,7.0
Cape Verde,CPV,1998.0,2.0,7.0
Cape Verde,CPV,1999.0,2.0,7.0
Cape Verde,CPV,2000.0,2.0,7.0
Cape Verde,CPV,2001.0,2.0,7.0
Cape Verde,CPV,2002.0,2.0,7.0
Cape Verde,CPV,2003.0,2.0,7.0
Cape Verde,CPV,2004.0,2.0,7.0
Cape Verde,CPV,2005.0,2.0,7.0
Cape Verde,CPV,2006.0,2.0,7.0
Cape Verde,CPV,2007.0,2.0,7.0
Cape Verde,CPV,2008.0,2.0,7.0
Cape Verde,CPV,2009.0,2.0,7.0
Cape Verde,CPV,2010.0,2.0,7.0
Cape Verde,CPV,2011.0,2.0,7.0
Cape Verde,CPV,2012.0,2.0,7.0
Cape Verde,CPV,2013.0,2.0,7.0
Cape Verde,CPV,2014.0,2.0,7.0
Cape Verde,CPV,2015.0,2.0,7.0
Cape Verde,CPV,2016.0,2.0,7.0
Cape Verde,CPV,2017.0,2.0,7.0
Cape Verde,CPV,2018.0,2.0,6.0
Cape Verde,CPV,2019.0,2.0,6.0
Cape Verde,CPV,2020.0,2.0,6.0
Cape Verde,CPV,2021.0,2.0,6.0
Cape Verde,CPV,2022.0,2.0,6.0
Cape Verde,CPV,2023.0,2.0,6.0
Cape Verde,CPV,2024.0,2.0,6.0
Central African Republic,CAF,1946.0,0.0,0.0
Central African Republic,CAF,1947.0,0.0,0.0
Central African Republic,CAF,1948.0,0.0,0.0
Central African Republic,CAF,1949.0,0.0,0.0
Central African Republic,CAF,1950.0,0.0,0.0
Central African Republic,CAF,1951.0,0.0,0.0
Central African Republic,CAF,1952.0,0.0,0.0
Central African Republic,CAF,1953.0,0.0,0.0
Central African Republic,CAF,1954.0,0.0,0.0
Central African Republic,CAF,1955.0,0.0,0.0
Central African Republic,CAF,1956.0,0.0,0.0
Central African Republic,CAF,1957.0,0.0,0.0
Central African Republic,CAF,1958.0,0.0,0.0
Central African Republic,CAF,1959.0,0.0,0.0
Central African Republic,CAF,1960.0,1.0,3.0
Central African Republic,CAF,1961.0,1.0,3.0
Central African Republic,CAF,1962.0,1.0,3.0
Central African Republic,CAF,1963.0,1.0,3.0
Central African Republic,CAF,1964.0,0.0,1.0
Central African Republic,CAF,1965.0,0.0,1.0
Central African Republic,CAF,1966.0,0.0,0.0
Central African Republic,CAF,1967.0,0.0,0.0
Central African Republic,CAF,1968.0,0.0,0.0
Central African Republic,CAF,1969.0,0.0,0.0
Central African Republic,CAF,1970.0,0.0,0.0
Central African Republic,CAF,1971.0,0.0,0.0
Central African Republic,CAF,1972.0,0.0,0.0
Central African Republic,CAF,1973.0,0.0,0.0
Central African Republic,CAF,1974.0,0.0,0.0
Central African Republic,CAF,1975.0,0.0,0.0
Central African Republic,CAF,1976.0,0.0,0.0
Central African Republic,CAF,1977.0,0.0,0.0
Central African Republic,CAF,1978.0,0.0,0.0
Central African Republic,CAF,1979.0,0.0,0.0
Central African Republic,CAF,1980.0,0.0,0.0
Central African Republic,CAF,1981.0,1.0,3.0
Central African Republic,CAF,1982.0,0.0,0.0
Central African Republic,CAF,1983.0,0.0,0.0
Central African Republic,CAF,1984.0,0.0,0.0
Central African Republic,CAF,1985.0,0.0,0.0
Central African Republic,CAF,1986.0,1.0,3.0
Central African Republic,CAF,1987.0,1.0,3.0
Central African Republic,CAF,1988.0,1.0,3.0
Central African Republic,CAF,1989.0,1.0,3.0
Central African Republic,CAF,1990.0,1.0,3.0
Central African Republic,CAF,1991.0,1.0,3.0
Central African Republic,CAF,1992.0,1.0,3.0
Central African Republic,CAF,1993.0,1.0,3.0
Central African Republic,CAF,1994.0,1.0,3.0
Central African Republic,CAF,1995.0,1.0,3.0
Central African Republic,CAF,1996.0,1.0,3.0
Central African Republic,CAF,1997.0,1.0,3.0
Central African Republic,CAF,1998.0,1.0,3.0
Central African Republic,CAF,1999.0,1.0,3.0
Central African Republic,CAF,2000.0,1.0,3.0
Central African Republic,CAF,2001.0,1.0,3.0
Central African Republic,CAF,2002.0,1.0,3.0
Central African Republic,CAF,2003.0,1.0,3.0
Central African Republic,CAF,2004.0,0.0,0.0
Central African Republic,CAF,2005.0,1.0,3.0
Central African Republic,CAF,2006.0,1.0,3.0
Central African Republic,CAF,2007.0,1.0,3.0
Central African Republic,CAF,2008.0,1.0,3.0
Central African Republic,CAF,2009.0,1.0,3.0
Central African Republic,CAF,2010.0,1.0,3.0
Central African Republic,CAF,2011.0,1.0,3.0
Central African Republic,CAF,2012.0,1.0,3.0
Central African Republic,CAF,2013.0,1.0,3.0
Central African Republic,CAF,2014.0,1.0,3.0
Central African Republic,CAF,2015.0,1.0,3.0
Central African Republic,CAF,2016.0,1.0,3.0
Central African Republic,CAF,2017.0,1.0,3.0
Central African Republic,CAF,2018.0,1.0,3.0
Central African Republic,CAF,2019.0,1.0,3.0
Central African Republic,CAF,2020.0,1.0,3.0
Central African Republic,CAF,2021.0,1.0,3.0
Central African Republic,CAF,2022.0,1.0,3.0
Central African Republic,CAF,2023.0,1.0,3.0
Central African Republic,CAF,2024.0,1.0,3.0
Chile,CHL,1946.0,1.0,3.0
Chile,CHL,1947.0,1.0,3.0
Chile,CHL,1948.0,1.0,3.0
Chile,CHL,1949.0,1.0,3.0
Chile,CHL,1950.0,1.0,3.0
Chile,CHL,1951.0,1.0,3.0
Chile,CHL,1952.0,1.0,3.0
Chile,CHL,1953.0,1.0,3.0
Chile,CHL,1954.0,1.0,3.0
Chile,CHL,1955.0,1.0,3.0
Chile,CHL,1956.0,1.0,3.0
Chile,CHL,1957.0,1.0,3.0
Chile,CHL,1958.0,1.0,3.0
Chile,CHL,1959.0,2.0,5.0
Chile,CHL,1960.0,2.0,5.0
Chile,CHL,1961.0,2.0,6.0
Chile,CHL,1962.0,2.0,6.0
Chile,CHL,1963.0,2.0,6.0
Chile,CHL,1964.0,2.0,6.0
Chile,CHL,1965.0,2.0,6.0
Chile,CHL,1966.0,2.0,6.0
Chile,CHL,1967.0,2.0,6.0
Chile,CHL,1968.0,2.0,6.0
Chile,CHL,1969.0,2.0,6.0
Chile,CHL,1970.0,2.0,6.0
Chile,CHL,1971.0,2.0,6.0
Chile,CHL,1972.0,2.0,6.0
Chile,CHL,1973.0,1.0,3.0
Chile,CHL,1974.0,0.0,0.0
Chile,CHL,1975.0,0.0,0.0
Chile,CHL,1976.0,0.0,0.0
Chile,CHL,1977.0,0.0,0.0
Chile,CHL,1978.0,0.0,0.0
Chile,CHL,1979.0,0.0,0.0
Chile,CHL,1980.0,0.0,0.0
Chile,CHL,1981.0,0.0,0.0
Chile,CHL,1982.0,0.0,0.0
Chile,CHL,1983.0,0.0,0.0
Chile,CHL,1984.0,0.0,0.0
Chile,CHL,1985.0,0.0,0.0
Chile,CHL,1986.0,0.0,0.0
Chile,CHL,1987.0,0.0,0.0
Chile,CHL,1988.0,0.0,0.0
Chile,CHL,1989.0,1.0,3.0
Chile,CHL,1990.0,2.0,7.0
Chile,CHL,1991.0,2.0,7.0
Chile,CHL,1992.0,2.0,7.0
Chile,CHL,1993.0,2.0,7.0
Chile,CHL,1994.0,2.0,7.0
Chile,CHL,1995.0,2.0,7.0
Chile,CHL,1996.0,3.0,8.0
Chile,CHL,1997.0,3.0,8.0
Chile,CHL,1998.0,3.0,8.0
Chile,CHL,1999.0,3.0,8.0
Chile,CHL,2000.0,3.0,8.0
Chile,CHL,2001.0,3.0,8.0
Chile,CHL,2002.0,3.0,8.0
Chile,CHL,2003.0,3.0,8.0
Chile,CHL,2004.0,3.0,8.0
Chile,CHL,2005.0,3.0,8.0
Chile,CHL,2006.0,3.0,8.0
Chile,CHL,2007.0,3.0,8.0
Chile,CHL,2008.0,3.0,8.0
Chile,CHL,2009.0,3.0,8.0
Chile,CHL,2010.0,3.0,8.0
Chile,CHL,2011.0,3.0,8.0
Chile,CHL,2012.0,3.0,8.0
Chile,CHL,2013.0,3.0,8.0
Chile,CHL,2014.0,3.0,8.0
Chile,CHL,2015.0,3.0,8.0
Chile,CHL,2016.0,3.0,8.0
Chile,CHL,2017.0,3.0,8.0
Chile,CHL,2018.0,2.0,7.0
Chile,CHL,2019.0,2.0,7.0
Chile,CHL,2020.0,2.0,7.0
Chile,CHL,2021.0,3.0,8.0
Chile,CHL,2022.0,3.0,8.0
Chile,CHL,2023.0,3.0,8.0
Chile,CHL,2024.0,3.0,8.0
Costa Rica,CRI,1946.0,1.0,3.0
Costa Rica,CRI,1947.0,1.0,3.0
Costa Rica,CRI,1948.0,1.0,3.0
Costa Rica,CRI,1949.0,0.0,0.0
Costa Rica,CRI,1950.0,2.0,5.0
Costa Rica,CRI,1951.0,2.0,7.0
Costa Rica,CRI,1952.0,2.0,7.0
Costa Rica,CRI,1953.0,2.0,7.0
Costa Rica,CRI,1954.0,2.0,7.0
Costa Rica,CRI,1955.0,2.0,7.0
Costa Rica,CRI,1956.0,2.0,7.0
Costa Rica,CRI,1957.0,2.0,7.0
Costa Rica,CRI,1958.0,2.0,7.0
Costa Rica,CRI,1959.0,2.0,7.0
Costa Rica,CRI,1960.0,2.0,7.0
Costa Rica,CRI,1961.0,2.0,7.0
Costa Rica,CRI,1962.0,2.0,7.0
Costa Rica,CRI,1963.0,2.0,7.0
Costa Rica,CRI,1964.0,2.0,7.0
Costa Rica,CRI,1965.0,2.0,7.0
Costa Rica,CRI,1966.0,2.0,7.0
Costa Rica,CRI,1967.0,2.0,7.0
Costa Rica,CRI,1968.0,2.0,7.0
Costa Rica,CRI,1969.0,2.0,7.0
Costa Rica,CRI,1970.0,2.0,7.0
Costa Rica,CRI,1971.0,2.0,7.0
Costa Rica,CRI,1972.0,2.0,7.0
Costa Rica,CRI,1973.0,2.0,7.0
Costa Rica,CRI,1974.0,2.0,7.0
Costa Rica,CRI,1975.0,2.0,7.0
Costa Rica,CRI,1976.0,2.0,7.0
Costa Rica,CRI,1977.0,2.0,7.0
Costa Rica,CRI,1978.0,2.0,7.0
Costa Rica,CRI,1979.0,2.0,7.0
Costa Rica,CRI,1980.0,2.0,7.0
Costa Rica,CRI,1981.0,2.0,7.0
Costa Rica,CRI,1982.0,2.0,7.0
Costa Rica,CRI,1983.0,2.0,7.0
Costa Rica,CRI,1984.0,2.0,7.0
Costa Rica,CRI,1985.0,2.0,7.0
Costa Rica,CRI,1986.0,2.0,7.0
Costa Rica,CRI,1987.0,2.0,7.0
Costa Rica,CRI,1988.0,2.0,7.0
Costa Rica,CRI,1989.0,3.0,9.0
Costa Rica,CRI,1990.0,3.0,9.0
Costa Rica,CRI,1991.0,3.0,9.0
Costa Rica,CRI,1992.0,3.0,9.0
Costa Rica,CRI,1993.0,3.0,9.0
Costa Rica,CRI,1994.0,3.0,9.0
Costa Rica,CRI,1995.0,3.0,9.0
Costa Rica,CRI,1996.0,3.0,9.0
Costa Rica,CRI,1997.0,3.0,9.0
Costa Rica,CRI,1998.0,3.0,9.0
Costa Rica,CRI,1999.0,3.0,9.0
Costa Rica,CRI,2000.0,3.0,9.0
Costa Rica,CRI,2001.0,3.0,9.0
Costa Rica,CRI,2002.0,3.0,9.0
Costa Rica,CRI,2003.0,3.0,9.0
Costa Rica,CRI,2004.0,3.0,9.0
Costa Rica,CRI,2005.0,3.0,9.0
Costa Rica,CRI,2006.0,3.0,9.0
Costa Rica,CRI,2007.0,3.0,9.0
Costa Rica,CRI,2008.0,3.0,9.0
Costa Rica,CRI,2009.0,3.0,9.0
Costa Rica,CRI,2010.0,3.0,9.0
Costa Rica,CRI,2011.0,3.0,9.0
Costa Rica,CRI,2012.0,3.0,9.0
Costa Rica,CRI,2013.0,3.0,9.0
Costa Rica,CRI,2014.0,3.0,9.0
Costa Rica,CRI,2015.0,3.0,9.0
Costa Rica,CRI,2016.0,3.0,9.0
Costa Rica,CRI,2017.0,3.0,9.0
Costa Rica,CRI,2018.0,3.0,9.0
Costa Rica,CRI,2019.0,3.0,9.0
Costa Rica,CRI,2020.0,3.0,9.0
Costa Rica,CRI,2021.0,3.0,9.0
Costa Rica,CRI,2022.0,3.0,9.0
Costa Rica,CRI,2023.0,3.0,9.0
Costa Rica,CRI,2024.0,3.0,9.0
Timor-Leste,TLS,1946.0,0.0,0.0
Timor-Leste,TLS,1947.0,0.0,0.0
Timor-Leste,TLS,1948.0,0.0,0.0
Timor-Leste,TLS,1949.0,0.0,0.0
Timor-Leste,TLS,1950.0,0.0,0.0
Timor-Leste,TLS,1951.0,0.0,0.0
Timor-Leste,TLS,1952.0,0.0,0.0
Timor-Leste,TLS,1953.0,0.0,0.0
Timor-Leste,TLS,1954.0,0.0,0.0
Timor-Leste,TLS,1955.0,0.0,0.0
Timor-Leste,TLS,1956.0,0.0,0.0
Timor-Leste,TLS,1957.0,0.0,0.0
Timor-Leste,TLS,1958.0,0.0,0.0
Timor-Leste,TLS,1959.0,0.0,0.0
Timor-Leste,TLS,1960.0,0.0,0.0
Timor-Leste,TLS,1961.0,0.0,0.0
Timor-Leste,TLS,1962.0,0.0,0.0
Timor-Leste,TLS,1963.0,0.0,0.0
Timor-Leste,TLS,1964.0,0.0,0.0
Timor-Leste,TLS,1965.0,0.0,0.0
Timor-Leste,TLS,1966.0,0.0,0.0
Timor-Leste,TLS,1967.0,0.0,0.0
Timor-Leste,TLS,1968.0,0.0,0.0
Timor-Leste,TLS,1969.0,0.0,0.0
Timor-Leste,TLS,1970.0,0.0,0.0
Timor-Leste,TLS,1971.0,0.0,0.0
Timor-Leste,TLS,1972.0,0.0,0.0
Timor-Leste,TLS,1973.0,0.0,0.0
Timor-Leste,TLS,1974.0,0.0,0.0
Timor-Leste,TLS,1975.0,0.0,0.0
Timor-Leste,TLS,1976.0,0.0,0.0
Timor-Leste,TLS,1977.0,0.0,0.0
Timor-Leste,TLS,1978.0,0.0,0.0
Timor-Leste,TLS,1979.0,0.0,0.0
Timor-Leste,TLS,1980.0,0.0,0.0
Timor-Leste,TLS,1981.0,0.0,0.0
Timor-Leste,TLS,1982.0,0.0,0.0
Timor-Leste,TLS,1983.0,0.0,0.0
Timor-Leste,TLS,1984.0,0.0,0.0
Timor-Leste,TLS,1985.0,0.0,0.0
Timor-Leste,TLS,1986.0,0.0,0.0
Timor-Leste,TLS,1987.0,0.0,0.0
Timor-Leste,TLS,1988.0,0.0,0.0
Timor-Leste,TLS,1989.0,0.0,0.0
Timor-Leste,TLS,1990.0,0.0,0.0
Timor-Leste,TLS,1991.0,0.0,0.0
Timor-Leste,TLS,1992.0,0.0,0.0
Timor-Leste,TLS,1993.0,0.0,0.0
Timor-Leste,TLS,1994.0,0.0,0.0
Timor-Leste,TLS,1995.0,0.0,0.0
Timor-Leste,TLS,1996.0,0.0,0.0
Timor-Leste,TLS,1997.0,0.0,0.0
Timor-Leste,TLS,1998.0,0.0,0.0
Timor-Leste,TLS,1999.0,0.0,0.0
Timor-Leste,TLS,2000.0,0.0,0.0
Timor-Leste,TLS,2001.0,1.0,3.0
Timor-Leste,TLS,2002.0,2.0,5.0
Timor-Leste,TLS,2003.0,2.0,6.0
Timor-Leste,TLS,2004.0,2.0,6.0
Timor-Leste,TLS,2005.0,2.0,6.0
Timor-Leste,TLS,2006.0,2.0,6.0
Timor-Leste,TLS,2007.0,2.0,6.0
Timor-Leste,TLS,2008.0,2.0,6.0
Timor-Leste,TLS,2009.0,2.0,6.0
Timor-Leste,TLS,2010.0,2.0,6.0
Timor-Leste,TLS,2011.0,2.0,6.0
Timor-Leste,TLS,2012.0,2.0,6.0
Timor-Leste,TLS,2013.0,2.0,6.0
Timor-Leste,TLS,2014.0,2.0,6.0
Timor-Leste,TLS,2015.0,2.0,6.0
Timor-Leste,TLS,2016.0,2.0,6.0
Timor-Leste,TLS,2017.0,2.0,6.0
Timor-Leste,TLS,2018.0,2.0,6.0
Timor-Leste,TLS,2019.0,2.0,6.0
Timor-Leste,TLS,2020.0,2.0,6.0
Timor-Leste,TLS,2021.0,2.0,6.0
Timor-Leste,TLS,2022.0,2.0,6.0
Timor-Leste,TLS,2023.0,2.0,6.0
Timor-Leste,TLS,2024.0,2.0,6.0
Ecuador,ECU,1946.0,0.0,0.0
Ecuador,ECU,1947.0,1.0,3.0
Ecuador,ECU,1948.0,1.0,3.0
Ecuador,ECU,1949.0,1.0,3.0
Ecuador,ECU,1950.0,1.0,3.0
Ecuador,ECU,1951.0,1.0,3.0
Ecuador,ECU,1952.0,1.0,3.0
Ecuador,ECU,1953.0,1.0,3.0
Ecuador,ECU,1954.0,1.0,3.0
Ecuador,ECU,1955.0,1.0,3.0
Ecuador,ECU,1956.0,1.0,3.0
Ecuador,ECU,1957.0,1.0,3.0
Ecuador,ECU,1958.0,1.0,3.0
Ecuador,ECU,1959.0,1.0,3.0
Ecuador,ECU,1960.0,1.0,3.0
Ecuador,ECU,1961.0,1.0,3.0
Ecuador,ECU,1962.0,1.0,3.0
Ecuador,ECU,1963.0,1.0,3.0
Ecuador,ECU,1964.0,0.0,0.0
Ecuador,ECU,1965.0,0.0,0.0
Ecuador,ECU,1966.0,0.0,0.0
Ecuador,ECU,1967.0,0.0,0.0
Ecuador,ECU,1968.0,1.0,3.0
Ecuador,ECU,1969.0,1.0,3.0
Ecuador,ECU,1970.0,1.0,3.0
Ecuador,ECU,1971.0,1.0,3.0
Ecuador,ECU,1972.0,0.0,0.0
Ecuador,ECU,1973.0,0.0,0.0
Ecuador,ECU,1974.0,0.0,0.0
Ecuador,ECU,1975.0,0.0,0.0
Ecuador,ECU,1976.0,0.0,0.0
Ecuador,ECU,1977.0,0.0,0.0
Ecuador,ECU,1978.0,0.0,0.0
Ecuador,ECU,1979.0,1.0,3.0
Ecuador,ECU,1980.0,2.0,6.0
Ecuador,ECU,1981.0,2.0,6.0
Ecuador,ECU,1982.0,2.0,6.0
Ecuador,ECU,1983.0,2.0,6.0
Ecuador,ECU,1984.0,2.0,6.0
Ecuador,ECU,1985.0,2.0,6.0
Ecuador,ECU,1986.0,2.0,6.0
Ecuador,ECU,1987.0,2.0,6.0
Ecuador,ECU,1988.0,2.0,6.0
Ecuador,ECU,1989.0,2.0,6.0
Ecuador,ECU,1990.0,2.0,6.0
Ecuador,ECU,1991.0,2.0,6.0
Ecuador,ECU,1992.0,2.0,6.0
Ecuador,ECU,1993.0,2.0,6.0
Ecuador,ECU,1994.0,2.0,6.0
Ecuador,ECU,1995.0,2.0,6.0
Ecuador,ECU,1996.0,2.0,6.0
Ecuador,ECU,1997.0,2.0,6.0
Ecuador,ECU,1998.0,2.0,6.0
Ecuador,ECU,1999.0,2.0,6.0
Ecuador,ECU,2000.0,2.0,6.0
Ecuador,ECU,2001.0,2.0,6.0
Ecuador,ECU,2002.0,2.0,6.0
Ecuador,ECU,2003.0,2.0,6.0
Ecuador,ECU,2004.0,2.0,6.0
Ecuador,ECU,2005.0,2.0,6.0
Ecuador,ECU,2006.0,2.0,6.0
Ecuador,ECU,2007.0,2.0,6.0
Ecuador,ECU,2008.0,2.0,6.0
Ecuador,ECU,2009.0,2.0,6.0
Ecuador,ECU,2010.0,2.0,6.0
Ecuador,ECU,2011.0,2.0,6.0
Ecuador,ECU,2012.0,2.0,6.0
Ecuador,ECU,2013.0,2.0,5.0
Ecuador,ECU,2014.0,2.0,5.0
Ecuador,ECU,2015.0,2.0,5.0
Ecuador,ECU,2016.0,2.0,5.0
Ecuador,ECU,2017.0,2.0,5.0
Ecuador,ECU,2018.0,2.0,6.0
Ecuador,ECU,2019.0,2.0,6.0
Ecuador,ECU,2020.0,2.0,6.0
Ecuador,ECU,2021.0,2.0,6.0
Ecuador,ECU,2022.0,2.0,6.0
Ecuador,ECU,2023.0,2.0,6.0
Ecuador,ECU,2024.0,2.0,6.0
France,FRA,1946.0,0.0,0.0
France,FRA,1947.0,3.0,8.0
France,FRA,1948.0,3.0,8.0
France,FRA,1949.0,3.0,8.0
France,FRA,1950.0,3.0,8.0
France,FRA,1951.0,3.0,8.0
France,FRA,1952.0,3.0,8.0
France,FRA,1953.0,3.0,8.0
France,FRA,1954.0,3.0,8.0
France,FRA,1955.0,3.0,8.0
France,FRA,1956.0,3.0,8.0
France,FRA,1957.0,3.0,8.0
France,FRA,1958.0,3.0,8.0
France,FRA,1959.0,3.0,8.0
France,FRA,1960.0,3.0,8.0
France,FRA,1961.0,3.0,8.0
France,FRA,1962.0,3.0,8.0
France,FRA,1963.0,3.0,8.0
France,FRA,1964.0,3.0,8.0
France,FRA,1965.0,3.0,8.0
France,FRA,1966.0,3.0,8.0
France,FRA,1967.0,3.0,8.0
France,FRA,1968.0,3.0,8.0
France,FRA,1969.0,3.0,8.0
France,FRA,1970.0,3.0,8.0
France,FRA,1971.0,3.0,8.0
France,FRA,1972.0,3.0,8.0
France,FRA,1973.0,3.0,8.0
France,FRA,1974.0,3.0,8.0
France,FRA,1975.0,3.0,8.0
France,FRA,1976.0,3.0,8.0
France,FRA,1977.0,3.0,8.0
France,FRA,1978.0,3.0,8.0
France,FRA,1979.0,3.0,8.0
France,FRA,1980.0,3.0,8.0
France,FRA,1981.0,3.0,8.0
France,FRA,1982.0,3.0,8.0
France,FRA,1983.0,3.0,8.0
France,FRA,1984.0,3.0,8.0
France,FRA,1985.0,3.0,8.0
France,FRA,1986.0,3.0,8.0
France,FRA,1987.0,3.0,8.0
France,FRA,1988.0,3.0,8.0
France,FRA,1989.0,3.0,8.0
France,FRA,1990.0,3.0,8.0
France,FRA,1991.0,3.0,8.0
France,FRA,1992.0,3.0,9.0
France,FRA,1993.0,3.0,9.0
France,FRA,1994.0,3.0,9.0
France,FRA,1995.0,3.0,9.0
France,FRA,1996.0,3.0,9.0
France,FRA,1997.0,3.0,9.0
France,FRA,1998.0,3.0,9.0
France,FRA,1999.0,3.0,9.0
France,FRA,2000.0,3.0,9.0
France,FRA,2001.0,3.0,9.0
France,FRA,2002.0,3.0,9.0
France,FRA,2003.0,3.0,9.0
France,FRA,2004.0,3.0,9.0
France,FRA,2005.0,3.0,9.0
France,FRA,2006.0,3.0,9.0
France,FRA,2007.0,3.0,9.0
France,FRA,2008.0,3.0,9.0
France,FRA,2009.0,3.0,9.0
France,FRA,2010.0,3.0,9.0
France,FRA,2011.0,3.0,9.0
France,FRA,2012.0,3.0,9.0
France,FRA,2013.0,3.0,9.0
France,FRA,2014.0,3.0,9.0
France,FRA,2015.0,3.0,9.0
France,FRA,2016.0,3.0,9.0
France,FRA,2017.0,3.0,9.0
France,FRA,2018.0,3.0,9.0
France,FRA,2019.0,3.0,9.0
France,FRA,2020.0,3.0,9.0
France,FRA,2021.0,3.0,8.0
France,FRA,2022.0,3.0,8.0
France,FRA,2023.0,3.0,8.0
France,FRA,2024.0,3.0,8.0
Germany,DEU,1949.0,3.0,9.0
Germany,DEU,1950.0,3.0,9.0
Germany,DEU,1951.0,3.0,9.0
Germany,DEU,1952.0,3.0,9.0
Germany,DEU,1953.0,3.0,9.0
Germany,DEU,1954.0,3.0,9.0
Germany,DEU,1955.0,3.0,9.0
Germany,DEU,1956.0,3.0,9.0
Germany,DEU,1957.0,3.0,9.0
Germany,DEU,1958.0,3.0,9.0
Germany,DEU,1959.0,3.0,9.0
Germany,DEU,1960.0,3.0,9.0
Germany,DEU,1961.0,3.0,9.0
Germany,DEU,1962.0,3.0,9.0
Germany,DEU,1963.0,3.0,9.0
Germany,DEU,1964.0,3.0,9.0
Germany,DEU,1965.0,3.0,9.0
Germany,DEU,1966.0,3.0,9.0
Germany,DEU,1967.0,3.0,9.0
Germany,DEU,1968.0,3.0,9.0
Germany,DEU,1969.0,3.0,9.0
Germany,DEU,1970.0,3.0,9.0
Germany,DEU,1971.0,3.0,9.0
Germany,DEU,1972.0,3.0,9.0
Germany,DEU,1973.0,3.0,9.0
Germany,DEU,1974.0,3.0,9.0
Germany,DEU,1975.0,3.0,9.0
Germany,DEU,1976.0,3.0,9.0
Germany,DEU,1977.0,3.0,9.0
Germany,DEU,1978.0,3.0,9.0
Germany,DEU,1979.0,3.0,9.0
Germany,DEU,1980.0,3.0,9.0
Germany,DEU,1981.0,3.0,9.0
Germany,DEU,1982.0,3.0,9.0
Germany,DEU,1983.0,3.0,9.0
Germany,DEU,1984.0,3.0,9.0
Germany,DEU,1985.0,3.0,9.0
Germany,DEU,1986.0,3.0,9.0
Germany,DEU,1987.0,3.0,9.0
Germany,DEU,1988.0,3.0,9.0
Germany,DEU,1989.0,3.0,9.0
Germany,DEU,1990.0,3.0,9.0
Germany,DEU,1991.0,3.0,9.0
Germany,DEU,1992.0,3.0,9.0
Germany,DEU,1993.0,3.0,9.0
Germany,DEU,1994.0,3.0,9.0
Germany,DEU,1995.0,3.0,9.0
Germany,DEU,1996.0,3.0,9.0
Germany,DEU,1997.0,3.0,9.0
Germany,DEU,1998.0,3.0,9.0
Germany,DEU,1999.0,3.0,9.0
Germany,DEU,2000.0,3.0,9.0
Germany,DEU,2001.0,3.0,9.0
Germany,DEU,2002.0,3.0,9.0
Germany,DEU,2003.0,3.0,9.0
Germany,DEU,2004.0,3.0,9.0
Germany,DEU,2005.0,3.0,9.0
Germany,DEU,2006.0,3.0,9.0
Germany,DEU,2007.0,3.0,9.0
Germany,DEU,2008.0,3.0,9.0
Germany,DEU,2009.0,3.0,9.0
Germany,DEU,2010.0,3.0,9.0
Germany,DEU,2011.0,3.0,9.0
Germany,DEU,2012.0,3.0,9.0
Germany,DEU,2013.0,3.0,9.0
Germany,DEU,2014.0,3.0,9.0
Germany,DEU,2015.0,3.0,9.0
Germany,DEU,2016.0,3.0,9.0
Germany,DEU,2017.0,3.0,9.0
Germany,DEU,2018.0,3.0,9.0
Germany,DEU,2019.0,3.0,9.0
Germany,DEU,2020.0,3.0,9.0
Germany,DEU,2021.0,3.0,9.0
Germany,DEU,2022.0,3.0,9.0
Germany,DEU,2023.0,3.0,9.0
Germany,DEU,2024.0,3.0,9.0
Guatemala,GTM,1946.0,1.0,3.0
Guatemala,GTM,1947.0,1.0,3.0
Guatemala,GTM,1948.0,1.0,3.0
Guatemala,GTM,1949.0,1.0,3.0
Guatemala,GTM,1950.0,1.0,3.0
Guatemala,GTM,1951.0,1.0,3.0
Guatemala,GTM,1952.0,1.0,3.0
Guatemala,GTM,1953.0,1.0,3.0
Guatemala,GTM,1954.0,1.0,3.0
Guatemala,GTM,1955.0,0.0,0.0
Guatemala,GTM,1956.0,0.0,0.0
Guatemala,GTM,1957.0,0.0,1.0
Guatemala,GTM,1958.0,0.0,1.0
Guatemala,GTM,1959.0,0.0,1.0
Guatemala,GTM,1960.0,0.0,1.0
Guatemala,GTM,1961.0,0.0,1.0
Guatemala,GTM,1962.0,0.0,1.0
Guatemala,GTM,1963.0,0.0,1.0
Guatemala,GTM,1964.0,0.0,0.0
Guatemala,GTM,1965.0,0.0,0.0
Guatemala,GTM,1966.0,1.0,3.0
Guatemala,GTM,1967.0,1.0,3.0
Guatemala,GTM,1968.0,1.0,3.0
Guatemala,GTM,1969.0,1.0,3.0
Guatemala,GTM,1970.0,1.0,3.0
Guatemala,GTM,1971.0,1.0,3.0
Guatemala,GTM,1972.0,1.0,3.0
Guatemala,GTM,1973.0,1.0,3.0
Guatemala,GTM,1974.0,1.0,2.0
Guatemala,GTM,1975.0,1.0,2.0
Guatemala,GTM,1976.0,1.0,2.0
Guatemala,GTM,1977.0,1.0,2.0
Guatemala,GTM,1978.0,1.0,2.0
Guatemala,GTM,1979.0,1.0,2.0
Guatemala,GTM,1980.0,1.0,2.0
Guatemala,GTM,1981.0,1.0,2.0
Guatemala,GTM,1982.0,1.0,2.0
Guatemala,GTM,1983.0,0.0,0.0
Guatemala,GTM,1984.0,0.0,0.0
Guatemala,GTM,1985.0,1.0,3.0
Guatemala,GTM,1986.0,1.0,3.0
Guatemala,GTM,1987.0,1.0,3.0
Guatemala,GTM,1988.0,1.0,3.0
Guatemala,GTM,1989.0,1.0,3.0
Guatemala,GTM,1990.0,1.0,3.0
Guatemala,GTM,1991.0,1.0,3.0
Guatemala,GTM,1992.0,1.0,3.0
Guatemala,GTM,1993.0,1.0,3.0
Guatemala,GTM,1994.0,1.0,3.0
Guatemala,GTM,1995.0,1.0,3.0
Guatemala,GTM,1996.0,1.0,4.0
Guatemala,GTM,1997.0,1.0,4.0
Guatemala,GTM,1998.0,1.0,4.0
Guatemala,GTM,1999.0,1.0,4.0
Guatemala,GTM,2000.0,2.0,5.0
Guatemala,GTM,2001.0,2.0,5.0
Guatemala,GTM,2002.0,2.0,5.0
Guatemala,GTM,2003.0,2.0,5.0
Guatemala,GTM,2004.0,2.0,6.0
Guatemala,GTM,2005.0,2.0,6.0
Guatemala,GTM,2006.0,2.0,6.0
Guatemala,GTM,2007.0,2.0,5.0
Guatemala,GTM,2008.0,2.0,6.0
Guatemala,GTM,2009.0,2.0,6.0
Guatemala,GTM,2010.0,2.0,6.0
Guatemala,GTM,2011.0,2.0,6.0
Guatemala,GTM,2012.0,2.0,6.0
Guatemala,GTM,2013.0,2.0,6.0
Guatemala,GTM,2014.0,2.0,6.0
Guatemala,GTM,2015.0,2.0,6.0
Guatemala,GTM,2016.0,2.0,6.0
Guatemala,GTM,2017.0,2.0,6.0
Guatemala,GTM,2018.0,2.0,6.0
Guatemala,GTM,2019.0,2.0,6.0
Guatemala,GTM,2020.0,2.0,6.0
Guatemala,GTM,2021.0,2.0,5.0
Guatemala,GTM,2022.0,2.0,5.0
Guatemala,GTM,2023.0,2.0,5.0
Guatemala,GTM,2024.0,2.0,6.0
Iran,IRN,1946.0,0.0,0.0
Iran,IRN,1947.0,0.0,0.0
Iran,IRN,1948.0,0.0,0.0
Iran,IRN,1949.0,0.0,0.0
Iran,IRN,1950.0,0.0,0.0
Iran,IRN,1951.0,0.0,0.0
Iran,IRN,1952.0,0.0,0.0
Iran,IRN,1953.0,0.0,0.0
Iran,IRN,1954.0,0.0,0.0
Iran,IRN,1955.0,0.0,0.0
Iran,IRN,1956.0,0.0,0.0
Iran,IRN,1957.0,0.0,0.0
Iran,IRN,1958.0,0.0,0.0
Iran,IRN,1959.0,0.0,0.0
Iran,IRN,1960.0,0.0,0.0
Iran,IRN,1961.0,0.0,0.0
Iran,IRN,1962.0,0.0,0.0
Iran,IRN,1963.0,0.0,0.0
Iran,IRN,1964.0,0.0,0.0
Iran,IRN,1965.0,0.0,0.0
Iran,IRN,1966.0,0.0,0.0
Iran,IRN,1967.0,0.0,0.0
Iran,IRN,1968.0,0.0,0.0
Iran,IRN,1969.0,0.0,0.0
Iran,IRN,1970.0,0.0,0.0
Iran,IRN,1971.0,0.0,0.0
Iran,IRN,1972.0,0.0,0.0
Iran,IRN,1973.0,0.0,0.0
Iran,IRN,1974.0,0.0,0.0
Iran,IRN,1975.0,0.0,0.0
Iran,IRN,1976.0,0.0,0.0
Iran,IRN,1977.0,0.0,0.0
Iran,IRN,1978.0,0.0,0.0
Iran,IRN,1979.0,0.0,0.0
Iran,IRN,1980.0,1.0,3.0
Iran,IRN,1981.0,1.0,3.0
Iran,IRN,1982.0,1.0,3.0
Iran,IRN,1983.0,1.0,3.0
Iran,IRN,1984.0,1.0,3.0
Iran,IRN,1985.0,1.0,3.0
Iran,IRN,1986.0,1.0,3.0
Iran,IRN,1987.0,1.0,3.0
Iran,IRN,1988.0,1.0,3.0
Iran,IRN,1989.0,1.0,3.0
Iran,IRN,1990.0,1.0,3.0
Iran,IRN,1991.0,1.0,3.0
Iran,IRN,1992.0,1.0,3.0
Iran,IRN,1993.0,1.0,3.0
Iran,IRN,1994.0,1.0,3.0
Iran,IRN,1995.0,1.0,3.0
Iran,IRN,1996.0,1.0,3.0
Iran,IRN,1997.0,1.0,3.0
Iran,IRN,1998.0,1.0,3.0
Iran,IRN,1999.0,1.0,3.0
Iran,IRN,2000.0,1.0,3.0
Iran,IRN,2001.0,1.0,3.0
Iran,IRN,2002.0,1.0,3.0
Iran,IRN,2003.0,1.0,3.0
Iran,IRN,2004.0,1.0,3.0
Iran,IRN,2005.0,1.0,3.0
Iran,IRN,2006.0,1.0,3.0
Iran,IRN,2007.0,1.0,3.0
Iran,IRN,2008.0,1.0,3.0
Iran,IRN,2009.0,1.0,3.0
Iran,IRN,2010.0,1.0,3.0
Iran,IRN,2011.0,1.0,3.0
Iran,IRN,2012.0,1.0,3.0
Iran,IRN,2013.0,1.0,3.0
Iran,IRN,2014.0,1.0,3.0
Iran,IRN,2015.0,1.0,3.0
Iran,IRN,2016.0,1.0,3.0
Iran,IRN,2017.0,1.0,3.0
Iran,IRN,2018.0,1.0,3.0
Iran,IRN,2019.0,1.0,3.0
Iran,IRN,2020.0,1.0,3.0
Iran,IRN,2021.0,0.0,0.0
Iran,IRN,2022.0,0.0,0.0
Iran,IRN,2023.0,0.0,0.0
Iran,IRN,2024.0,1.0,3.0
Iraq,IRQ,1946.0,0.0,0.0
Iraq,IRQ,1947.0,0.0,0.0
Iraq,IRQ,1948.0,0.0,0.0
Iraq,IRQ,1949.0,0.0,0.0
Iraq,IRQ,1950.0,0.0,0.0
Iraq,IRQ,1951.0,0.0,0.0
Iraq,IRQ,1952.0,0.0,0.0
Iraq,IRQ,1953.0,1.0,3.0
Iraq,IRQ,1954.0,1.0,3.0
Iraq,IRQ,1955.0,1.0,3.0
Iraq,IRQ,1956.0,1.0,3.0
Iraq,IRQ,1957.0,1.0,3.0
Iraq,IRQ,1958.0,0.0,0.0
Iraq,IRQ,1959.0,0.0,0.0
Iraq,IRQ,1960.0,0.0,0.0
Iraq,IRQ,1961.0,0.0,0.0
Iraq,IRQ,1962.0,0.0,0.0
Iraq,IRQ,1963.0,0.0,0.0
Iraq,IRQ,1964.0,0.0,0.0
Iraq,IRQ,1965.0,0.0,0.0
Iraq,IRQ,1966.0,0.0,0.0
Iraq,IRQ,1967.0,0.0,0.0
Iraq,IRQ,1968.0,0.0,0.0
Iraq,IRQ,1969.0,0.0,0.0
Iraq,IRQ,1970.0,0.0,0.0
Iraq,IRQ,1971.0,0.0,0.0
Iraq,IRQ,1972.0,0.0,0.0
Iraq,IRQ,1973.0,0.0,0.0
Iraq,IRQ,1974.0,0.0,0.0
Iraq,IRQ,1975.0,0.0,0.0
Iraq,IRQ,1976.0,0.0,0.0
Iraq,IRQ,1977.0,0.0,0.0
Iraq,IRQ,1978.0,0.0,0.0
Iraq,IRQ,1979.0,0.0,0.0
Iraq,IRQ,1980.0,0.0,0.0
Iraq,IRQ,1981.0,0.0,0.0
Iraq,IRQ,1982.0,0.0,0.0
Iraq,IRQ,1983.0,0.0,0.0
Iraq,IRQ,1984.0,0.0,0.0
Iraq,IRQ,1985.0,0.0,0.0
Iraq,IRQ,1986.0,0.0,0.0
Iraq,IRQ,1987.0,0.0,0.0
Iraq,IRQ,1988.0,0.0,0.0
Iraq,IRQ,1989.0,0.0,0.0
Iraq,IRQ,1990.0,0.0,0.0
Iraq,IRQ,1991.0,0.0,0.0
Iraq,IRQ,1992.0,0.0,0.0
Iraq,IRQ,1993.0,0.0,0.0
Iraq,IRQ,1994.0,0.0,0.0
Iraq,IRQ,1995.0,1.0,2.0
Iraq,IRQ,1996.0,1.0,2.0
Iraq,IRQ,1997.0,1.0,2.0
Iraq,IRQ,1998.0,1.0,2.0
Iraq,IRQ,1999.0,1.0,2.0
Iraq,IRQ,2000.0,0.0,0.0
Iraq,IRQ,2001.0,0.0,0.0
Iraq,IRQ,2002.0,0.0,0.0
Iraq,IRQ,2003.0,0.0,0.0
Iraq,IRQ,2004.0,0.0,0.0
Iraq,IRQ,2005.0,1.0,3.0
Iraq,IRQ,2006.0,1.0,3.0
Iraq,IRQ,2007.0,1.0,3.0
Iraq,IRQ,2008.0,1.0,3.0
Iraq,IRQ,2009.0,1.0,3.0
Iraq,IRQ,2010.0,1.0,3.0
Iraq,IRQ,2011.0,1.0,3.0
Iraq,IRQ,2012.0,1.0,3.0
Iraq,IRQ,2013.0,1.0,3.0
Iraq,IRQ,2014.0,1.0,3.0
Iraq,IRQ,2015.0,1.0,3.0
Iraq,IRQ,2016.0,1.0,3.0
Iraq,IRQ,2017.0,1.0,3.0
Iraq,IRQ,2018.0,1.0,3.0
Iraq,IRQ,2019.0,1.0,3.0
Iraq,IRQ,2020.0,1.0,3.0
Iraq,IRQ,2021.0,1.0,3.0
Iraq,IRQ,2022.0,1.0,3.0
Iraq,IRQ,2023.0,1.0,3.0
Iraq,IRQ,2024.0,1.0,3.0
Ireland,IRL,1946.0,3.0,8.0
Ireland,IRL,1947.0,3.0,8.0
Ireland,IRL,1948.0,3.0,8.0
Ireland,IRL,1949.0,3.0,8.0
Ireland,IRL,1950.0,3.0,8.0
Ireland,IRL,1951.0,3.0,8.0
Ireland,IRL,1952.0,3.0,8.0
Ireland,IRL,1953.0,3.0,8.0
Ireland,IRL,1954.0,3.0,8.0
Ireland,IRL,1955.0,3.0,8.0
Ireland,IRL,1956.0,3.0,8.0
Ireland,IRL,1957.0,3.0,8.0
Ireland,IRL,1958.0,3.0,8.0
Ireland,IRL,1959.0,3.0,8.0
Ireland,IRL,1960.0,3.0,8.0
Ireland,IRL,1961.0,3.0,8.0
Ireland,IRL,1962.0,3.0,8.0
Ireland,IRL,1963.0,3.0,8.0
Ireland,IRL,1964.0,3.0,8.0
Ireland,IRL,1965.0,3.0,8.0
Ireland,IRL,1966.0,3.0,8.0
Ireland,IRL,1967.0,3.0,8.0
Ireland,IRL,1968.0,3.0,8.0
Ireland,IRL,1969.0,3.0,8.0
Ireland,IRL,1970.0,3.0,8.0
Ireland,IRL,1971.0,3.0,8.0
Ireland,IRL,1972.0,3.0,8.0
Ireland,IRL,1973.0,3.0,8.0
Ireland,IRL,1974.0,3.0,8.0
Ireland,IRL,1975.0,3.0,8.0
Ireland,IRL,1976.0,3.0,8.0
Ireland,IRL,1977.0,3.0,8.0
Ireland,IRL,1978.0,3.0,8.0
Ireland,IRL,1979.0,3.0,8.0
Ireland,IRL,1980.0,3.0,8.0
Ireland,IRL,1981.0,3.0,9.0
Ireland,IRL,1982.0,3.0,9.0
Ireland,IRL,1983.0,3.0,9.0
Ireland,IRL,1984.0,3.0,9.0
Ireland,IRL,1985.0,3.0,9.0
Ireland,IRL,1986.0,3.0,9.0
Ireland,IRL,1987.0,3.0,9.0
Ireland,IRL,1988.0,3.0,9.0
Ireland,IRL,1989.0,3.0,9.0
Ireland,IRL,1990.0,3.0,9.0
Ireland,IRL,1991.0,3.0,9.0
Ireland,IRL,1992.0,3.0,9.0
Ireland,IRL,1993.0,3.0,9.0
Ireland,IRL,1994.0,3.0,9.0
Ireland,IRL,1995.0,3.0,9.0
Ireland,IRL,1996.0,3.0,9.0
Ireland,IRL,1997.0,3.0,9.0
Ireland,IRL,1998.0,3.0,9.0
Ireland,IRL,1999.0,3.0,9.0
Ireland,IRL,2000.0,3.0,9.0
Ireland,IRL,2001.0,3.0,9.0
Ireland,IRL,2002.0,3.0,9.0
Ireland,IRL,2003.0,3.0,9.0
Ireland,IRL,2004.0,3.0,9.0
Ireland,IRL,2005.0,3.0,9.0
Ireland,IRL,2006.0,3.0,9.0
Ireland,IRL,2007.0,3.0,9.0
Ireland,IRL,2008.0,3.0,9.0
Ireland,IRL,2009.0,3.0,9.0
Ireland,IRL,2010.0,3.0,9.0
Ireland,IRL,2011.0,3.0,9.0
Ireland,IRL,2012.0,3.0,9.0
Ireland,IRL,2013.0,3.0,9.0
Ireland,IRL,2014.0,3.0,9.0
Ireland,IRL,2015.0,3.0,9.0
Ireland,IRL,2016.0,3.0,9.0
Ireland,IRL,2017.0,3.0,9.0
Ireland,IRL,2018.0,3.0,9.0
Ireland,IRL,2019.0,3.0,9.0
Ireland,IRL,2020.0,3.0,9.0
Ireland,IRL,2021.0,3.0,9.0
Ireland,IRL,2022.0,3.0,9.0
Ireland,IRL,2023.0,3.0,9.0
Ireland,IRL,2024.0,3.0,9.0
Italy,ITA,1946.0,1.0,3.0
Italy,ITA,1947.0,2.0,6.0
Italy,ITA,1948.0,2.0,6.0
Italy,ITA,1949.0,2.0,6.0
Italy,ITA,1950.0,2.0,6.0
Italy,ITA,1951.0,2.0,6.0
Italy,ITA,1952.0,2.0,6.0
Italy,ITA,1953.0,2.0,6.0
Italy,ITA,1954.0,2.0,6.0
Italy,ITA,1955.0,2.0,6.0
Italy,ITA,1956.0,2.0,6.0
Italy,ITA,1957.0,2.0,6.0
Italy,ITA,1958.0,2.0,6.0
Italy,ITA,1959.0,2.0,6.0
Italy,ITA,1960.0,2.0,6.0
Italy,ITA,1961.0,2.0,6.0
Italy,ITA,1962.0,2.0,6.0
Italy,ITA,1963.0,2.0,6.0
Italy,ITA,1964.0,2.0,6.0
Italy,ITA,1965.0,2.0,6.0
Italy,ITA,1966.0,2.0,6.0
Italy,ITA,1967.0,2.0,6.0
Italy,ITA,1968.0,2.0,6.0
Italy,ITA,1969.0,2.0,6.0
Italy,ITA,1970.0,3.0,8.0
Italy,ITA,1971.0,3.0,8.0
Italy,ITA,1972.0,3.0,8.0
Italy,ITA,1973.0,3.0,8.0
Italy,ITA,1974.0,3.0,8.0
Italy,ITA,1975.0,3.0,8.0
Italy,ITA,1976.0,3.0,8.0
Italy,ITA,1977.0,3.0,8.0
Italy,ITA,1978.0,3.0,8.0
Italy,ITA,1979.0,3.0,8.0
Italy,ITA,1980.0,3.0,8.0
Italy,ITA,1981.0,3.0,8.0
Italy,ITA,1982.0,3.0,8.0
Italy,ITA,1983.0,3.0,8.0
Italy,ITA,1984.0,3.0,8.0
Italy,ITA,1985.0,3.0,8.0
Italy,ITA,1986.0,3.0,8.0
Italy,ITA,1987.0,3.0,8.0
Italy,ITA,1988.0,3.0,8.0
Italy,ITA,1989.0,3.0,8.0
Italy,ITA,1990.0,3.0,8.0
Italy,ITA,1991.0,3.0,8.0
Italy,ITA,1992.0,3.0,8.0
Italy,ITA,1993.0,3.0,8.0
Italy,ITA,1994.0,3.0,8.0
Italy,ITA,1995.0,3.0,8.0
Italy,ITA,1996.0,3.0,8.0
Italy,ITA,1997.0,3.0,8.0
Italy,ITA,1998.0,3.0,8.0
Italy,ITA,1999.0,3.0,8.0
Italy,ITA,2000.0,3.0,8.0
Italy,ITA,2001.0,3.0,8.0
Italy,ITA,2002.0,3.0,8.0
Italy,ITA,2003.0,3.0,8.0
Italy,ITA,2004.0,3.0,8.0
Italy,ITA,2005.0,3.0,8.0
Italy,ITA,2006.0,3.0,8.0
Italy,ITA,2007.0,3.0,8.0
Italy,ITA,2008.0,3.0,8.0
Italy,ITA,2009.0,3.0,8.0
Italy,ITA,2010.0,3.0,8.0
Italy,ITA,2011.0,3.0,8.0
Italy,ITA,2012.0,3.0,8.0
Italy,ITA,2013.0,3.0,8.0
Italy,ITA,2014.0,3.0,8.0
Italy,ITA,2015.0,3.0,8.0
Italy,ITA,2016.0,3.0,8.0
Italy,ITA,2017.0,3.0,8.0
Italy,ITA,2018.0,3.0,8.0
Italy,ITA,2019.0,3.0,8.0
Italy,ITA,2020.0,3.0,8.0
Italy,ITA,2021.0,3.0,8.0
Italy,ITA,2022.0,3.0,8.0
Italy,ITA,2023.0,3.0,8.0
Italy,ITA,2024.0,3.0,8.0
Jordan,JOR,1946.0,0.0,0.0
Jordan,JOR,1947.0,0.0,0.0
Jordan,JOR,1948.0,0.0,0.0
Jordan,JOR,1949.0,0.0,0.0
Jordan,JOR,1950.0,0.0,0.0
Jordan,JOR,1951.0,0.0,0.0
Jordan,JOR,1952.0,1.0,3.0
Jordan,JOR,1953.0,0.0,0.0
Jordan,JOR,1954.0,0.0,0.0
Jordan,JOR,1955.0,0.0,0.0
Jordan,JOR,1956.0,0.0,0.0
Jordan,JOR,1957.0,0.0,0.0
Jordan,JOR,1958.0,0.0,0.0
Jordan,JOR,1959.0,0.0,0.0
Jordan,JOR,1960.0,0.0,0.0
Jordan,JOR,1961.0,0.0,0.0
Jordan,JOR,1962.0,0.0,0.0
Jordan,JOR,1963.0,0.0,0.0
Jordan,JOR,1964.0,0.0,0.0
Jordan,JOR,1965.0,0.0,0.0
Jordan,JOR,1966.0,0.0,0.0
Jordan,JOR,1967.0,0.0,0.0
Jordan,JOR,1968.0,0.0,0.0
Jordan,JOR,1969.0,0.0,0.0
Jordan,JOR,1970.0,0.0,0.0
Jordan,JOR,1971.0,0.0,0.0
Jordan,JOR,1972.0,0.0,0.0
Jordan,JOR,1973.0,0.0,0.0
Jordan,JOR,1974.0,0.0,0.0
Jordan,JOR,1975.0,0.0,0.0
Jordan,JOR,1976.0,0.0,0.0
Jordan,JOR,1977.0,0.0,0.0
Jordan,JOR,1978.0,0.0,0.0
Jordan,JOR,1979.0,0.0,0.0
Jordan,JOR,1980.0,0.0,0.0
Jordan,JOR,1981.0,0.0,0.0
Jordan,JOR,1982.0,0.0,0.0
Jordan,JOR,1983.0,0.0,0.0
Jordan,JOR,1984.0,0.0,0.0
Jordan,JOR,1985.0,0.0,0.0
Jordan,JOR,1986.0,0.0,0.0
Jordan,JOR,1987.0,0.0,0.0
Jordan,JOR,1988.0,0.0,0.0
Jordan,JOR,1989.0,0.0,0.0
Jordan,JOR,1990.0,0.0,0.0
Jordan,JOR,1991.0,0.0,0.0
Jordan,JOR,1992.0,0.0,0.0
Jordan,JOR,1993.0,0.0,0.0
Jordan,JOR,1994.0,0.0,0.0
Jordan,JOR,1995.0,0.0,0.0
Jordan,JOR,1996.0,0.0,0.0
Jordan,JOR,1997.0,0.0,0.0
Jordan,JOR,1998.0,0.0,0.0
Jordan,JOR,1999.0,0.0,0.0
Jordan,JOR,2000.0,0.0,0.0
Jordan,JOR,2001.0,0.0,0.0
Jordan,JOR,2002.0,0.0,0.0
Jordan,JOR,2003.0,0.0,0.0
Jordan,JOR,2004.0,0.0,0.0
Jordan,JOR,2005.0,0.0,0.0
Jordan,JOR,2006.0,0.0,0.0
Jordan,JOR,2007.0,0.0,0.0
Jordan,JOR,2008.0,0.0,0.0
Jordan,JOR,2009.0,0.0,0.0
Jordan,JOR,2010.0,0.0,0.0
Jordan,JOR,2011.0,0.0,0.0
Jordan,JOR,2012.0,0.0,0.0
Jordan,JOR,2013.0,0.0,0.0
Jordan,JOR,2014.0,0.0,0.0
Jordan,JOR,2015.0,0.0,0.0
Jordan,JOR,2016.0,0.0,0.0
Jordan,JOR,2017.0,0.0,0.0
Jordan,JOR,2018.0,0.0,0.0
Jordan,JOR,2019.0,0.0,0.0
Jordan,JOR,2020.0,0.0,0.0
Jordan,JOR,2021.0,0.0,0.0
Jordan,JOR,2022.0,0.0,0.0
Jordan,JOR,2023.0,0.0,0.0
Jordan,JOR,2024.0,0.0,0.0
Latvia,LVA,1990.0,2.0,5.0
Latvia,LVA,1991.0,2.0,7.0
Latvia,LVA,1992.0,2.0,7.0
Latvia,LVA,1993.0,2.0,7.0
Latvia,LVA,1994.0,2.0,7.0
Latvia,LVA,1995.0,2.0,7.0
Latvia,LVA,1996.0,2.0,7.0
Latvia,LVA,1997.0,2.0,7.0
Latvia,LVA,1998.0,2.0,7.0
Latvia,LVA,1999.0,2.0,7.0
Latvia,LVA,2000.0,2.0,7.0
Latvia,LVA,2001.0,2.0,7.0
Latvia,LVA,2002.0,2.0,7.0
Latvia,LVA,2003.0,2.0,7.0
Latvia,LVA,2004.0,2.0,7.0
Latvia,LVA,2005.0,2.0,7.0
Latvia,LVA,2006.0,2.0,7.0
Latvia,LVA,2007.0,2.0,7.0
Latvia,LVA,2008.0,2.0,7.0
Latvia,LVA,2009.0,3.0,8.0
Latvia,LVA,2010.0,3.0,8.0
Latvia,LVA,2011.0,3.0,9.0
Latvia,LVA,2012.0,3.0,9.0
Latvia,LVA,2013.0,2.0,7.0
Latvia,LVA,2014.0,3.0,8.0
Latvia,LVA,2015.0,3.0,8.0
Latvia,LVA,2016.0,2.0,7.0
Latvia,LVA,2017.0,3.0,8.0
Latvia,LVA,2018.0,3.0,8.0
Latvia,LVA,2019.0,3.0,8.0
Latvia,LVA,2020.0,3.0,8.0
Latvia,LVA,2021.0,3.0,9.0
Latvia,LVA,2022.0,3.0,9.0
Latvia,LVA,2023.0,3.0,9.0
Latvia,LVA,2024.0,3.0,9.0
Lesotho,LSO,1946.0,0.0,0.0
Lesotho,LSO,1947.0,0.0,0.0
Lesotho,LSO,1948.0,0.0,0.0
Lesotho,LSO,1949.0,0.0,0.0
Lesotho,LSO,1950.0,0.0,0.0
Lesotho,LSO,1951.0,0.0,0.0
Lesotho,LSO,1952.0,0.0,0.0
Lesotho,LSO,1953.0,0.0,0.0
Lesotho,LSO,1954.0,0.0,0.0
Lesotho,LSO,1955.0,0.0,0.0
Lesotho,LSO,1956.0,0.0,0.0
Lesotho,LSO,1957.0,0.0,0.0
Lesotho,LSO,1958.0,0.0,0.0
Lesotho,LSO,1959.0,0.0,0.0
Lesotho,LSO,1960.0,0.0,0.0
Lesotho,LSO,1961.0,0.0,0.0
Lesotho,LSO,1962.0,0.0,0.0
Lesotho,LSO,1963.0,0.0,0.0
Lesotho,LSO,1964.0,0.0,0.0
Lesotho,LSO,1965.0,1.0,3.0
Lesotho,LSO,1966.0,1.0,3.0
Lesotho,LSO,1967.0,1.0,3.0
Lesotho,LSO,1968.0,1.0,3.0
Lesotho,LSO,1969.0,0.0,0.0
Lesotho,LSO,1970.0,1.0,3.0
Lesotho,LSO,1971.0,0.0,0.0
Lesotho,LSO,1972.0,0.0,0.0
Lesotho,LSO,1973.0,0.0,0.0
Lesotho,LSO,1974.0,0.0,0.0
Lesotho,LSO,1975.0,0.0,0.0
Lesotho,LSO,1976.0,0.0,0.0
Lesotho,LSO,1977.0,0.0,0.0
Lesotho,LSO,1978.0,0.0,0.0
Lesotho,LSO,1979.0,0.0,0.0
Lesotho,LSO,1980.0,0.0,0.0
Lesotho,LSO,1981.0,0.0,0.0
Lesotho,LSO,1982.0,0.0,0.0
Lesotho,LSO,1983.0,0.0,0.0
Lesotho,LSO,1984.0,0.0,0.0
Lesotho,LSO,1985.0,0.0,0.0
Lesotho,LSO,1986.0,0.0,0.0
Lesotho,LSO,1987.0,0.0,0.0
Lesotho,LSO,1988.0,0.0,0.0
Lesotho,LSO,1989.0,0.0,0.0
Lesotho,LSO,1990.0,0.0,0.0
Lesotho,LSO,1991.0,0.0,0.0
Lesotho,LSO,1992.0,0.0,0.0
Lesotho,LSO,1993.0,2.0,5.0
Lesotho,LSO,1994.0,1.0,4.0
Lesotho,LSO,1995.0,0.0,0.0
Lesotho,LSO,1996.0,0.0,0.0
Lesotho,LSO,1997.0,0.0,0.0
Lesotho,LSO,1998.0,1.0,3.0
Lesotho,LSO,1999.0,0.0,0.0
Lesotho,LSO,2000.0,0.0,0.0
Lesotho,LSO,2001.0,0.0,0.0
Lesotho,LSO,2002.0,2.0,5.0
Lesotho,LSO,2003.0,2.0,6.0
Lesotho,LSO,2004.0,2.0,6.0
Lesotho,LSO,2005.0,2.0,6.0
Lesotho,LSO,2006.0,2.0,6.0
Lesotho,LSO,2007.0,2.0,6.0
Lesotho,LSO,2008.0,2.0,6.0
Lesotho,LSO,2009.0,2.0,6.0
Lesotho,LSO,2010.0,2.0,6.0
Lesotho,LSO,2011.0,2.0,6.0
Lesotho,LSO,2012.0,2.0,7.0
Lesotho,LSO,2013.0,2.0,6.0
Lesotho,LSO,2014.0,2.0,6.0
Lesotho,LSO,2015.0,2.0,6.0
Lesotho,LSO,2016.0,2.0,6.0
Lesotho,LSO,2017.0,2.0,5.0
Lesotho,LSO,2018.0,2.0,6.0
Lesotho,LSO,2019.0,2.0,6.0
Lesotho,LSO,2020.0,2.0,7.0
Lesotho,LSO,2021.0,2.0,6.0
Lesotho,LSO,2022.0,2.0,6.0
Lesotho,LSO,2023.0,2.0,6.0
Lesotho,LSO,2024.0,2.0,6.0
Liberia,LBR,1946.0,1.0,3.0
Liberia,LBR,1947.0,1.0,3.0
Liberia,LBR,1948.0,1.0,3.0
Liberia,LBR,1949.0,1.0,3.0
Liberia,LBR,1950.0,1.0,3.0
Liberia,LBR,1951.0,1.0,3.0
Liberia,LBR,1952.0,1.0,3.0
Liberia,LBR,1953.0,1.0,3.0
Liberia,LBR,1954.0,1.0,3.0
Liberia,LBR,1955.0,1.0,3.0
Liberia,LBR,1956.0,1.0,3.0
Liberia,LBR,1957.0,1.0,3.0
Liberia,LBR,1958.0,1.0,3.0
Liberia,LBR,1959.0,0.0,0.0
Liberia,LBR,1960.0,0.0,0.0
Liberia,LBR,1961.0,0.0,0.0
Liberia,LBR,1962.0,0.0,0.0
Liberia,LBR,1963.0,0.0,0.0
Liberia,LBR,1964.0,0.0,0.0
Liberia,LBR,1965.0,0.0,0.0
Liberia,LBR,1966.0,0.0,0.0
Liberia,LBR,1967.0,0.0,0.0
Liberia,LBR,1968.0,0.0,0.0
Liberia,LBR,1969.0,0.0,0.0
Liberia,LBR,1970.0,0.0,0.0
Liberia,LBR,1971.0,0.0,0.0
Liberia,LBR,1972.0,0.0,0.0
Liberia,LBR,1973.0,0.0,0.0
Liberia,LBR,1974.0,0.0,0.0
Liberia,LBR,1975.0,0.0,0.0
Liberia,LBR,1976.0,0.0,0.0
Liberia,LBR,1977.0,0.0,0.0
Liberia,LBR,1978.0,0.0,0.0
Liberia,LBR,1979.0,0.0,0.0
Liberia,LBR,1980.0,0.0,0.0
Liberia,LBR,1981.0,0.0,0.0
Liberia,LBR,1982.0,0.0,0.0
Liberia,LBR,1983.0,0.0,0.0
Liberia,LBR,1984.0,0.0,0.0
Liberia,LBR,1985.0,1.0,3.0
Liberia,LBR,1986.0,1.0,3.0
Liberia,LBR,1987.0,1.0,3.0
Liberia,LBR,1988.0,1.0,3.0
Liberia,LBR,1989.0,1.0,3.0
Liberia,LBR,1990.0,1.0,3.0
Liberia,LBR,1991.0,0.0,0.0
Liberia,LBR,1992.0,0.0,0.0
Liberia,LBR,1993.0,0.0,0.0
Liberia,LBR,1994.0,0.0,0.0
Liberia,LBR,1995.0,0.0,0.0
Liberia,LBR,1996.0,0.0,0.0
Liberia,LBR,1997.0,1.0,3.0
Liberia,LBR,1998.0,1.0,3.0
Liberia,LBR,1999.0,1.0,3.0
Liberia,LBR,2000.0,1.0,3.0
Liberia,LBR,2001.0,1.0,3.0
Liberia,LBR,2002.0,1.0,3.0
Liberia,LBR,2003.0,1.0,3.0
Liberia,LBR,2004.0,0.0,0.0
Liberia,LBR,2005.0,1.0,3.0
Liberia,LBR,2006.0,2.0,6.0
Liberia,LBR,2007.0,2.0,6.0
Liberia,LBR,2008.0,2.0,6.0
Liberia,LBR,2009.0,2.0,6.0
Liberia,LBR,2010.0,2.0,6.0
Liberia,LBR,2011.0,2.0,6.0
Liberia,LBR,2012.0,2.0,6.0
Liberia,LBR,2013.0,2.0,6.0
Liberia,LBR,2014.0,2.0,6.0
Liberia,LBR,2015.0,2.0,6.0
Liberia,LBR,2016.0,2.0,6.0
Liberia,LBR,2017.0,2.0,6.0
Liberia,LBR,2018.0,2.0,6.0
Liberia,LBR,2019.0,2.0,6.0
Liberia,LBR,2020.0,2.0,6.0
Liberia,LBR,2021.0,2.0,6.0
Liberia,LBR,2022.0,2.0,6.0
Liberia,LBR,2023.0,2.0,6.0
Liberia,LBR,2024.0,2.0,6.0
Malawi,MWI,1946.0,0.0,0.0
Malawi,MWI,1947.0,0.0,0.0
Malawi,MWI,1948.0,0.0,0.0
Malawi,MWI,1949.0,0.0,0.0
Malawi,MWI,1950.0,0.0,0.0
Malawi,MWI,1951.0,0.0,0.0
Malawi,MWI,1952.0,0.0,0.0
Malawi,MWI,1953.0,0.0,0.0
Malawi,MWI,1954.0,0.0,0.0
Malawi,MWI,1955.0,0.0,0.0
Malawi,MWI,1956.0,0.0,0.0
Malawi,MWI,1957.0,0.0,0.0
Malawi,MWI,1958.0,0.0,0.0
Malawi,MWI,1959.0,0.0,0.0
Malawi,MWI,1960.0,0.0,0.0
Malawi,MWI,1961.0,0.0,0.0
Malawi,MWI,1962.0,0.0,0.0
Malawi,MWI,1963.0,1.0,3.0
Malawi,MWI,1964.0,1.0,3.0
Malawi,MWI,1965.0,1.0,3.0
Malawi,MWI,1966.0,1.0,3.0
Malawi,MWI,1967.0,1.0,3.0
Malawi,MWI,1968.0,1.0,3.0
Malawi,MWI,1969.0,1.0,3.0
Malawi,MWI,1970.0,1.0,3.0
Malawi,MWI,1971.0,1.0,3.0
Malawi,MWI,1972.0,1.0,3.0
Malawi,MWI,1973.0,1.0,3.0
Malawi,MWI,1974.0,1.0,3.0
Malawi,MWI,1975.0,1.0,3.0
Malawi,MWI,1976.0,1.0,3.0
Malawi,MWI,1977.0,1.0,3.0
Malawi,MWI,1978.0,1.0,2.0
Malawi,MWI,1979.0,1.0,2.0
Malawi,MWI,1980.0,1.0,2.0
Malawi,MWI,1981.0,1.0,2.0
Malawi,MWI,1982.0,1.0,2.0
Malawi,MWI,1983.0,1.0,2.0
Malawi,MWI,1984.0,1.0,2.0
Malawi,MWI,1985.0,1.0,2.0
Malawi,MWI,1986.0,1.0,2.0
Malawi,MWI,1987.0,1.0,2.0
Malawi,MWI,1988.0,1.0,2.0
Malawi,MWI,1989.0,1.0,2.0
Malawi,MWI,1990.0,1.0,2.0
Malawi,MWI,1991.0,1.0,2.0
Malawi,MWI,1992.0,1.0,3.0
Malawi,MWI,1993.0,1.0,3.0
Malawi,MWI,1994.0,1.0,4.0
Malawi,MWI,1995.0,2.0,6.0
Malawi,MWI,1996.0,2.0,5.0
Malawi,MWI,1997.0,2.0,5.0
Malawi,MWI,1998.0,2.0,5.0
Malawi,MWI,1999.0,2.0,5.0
Malawi,MWI,2000.0,1.0,4.0
Malawi,MWI,2001.0,1.0,4.0
Malawi,MWI,2002.0,1.0,4.0
Malawi,MWI,2003.0,1.0,4.0
Malawi,MWI,2004.0,1.0,4.0
Malawi,MWI,2005.0,1.0,3.0
Malawi,MWI,2006.0,1.0,3.0
Malawi,MWI,2007.0,1.0,3.0
Malawi,MWI,2008.0,1.0,3.0
Malawi,MWI,2009.0,1.0,4.0
Malawi,MWI,2010.0,2.0,5.0
Malawi,MWI,2011.0,2.0,5.0
Malawi,MWI,2012.0,2.0,5.0
Malawi,MWI,2013.0,2.0,5.0
Malawi,MWI,2014.0,2.0,5.0
Malawi,MWI,2015.0,2.0,5.0
Malawi,MWI,2016.0,2.0,5.0
Malawi,MWI,2017.0,2.0,5.0
Malawi,MWI,2018.0,2.0,5.0
Malawi,MWI,2019.0,1.0,4.0
Malawi,MWI,2020.0,2.0,5.0
Malawi,MWI,2021.0,2.0,7.0
Malawi,MWI,2022.0,2.0,7.0
Malawi,MWI,2023.0,2.0,7.0
Malawi,MWI,2024.0,2.0,6.0
Maldives,MDV,1946.0,0.0,0.0
Maldives,MDV,1947.0,0.0,0.0
Maldives,MDV,1948.0,0.0,0.0
Maldives,MDV,1949.0,0.0,0.0
Maldives,MDV,1950.0,0.0,0.0
Maldives,MDV,1951.0,0.0,0.0
Maldives,MDV,1952.0,0.0,0.0
Maldives,MDV,1953.0,0.0,0.0
Maldives,MDV,1954.0,0.0,0.0
Maldives,MDV,1955.0,0.0,0.0
Maldives,MDV,1956.0,0.0,0.0
Maldives,MDV,1957.0,0.0,0.0
Maldives,MDV,1958.0,0.0,0.0
Maldives,MDV,1959.0,0.0,0.0
Maldives,MDV,1960.0,0.0,0.0
Maldives,MDV,1961.0,0.0,0.0
Maldives,MDV,1962.0,0.0,0.0
Maldives,MDV,1963.0,0.0,0.0
Maldives,MDV,1964.0,0.0,0.0
Maldives,MDV,1965.0,0.0,0.0
Maldives,MDV,1966.0,0.0,0.0
Maldives,MDV,1967.0,0.0,0.0
Maldives,MDV,1968.0,0.0,0.0
Maldives,MDV,1969.0,0.0,1.0
Maldives,MDV,1970.0,0.0,1.0
Maldives,MDV,1971.0,0.0,1.0
Maldives,MDV,1972.0,0.0,1.0
Maldives,MDV,1973.0,0.0,1.0
Maldives,MDV,1974.0,0.0,1.0
Maldives,MDV,1975.0,0.0,1.0
Maldives,MDV,1976.0,0.0,1.0
Maldives,MDV,1977.0,0.0,1.0
Maldives,MDV,1978.0,0.0,1.0
Maldives,MDV,1979.0,0.0,1.0
Maldives,MDV,1980.0,0.0,1.0
Maldives,MDV,1981.0,0.0,1.0
Maldives,MDV,1982.0,0.0,1.0
Maldives,MDV,1983.0,0.0,1.0
Maldives,MDV,1984.0,0.0,1.0
Maldives,MDV,1985.0,0.0,1.0
Maldives,MDV,1986.0,0.0,1.0
Maldives,MDV,1987.0,0.0,1.0
Maldives,MDV,1988.0,0.0,1.0
Maldives,MDV,1989.0,0.0,1.0
Maldives,MDV,1990.0,0.0,1.0
Maldives,MDV,1991.0,0.0,1.0
Maldives,MDV,1992.0,0.0,1.0
Maldives,MDV,1993.0,0.0,1.0
Maldives,MDV,1994.0,0.0,1.0
Maldives,MDV,1995.0,0.0,1.0
Maldives,MDV,1996.0,0.0,1.0
Maldives,MDV,1997.0,0.0,1.0
Maldives,MDV,1998.0,0.0,1.0
Maldives,MDV,1999.0,0.0,1.0
Maldives,MDV,2000.0,0.0,1.0
Maldives,MDV,2001.0,0.0,1.0
Maldives,MDV,2002.0,0.0,1.0
Maldives,MDV,2003.0,0.0,1.0
Maldives,MDV,2004.0,0.0,1.0
Maldives,MDV,2005.0,0.0,1.0
Maldives,MDV,2006.0,0.0,1.0
Maldives,MDV,2007.0,0.0,1.0
Maldives,MDV,2008.0,1.0,4.0
Maldives,MDV,2009.0,2.0,6.0
Maldives,MDV,2010.0,2.0,6.0
Maldives,MDV,2011.0,2.0,6.0
Maldives,MDV,2012.0,2.0,5.0
Maldives,MDV,2013.0,1.0,4.0
Maldives,MDV,2014.0,1.0,3.0
Maldives,MDV,2015.0,1.0,3.0
Maldives,MDV,2016.0,1.0,3.0
Maldives,MDV,2017.0,1.0,3.0
Maldives,MDV,2018.0,1.0,3.0
Maldives,MDV,2019.0,2.0,6.0
Maldives,MDV,2020.0,2.0,6.0
Maldives,MDV,2021.0,2.0,6.0
Maldives,MDV,2022.0,2.0,6.0
Maldives,MDV,2023.0,2.0,6.0
Maldives,MDV,2024.0,2.0,6.0
Mongolia,MNG,1946.0,0.0,0.0
Mongolia,MNG,1947.0,0.0,0.0
Mongolia,MNG,1948.0,0.0,0.0
Mongolia,MNG,1949.0,0.0,0.0
Mongolia,MNG,1950.0,0.0,0.0
Mongolia,MNG,1951.0,0.0,0.0
Mongolia,MNG,1952.0,0.0,0.0
Mongolia,MNG,1953.0,0.0,0.0
Mongolia,MNG,1954.0,0.0,0.0
Mongolia,MNG,1955.0,0.0,0.0
Mongolia,MNG,1956.0,0.0,0.0
Mongolia,MNG,1957.0,0.0,0.0
Mongolia,MNG,1958.0,0.0,0.0
Mongolia,MNG,1959.0,0.0,0.0
Mongolia,MNG,1960.0,0.0,0.0
Mongolia,MNG,1961.0,0.0,0.0
Mongolia,MNG,1962.0,0.0,0.0
Mongolia,MNG,1963.0,0.0,1.0
Mongolia,MNG,1964.0,0.0,1.0
Mongolia,MNG,1965.0,0.0,1.0
Mongolia,MNG,1966.0,0.0,1.0
Mongolia,MNG,1967.0,0.0,1.0
Mongolia,MNG,1968.0,0.0,1.0
Mongolia,MNG,1969.0,0.0,1.0
Mongolia,MNG,1970.0,0.0,1.0
Mongolia,MNG,1971.0,0.0,1.0
Mongolia,MNG,1972.0,0.0,1.0
Mongolia,MNG,1973.0,0.0,1.0
Mongolia,MNG,1974.0,0.0,1.0
Mongolia,MNG,1975.0,0.0,1.0
Mongolia,MNG,1976.0,0.0,1.0
Mongolia,MNG,1977.0,0.0,1.0
Mongolia,MNG,1978.0,0.0,1.0
Mongolia,MNG,1979.0,0.0,1.0
Mongolia,MNG,1980.0,0.0,1.0
Mongolia,MNG,1981.0,0.0,1.0
Mongolia,MNG,1982.0,0.0,1.0
Mongolia,MNG,1983.0,0.0,1.0
Mongolia,MNG,1984.0,0.0,1.0
Mongolia,MNG,1985.0,0.0,1.0
Mongolia,MNG,1986.0,0.0,1.0
Mongolia,MNG,1987.0,0.0,1.0
Mongolia,MNG,1988.0,0.0,1.0
Mongolia,MNG,1989.0,0.0,1.0
Mongolia,MNG,1990.0,1.0,3.0
Mongolia,MNG,1991.0,2.0,5.0
Mongolia,MNG,1992.0,2.0,6.0
Mongolia,MNG,1993.0,2.0,6.0
Mongolia,MNG,1994.0,2.0,6.0
Mongolia,MNG,1995.0,2.0,6.0
Mongolia,MNG,1996.0,2.0,6.0
Mongolia,MNG,1997.0,2.0,6.0
Mongolia,MNG,1998.0,2.0,6.0
Mongolia,MNG,1999.0,2.0,6.0
Mongolia,MNG,2000.0,2.0,6.0
Mongolia,MNG,2001.0,2.0,6.0
Mongolia,MNG,2002.0,2.0,6.0
Mongolia,MNG,2003.0,2.0,6.0
Mongolia,MNG,2004.0,2.0,6.0
Mongolia,MNG,2005.0,2.0,6.0
Mongolia,MNG,2006.0,2.0,6.0
Mongolia,MNG,2007.0,2.0,6.0
Mongolia,MNG,2008.0,2.0,6.0
Mongolia,MNG,2009.0,2.0,6.0
Mongolia,MNG,2010.0,2.0,6.0
Mongolia,MNG,2011.0,2.0,6.0
Mongolia,MNG,2012.0,2.0,6.0
Mongolia,MNG,2013.0,2.0,6.0
Mongolia,MNG,2014.0,2.0,6.0
Mongolia,MNG,2015.0,2.0,6.0
Mongolia,MNG,2016.0,2.0,6.0
Mongolia,MNG,2017.0,2.0,6.0
Mongolia,MNG,2018.0,2.0,6.0
Mongolia,MNG,2019.0,2.0,6.0
Mongolia,MNG,2020.0,2.0,6.0
Mongolia,MNG,2021.0,2.0,6.0
Mongolia,MNG,2022.0,2.0,6.0
Mongolia,MNG,2023.0,2.0,5.0
Mongolia,MNG,2024.0,1.0,4.0
Morocco,MAR,1946.0,0.0,0.0
Morocco,MAR,1947.0,0.0,0.0
Morocco,MAR,1948.0,0.0,0.0
Morocco,MAR,1949.0,0.0,0.0
Morocco,MAR,1950.0,0.0,0.0
Morocco,MAR,1951.0,0.0,0.0
Morocco,MAR,1952.0,0.0,0.0
Morocco,MAR,1953.0,0.0,0.0
Morocco,MAR,1954.0,0.0,0.0
Morocco,MAR,1955.0,0.0,0.0
Morocco,MAR,1956.0,0.0,0.0
Morocco,MAR,1957.0,0.0,0.0
Morocco,MAR,1958.0,0.0,0.0
Morocco,MAR,1959.0,0.0,0.0
Morocco,MAR,1960.0,0.0,0.0
Morocco,MAR,1961.0,0.0,0.0
Morocco,MAR,1962.0,0.0,0.0
Morocco,MAR,1963.0,0.0,0.0
Morocco,MAR,1964.0,0.0,0.0
Morocco,MAR,1965.0,0.0,0.0
Morocco,MAR,1966.0,0.0,0.0
Morocco,MAR,1967.0,0.0,0.0
Morocco,MAR,1968.0,0.0,0.0
Morocco,MAR,1969.0,0.0,0.0
Morocco,MAR,1970.0,0.0,0.0
Morocco,MAR,1971.0,0.0,0.0
Morocco,MAR,1972.0,0.0,0.0
Morocco,MAR,1973.0,0.0,0.0
Morocco,MAR,1974.0,0.0,0.0
Morocco,MAR,1975.0,0.0,0.0
Morocco,MAR,1976.0,0.0,0.0
Morocco,MAR,1977.0,0.0,0.0
Morocco,MAR,1978.0,0.0,0.0
Morocco,MAR,1979.0,0.0,0.0
Morocco,MAR,1980.0,0.0,0.0
Morocco,MAR,1981.0,0.0,0.0
Morocco,MAR,1982.0,0.0,0.0
Morocco,MAR,1983.0,0.0,0.0
Morocco,MAR,1984.0,0.0,0.0
Morocco,MAR,1985.0,0.0,0.0
Morocco,MAR,1986.0,0.0,0.0
Morocco,MAR,1987.0,0.0,0.0
Morocco,MAR,1988.0,0.0,0.0
Morocco,MAR,1989.0,0.0,0.0
Morocco,MAR,1990.0,0.0,0.0
Morocco,MAR,1991.0,0.0,0.0
Morocco,MAR,1992.0,0.0,0.0
Morocco,MAR,1993.0,0.0,0.0
Morocco,MAR,1994.0,0.0,0.0
Morocco,MAR,1995.0,0.0,0.0
Morocco,MAR,1996.0,0.0,0.0
Morocco,MAR,1997.0,0.0,0.0
Morocco,MAR,1998.0,0.0,0.0
Morocco,MAR,1999.0,0.0,0.0
Morocco,MAR,2000.0,0.0,0.0
Morocco,MAR,2001.0,0.0,0.0
Morocco,MAR,2002.0,0.0,0.0
Morocco,MAR,2003.0,0.0,0.0
Morocco,MAR,2004.0,0.0,0.0
Morocco,MAR,2005.0,0.0,0.0
Morocco,MAR,2006.0,0.0,0.0
Morocco,MAR,2007.0,0.0,0.0
Morocco,MAR,2008.0,0.0,0.0
Morocco,MAR,2009.0,0.0,0.0
Morocco,MAR,2010.0,0.0,0.0
Morocco,MAR,2011.0,0.0,0.0
Morocco,MAR,2012.0,0.0,0.0
Morocco,MAR,2013.0,0.0,0.0
Morocco,MAR,2014.0,0.0,0.0
Morocco,MAR,2015.0,0.0,0.0
Morocco,MAR,2016.0,0.0,0.0
Morocco,MAR,2017.0,0.0,0.0
Morocco,MAR,2018.0,0.0,0.0
Morocco,MAR,2019.0,0.0,0.0
Morocco,MAR,2020.0,0.0,0.0
Morocco,MAR,2021.0,0.0,0.0
Morocco,MAR,2022.0,0.0,0.0
Morocco,MAR,2023.0,0.0,0.0
Morocco,MAR,2024.0,0.0,0.0
Netherlands,NLD,1946.0,3.0,8.0
Netherlands,NLD,1947.0,3.0,9.0
Netherlands,NLD,1948.0,3.0,9.0
Netherlands,NLD,1949.0,3.0,9.0
Netherlands,NLD,1950.0,3.0,9.0
Netherlands,NLD,1951.0,3.0,9.0
Netherlands,NLD,1952.0,3.0,9.0
Netherlands,NLD,1953.0,3.0,9.0
Netherlands,NLD,1954.0,3.0,9.0
Netherlands,NLD,1955.0,3.0,9.0
Netherlands,NLD,1956.0,3.0,9.0
Netherlands,NLD,1957.0,3.0,9.0
Netherlands,NLD,1958.0,3.0,9.0
Netherlands,NLD,1959.0,3.0,9.0
Netherlands,NLD,1960.0,3.0,9.0
Netherlands,NLD,1961.0,3.0,9.0
Netherlands,NLD,1962.0,3.0,9.0
Netherlands,NLD,1963.0,3.0,9.0
Netherlands,NLD,1964.0,3.0,9.0
Netherlands,NLD,1965.0,3.0,9.0
Netherlands,NLD,1966.0,3.0,9.0
Netherlands,NLD,1967.0,3.0,9.0
Netherlands,NLD,1968.0,3.0,9.0
Netherlands,NLD,1969.0,3.0,9.0
Netherlands,NLD,1970.0,3.0,9.0
Netherlands,NLD,1971.0,3.0,9.0
Netherlands,NLD,1972.0,3.0,9.0
Netherlands,NLD,1973.0,3.0,9.0
Netherlands,NLD,1974.0,3.0,9.0
Netherlands,NLD,1975.0,3.0,9.0
Netherlands,NLD,1976.0,3.0,9.0
Netherlands,NLD,1977.0,3.0,9.0
Netherlands,NLD,1978.0,3.0,9.0
Netherlands,NLD,1979.0,3.0,9.0
Netherlands,NLD,1980.0,3.0,9.0
Netherlands,NLD,1981.0,3.0,9.0
Netherlands,NLD,1982.0,3.0,9.0
Netherlands,NLD,1983.0,3.0,9.0
Netherlands,NLD,1984.0,3.0,9.0
Netherlands,NLD,1985.0,3.0,9.0
Netherlands,NLD,1986.0,3.0,9.0
Netherlands,NLD,1987.0,3.0,9.0
Netherlands,NLD,1988.0,3.0,9.0
Netherlands,NLD,1989.0,3.0,9.0
Netherlands,NLD,1990.0,3.0,9.0
Netherlands,NLD,1991.0,3.0,9.0
Netherlands,NLD,1992.0,3.0,9.0
Netherlands,NLD,1993.0,3.0,9.0
Netherlands,NLD,1994.0,3.0,9.0
Netherlands,NLD,1995.0,3.0,9.0
Netherlands,NLD,1996.0,3.0,9.0
Netherlands,NLD,1997.0,3.0,9.0
Netherlands,NLD,1998.0,3.0,9.0
Netherlands,NLD,1999.0,3.0,9.0
Netherlands,NLD,2000.0,3.0,9.0
Netherlands,NLD,2001.0,3.0,9.0
Netherlands,NLD,2002.0,3.0,9.0
Netherlands,NLD,2003.0,3.0,9.0
Netherlands,NLD,2004.0,3.0,9.0
Netherlands,NLD,2005.0,3.0,9.0
Netherlands,NLD,2006.0,3.0,9.0
Netherlands,NLD,2007.0,3.0,9.0
Netherlands,NLD,2008.0,3.0,9.0
Netherlands,NLD,2009.0,3.0,9.0
Netherlands,NLD,2010.0,3.0,9.0
Netherlands,NLD,2011.0,3.0,9.0
Netherlands,NLD,2012.0,3.0,9.0
Netherlands,NLD,2013.0,3.0,9.0
Netherlands,NLD,2014.0,3.0,9.0
Netherlands,NLD,2015.0,3.0,9.0
Netherlands,NLD,2016.0,3.0,9.0
Netherlands,NLD,2017.0,3.0,9.0
Netherlands,NLD,2018.0,3.0,9.0
Netherlands,NLD,2019.0,3.0,9.0
Netherlands,NLD,2020.0,3.0,8.0
Netherlands,NLD,2021.0,3.0,8.0
Netherlands,NLD,2022.0,3.0,8.0
Netherlands,NLD,2023.0,3.0,8.0
Netherlands,NLD,2024.0,3.0,8.0
Panama,PAN,1946.0,0.0,0.0
Panama,PAN,1947.0,0.0,0.0
Panama,PAN,1948.0,1.0,3.0
Panama,PAN,1949.0,1.0,3.0
Panama,PAN,1950.0,1.0,3.0
Panama,PAN,1951.0,1.0,3.0
Panama,PAN,1952.0,1.0,3.0
Panama,PAN,1953.0,1.0,3.0
Panama,PAN,1954.0,1.0,3.0
Panama,PAN,1955.0,1.0,3.0
Panama,PAN,1956.0,1.0,3.0
Panama,PAN,1957.0,1.0,3.0
Panama,PAN,1958.0,1.0,3.0
Panama,PAN,1959.0,1.0,3.0
Panama,PAN,1960.0,1.0,3.0
Panama,PAN,1961.0,1.0,3.0
Panama,PAN,1962.0,1.0,3.0
Panama,PAN,1963.0,1.0,3.0
Panama,PAN,1964.0,1.0,3.0
Panama,PAN,1965.0,1.0,3.0
Panama,PAN,1966.0,1.0,3.0
Panama,PAN,1967.0,1.0,3.0
Panama,PAN,1968.0,1.0,3.0
Panama,PAN,1969.0,0.0,0.0
Panama,PAN,1970.0,0.0,0.0
Panama,PAN,1971.0,0.0,0.0
Panama,PAN,1972.0,0.0,0.0
Panama,PAN,1973.0,0.0,0.0
Panama,PAN,1974.0,0.0,0.0
Panama,PAN,1975.0,0.0,0.0
Panama,PAN,1976.0,0.0,0.0
Panama,PAN,1977.0,0.0,0.0
Panama,PAN,1978.0,0.0,0.0
Panama,PAN,1979.0,0.0,0.0
Panama,PAN,1980.0,0.0,0.0
Panama,PAN,1981.0,0.0,0.0
Panama,PAN,1982.0,0.0,0.0
Panama,PAN,1983.0,0.0,0.0
Panama,PAN,1984.0,1.0,2.0
Panama,PAN,1985.0,1.0,2.0
Panama,PAN,1986.0,1.0,2.0
Panama,PAN,1987.0,1.0,2.0
Panama,PAN,1988.0,1.0,2.0
Panama,PAN,1989.0,1.0,3.0
Panama,PAN,1990.0,1.0,3.0
Panama,PAN,1991.0,2.0,6.0
Panama,PAN,1992.0,2.0,6.0
Panama,PAN,1993.0,2.0,6.0
Panama,PAN,1994.0,2.0,6.0
Panama,PAN,1995.0,2.0,6.0
Panama,PAN,1996.0,2.0,6.0
Panama,PAN,1997.0,2.0,6.0
Panama,PAN,1998.0,2.0,6.0
Panama,PAN,1999.0,2.0,6.0
Panama,PAN,2000.0,2.0,6.0
Panama,PAN,2001.0,2.0,6.0
Panama,PAN,2002.0,2.0,6.0
Panama,PAN,2003.0,2.0,6.0
Panama,PAN,2004.0,2.0,6.0
Panama,PAN,2005.0,2.0,6.0
Panama,PAN,2006.0,2.0,6.0
Panama,PAN,2007.0,2.0,6.0
Panama,PAN,2008.0,2.0,6.0
Panama,PAN,2009.0,2.0,6.0
Panama,PAN,2010.0,2.0,6.0
Panama,PAN,2011.0,2.0,6.0
Panama,PAN,2012.0,2.0,6.0
Panama,PAN,2013.0,2.0,6.0
Panama,PAN,2014.0,2.0,6.0
Panama,PAN,2015.0,2.0,6.0
Panama,PAN,2016.0,2.0,6.0
Panama,PAN,2017.0,2.0,6.0
Panama,PAN,2018.0,2.0,6.0
Panama,PAN,2019.0,2.0,6.0
Panama,PAN,2020.0,2.0,6.0
Panama,PAN,2021.0,2.0,6.0
Panama,PAN,2022.0,2.0,6.0
Panama,PAN,2023.0,2.0,6.0
Panama,PAN,2024.0,2.0,6.0
Papua New Guinea,PNG,1946.0,0.0,0.0
Papua New Guinea,PNG,1947.0,0.0,0.0
Papua New Guinea,PNG,1948.0,0.0,0.0
Papua New Guinea,PNG,1949.0,0.0,0.0
Papua New Guinea,PNG,1950.0,0.0,0.0
Papua New Guinea,PNG,1951.0,0.0,0.0
Papua New Guinea,PNG,1952.0,0.0,0.0
Papua New Guinea,PNG,1953.0,0.0,0.0
Papua New Guinea,PNG,1954.0,0.0,0.0
Papua New Guinea,PNG,1955.0,0.0,0.0
Papua New Guinea,PNG,1956.0,0.0,0.0
Papua New Guinea,PNG,1957.0,0.0,0.0
Papua New Guinea,PNG,1958.0,0.0,0.0
Papua New Guinea,PNG,1959.0,0.0,0.0
Papua New Guinea,PNG,1960.0,0.0,0.0
Papua New Guinea,PNG,1961.0,0.0,0.0
Papua New Guinea,PNG,1962.0,0.0,0.0
Papua New Guinea,PNG,1963.0,0.0,0.0
Papua New Guinea,PNG,1964.0,0.0,0.0
Papua New Guinea,PNG,1965.0,0.0,0.0
Papua New Guinea,PNG,1966.0,0.0,0.0
Papua New Guinea,PNG,1967.0,0.0,0.0
Papua New Guinea,PNG,1968.0,0.0,0.0
Papua New Guinea,PNG,1969.0,0.0,0.0
Papua New Guinea,PNG,1970.0,0.0,0.0
Papua New Guinea,PNG,1971.0,0.0,0.0
Papua New Guinea,PNG,1972.0,1.0,3.0
Papua New Guinea,PNG,1973.0,2.0,5.0
Papua New Guinea,PNG,1974.0,2.0,5.0
Papua New Guinea,PNG,1975.0,2.0,6.0
Papua New Guinea,PNG,1976.0,2.0,6.0
Papua New Guinea,PNG,1977.0,2.0,6.0
Papua New Guinea,PNG,1978.0,2.0,5.0
Papua New Guinea,PNG,1979.0,2.0,5.0
Papua New Guinea,PNG,1980.0,2.0,5.0
Papua New Guinea,PNG,1981.0,2.0,5.0
Papua New Guinea,PNG,1982.0,2.0,5.0
Papua New Guinea,PNG,1983.0,2.0,5.0
Papua New Guinea,PNG,1984.0,2.0,5.0
Papua New Guinea,PNG,1985.0,2.0,5.0
Papua New Guinea,PNG,1986.0,2.0,5.0
Papua New Guinea,PNG,1987.0,2.0,5.0
Papua New Guinea,PNG,1988.0,2.0,5.0
Papua New Guinea,PNG,1989.0,2.0,5.0
Papua New Guinea,PNG,1990.0,2.0,5.0
Papua New Guinea,PNG,1991.0,2.0,5.0
Papua New Guinea,PNG,1992.0,2.0,5.0
Papua New Guinea,PNG,1993.0,2.0,5.0
Papua New Guinea,PNG,1994.0,2.0,5.0
Papua New Guinea,PNG,1995.0,2.0,5.0
Papua New Guinea,PNG,1996.0,2.0,5.0
Papua New Guinea,PNG,1997.0,2.0,5.0
Papua New Guinea,PNG,1998.0,2.0,5.0
Papua New Guinea,PNG,1999.0,2.0,5.0
Papua New Guinea,PNG,2000.0,2.0,5.0
Papua New Guinea,PNG,2001.0,2.0,5.0
Papua New Guinea,PNG,2002.0,2.0,5.0
Papua New Guinea,PNG,2003.0,2.0,5.0
Papua New Guinea,PNG,2004.0,2.0,5.0
Papua New Guinea,PNG,2005.0,2.0,5.0
Papua New Guinea,PNG,2006.0,2.0,5.0
Papua New Guinea,PNG,2007.0,1.0,4.0
Papua New Guinea,PNG,2008.0,1.0,4.0
Papua New Guinea,PNG,2009.0,1.0,4.0
Papua New Guinea,PNG,2010.0,1.0,4.0
Papua New Guinea,PNG,2011.0,1.0,4.0
Papua New Guinea,PNG,2012.0,1.0,3.0
Papua New Guinea,PNG,2013.0,1.0,3.0
Papua New Guinea,PNG,2014.0,1.0,3.0
Papua New Guinea,PNG,2015.0,1.0,3.0
Papua New Guinea,PNG,2016.0,1.0,3.0
Papua New Guinea,PNG,2017.0,1.0,3.0
Papua New Guinea,PNG,2018.0,1.0,3.0
Papua New Guinea,PNG,2019.0,1.0,4.0
Papua New Guinea,PNG,2020.0,1.0,3.0
Papua New Guinea,PNG,2021.0,1.0,3.0
Papua New Guinea,PNG,2022.0,1.0,3.0
Papua New Guinea,PNG,2023.0,1.0,3.0
Papua New Guinea,PNG,2024.0,1.0,3.0
Qatar,QAT,1946.0,0.0,0.0
Qatar,QAT,1947.0,0.0,0.0
Qatar,QAT,1948.0,0.0,0.0
Qatar,QAT,1949.0,0.0,0.0
Qatar,QAT,1950.0,0.0,0.0
Qatar,QAT,1951.0,0.0,0.0
Qatar,QAT,1952.0,0.0,0.0
Qatar,QAT,1953.0,0.0,0.0
Qatar,QAT,1954.0,0.0,0.0
Qatar,QAT,1955.0,0.0,0.0
Qatar,QAT,1956.0,0.0,0.0
Qatar,QAT,1957.0,0.0,0.0
Qatar,QAT,1958.0,0.0,0.0
Qatar,QAT,1959.0,0.0,0.0
Qatar,QAT,1960.0,0.0,0.0
Qatar,QAT,1961.0,0.0,0.0
Qatar,QAT,1962.0,0.0,0.0
Qatar,QAT,1963.0,0.0,0.0
Qatar,QAT,1964.0,0.0,0.0
Qatar,QAT,1965.0,0.0,0.0
Qatar,QAT,1966.0,0.0,0.0
Qatar,QAT,1967.0,0.0,0.0
Qatar,QAT,1968.0,0.0,0.0
Qatar,QAT,1969.0,0.0,0.0
Qatar,QAT,1970.0,0.0,0.0
Qatar,QAT,1971.0,0.0,0.0
Qatar,QAT,1972.0,0.0,0.0
Qatar,QAT,1973.0,0.0,0.0
Qatar,QAT,1974.0,0.0,0.0
Qatar,QAT,1975.0,0.0,0.0
Qatar,QAT,1976.0,0.0,0.0
Qatar,QAT,1977.0,0.0,0.0
Qatar,QAT,1978.0,0.0,0.0
Qatar,QAT,1979.0,0.0,0.0
Qatar,QAT,1980.0,0.0,0.0
Qatar,QAT,1981.0,0.0,0.0
Qatar,QAT,1982.0,0.0,0.0
Qatar,QAT,1983.0,0.0,0.0
Qatar,QAT,1984.0,0.0,0.0
Qatar,QAT,1985.0,0.0,0.0
Qatar,QAT,1986.0,0.0,0.0
Qatar,QAT,1987.0,0.0,0.0
Qatar,QAT,1988.0,0.0,0.0
Qatar,QAT,1989.0,0.0,0.0
Qatar,QAT,1990.0,0.0,0.0
Qatar,QAT,1991.0,0.0,0.0
Qatar,QAT,1992.0,0.0,0.0
Qatar,QAT,1993.0,0.0,0.0
Qatar,QAT,1994.0,0.0,0.0
Qatar,QAT,1995.0,0.0,0.0
Qatar,QAT,1996.0,0.0,0.0
Qatar,QAT,1997.0,0.0,0.0
Qatar,QAT,1998.0,0.0,0.0
Qatar,QAT,1999.0,0.0,0.0
Qatar,QAT,2000.0,0.0,0.0
Qatar,QAT,2001.0,0.0,0.0
Qatar,QAT,2002.0,0.0,0.0
Qatar,QAT,2003.0,0.0,0.0
Qatar,QAT,2004.0,0.0,0.0
Qatar,QAT,2005.0,0.0,0.0
Qatar,QAT,2006.0,0.0,0.0
Qatar,QAT,2007.0,0.0,0.0
Qatar,QAT,2008.0,0.0,0.0
Qatar,QAT,2009.0,0.0,0.0
Qatar,QAT,2010.0,0.0,0.0
Qatar,QAT,2011.0,0.0,0.0
Qatar,QAT,2012.0,0.0,0.0
Qatar,QAT,2013.0,0.0,0.0
Qatar,QAT,2014.0,0.0,0.0
Qatar,QAT,2015.0,0.0,0.0
Qatar,QAT,2016.0,0.0,0.0
Qatar,QAT,2017.0,0.0,0.0
Qatar,QAT,2018.0,0.0,0.0
Qatar,QAT,2019.0,0.0,0.0
Qatar,QAT,2020.0,0.0,0.0
Qatar,QAT,2021.0,0.0,0.0
Qatar,QAT,2022.0,0.0,0.0
Qatar,QAT,2023.0,0.0,0.0
Qatar,QAT,2024.0,0.0,0.0
Sierra Leone,SLE,1946.0,0.0,0.0
Sierra Leone,SLE,1947.0,0.0,0.0
Sierra Leone,SLE,1948.0,0.0,0.0
Sierra Leone,SLE,1949.0,0.0,0.0
Sierra Leone,SLE,1950.0,0.0,0.0
Sierra Leone,SLE,1951.0,0.0,0.0
Sierra Leone,SLE,1952.0,0.0,0.0
Sierra Leone,SLE,1953.0,0.0,0.0
Sierra Leone,SLE,1954.0,0.0,0.0
Sierra Leone,SLE,1955.0,0.0,0.0
Sierra Leone,SLE,1956.0,0.0,0.0
Sierra Leone,SLE,1957.0,0.0,0.0
Sierra Leone,SLE,1958.0,0.0,0.0
Sierra Leone,SLE,1959.0,0.0,0.0
Sierra Leone,SLE,1960.0,0.0,0.0
Sierra Leone,SLE,1961.0,1.0,3.0
Sierra Leone,SLE,1962.0,1.0,3.0
Sierra Leone,SLE,1963.0,1.0,3.0
Sierra Leone,SLE,1964.0,1.0,3.0
Sierra Leone,SLE,1965.0,1.0,3.0
Sierra Leone,SLE,1966.0,1.0,3.0
Sierra Leone,SLE,1967.0,0.0,0.0
Sierra Leone,SLE,1968.0,0.0,0.0
Sierra Leone,SLE,1969.0,0.0,0.0
Sierra Leone,SLE,1970.0,0.0,0.0
Sierra Leone,SLE,1971.0,0.0,0.0
Sierra Leone,SLE,1972.0,0.0,0.0
Sierra Leone,SLE,1973.0,1.0,3.0
Sierra Leone,SLE,1974.0,1.0,3.0
Sierra Leone,SLE,1975.0,1.0,3.0
Sierra Leone,SLE,1976.0,1.0,3.0
Sierra Leone,SLE,1977.0,1.0,3.0
Sierra Leone,SLE,1978.0,1.0,3.0
Sierra Leone,SLE,1979.0,1.0,3.0
Sierra Leone,SLE,1980.0,1.0,3.0
Sierra Leone,SLE,1981.0,1.0,3.0
Sierra Leone,SLE,1982.0,1.0,3.0
Sierra Leone,SLE,1983.0,1.0,3.0
Sierra Leone,SLE,1984.0,1.0,3.0
Sierra Leone,SLE,1985.0,1.0,3.0
Sierra Leone,SLE,1986.0,1.0,3.0
Sierra Leone,SLE,1987.0,1.0,3.0
Sierra Leone,SLE,1988.0,1.0,3.0
Sierra Leone,SLE,1989.0,1.0,3.0
Sierra Leone,SLE,1990.0,1.0,3.0
Sierra Leone,SLE,1991.0,1.0,3.0
Sierra Leone,SLE,1992.0,1.0,3.0
Sierra Leone,SLE,1993.0,0.0,0.0
Sierra Leone,SLE,1994.0,0.0,0.0
Sierra Leone,SLE,1995.0,0.0,0.0
Sierra Leone,SLE,1996.0,1.0,3.0
Sierra Leone,SLE,1997.0,1.0,3.0
Sierra Leone,SLE,1998.0,0.0,0.0
Sierra Leone,SLE,1999.0,0.0,0.0
Sierra Leone,SLE,2000.0,0.0,0.0
Sierra Leone,SLE,2001.0,0.0,0.0
Sierra Leone,SLE,2002.0,1.0,3.0
Sierra Leone,SLE,2003.0,2.0,5.0
Sierra Leone,SLE,2004.0,2.0,5.0
Sierra Leone,SLE,2005.0,2.0,5.0
Sierra Leone,SLE,2006.0,2.0,5.0
Sierra Leone,SLE,2007.0,2.0,5.0
Sierra Leone,SLE,2008.0,2.0,5.0
Sierra Leone,SLE,2009.0,2.0,5.0
Sierra Leone,SLE,2010.0,2.0,5.0
Sierra Leone,SLE,2011.0,2.0,5.0
Sierra Leone,SLE,2012.0,2.0,5.0
Sierra Leone,SLE,2013.0,2.0,5.0
Sierra Leone,SLE,2014.0,2.0,5.0
Sierra Leone,SLE,2015.0,2.0,5.0
Sierra Leone,SLE,2016.0,2.0,5.0
Sierra Leone,SLE,2017.0,2.0,5.0
Sierra Leone,SLE,2018.0,2.0,5.0
Sierra Leone,SLE,2019.0,2.0,5.0
Sierra Leone,SLE,2020.0,2.0,5.0
Sierra Leone,SLE,2021.0,2.0,5.0
Sierra Leone,SLE,2022.0,2.0,5.0
Sierra Leone,SLE,2023.0,1.0,4.0
Sierra Leone,SLE,2024.0,1.0,3.0
Spain,ESP,1946.0,0.0,0.0
Spain,ESP,1947.0,0.0,0.0
Spain,ESP,1948.0,0.0,0.0
Spain,ESP,1949.0,0.0,0.0
Spain,ESP,1950.0,0.0,0.0
Spain,ESP,1951.0,0.0,0.0
Spain,ESP,1952.0,0.0,0.0
Spain,ESP,1953.0,0.0,0.0
Spain,ESP,1954.0,0.0,0.0
Spain,ESP,1955.0,0.0,0.0
Spain,ESP,1956.0,0.0,0.0
Spain,ESP,1957.0,0.0,0.0
Spain,ESP,1958.0,0.0,0.0
Spain,ESP,1959.0,0.0,0.0
Spain,ESP,1960.0,0.0,0.0
Spain,ESP,1961.0,0.0,0.0
Spain,ESP,1962.0,0.0,0.0
Spain,ESP,1963.0,0.0,0.0
Spain,ESP,1964.0,0.0,0.0
Spain,ESP,1965.0,0.0,0.0
Spain,ESP,1966.0,0.0,0.0
Spain,ESP,1967.0,0.0,0.0
Spain,ESP,1968.0,0.0,0.0
Spain,ESP,1969.0,0.0,0.0
Spain,ESP,1970.0,0.0,0.0
Spain,ESP,1971.0,0.0,0.0
Spain,ESP,1972.0,0.0,0.0
Spain,ESP,1973.0,0.0,0.0
Spain,ESP,1974.0,0.0,0.0
Spain,ESP,1975.0,1.0,2.0
Spain,ESP,1976.0,1.0,2.0
Spain,ESP,1977.0,1.0,3.0
Spain,ESP,1978.0,2.0,7.0
Spain,ESP,1979.0,2.0,7.0
Spain,ESP,1980.0,2.0,7.0
Spain,ESP,1981.0,2.0,7.0
Spain,ESP,1982.0,2.0,7.0
Spain,ESP,1983.0,3.0,9.0
Spain,ESP,1984.0,3.0,9.0
Spain,ESP,1985.0,3.0,9.0
Spain,ESP,1986.0,3.0,9.0
Spain,ESP,1987.0,3.0,9.0
Spain,ESP,1988.0,3.0,9.0
Spain,ESP,1989.0,3.0,9.0
Spain,ESP,1990.0,3.0,9.0
Spain,ESP,1991.0,3.0,9.0
Spain,ESP,1992.0,3.0,9.0
Spain,ESP,1993.0,3.0,9.0
Spain,ESP,1994.0,3.0,9.0
Spain,ESP,1995.0,3.0,9.0
Spain,ESP,1996.0,3.0,9.0
Spain,ESP,1997.0,3.0,9.0
Spain,ESP,1998.0,3.0,9.0
Spain,ESP,1999.0,3.0,9.0
Spain,ESP,2000.0,3.0,9.0
Spain,ESP,2001.0,3.0,9.0
Spain,ESP,2002.0,3.0,9.0
Spain,ESP,2003.0,3.0,9.0
Spain,ESP,2004.0,3.0,9.0
Spain,ESP,2005.0,3.0,9.0
Spain,ESP,2006.0,3.0,9.0
Spain,ESP,2007.0,3.0,9.0
Spain,ESP,2008.0,3.0,9.0
Spain,ESP,2009.0,3.0,9.0
Spain,ESP,2010.0,3.0,9.0
Spain,ESP,2011.0,3.0,9.0
Spain,ESP,2012.0,3.0,9.0
Spain,ESP,2013.0,3.0,9.0
Spain,ESP,2014.0,3.0,9.0
Spain,ESP,2015.0,3.0,9.0
Spain,ESP,2016.0,3.0,9.0
Spain,ESP,2017.0,3.0,9.0
Spain,ESP,2018.0,3.0,9.0
Spain,ESP,2019.0,3.0,9.0
Spain,ESP,2020.0,3.0,9.0
Spain,ESP,2021.0,3.0,9.0
Spain,ESP,2022.0,3.0,9.0
Spain,ESP,2023.0,3.0,9.0
Spain,ESP,2024.0,3.0,9.0
Syria,SYR,1946.0,0.0,0.0
Syria,SYR,1947.0,1.0,3.0
Syria,SYR,1948.0,1.0,3.0
Syria,SYR,1949.0,1.0,3.0
Syria,SYR,1950.0,1.0,3.0
Syria,SYR,1951.0,0.0,0.0
Syria,SYR,1952.0,0.0,0.0
Syria,SYR,1953.0,1.0,3.0
Syria,SYR,1954.0,1.0,3.0
Syria,SYR,1955.0,1.0,3.0
Syria,SYR,1956.0,1.0,3.0
Syria,SYR,1957.0,1.0,3.0
Syria,SYR,1958.0,1.0,3.0
Syria,SYR,1959.0,0.0,0.0
Syria,SYR,1960.0,0.0,0.0
Syria,SYR,1961.0,1.0,3.0
Syria,SYR,1962.0,1.0,3.0
Syria,SYR,1963.0,1.0,3.0
Syria,SYR,1964.0,1.0,3.0
Syria,SYR,1965.0,1.0,3.0
Syria,SYR,1966.0,1.0,3.0
Syria,SYR,1967.0,0.0,0.0
Syria,SYR,1968.0,0.0,0.0
Syria,SYR,1969.0,0.0,0.0
Syria,SYR,1970.0,0.0,0.0
Syria,SYR,1971.0,1.0,2.0
Syria,SYR,1972.0,1.0,2.0
Syria,SYR,1973.0,1.0,2.0
Syria,SYR,1974.0,1.0,2.0
Syria,SYR,1975.0,1.0,2.0
Syria,SYR,1976.0,1.0,2.0
Syria,SYR,1977.0,1.0,2.0
Syria,SYR,1978.0,1.0,2.0
Syria,SYR,1979.0,1.0,2.0
Syria,SYR,1980.0,1.0,2.0
Syria,SYR,1981.0,1.0,2.0
Syria,SYR,1982.0,1.0,2.0
Syria,SYR,1983.0,1.0,2.0
Syria,SYR,1984.0,1.0,2.0
Syria,SYR,1985.0,1.0,2.0
Syria,SYR,1986.0,1.0,2.0
Syria,SYR,1987.0,1.0,2.0
Syria,SYR,1988.0,1.0,2.0
Syria,SYR,1989.0,1.0,2.0
Syria,SYR,1990.0,1.0,2.0
Syria,SYR,1991.0,1.0,2.0
Syria,SYR,1992.0,1.0,2.0
Syria,SYR,1993.0,1.0,2.0
Syria,SYR,1994.0,1.0,2.0
Syria,SYR,1995.0,1.0,2.0
Syria,SYR,1996.0,1.0,2.0
Syria,SYR,1997.0,1.0,2.0
Syria,SYR,1998.0,1.0,2.0
Syria,SYR,1999.0,1.0,2.0
Syria,SYR,2000.0,1.0,2.0
Syria,SYR,2001.0,1.0,2.0
Syria,SYR,2002.0,1.0,2.0
Syria,SYR,2003.0,1.0,2.0
Syria,SYR,2004.0,1.0,2.0
Syria,SYR,2005.0,1.0,2.0
Syria,SYR,2006.0,1.0,2.0
Syria,SYR,2007.0,1.0,2.0
Syria,SYR,2008.0,1.0,2.0
Syria,SYR,2009.0,1.0,2.0
Syria,SYR,2010.0,1.0,2.0
Syria,SYR,2011.0,1.0,2.0
Syria,SYR,2012.0,1.0,2.0
Syria,SYR,2013.0,0.0,0.0
Syria,SYR,2014.0,0.0,0.0
Syria,SYR,2015.0,0.0,0.0
Syria,SYR,2016.0,0.0,0.0
Syria,SYR,2017.0,0.0,0.0
Syria,SYR,2018.0,0.0,0.0
Syria,SYR,2019.0,0.0,0.0
Syria,SYR,2020.0,0.0,0.0
Syria,SYR,2021.0,0.0,0.0
Syria,SYR,2022.0,0.0,0.0
Syria,SYR,2023.0,0.0,0.0
Syria,SYR,2024.0,0.0,0.0
Tunisia,TUN,1946.0,0.0,0.0
Tunisia,TUN,1947.0,0.0,0.0
Tunisia,TUN,1948.0,0.0,0.0
Tunisia,TUN,1949.0,0.0,0.0
Tunisia,TUN,1950.0,0.0,0.0
Tunisia,TUN,1951.0,0.0,0.0
Tunisia,TUN,1952.0,0.0,0.0
Tunisia,TUN,1953.0,0.0,0.0
Tunisia,TUN,1954.0,0.0,0.0
Tunisia,TUN,1955.0,0.0,0.0
Tunisia,TUN,1956.0,0.0,0.0
Tunisia,TUN,1957.0,0.0,0.0
Tunisia,TUN,1958.0,0.0,0.0
Tunisia,TUN,1959.0,1.0,2.0
Tunisia,TUN,1960.0,1.0,2.0
Tunisia,TUN,1961.0,1.0,2.0
Tunisia,TUN,1962.0,1.0,2.0
Tunisia,TUN,1963.0,1.0,2.0
Tunisia,TUN,1964.0,1.0,3.0
Tunisia,TUN,1965.0,1.0,3.0
Tunisia,TUN,1966.0,1.0,3.0
Tunisia,TUN,1967.0,1.0,3.0
Tunisia,TUN,1968.0,1.0,3.0
Tunisia,TUN,1969.0,1.0,3.0
Tunisia,TUN,1970.0,1.0,3.0
Tunisia,TUN,1971.0,1.0,3.0
Tunisia,TUN,1972.0,1.0,3.0
Tunisia,TUN,1973.0,1.0,3.0
Tunisia,TUN,1974.0,1.0,2.0
Tunisia,TUN,1975.0,1.0,2.0
Tunisia,TUN,1976.0,1.0,2.0
Tunisia,TUN,1977.0,1.0,2.0
Tunisia,TUN,1978.0,1.0,2.0
Tunisia,TUN,1979.0,1.0,2.0
Tunisia,TUN,1980.0,1.0,2.0
Tunisia,TUN,1981.0,1.0,2.0
Tunisia,TUN,1982.0,1.0,2.0
Tunisia,TUN,1983.0,1.0,2.0
Tunisia,TUN,1984.0,1.0,2.0
Tunisia,TUN,1985.0,1.0,2.0
Tunisia,TUN,1986.0,1.0,2.0
Tunisia,TUN,1987.0,1.0,3.0
Tunisia,TUN,1988.0,0.0,0.0
Tunisia,TUN,1989.0,1.0,3.0
Tunisia,TUN,1990.0,1.0,3.0
Tunisia,TUN,1991.0,1.0,3.0
Tunisia,TUN,1992.0,1.0,3.0
Tunisia,TUN,1993.0,1.0,3.0
Tunisia,TUN,1994.0,1.0,3.0
Tunisia,TUN,1995.0,1.0,3.0
Tunisia,TUN,1996.0,1.0,3.0
Tunisia,TUN,1997.0,1.0,3.0
Tunisia,TUN,1998.0,1.0,3.0
Tunisia,TUN,1999.0,1.0,3.0
Tunisia,TUN,2000.0,1.0,3.0
Tunisia,TUN,2001.0,1.0,3.0
Tunisia,TUN,2002.0,1.0,3.0
Tunisia,TUN,2003.0,1.0,3.0
Tunisia,TUN,2004.0,1.0,3.0
Tunisia,TUN,2005.0,1.0,3.0
Tunisia,TUN,2006.0,1.0,3.0
Tunisia,TUN,2007.0,1.0,3.0
Tunisia,TUN,2008.0,1.0,3.0
Tunisia,TUN,2009.0,1.0,3.0
Tunisia,TUN,2010.0,1.0,3.0
Tunisia,TUN,2011.0,1.0,3.0
Tunisia,TUN,2012.0,2.0,6.0
Tunisia,TUN,2013.0,2.0,6.0
Tunisia,TUN,2014.0,2.0,6.0
Tunisia,TUN,2015.0,2.0,6.0
Tunisia,TUN,2016.0,2.0,6.0
Tunisia,TUN,2017.0,2.0,6.0
Tunisia,TUN,2018.0,2.0,6.0
Tunisia,TUN,2019.0,2.0,6.0
Tunisia,TUN,2020.0,2.0,6.0
Tunisia,TUN,2021.0,2.0,5.0
Tunisia,TUN,2022.0,1.0,3.0
Tunisia,TUN,2023.0,1.0,4.0
Tunisia,TUN,2024.0,1.0,3.0
Türkiye,TUR,1946.0,1.0,3.0
Türkiye,TUR,1947.0,1.0,3.0
Türkiye,TUR,1948.0,1.0,3.0
Türkiye,TUR,1949.0,1.0,3.0
Türkiye,TUR,1950.0,1.0,3.0
Türkiye,TUR,1951.0,1.0,3.0
Türkiye,TUR,1952.0,1.0,3.0
Türkiye,TUR,1953.0,1.0,3.0
Türkiye,TUR,1954.0,1.0,3.0
Türkiye,TUR,1955.0,1.0,3.0
Türkiye,TUR,1956.0,1.0,3.0
Türkiye,TUR,1957.0,1.0,3.0
Türkiye,TUR,1958.0,1.0,3.0
Türkiye,TUR,1959.0,1.0,3.0
Türkiye,TUR,1960.0,0.0,0.0
Türkiye,TUR,1961.0,0.0,0.0
Türkiye,TUR,1962.0,0.0,0.0
Türkiye,TUR,1963.0,0.0,0.0
Türkiye,TUR,1964.0,0.0,0.0
Türkiye,TUR,1965.0,0.0,0.0
Türkiye,TUR,1966.0,2.0,5.0
Türkiye,TUR,1967.0,2.0,6.0
Türkiye,TUR,1968.0,2.0,6.0
Türkiye,TUR,1969.0,2.0,6.0
Türkiye,TUR,1970.0,2.0,5.0
Türkiye,TUR,1971.0,1.0,4.0
Türkiye,TUR,1972.0,2.0,5.0
Türkiye,TUR,1973.0,2.0,5.0
Türkiye,TUR,1974.0,2.0,6.0
Türkiye,TUR,1975.0,2.0,6.0
Türkiye,TUR,1976.0,2.0,6.0
Türkiye,TUR,1977.0,2.0,6.0
Türkiye,TUR,1978.0,2.0,6.0
Türkiye,TUR,1979.0,2.0,6.0
Türkiye,TUR,1980.0,1.0,3.0
Türkiye,TUR,1981.0,0.0,0.0
Türkiye,TUR,1982.0,0.0,0.0
Türkiye,TUR,1983.0,1.0,3.0
Türkiye,TUR,1984.0,1.0,3.0
Türkiye,TUR,1985.0,1.0,3.0
Türkiye,TUR,1986.0,1.0,3.0
Türkiye,TUR,1987.0,1.0,3.0
Türkiye,TUR,1988.0,1.0,4.0
Türkiye,TUR,1989.0,1.0,4.0
Türkiye,TUR,1990.0,2.0,5.0
Türkiye,TUR,1991.0,2.0,5.0
Türkiye,TUR,1992.0,2.0,5.0
Türkiye,TUR,1993.0,2.0,5.0
Türkiye,TUR,1994.0,2.0,5.0
Türkiye,TUR,1995.0,2.0,5.0
Türkiye,TUR,1996.0,2.0,5.0
Türkiye,TUR,1997.0,2.0,5.0
Türkiye,TUR,1998.0,2.0,5.0
Türkiye,TUR,1999.0,2.0,6.0
Türkiye,TUR,2000.0,2.0,6.0
Türkiye,TUR,2001.0,2.0,6.0
Türkiye,TUR,2002.0,2.0,7.0
Türkiye,TUR,2003.0,2.0,7.0
Türkiye,TUR,2004.0,2.0,7.0
Türkiye,TUR,2005.0,2.0,6.0
Türkiye,TUR,2006.0,2.0,6.0
Türkiye,TUR,2007.0,2.0,6.0
Türkiye,TUR,2008.0,2.0,6.0
Türkiye,TUR,2009.0,2.0,5.0
Türkiye,TUR,2010.0,2.0,5.0
Türkiye,TUR,2011.0,2.0,5.0
Türkiye,TUR,2012.0,2.0,5.0
Türkiye,TUR,2013.0,1.0,4.0
Türkiye,TUR,2014.0,1.0,3.0
Türkiye,TUR,2015.0,1.0,3.0
Türkiye,TUR,2016.0,1.0,3.0
Türkiye,TUR,2017.0,1.0,3.0
Türkiye,TUR,2018.0,1.0,3.0
Türkiye,TUR,2019.0,1.0,3.0
Türkiye,TUR,2020.0,1.0,3.0
Türkiye,TUR,2021.0,1.0,3.0
Türkiye,TUR,2022.0,1.0,3.0
Türkiye,TUR,2023.0,1.0,3.0
Türkiye,TUR,2024.0,1.0,3.0
Ukraine,UKR,1990.0,0.0,0.0
Ukraine,UKR,1991.0,1.0,3.0
Ukraine,UKR,1992.0,2.0,5.0
Ukraine,UKR,1993.0,2.0,5.0
Ukraine,UKR,1994.0,2.0,5.0
Ukraine,UKR,1995.0,2.0,5.0
Ukraine,UKR,1996.0,2.0,5.0
Ukraine,UKR,1997.0,2.0,5.0
Ukraine,UKR,1998.0,1.0,4.0
Ukraine,UKR,1999.0,1.0,3.0
Ukraine,UKR,2000.0,1.0,3.0
Ukraine,UKR,2001.0,1.0,3.0
Ukraine,UKR,2002.0,1.0,3.0
Ukraine,UKR,2003.0,1.0,3.0
Ukraine,UKR,2004.0,1.0,3.0
Ukraine,UKR,2005.0,1.0,3.0
Ukraine,UKR,2006.0,2.0,6.0
Ukraine,UKR,2007.0,2.0,6.0
Ukraine,UKR,2008.0,2.0,6.0
Ukraine,UKR,2009.0,2.0,6.0
Ukraine,UKR,2010.0,1.0,4.0
Ukraine,UKR,2011.0,1.0,4.0
Ukraine,UKR,2012.0,1.0,4.0
Ukraine,UKR,2013.0,1.0,4.0
Ukraine,UKR,2014.0,1.0,3.0
Ukraine,UKR,2015.0,1.0,3.0
Ukraine,UKR,2016.0,1.0,3.0
Ukraine,UKR,2017.0,1.0,3.0
Ukraine,UKR,2018.0,1.0,3.0
Ukraine,UKR,2019.0,2.0,5.0
Ukraine,UKR,2020.0,2.0,5.0
Ukraine,UKR,2021.0,2.0,5.0
Ukraine,UKR,2022.0,1.0,3.0
Ukraine,UKR,2023.0,1.0,3.0
Ukraine,UKR,2024.0,1.0,3.0
United Kingdom,GBR,1946.0,3.0,9.0
United Kingdom,GBR,1947.0,3.0,9.0
United Kingdom,GBR,1948.0,3.0,9.0
United Kingdom,GBR,1949.0,3.0,9.0
United Kingdom,GBR,1950.0,3.0,9.0
United Kingdom,GBR,1951.0,3.0,9.0
United Kingdom,GBR,1952.0,3.0,9.0
United Kingdom,GBR,1953.0,3.0,9.0
United Kingdom,GBR,1954.0,3.0,9.0
United Kingdom,GBR,1955.0,3.0,9.0
United Kingdom,GBR,1956.0,3.0,9.0
United Kingdom,GBR,1957.0,3.0,9.0
United Kingdom,GBR,1958.0,3.0,9.0
United Kingdom,GBR,1959.0,3.0,9.0
United Kingdom,GBR,1960.0,3.0,9.0
United Kingdom,GBR,1961.0,3.0,9.0
United Kingdom,GBR,1962.0,3.0,9.0
United Kingdom,GBR,1963.0,3.0,9.0
United Kingdom,GBR,1964.0,3.0,9.0
United Kingdom,GBR,1965.0,3.0,9.0
United Kingdom,GBR,1966.0,3.0,9.0
United Kingdom,GBR,1967.0,3.0,9.0
United Kingdom,GBR,1968.0,3.0,9.0
United Kingdom,GBR,1969.0,3.0,9.0
United Kingdom,GBR,1970.0,3.0,9.0
United Kingdom,GBR,1971.0,3.0,9.0
United Kingdom,GBR,1972.0,3.0,9.0
United Kingdom,GBR,1973.0,3.0,9.0
United Kingdom,GBR,1974.0,3.0,9.0
United Kingdom,GBR,1975.0,3.0,9.0
United Kingdom,GBR,1976.0,3.0,9.0
United Kingdom,GBR,1977.0,3.0,9.0
United Kingdom,GBR,1978.0,3.0,9.0
United Kingdom,GBR,1979.0,3.0,9.0
United Kingdom,GBR,1980.0,3.0,9.0
United Kingdom,GBR,1981.0,3.0,9.0
United Kingdom,GBR,1982.0,3.0,9.0
United Kingdom,GBR,1983.0,3.0,9.0
United Kingdom,GBR,1984.0,3.0,9.0
United Kingdom,GBR,1985.0,3.0,9.0
United Kingdom,GBR,1986.0,3.0,9.0
United Kingdom,GBR,1987.0,3.0,9.0
United Kingdom,GBR,1988.0,3.0,9.0
United Kingdom,GBR,1989.0,3.0,9.0
United Kingdom,GBR,1990.0,3.0,9.0
United Kingdom,GBR,1991.0,3.0,9.0
United Kingdom,GBR,1992.0,3.0,9.0
United Kingdom,GBR,1993.0,3.0,9.0
United Kingdom,GBR,1994.0,3.0,9.0
United Kingdom,GBR,1995.0,3.0,9.0
United Kingdom,GBR,1996.0,3.0,9.0
United Kingdom,GBR,1997.0,3.0,9.0
United Kingdom,GBR,1998.0,3.0,9.0
United Kingdom,GBR,1999.0,3.0,9.0
United Kingdom,GBR,2000.0,3.0,9.0
United Kingdom,GBR,2001.0,3.0,9.0
United Kingdom,GBR,2002.0,3.0,9.0
United Kingdom,GBR,2003.0,3.0,9.0
United Kingdom,GBR,2004.0,3.0,9.0
United Kingdom,GBR,2005.0,3.0,9.0
United Kingdom,GBR,2006.0,3.0,9.0
United Kingdom,GBR,2007.0,3.0,9.0
United Kingdom,GBR,2008.0,3.0,9.0
United Kingdom,GBR,2009.0,3.0,9.0
United Kingdom,GBR,2010.0,3.0,9.0
United Kingdom,GBR,2011.0,3.0,9.0
United Kingdom,GBR,2012.0,3.0,9.0
United Kingdom,GBR,2013.0,3.0,9.0
United Kingdom,GBR,2014.0,3.0,9.0
United Kingdom,GBR,2015.0,3.0,9.0
United Kingdom,GBR,2016.0,3.0,9.0
United Kingdom,GBR,2017.0,3.0,9.0
United Kingdom,GBR,2018.0,3.0,9.0
United Kingdom,GBR,2019.0,3.0,9.0
United Kingdom,GBR,2020.0,3.0,9.0
United Kingdom,GBR,2021.0,3.0,9.0
United Kingdom,GBR,2022.0,3.0,8.0
United Kingdom,GBR,2023.0,3.0,8.0
United Kingdom,GBR,2024.0,2.0,7.0
Uruguay,URY,1946.0,2.0,7.0
Uruguay,URY,1947.0,2.0,7.0
Uruguay,URY,1948.0,2.0,7.0
Uruguay,URY,1949.0,2.0,7.0
Uruguay,URY,1950.0,2.0,7.0
Uruguay,URY,1951.0,2.0,7.0
Uruguay,URY,1952.0,2.0,7.0
Uruguay,URY,1953.0,2.0,7.0
Uruguay,URY,1954.0,2.0,7.0
Uruguay,URY,1955.0,2.0,7.0
Uruguay,URY,1956.0,2.0,7.0
Uruguay,URY,1957.0,2.0,7.0
Uruguay,URY,1958.0,2.0,7.0
Uruguay,URY,1959.0,2.0,7.0
Uruguay,URY,1960.0,2.0,7.0
Uruguay,URY,1961.0,2.0,7.0
Uruguay,URY,1962.0,2.0,7.0
Uruguay,URY,1963.0,2.0,7.0
Uruguay,URY,1964.0,2.0,7.0
Uruguay,URY,1965.0,2.0,7.0
Uruguay,URY,1966.0,2.0,7.0
Uruguay,URY,1967.0,2.0,7.0
Uruguay,URY,1968.0,2.0,6.0
Uruguay,URY,1969.0,2.0,6.0
Uruguay,URY,1970.0,2.0,6.0
Uruguay,URY,1971.0,2.0,6.0
Uruguay,URY,1972.0,1.0,4.0
Uruguay,URY,1973.0,0.0,1.0
Uruguay,URY,1974.0,0.0,0.0
Uruguay,URY,1975.0,0.0,0.0
Uruguay,URY,1976.0,0.0,0.0
Uruguay,URY,1977.0,0.0,0.0
Uruguay,URY,1978.0,0.0,0.0
Uruguay,URY,1979.0,0.0,0.0
Uruguay,URY,1980.0,0.0,0.0
Uruguay,URY,1981.0,0.0,0.0
Uruguay,URY,1982.0,0.0,0.0
Uruguay,URY,1983.0,0.0,0.0
Uruguay,URY,1984.0,1.0,3.0
Uruguay,URY,1985.0,3.0,8.0
Uruguay,URY,1986.0,3.0,9.0
Uruguay,URY,1987.0,3.0,9.0
Uruguay,URY,1988.0,3.0,9.0
Uruguay,URY,1989.0,3.0,9.0
Uruguay,URY,1990.0,3.0,9.0
Uruguay,URY,1991.0,3.0,9.0
Uruguay,URY,1992.0,3.0,9.0
Uruguay,URY,1993.0,3.0,9.0
Uruguay,URY,1994.0,3.0,9.0
Uruguay,URY,1995.0,3.0,9.0
Uruguay,URY,1996.0,3.0,9.0
Uruguay,URY,1997.0,3.0,9.0
Uruguay,URY,1998.0,3.0,9.0
Uruguay,URY,1999.0,3.0,9.0
Uruguay,URY,2000.0,3.0,9.0
Uruguay,URY,2001.0,3.0,9.0
Uruguay,URY,2002.0,3.0,9.0
Uruguay,URY,2003.0,3.0,9.0
Uruguay,URY,2004.0,3.0,9.0
Uruguay,URY,2005.0,3.0,9.0
Uruguay,URY,2006.0,3.0,9.0
Uruguay,URY,2007.0,3.0,9.0
Uruguay,URY,2008.0,3.0,9.0
Uruguay,URY,2009.0,3.0,9.0
Uruguay,URY,2010.0,3.0,9.0
Uruguay,URY,2011.0,3.0,9.0
Uruguay,URY,2012.0,3.0,9.0
Uruguay,URY,2013.0,3.0,9.0
Uruguay,URY,2014.0,3.0,9.0
Uruguay,URY,2015.0,3.0,9.0
Uruguay,URY,2016.0,3.0,9.0
Uruguay,URY,2017.0,3.0,9.0
Uruguay,URY,2018.0,3.0,9.0
Uruguay,URY,2019.0,3.0,9.0
Uruguay,URY,2020.0,3.0,9.0
Uruguay,URY,2021.0,3.0,9.0
Uruguay,URY,2022.0,3.0,9.0
Uruguay,URY,2023.0,3.0,8.0
Uruguay,URY,2024.0,3.0,8.0
Algeria,DZA,1946.0,0.0,0.0
Algeria,DZA,1947.0,0.0,0.0
Algeria,DZA,1948.0,0.0,0.0
Algeria,DZA,1949.0,0.0,0.0
Algeria,DZA,1950.0,0.0,0.0
Algeria,DZA,1951.0,0.0,0.0
Algeria,DZA,1952.0,0.0,0.0
Algeria,DZA,1953.0,0.0,0.0
Algeria,DZA,1954.0,0.0,0.0
Algeria,DZA,1955.0,0.0,0.0
Algeria,DZA,1956.0,0.0,0.0
Algeria,DZA,1957.0,0.0,0.0
Algeria,DZA,1958.0,0.0,0.0
Algeria,DZA,1959.0,0.0,0.0
Algeria,DZA,1960.0,0.0,0.0
Algeria,DZA,1961.0,0.0,0.0
Algeria,DZA,1962.0,1.0,2.0
Algeria,DZA,1963.0,1.0,2.0
Algeria,DZA,1964.0,1.0,2.0
Algeria,DZA,1965.0,1.0,2.0
Algeria,DZA,1966.0,0.0,0.0
Algeria,DZA,1967.0,0.0,0.0
Algeria,DZA,1968.0,0.0,0.0
Algeria,DZA,1969.0,0.0,0.0
Algeria,DZA,1970.0,0.0,0.0
Algeria,DZA,1971.0,0.0,0.0
Algeria,DZA,1972.0,0.0,0.0
Algeria,DZA,1973.0,0.0,0.0
Algeria,DZA,1974.0,0.0,0.0
Algeria,DZA,1975.0,0.0,0.0
Algeria,DZA,1976.0,0.0,0.0
Algeria,DZA,1977.0,0.0,0.0
Algeria,DZA,1978.0,0.0,0.0
Algeria,DZA,1979.0,0.0,0.0
Algeria,DZA,1980.0,0.0,0.0
Algeria,DZA,1981.0,0.0,0.0
Algeria,DZA,1982.0,0.0,0.0
Algeria,DZA,1983.0,0.0,0.0
Algeria,DZA,1984.0,0.0,0.0
Algeria,DZA,1985.0,0.0,0.0
Algeria,DZA,1986.0,0.0,0.0
Algeria,DZA,1987.0,0.0,0.0
Algeria,DZA,1988.0,0.0,0.0
Algeria,DZA,1989.0,0.0,0.0
Algeria,DZA,1990.0,0.0,0.0
Algeria,DZA,1991.0,0.0,0.0
Algeria,DZA,1992.0,0.0,0.0
Algeria,DZA,1993.0,0.0,0.0
Algeria,DZA,1994.0,0.0,0.0
Algeria,DZA,1995.0,1.0,3.0
Algeria,DZA,1996.0,1.0,3.0
Algeria,DZA,1997.0,1.0,3.0
Algeria,DZA,1998.0,1.0,3.0
Algeria,DZA,1999.0,1.0,3.0
Algeria,DZA,2000.0,1.0,3.0
Algeria,DZA,2001.0,1.0,3.0
Algeria,DZA,2002.0,1.0,3.0
Algeria,DZA,2003.0,1.0,3.0
Algeria,DZA,2004.0,1.0,3.0
Algeria,DZA,2005.0,1.0,3.0
Algeria,DZA,2006.0,1.0,3.0
Algeria,DZA,2007.0,1.0,3.0
Algeria,DZA,2008.0,1.0,3.0
Algeria,DZA,2009.0,1.0,3.0
Algeria,DZA,2010.0,1.0,3.0
Algeria,DZA,2011.0,1.0,3.0
Algeria,DZA,2012.0,1.0,3.0
Algeria,DZA,2013.0,1.0,3.0
Algeria,DZA,2014.0,1.0,3.0
Algeria,DZA,2015.0,1.0,3.0
Algeria,DZA,2016.0,1.0,3.0
Algeria,DZA,2017.0,1.0,3.0
Algeria,DZA,2018.0,1.0,3.0
Algeria,DZA,2019.0,1.0,3.0
Algeria,DZA,2020.0,1.0,3.0
Algeria,DZA,2021.0,1.0,3.0
Algeria,DZA,2022.0,1.0,3.0
Algeria,DZA,2023.0,1.0,3.0
Algeria,DZA,2024.0,1.0,3.0
Angola,AGO,1946.0,0.0,0.0
Angola,AGO,1947.0,0.0,0.0
Angola,AGO,1948.0,0.0,0.0
Angola,AGO,1949.0,0.0,0.0
Angola,AGO,1950.0,0.0,0.0
Angola,AGO,1951.0,0.0,0.0
Angola,AGO,1952.0,0.0,0.0
Angola,AGO,1953.0,0.0,0.0
Angola,AGO,1954.0,0.0,0.0
Angola,AGO,1955.0,0.0,0.0
Angola,AGO,1956.0,0.0,0.0
Angola,AGO,1957.0,0.0,0.0
Angola,AGO,1958.0,0.0,0.0
Angola,AGO,1959.0,0.0,0.0
Angola,AGO,1960.0,0.0,0.0
Angola,AGO,1961.0,0.0,0.0
Angola,AGO,1962.0,0.0,0.0
Angola,AGO,1963.0,0.0,0.0
Angola,AGO,1964.0,0.0,0.0
Angola,AGO,1965.0,0.0,0.0
Angola,AGO,1966.0,0.0,0.0
Angola,AGO,1967.0,0.0,0.0
Angola,AGO,1968.0,0.0,0.0
Angola,AGO,1969.0,0.0,0.0
Angola,AGO,1970.0,0.0,0.0
Angola,AGO,1971.0,0.0,0.0
Angola,AGO,1972.0,0.0,0.0
Angola,AGO,1973.0,0.0,0.0
Angola,AGO,1974.0,0.0,0.0
Angola,AGO,1975.0,0.0,0.0
Angola,AGO,1976.0,0.0,0.0
Angola,AGO,1977.0,0.0,0.0
Angola,AGO,1978.0,0.0,0.0
Angola,AGO,1979.0,0.0,0.0
Angola,AGO,1980.0,0.0,0.0
Angola,AGO,1981.0,0.0,0.0
Angola,AGO,1982.0,0.0,0.0
Angola,AGO,1983.0,0.0,0.0
Angola,AGO,1984.0,0.0,0.0
Angola,AGO,1985.0,0.0,0.0
Angola,AGO,1986.0,0.0,0.0
Angola,AGO,1987.0,0.0,0.0
Angola,AGO,1988.0,0.0,0.0
Angola,AGO,1989.0,0.0,0.0
Angola,AGO,1990.0,0.0,0.0
Angola,AGO,1991.0,0.0,0.0
Angola,AGO,1992.0,1.0,3.0
Angola,AGO,1993.0,0.0,0.0
Angola,AGO,1994.0,0.0,0.0
Angola,AGO,1995.0,0.0,0.0
Angola,AGO,1996.0,0.0,0.0
Angola,AGO,1997.0,0.0,0.0
Angola,AGO,1998.0,0.0,0.0
Angola,AGO,1999.0,0.0,0.0
Angola,AGO,2000.0,0.0,0.0
Angola,AGO,2001.0,0.0,0.0
Angola,AGO,2002.0,0.0,0.0
Angola,AGO,2003.0,0.0,0.0
Angola,AGO,2004.0,0.0,0.0
Angola,AGO,2005.0,0.0,0.0
Angola,AGO,2006.0,0.0,0.0
Angola,AGO,2007.0,0.0,0.0
Angola,AGO,2008.0,0.0,0.0
Angola,AGO,2009.0,0.0,0.0
Angola,AGO,2010.0,1.0,3.0
Angola,AGO,2011.0,1.0,3.0
Angola,AGO,2012.0,1.0,3.0
Angola,AGO,2013.0,1.0,3.0
Angola,AGO,2014.0,1.0,3.0
Angola,AGO,2015.0,1.0,3.0
Angola,AGO,2016.0,1.0,3.0
Angola,AGO,2017.0,1.0,3.0
Angola,AGO,2018.0,1.0,3.0
Angola,AGO,2019.0,1.0,3.0
Angola,AGO,2020.0,1.0,3.0
Angola,AGO,2021.0,1.0,3.0
Angola,AGO,2022.0,1.0,3.0
Angola,AGO,2023.0,1.0,3.0
Angola,AGO,2024.0,1.0,3.0
Armenia,ARM,1990.0,2.0,6.0
Armenia,ARM,1991.0,2.0,6.0
Armenia,ARM,1992.0,2.0,6.0
Armenia,ARM,1993.0,2.0,6.0
Armenia,ARM,1994.0,2.0,6.0
Armenia,ARM,1995.0,1.0,4.0
Armenia,ARM,1996.0,1.0,3.0
Armenia,ARM,1997.0,1.0,3.0
Armenia,ARM,1998.0,1.0,3.0
Armenia,ARM,1999.0,1.0,3.0
Armenia,ARM,2000.0,1.0,3.0
Armenia,ARM,2001.0,1.0,3.0
Armenia,ARM,2002.0,1.0,3.0
Armenia,ARM,2003.0,1.0,3.0
Armenia,ARM,2004.0,1.0,3.0
Armenia,ARM,2005.0,1.0,3.0
Armenia,ARM,2006.0,1.0,3.0
Armenia,ARM,2007.0,1.0,3.0
Armenia,ARM,2008.0,1.0,3.0
Armenia,ARM,2009.0,1.0,3.0
Armenia,ARM,2010.0,1.0,3.0
Armenia,ARM,2011.0,1.0,3.0
Armenia,ARM,2012.0,1.0,3.0
Armenia,ARM,2013.0,1.0,3.0
Armenia,ARM,2014.0,1.0,3.0
Armenia,ARM,2015.0,1.0,3.0
Armenia,ARM,2016.0,1.0,3.0
Armenia,ARM,2017.0,1.0,3.0
Armenia,ARM,2018.0,2.0,5.0
Armenia,ARM,2019.0,2.0,7.0
Armenia,ARM,2020.0,2.0,6.0
Armenia,ARM,2021.0,2.0,6.0
Armenia,ARM,2022.0,2.0,6.0
Armenia,ARM,2023.0,2.0,6.0
Armenia,ARM,2024.0,2.0,6.0
Azerbaijan,AZE,1990.0,0.0,0.0
Azerbaijan,AZE,1991.0,1.0,3.0
Azerbaijan,AZE,1992.0,1.0,3.0
Azerbaijan,AZE,1993.0,1.0,3.0
Azerbaijan,AZE,1994.0,1.0,3.0
Azerbaijan,AZE,1995.0,1.0,3.0
Azerbaijan,AZE,1996.0,1.0,3.0
Azerbaijan,AZE,1997.0,1.0,3.0
Azerbaijan,AZE,1998.0,1.0,3.0
Azerbaijan,AZE,1999.0,1.0,3.0
Azerbaijan,AZE,2000.0,1.0,3.0
Azerbaijan,AZE,2001.0,1.0,3.0
Azerbaijan,AZE,2002.0,1.0,3.0
Azerbaijan,AZE,2003.0,1.0,3.0
Azerbaijan,AZE,2004.0,1.0,3.0
Azerbaijan,AZE,2005.0,1.0,3.0
Azerbaijan,AZE,2006.0,1.0,3.0
Azerbaijan,AZE,2007.0,1.0,3.0
Azerbaijan,AZE,2008.0,1.0,3.0
Azerbaijan,AZE,2009.0,1.0,3.0
Azerbaijan,AZE,2010.0,1.0,3.0
Azerbaijan,AZE,2011.0,1.0,3.0
Azerbaijan,AZE,2012.0,1.0,3.0
Azerbaijan,AZE,2013.0,1.0,3.0
Azerbaijan,AZE,2014.0,1.0,3.0
Azerbaijan,AZE,2015.0,1.0,3.0
Azerbaijan,AZE,2016.0,1.0,3.0
Azerbaijan,AZE,2017.0,1.0,3.0
Azerbaijan,AZE,2018.0,1.0,3.0
Azerbaijan,AZE,2019.0,1.0,3.0
Azerbaijan,AZE,2020.0,1.0,3.0
Azerbaijan,AZE,2021.0,1.0,3.0
Azerbaijan,AZE,2022.0,1.0,3.0
Azerbaijan,AZE,2023.0,1.0,3.0
Azerbaijan,AZE,2024.0,1.0,3.0
Belarus,BLR,1990.0,1.0,4.0
Belarus,BLR,1991.0,1.0,4.0
Belarus,BLR,1992.0,2.0,5.0
Belarus,BLR,1993.0,2.0,5.0
Belarus,BLR,1994.0,2.0,5.0
Belarus,BLR,1995.0,1.0,4.0
Belarus,BLR,1996.0,1.0,3.0
Belarus,BLR,1997.0,1.0,3.0
Belarus,BLR,1998.0,1.0,3.0
Belarus,BLR,1999.0,1.0,3.0
Belarus,BLR,2000.0,1.0,3.0
Belarus,BLR,2001.0,1.0,3.0
Belarus,BLR,2002.0,1.0,3.0
Belarus,BLR,2003.0,1.0,3.0
Belarus,BLR,2004.0,1.0,3.0
Belarus,BLR,2005.0,1.0,3.0
Belarus,BLR,2006.0,1.0,3.0
Belarus,BLR,2007.0,1.0,3.0
Belarus,BLR,2008.0,1.0,3.0
Belarus,BLR,2009.0,1.0,3.0
Belarus,BLR,2010.0,1.0,3.0
Belarus,BLR,2011.0,1.0,3.0
Belarus,BLR,2012.0,1.0,3.0
Belarus,BLR,2013.0,1.0,3.0
Belarus,BLR,2014.0,1.0,3.0
Belarus,BLR,2015.0,1.0,3.0
Belarus,BLR,2016.0,1.0,3.0
Belarus,BLR,2017.0,1.0,3.0
Belarus,BLR,2018.0,1.0,3.0
Belarus,BLR,2019.0,1.0,3.0
Belarus,BLR,2020.0,1.0,3.0
Belarus,BLR,2021.0,1.0,3.0
Belarus,BLR,2022.0,1.0,3.0
Belarus,BLR,2023.0,1.0,3.0
Belarus,BLR,2024.0,0.0,0.0
Cameroon,CMR,1961.0,1.0,3.0
Cameroon,CMR,1962.0,1.0,3.0
Cameroon,CMR,1963.0,1.0,3.0
Cameroon,CMR,1964.0,1.0,3.0
Cameroon,CMR,1965.0,1.0,2.0
Cameroon,CMR,1966.0,1.0,2.0
Cameroon,CMR,1967.0,1.0,2.0
Cameroon,CMR,1968.0,1.0,2.0
Cameroon,CMR,1969.0,1.0,2.0
Cameroon,CMR,1970.0,1.0,2.0
Cameroon,CMR,1971.0,1.0,2.0
Cameroon,CMR,1972.0,1.0,2.0
Cameroon,CMR,1973.0,1.0,2.0
Cameroon,CMR,1974.0,1.0,2.0
Cameroon,CMR,1975.0,1.0,2.0
Cameroon,CMR,1976.0,1.0,2.0
Cameroon,CMR,1977.0,1.0,2.0
Cameroon,CMR,1978.0,1.0,2.0
Cameroon,CMR,1979.0,1.0,2.0
Cameroon,CMR,1980.0,1.0,2.0
Cameroon,CMR,1981.0,1.0,2.0
Cameroon,CMR,1982.0,1.0,2.0
Cameroon,CMR,1983.0,1.0,3.0
Cameroon,CMR,1984.0,1.0,3.0
Cameroon,CMR,1985.0,1.0,3.0
Cameroon,CMR,1986.0,1.0,3.0
Cameroon,CMR,1987.0,1.0,3.0
Cameroon,CMR,1988.0,1.0,3.0
Cameroon,CMR,1989.0,1.0,3.0
Cameroon,CMR,1990.0,1.0,3.0
Cameroon,CMR,1991.0,1.0,3.0
Cameroon,CMR,1992.0,1.0,3.0
Cameroon,CMR,1993.0,1.0,3.0
Cameroon,CMR,1994.0,1.0,3.0
Cameroon,CMR,1995.0,1.0,3.0
Cameroon,CMR,1996.0,1.0,3.0
Cameroon,CMR,1997.0,1.0,3.0
Cameroon,CMR,1998.0,1.0,3.0
Cameroon,CMR,1999.0,1.0,3.0
Cameroon,CMR,2000.0,1.0,3.0
Cameroon,CMR,2001.0,1.0,3.0
Cameroon,CMR,2002.0,1.0,3.0
Cameroon,CMR,2003.0,1.0,3.0
Cameroon,CMR,2004.0,1.0,3.0
Cameroon,CMR,2005.0,1.0,3.0
Cameroon,CMR,2006.0,1.0,3.0
Cameroon,CMR,2007.0,1.0,3.0
Cameroon,CMR,2008.0,1.0,3.0
Cameroon,CMR,2009.0,1.0,3.0
Cameroon,CMR,2010.0,1.0,3.0
Cameroon,CMR,2011.0,1.0,3.0
Cameroon,CMR,2012.0,1.0,3.0
Cameroon,CMR,2013.0,1.0,3.0
Cameroon,CMR,2014.0,1.0,3.0
Cameroon,CMR,2015.0,1.0,3.0
Cameroon,CMR,2016.0,1.0,3.0
Cameroon,CMR,2017.0,1.0,3.0
Cameroon,CMR,2018.0,1.0,3.0
Cameroon,CMR,2019.0,1.0,3.0
Cameroon,CMR,2020.0,1.0,3.0
Cameroon,CMR,2021.0,1.0,3.0
Cameroon,CMR,2022.0,1.0,3.0
Cameroon,CMR,2023.0,1.0,3.0
Cameroon,CMR,2024.0,1.0,3.0
Chad,TCD,1946.0,0.0,0.0
Chad,TCD,1947.0,0.0,0.0
Chad,TCD,1948.0,0.0,0.0
Chad,TCD,1949.0,0.0,0.0
Chad,TCD,1950.0,0.0,0.0
Chad,TCD,1951.0,0.0,0.0
Chad,TCD,1952.0,0.0,0.0
Chad,TCD,1953.0,0.0,0.0
Chad,TCD,1954.0,0.0,0.0
Chad,TCD,1955.0,0.0,0.0
Chad,TCD,1956.0,0.0,0.0
Chad,TCD,1957.0,1.0,3.0
Chad,TCD,1958.0,1.0,3.0
Chad,TCD,1959.0,1.0,3.0
Chad,TCD,1960.0,1.0,3.0
Chad,TCD,1961.0,1.0,3.0
Chad,TCD,1962.0,1.0,2.0
Chad,TCD,1963.0,1.0,2.0
Chad,TCD,1964.0,1.0,2.0
Chad,TCD,1965.0,1.0,2.0
Chad,TCD,1966.0,1.0,2.0
Chad,TCD,1967.0,1.0,2.0
Chad,TCD,1968.0,1.0,2.0
Chad,TCD,1969.0,0.0,1.0
Chad,TCD,1970.0,0.0,1.0
Chad,TCD,1971.0,0.0,1.0
Chad,TCD,1972.0,0.0,1.0
Chad,TCD,1973.0,0.0,1.0
Chad,TCD,1974.0,0.0,1.0
Chad,TCD,1975.0,0.0,1.0
Chad,TCD,1976.0,0.0,0.0
Chad,TCD,1977.0,0.0,0.0
Chad,TCD,1978.0,0.0,0.0
Chad,TCD,1979.0,0.0,0.0
Chad,TCD,1980.0,0.0,0.0
Chad,TCD,1981.0,0.0,0.0
Chad,TCD,1982.0,0.0,0.0
Chad,TCD,1983.0,0.0,0.0
Chad,TCD,1984.0,0.0,0.0
Chad,TCD,1985.0,0.0,0.0
Chad,TCD,1986.0,0.0,0.0
Chad,TCD,1987.0,0.0,0.0
Chad,TCD,1988.0,0.0,0.0
Chad,TCD,1989.0,0.0,0.0
Chad,TCD,1990.0,0.0,0.0
Chad,TCD,1991.0,0.0,0.0
Chad,TCD,1992.0,0.0,0.0
Chad,TCD,1993.0,0.0,0.0
Chad,TCD,1994.0,0.0,0.0
Chad,TCD,1995.0,0.0,0.0
Chad,TCD,1996.0,1.0,3.0
Chad,TCD,1997.0,1.0,3.0
Chad,TCD,1998.0,1.0,3.0
Chad,TCD,1999.0,1.0,3.0
Chad,TCD,2000.0,1.0,3.0
Chad,TCD,2001.0,1.0,3.0
Chad,TCD,2002.0,1.0,3.0
Chad,TCD,2003.0,1.0,3.0
Chad,TCD,2004.0,1.0,3.0
Chad,TCD,2005.0,1.0,3.0
Chad,TCD,2006.0,1.0,3.0
Chad,TCD,2007.0,1.0,3.0
Chad,TCD,2008.0,1.0,3.0
Chad,TCD,2009.0,1.0,3.0
Chad,TCD,2010.0,1.0,3.0
Chad,TCD,2011.0,1.0,3.0
Chad,TCD,2012.0,1.0,3.0
Chad,TCD,2013.0,1.0,3.0
Chad,TCD,2014.0,1.0,3.0
Chad,TCD,2015.0,1.0,3.0
Chad,TCD,2016.0,1.0,3.0
Chad,TCD,2017.0,1.0,3.0
Chad,TCD,2018.0,1.0,3.0
Chad,TCD,2019.0,1.0,3.0
Chad,TCD,2020.0,1.0,3.0
Chad,TCD,2021.0,1.0,3.0
Chad,TCD,2022.0,0.0,0.0
Chad,TCD,2023.0,0.0,0.0
Chad,TCD,2024.0,1.0,3.0
China,CHN,1946.0,0.0,0.0
China,CHN,1947.0,0.0,0.0
China,CHN,1948.0,0.0,0.0
China,CHN,1949.0,0.0,0.0
China,CHN,1950.0,0.0,0.0
China,CHN,1951.0,0.0,0.0
China,CHN,1952.0,0.0,0.0
China,CHN,1953.0,0.0,0.0
China,CHN,1954.0,0.0,0.0
China,CHN,1955.0,0.0,0.0
China,CHN,1956.0,0.0,0.0
China,CHN,1957.0,0.0,0.0
China,CHN,1958.0,0.0,0.0
China,CHN,1959.0,0.0,0.0
China,CHN,1960.0,0.0,0.0
China,CHN,1961.0,0.0,0.0
China,CHN,1962.0,0.0,0.0
China,CHN,1963.0,0.0,0.0
China,CHN,1964.0,0.0,0.0
China,CHN,1965.0,0.0,0.0
China,CHN,1966.0,0.0,0.0
China,CHN,1967.0,0.0,0.0
China,CHN,1968.0,0.0,0.0
China,CHN,1969.0,0.0,0.0
China,CHN,1970.0,0.0,0.0
China,CHN,1971.0,0.0,0.0
China,CHN,1972.0,0.0,0.0
China,CHN,1973.0,0.0,0.0
China,CHN,1974.0,0.0,0.0
China,CHN,1975.0,0.0,0.0
China,CHN,1976.0,0.0,0.0
China,CHN,1977.0,0.0,0.0
China,CHN,1978.0,0.0,0.0
China,CHN,1979.0,0.0,0.0
China,CHN,1980.0,0.0,0.0
China,CHN,1981.0,0.0,0.0
China,CHN,1982.0,0.0,0.0
China,CHN,1983.0,0.0,0.0
China,CHN,1984.0,0.0,0.0
China,CHN,1985.0,0.0,0.0
China,CHN,1986.0,0.0,0.0
China,CHN,1987.0,0.0,0.0
China,CHN,1988.0,0.0,0.0
China,CHN,1989.0,0.0,0.0
China,CHN,1990.0,0.0,0.0
China,CHN,1991.0,0.0,0.0
China,CHN,1992.0,0.0,0.0
China,CHN,1993.0,0.0,0.0
China,CHN,1994.0,0.0,0.0
China,CHN,1995.0,0.0,0.0
China,CHN,1996.0,0.0,0.0
China,CHN,1997.0,0.0,0.0
China,CHN,1998.0,0.0,0.0
China,CHN,1999.0,0.0,0.0
China,CHN,2000.0,0.0,0.0
China,CHN,2001.0,0.0,0.0
China,CHN,2002.0,0.0,0.0
China,CHN,2003.0,0.0,0.0
China,CHN,2004.0,0.0,0.0
China,CHN,2005.0,0.0,0.0
China,CHN,2006.0,0.0,0.0
China,CHN,2007.0,0.0,0.0
China,CHN,2008.0,0.0,0.0
China,CHN,2009.0,0.0,0.0
China,CHN,2010.0,0.0,0.0
China,CHN,2011.0,0.0,0.0
China,CHN,2012.0,0.0,0.0
China,CHN,2013.0,0.0,0.0
China,CHN,2014.0,0.0,0.0
China,CHN,2015.0,0.0,0.0
China,CHN,2016.0,0.0,0.0
China,CHN,2017.0,0.0,0.0
China,CHN,2018.0,0.0,0.0
China,CHN,2019.0,0.0,0.0
China,CHN,2020.0,0.0,0.0
China,CHN,2021.0,0.0,0.0
China,CHN,2022.0,0.0,0.0
China,CHN,2023.0,0.0,0.0
China,CHN,2024.0,0.0,0.0
Democratic Republic of the Congo,COD,1946.0,0.0,0.0
Democratic Republic of the Congo,COD,1947.0,0.0,0.0
Democratic Republic of the Congo,COD,1948.0,0.0,0.0
Democratic Republic of the Congo,COD,1949.0,0.0,0.0
Democratic Republic of the Congo,COD,1950.0,0.0,0.0
Democratic Republic of the Congo,COD,1951.0,0.0,0.0
Democratic Republic of the Congo,COD,1952.0,0.0,0.0
Democratic Republic of the Congo,COD,1953.0,0.0,0.0
Democratic Republic of the Congo,COD,1954.0,0.0,0.0
Democratic Republic of the Congo,COD,1955.0,0.0,0.0
Democratic Republic of the Congo,COD,1956.0,0.0,0.0
Democratic Republic of the Congo,COD,1957.0,0.0,0.0
Democratic Republic of the Congo,COD,1958.0,0.0,0.0
Democratic Republic of the Congo,COD,1959.0,0.0,0.0
Democratic Republic of the Congo,COD,1960.0,1.0,3.0
Democratic Republic of the Congo,COD,1961.0,1.0,3.0
Democratic Republic of the Congo,COD,1962.0,1.0,3.0
Democratic Republic of the Congo,COD,1963.0,1.0,3.0
Democratic Republic of the Congo,COD,1964.0,1.0,3.0
Democratic Republic of the Congo,COD,1965.0,0.0,0.0
Democratic Republic of the Congo,COD,1966.0,0.0,0.0
Democratic Republic of the Congo,COD,1967.0,0.0,0.0
Democratic Republic of the Congo,COD,1968.0,0.0,0.0
Democratic Republic of the Congo,COD,1969.0,0.0,0.0
Democratic Republic of the Congo,COD,1970.0,0.0,0.0
Democratic Republic of the Congo,COD,1971.0,0.0,0.0
Democratic Republic of the Congo,COD,1972.0,0.0,0.0
Democratic Republic of the Congo,COD,1973.0,0.0,0.0
Democratic Republic of the Congo,COD,1974.0,0.0,0.0
Democratic Republic of the Congo,COD,1975.0,0.0,0.0
Democratic Republic of the Congo,COD,1976.0,0.0,0.0
Democratic Republic of the Congo,COD,1977.0,0.0,0.0
Democratic Republic of the Congo,COD,1978.0,0.0,0.0
Democratic Republic of the Congo,COD,1979.0,0.0,0.0
Democratic Republic of the Congo,COD,1980.0,0.0,0.0
Democratic Republic of the Congo,COD,1981.0,0.0,0.0
Democratic Republic of the Congo,COD,1982.0,0.0,0.0
Democratic Republic of the Congo,COD,1983.0,0.0,0.0
Democratic Republic of the Congo,COD,1984.0,0.0,0.0
Democratic Republic of the Congo,COD,1985.0,0.0,0.0
Democratic Republic of the Congo,COD,1986.0,0.0,0.0
Democratic Republic of the Congo,COD,1987.0,0.0,0.0
Democratic Republic of the Congo,COD,1988.0,0.0,0.0
Democratic Republic of the Congo,COD,1989.0,0.0,0.0
Democratic Republic of the Congo,COD,1990.0,0.0,0.0
Democratic Republic of the Congo,COD,1991.0,0.0,0.0
Democratic Republic of the Congo,COD,1992.0,0.0,0.0
Democratic Republic of the Congo,COD,1993.0,0.0,0.0
Democratic Republic of the Congo,COD,1994.0,0.0,0.0
Democratic Republic of the Congo,COD,1995.0,0.0,0.0
Democratic Republic of the Congo,COD,1996.0,0.0,0.0
Democratic Republic of the Congo,COD,1997.0,0.0,0.0
Democratic Republic of the Congo,COD,1998.0,0.0,0.0
Democratic Republic of the Congo,COD,1999.0,0.0,0.0
Democratic Republic of the Congo,COD,2000.0,0.0,0.0
Democratic Republic of the Congo,COD,2001.0,0.0,0.0
Democratic Republic of the Congo,COD,2002.0,0.0,0.0
Democratic Republic of the Congo,COD,2003.0,0.0,0.0
Democratic Republic of the Congo,COD,2004.0,0.0,0.0
Democratic Republic of the Congo,COD,2005.0,0.0,0.0
Democratic Republic of the Congo,COD,2006.0,1.0,3.0
Democratic Republic of the Congo,COD,2007.0,1.0,3.0
Democratic Republic of the Congo,COD,2008.0,1.0,3.0
Democratic Republic of the Congo,COD,2009.0,1.0,3.0
Democratic Republic of the Congo,COD,2010.0,1.0,3.0
Democratic Republic of the Congo,COD,2011.0,1.0,3.0
Democratic Republic of the Congo,COD,2012.0,1.0,3.0
Democratic Republic of the Congo,COD,2013.0,1.0,3.0
Democratic Republic of the Congo,COD,2014.0,1.0,3.0
Democratic Republic of the Congo,COD,2015.0,1.0,3.0
Democratic Republic of the Congo,COD,2016.0,1.0,3.0
Democratic Republic of the Congo,COD,2017.0,1.0,3.0
Democratic Republic of the Congo,COD,2018.0,1.0,3.0
Democratic Republic of the Congo,COD,2019.0,1.0,3.0
Democratic Republic of the Congo,COD,2020.0,1.0,3.0
Democratic Republic of the Congo,COD,2021.0,1.0,3.0
Democratic Republic of the Congo,COD,2022.0,1.0,3.0
Democratic Republic of the Congo,COD,2023.0,1.0,3.0
Democratic Republic of the Congo,COD,2024.0,1.0,3.0
Republic of the Congo,COG,1946.0,0.0,0.0
Republic of the Congo,COG,1947.0,0.0,0.0
Republic of the Congo,COG,1948.0,0.0,0.0
Republic of the Congo,COG,1949.0,0.0,0.0
Republic of the Congo,COG,1950.0,0.0,0.0
Republic of the Congo,COG,1951.0,0.0,0.0
Republic of the Congo,COG,1952.0,0.0,0.0
Republic of the Congo,COG,1953.0,0.0,0.0
Republic of the Congo,COG,1954.0,0.0,0.0
Republic of the Congo,COG,1955.0,0.0,0.0
Republic of the Congo,COG,1956.0,0.0,0.0
Republic of the Congo,COG,1957.0,1.0,3.0
Republic of the Congo,COG,1958.0,1.0,3.0
Republic of the Congo,COG,1959.0,1.0,3.0
Republic of the Congo,COG,1960.0,1.0,3.0
Republic of the Congo,COG,1961.0,1.0,3.0
Republic of the Congo,COG,1962.0,1.0,3.0
Republic of the Congo,COG,1963.0,1.0,3.0
Republic of the Congo,COG,1964.0,0.0,0.0
Republic of the Congo,COG,1965.0,0.0,0.0
Republic of the Congo,COG,1966.0,0.0,0.0
Republic of the Congo,COG,1967.0,0.0,0.0
Republic of the Congo,COG,1968.0,0.0,0.0
Republic of the Congo,COG,1969.0,0.0,0.0
Republic of the Congo,COG,1970.0,0.0,0.0
Republic of the Congo,COG,1971.0,0.0,0.0
Republic of the Congo,COG,1972.0,0.0,0.0
Republic of the Congo,COG,1973.0,0.0,0.0
Republic of the Congo,COG,1974.0,0.0,0.0
Republic of the Congo,COG,1975.0,0.0,0.0
Republic of the Congo,COG,1976.0,0.0,0.0
Republic of the Congo,COG,1977.0,0.0,0.0
Republic of the Congo,COG,1978.0,0.0,0.0
Republic of the Congo,COG,1979.0,0.0,0.0
Republic of the Congo,COG,1980.0,0.0,0.0
Republic of the Congo,COG,1981.0,0.0,0.0
Republic of the Congo,COG,1982.0,0.0,0.0
Republic of the Congo,COG,1983.0,0.0,0.0
Republic of the Congo,COG,1984.0,0.0,0.0
Republic of the Congo,COG,1985.0,0.0,0.0
Republic of the Congo,COG,1986.0,0.0,0.0
Republic of the Congo,COG,1987.0,0.0,0.0
Republic of the Congo,COG,1988.0,0.0,0.0
Republic of the Congo,COG,1989.0,0.0,0.0
Republic of the Congo,COG,1990.0,0.0,0.0
Republic of the Congo,COG,1991.0,0.0,0.0
Republic of the Congo,COG,1992.0,1.0,3.0
Republic of the Congo,COG,1993.0,1.0,4.0
Republic of the Congo,COG,1994.0,1.0,4.0
Republic of the Congo,COG,1995.0,1.0,4.0
Republic of the Congo,COG,1996.0,1.0,4.0
Republic of the Congo,COG,1997.0,1.0,3.0
Republic of the Congo,COG,1998.0,0.0,0.0
Republic of the Congo,COG,1999.0,0.0,0.0
Republic of the Congo,COG,2000.0,0.0,0.0
Republic of the Congo,COG,2001.0,0.0,0.0
Republic of the Congo,COG,2002.0,1.0,3.0
Republic of the Congo,COG,2003.0,1.0,3.0
Republic of the Congo,COG,2004.0,1.0,3.0
Republic of the Congo,COG,2005.0,1.0,3.0
Republic of the Congo,COG,2006.0,1.0,3.0
Republic of the Congo,COG,2007.0,1.0,3.0
Republic of the Congo,COG,2008.0,1.0,3.0
Republic of the Congo,COG,2009.0,1.0,3.0
Republic of the Congo,COG,2010.0,1.0,3.0
Republic of the Congo,COG,2011.0,1.0,3.0
Republic of the Congo,COG,2012.0,1.0,3.0
Republic of the Congo,COG,2013.0,1.0,3.0
Republic of the Congo,COG,2014.0,1.0,3.0
Republic of the Congo,COG,2015.0,1.0,3.0
Republic of the Congo,COG,2016.0,1.0,3.0
Republic of the Congo,COG,2017.0,1.0,3.0
Republic of the Congo,COG,2018.0,1.0,3.0
Republic of the Congo,COG,2019.0,1.0,3.0
Republic of the Congo,COG,2020.0,1.0,3.0
Republic of the Congo,COG,2021.0,1.0,3.0
Republic of the Congo,COG,2022.0,1.0,3.0
Republic of the Congo,COG,2023.0,1.0,3.0
Republic of the Congo,COG,2024.0,1.0,3.0
Djibouti,DJI,1946.0,0.0,0.0
Djibouti,DJI,1947.0,0.0,0.0
Djibouti,DJI,1948.0,0.0,0.0
Djibouti,DJI,1949.0,0.0,0.0
Djibouti,DJI,1950.0,0.0,0.0
Djibouti,DJI,1951.0,0.0,0.0
Djibouti,DJI,1952.0,0.0,0.0
Djibouti,DJI,1953.0,0.0,0.0
Djibouti,DJI,1954.0,0.0,0.0
Djibouti,DJI,1955.0,0.0,0.0
Djibouti,DJI,1956.0,0.0,0.0
Djibouti,DJI,1957.0,0.0,0.0
Djibouti,DJI,1958.0,0.0,0.0
Djibouti,DJI,1959.0,0.0,0.0
Djibouti,DJI,1960.0,0.0,0.0
Djibouti,DJI,1961.0,0.0,0.0
Djibouti,DJI,1962.0,0.0,0.0
Djibouti,DJI,1963.0,0.0,0.0
Djibouti,DJI,1964.0,0.0,0.0
Djibouti,DJI,1965.0,0.0,0.0
Djibouti,DJI,1966.0,0.0,0.0
Djibouti,DJI,1967.0,0.0,0.0
Djibouti,DJI,1968.0,0.0,0.0
Djibouti,DJI,1969.0,0.0,0.0
Djibouti,DJI,1970.0,0.0,0.0
Djibouti,DJI,1971.0,0.0,0.0
Djibouti,DJI,1972.0,0.0,0.0
Djibouti,DJI,1973.0,0.0,0.0
Djibouti,DJI,1974.0,0.0,0.0
Djibouti,DJI,1975.0,0.0,0.0
Djibouti,DJI,1976.0,0.0,0.0
Djibouti,DJI,1977.0,1.0,2.0
Djibouti,DJI,1978.0,1.0,2.0
Djibouti,DJI,1979.0,1.0,2.0
Djibouti,DJI,1980.0,1.0,2.0
Djibouti,DJI,1981.0,0.0,1.0
Djibouti,DJI,1982.0,0.0,1.0
Djibouti,DJI,1983.0,0.0,1.0
Djibouti,DJI,1984.0,0.0,1.0
Djibouti,DJI,1985.0,0.0,1.0
Djibouti,DJI,1986.0,0.0,1.0
Djibouti,DJI,1987.0,1.0,2.0
Djibouti,DJI,1988.0,1.0,2.0
Djibouti,DJI,1989.0,1.0,2.0
Djibouti,DJI,1990.0,1.0,2.0
Djibouti,DJI,1991.0,1.0,2.0
Djibouti,DJI,1992.0,1.0,2.0
Djibouti,DJI,1993.0,1.0,3.0
Djibouti,DJI,1994.0,1.0,3.0
Djibouti,DJI,1995.0,1.0,3.0
Djibouti,DJI,1996.0,1.0,3.0
Djibouti,DJI,1997.0,1.0,3.0
Djibouti,DJI,1998.0,1.0,3.0
Djibouti,DJI,1999.0,1.0,3.0
Djibouti,DJI,2000.0,1.0,3.0
Djibouti,DJI,2001.0,1.0,3.0
Djibouti,DJI,2002.0,1.0,3.0
Djibouti,DJI,2003.0,1.0,3.0
Djibouti,DJI,2004.0,1.0,3.0
Djibouti,DJI,2005.0,1.0,3.0
Djibouti,DJI,2006.0,1.0,3.0
Djibouti,DJI,2007.0,1.0,3.0
Djibouti,DJI,2008.0,1.0,3.0
Djibouti,DJI,2009.0,1.0,3.0
Djibouti,DJI,2010.0,1.0,3.0
Djibouti,DJI,2011.0,1.0,3.0
Djibouti,DJI,2012.0,1.0,3.0
Djibouti,DJI,2013.0,1.0,3.0
Djibouti,DJI,2014.0,1.0,3.0
Djibouti,DJI,2015.0,1.0,3.0
Djibouti,DJI,2016.0,1.0,3.0
Djibouti,DJI,2017.0,1.0,3.0
Djibouti,DJI,2018.0,1.0,3.0
Djibouti,DJI,2019.0,1.0,3.0
Djibouti,DJI,2020.0,1.0,3.0
Djibouti,DJI,2021.0,1.0,3.0
Djibouti,DJI,2022.0,1.0,3.0
Djibouti,DJI,2023.0,1.0,3.0
Djibouti,DJI,2024.0,1.0,3.0
Dominican Republic,DOM,1946.0,0.0,0.0
Dominican Republic,DOM,1947.0,0.0,0.0
Dominican Republic,DOM,1948.0,0.0,0.0
Dominican Republic,DOM,1949.0,0.0,0.0
Dominican Republic,DOM,1950.0,0.0,0.0
Dominican Republic,DOM,1951.0,0.0,0.0
Dominican Republic,DOM,1952.0,0.0,0.0
Dominican Republic,DOM,1953.0,0.0,0.0
Dominican Republic,DOM,1954.0,0.0,0.0
Dominican Republic,DOM,1955.0,0.0,0.0
Dominican Republic,DOM,1956.0,0.0,0.0
Dominican Republic,DOM,1957.0,0.0,0.0
Dominican Republic,DOM,1958.0,0.0,0.0
Dominican Republic,DOM,1959.0,0.0,0.0
Dominican Republic,DOM,1960.0,0.0,0.0
Dominican Republic,DOM,1961.0,0.0,0.0
Dominican Republic,DOM,1962.0,1.0,3.0
Dominican Republic,DOM,1963.0,1.0,3.0
Dominican Republic,DOM,1964.0,0.0,0.0
Dominican Republic,DOM,1965.0,0.0,0.0
Dominican Republic,DOM,1966.0,1.0,3.0
Dominican Republic,DOM,1967.0,1.0,3.0
Dominican Republic,DOM,1968.0,1.0,3.0
Dominican Republic,DOM,1969.0,1.0,3.0
Dominican Republic,DOM,1970.0,1.0,3.0
Dominican Republic,DOM,1971.0,1.0,3.0
Dominican Republic,DOM,1972.0,1.0,3.0
Dominican Republic,DOM,1973.0,1.0,3.0
Dominican Republic,DOM,1974.0,1.0,3.0
Dominican Republic,DOM,1975.0,1.0,3.0
Dominican Republic,DOM,1976.0,1.0,3.0
Dominican Republic,DOM,1977.0,1.0,3.0
Dominican Republic,DOM,1978.0,1.0,3.0
Dominican Republic,DOM,1979.0,1.0,4.0
Dominican Republic,DOM,1980.0,1.0,4.0
Dominican Republic,DOM,1981.0,1.0,4.0
Dominican Republic,DOM,1982.0,2.0,5.0
Dominican Republic,DOM,1983.0,2.0,5.0
Dominican Republic,DOM,1984.0,2.0,5.0
Dominican Republic,DOM,1985.0,2.0,5.0
Dominican Republic,DOM,1986.0,2.0,5.0
Dominican Republic,DOM,1987.0,2.0,5.0
Dominican Republic,DOM,1988.0,2.0,5.0
Dominican Republic,DOM,1989.0,2.0,5.0
Dominican Republic,DOM,1990.0,1.0,3.0
Dominican Republic,DOM,1991.0,1.0,3.0
Dominican Republic,DOM,1992.0,1.0,3.0
Dominican Republic,DOM,1993.0,1.0,3.0
Dominican Republic,DOM,1994.0,1.0,3.0
Dominican Republic,DOM,1995.0,1.0,3.0
Dominican Republic,DOM,1996.0,2.0,5.0
Dominican Republic,DOM,1997.0,2.0,6.0
Dominican Republic,DOM,1998.0,2.0,6.0
Dominican Republic,DOM,1999.0,2.0,6.0
Dominican Republic,DOM,2000.0,2.0,6.0
Dominican Republic,DOM,2001.0,2.0,6.0
Dominican Republic,DOM,2002.0,2.0,6.0
Dominican Republic,DOM,2003.0,2.0,6.0
Dominican Republic,DOM,2004.0,2.0,6.0
Dominican Republic,DOM,2005.0,2.0,6.0
Dominican Republic,DOM,2006.0,2.0,6.0
Dominican Republic,DOM,2007.0,2.0,6.0
Dominican Republic,DOM,2008.0,2.0,6.0
Dominican Republic,DOM,2009.0,2.0,6.0
Dominican Republic,DOM,2010.0,2.0,6.0
Dominican Republic,DOM,2011.0,2.0,6.0
Dominican Republic,DOM,2012.0,2.0,6.0
Dominican Republic,DOM,2013.0,2.0,6.0
Dominican Republic,DOM,2014.0,2.0,6.0
Dominican Republic,DOM,2015.0,2.0,6.0
Dominican Republic,DOM,2016.0,2.0,5.0
Dominican Republic,DOM,2017.0,2.0,5.0
Dominican Republic,DOM,2018.0,2.0,5.0
Dominican Republic,DOM,2019.0,2.0,5.0
Dominican Republic,DOM,2020.0,2.0,6.0
Dominican Republic,DOM,2021.0,2.0,6.0
Dominican Republic,DOM,2022.0,2.0,6.0
Dominican Republic,DOM,2023.0,2.0,6.0
Dominican Republic,DOM,2024.0,2.0,6.0
Eritrea,ERI,1946.0,0.0,0.0
Eritrea,ERI,1947.0,0.0,0.0
Eritrea,ERI,1948.0,0.0,0.0
Eritrea,ERI,1949.0,0.0,0.0
Eritrea,ERI,1950.0,0.0,0.0
Eritrea,ERI,1951.0,0.0,0.0
Eritrea,ERI,1952.0,0.0,0.0
Eritrea,ERI,1953.0,0.0,0.0
Eritrea,ERI,1954.0,0.0,0.0
Eritrea,ERI,1955.0,0.0,0.0
Eritrea,ERI,1956.0,0.0,0.0
Eritrea,ERI,1957.0,0.0,0.0
Eritrea,ERI,1958.0,0.0,0.0
Eritrea,ERI,1959.0,0.0,0.0
Eritrea,ERI,1960.0,0.0,0.0
Eritrea,ERI,1961.0,0.0,0.0
Eritrea,ERI,1962.0,0.0,0.0
Eritrea,ERI,1963.0,0.0,0.0
Eritrea,ERI,1964.0,0.0,0.0
Eritrea,ERI,1965.0,0.0,0.0
Eritrea,ERI,1966.0,0.0,0.0
Eritrea,ERI,1967.0,0.0,0.0
Eritrea,ERI,1968.0,0.0,0.0
Eritrea,ERI,1969.0,0.0,0.0
Eritrea,ERI,1970.0,0.0,0.0
Eritrea,ERI,1971.0,0.0,0.0
Eritrea,ERI,1972.0,0.0,0.0
Eritrea,ERI,1973.0,0.0,0.0
Eritrea,ERI,1974.0,0.0,0.0
Eritrea,ERI,1975.0,0.0,0.0
Eritrea,ERI,1976.0,0.0,0.0
Eritrea,ERI,1977.0,0.0,0.0
Eritrea,ERI,1978.0,0.0,0.0
Eritrea,ERI,1979.0,0.0,0.0
Eritrea,ERI,1980.0,0.0,0.0
Eritrea,ERI,1981.0,0.0,0.0
Eritrea,ERI,1982.0,0.0,0.0
Eritrea,ERI,1983.0,0.0,0.0
Eritrea,ERI,1984.0,0.0,0.0
Eritrea,ERI,1985.0,0.0,0.0
Eritrea,ERI,1986.0,0.0,0.0
Eritrea,ERI,1987.0,0.0,0.0
Eritrea,ERI,1988.0,0.0,0.0
Eritrea,ERI,1989.0,0.0,0.0
Eritrea,ERI,1990.0,0.0,0.0
Eritrea,ERI,1991.0,0.0,0.0
Eritrea,ERI,1992.0,0.0,0.0
Eritrea,ERI,1993.0,0.0,0.0
Eritrea,ERI,1994.0,0.0,0.0
Eritrea,ERI,1995.0,0.0,0.0
Eritrea,ERI,1996.0,0.0,0.0
Eritrea,ERI,1997.0,0.0,0.0
Eritrea,ERI,1998.0,0.0,0.0
Eritrea,ERI,1999.0,0.0,0.0
Eritrea,ERI,2000.0,0.0,0.0
Eritrea,ERI,2001.0,0.0,0.0
Eritrea,ERI,2002.0,0.0,0.0
Eritrea,ERI,2003.0,0.0,0.0
Eritrea,ERI,2004.0,0.0,0.0
Eritrea,ERI,2005.0,0.0,0.0
Eritrea,ERI,2006.0,0.0,0.0
Eritrea,ERI,2007.0,0.0,0.0
Eritrea,ERI,2008.0,0.0,0.0
Eritrea,ERI,2009.0,0.0,0.0
Eritrea,ERI,2010.0,0.0,0.0
Eritrea,ERI,2011.0,0.0,0.0
Eritrea,ERI,2012.0,0.0,0.0
Eritrea,ERI,2013.0,0.0,0.0
Eritrea,ERI,2014.0,0.0,0.0
Eritrea,ERI,2015.0,0.0,0.0
Eritrea,ERI,2016.0,0.0,0.0
Eritrea,ERI,2017.0,0.0,0.0
Eritrea,ERI,2018.0,0.0,0.0
Eritrea,ERI,2019.0,0.0,0.0
Eritrea,ERI,2020.0,0.0,0.0
Eritrea,ERI,2021.0,0.0,0.0
Eritrea,ERI,2022.0,0.0,0.0
Eritrea,ERI,2023.0,0.0,0.0
Eritrea,ERI,2024.0,0.0,0.0
Gabon,GAB,1946.0,0.0,0.0
Gabon,GAB,1947.0,0.0,0.0
Gabon,GAB,1948.0,0.0,0.0
Gabon,GAB,1949.0,0.0,0.0
Gabon,GAB,1950.0,0.0,0.0
Gabon,GAB,1951.0,0.0,0.0
Gabon,GAB,1952.0,0.0,0.0
Gabon,GAB,1953.0,0.0,0.0
Gabon,GAB,1954.0,0.0,0.0
Gabon,GAB,1955.0,0.0,0.0
Gabon,GAB,1956.0,0.0,0.0
Gabon,GAB,1957.0,0.0,0.0
Gabon,GAB,1958.0,0.0,0.0
Gabon,GAB,1959.0,0.0,0.0
Gabon,GAB,1960.0,1.0,3.0
Gabon,GAB,1961.0,1.0,3.0
Gabon,GAB,1962.0,1.0,3.0
Gabon,GAB,1963.0,1.0,3.0
Gabon,GAB,1964.0,1.0,3.0
Gabon,GAB,1965.0,0.0,0.0
Gabon,GAB,1966.0,0.0,0.0
Gabon,GAB,1967.0,0.0,0.0
Gabon,GAB,1968.0,0.0,0.0
Gabon,GAB,1969.0,0.0,0.0
Gabon,GAB,1970.0,0.0,0.0
Gabon,GAB,1971.0,0.0,0.0
Gabon,GAB,1972.0,0.0,0.0
Gabon,GAB,1973.0,1.0,2.0
Gabon,GAB,1974.0,1.0,2.0
Gabon,GAB,1975.0,1.0,2.0
Gabon,GAB,1976.0,1.0,2.0
Gabon,GAB,1977.0,1.0,2.0
Gabon,GAB,1978.0,1.0,2.0
Gabon,GAB,1979.0,1.0,2.0
Gabon,GAB,1980.0,1.0,2.0
Gabon,GAB,1981.0,1.0,2.0
Gabon,GAB,1982.0,1.0,2.0
Gabon,GAB,1983.0,1.0,2.0
Gabon,GAB,1984.0,1.0,2.0
Gabon,GAB,1985.0,0.0,1.0
Gabon,GAB,1986.0,0.0,1.0
Gabon,GAB,1987.0,0.0,1.0
Gabon,GAB,1988.0,0.0,1.0
Gabon,GAB,1989.0,0.0,1.0
Gabon,GAB,1990.0,1.0,2.0
Gabon,GAB,1991.0,1.0,2.0
Gabon,GAB,1992.0,1.0,2.0
Gabon,GAB,1993.0,1.0,3.0
Gabon,GAB,1994.0,1.0,3.0
Gabon,GAB,1995.0,1.0,3.0
Gabon,GAB,1996.0,1.0,3.0
Gabon,GAB,1997.0,1.0,3.0
Gabon,GAB,1998.0,1.0,3.0
Gabon,GAB,1999.0,1.0,3.0
Gabon,GAB,2000.0,1.0,3.0
Gabon,GAB,2001.0,1.0,3.0
Gabon,GAB,2002.0,1.0,3.0
Gabon,GAB,2003.0,1.0,3.0
Gabon,GAB,2004.0,1.0,3.0
Gabon,GAB,2005.0,1.0,3.0
Gabon,GAB,2006.0,1.0,3.0
Gabon,GAB,2007.0,1.0,3.0
Gabon,GAB,2008.0,1.0,3.0
Gabon,GAB,2009.0,1.0,3.0
Gabon,GAB,2010.0,1.0,3.0
Gabon,GAB,2011.0,1.0,3.0
Gabon,GAB,2012.0,1.0,3.0
Gabon,GAB,2013.0,1.0,3.0
Gabon,GAB,2014.0,1.0,3.0
Gabon,GAB,2015.0,1.0,3.0
Gabon,GAB,2016.0,1.0,3.0
Gabon,GAB,2017.0,1.0,3.0
Gabon,GAB,2018.0,1.0,3.0
Gabon,GAB,2019.0,1.0,3.0
Gabon,GAB,2020.0,1.0,3.0
Gabon,GAB,2021.0,1.0,3.0
Gabon,GAB,2022.0,1.0,3.0
Gabon,GAB,2023.0,1.0,3.0
Gabon,GAB,2024.0,0.0,0.0
The Gambia,GMB,1946.0,0.0,0.0
The Gambia,GMB,1947.0,0.0,0.0
The Gambia,GMB,1948.0,0.0,0.0
The Gambia,GMB,1949.0,0.0,0.0
The Gambia,GMB,1950.0,0.0,0.0
The Gambia,GMB,1951.0,0.0,0.0
The Gambia,GMB,1952.0,0.0,0.0
The Gambia,GMB,1953.0,0.0,0.0
The Gambia,GMB,1954.0,0.0,0.0
The Gambia,GMB,1955.0,0.0,0.0
The Gambia,GMB,1956.0,0.0,0.0
The Gambia,GMB,1957.0,0.0,0.0
The Gambia,GMB,1958.0,0.0,0.0
The Gambia,GMB,1959.0,0.0,0.0
The Gambia,GMB,1960.0,0.0,0.0
The Gambia,GMB,1961.0,0.0,0.0
The Gambia,GMB,1962.0,1.0,3.0
The Gambia,GMB,1963.0,1.0,3.0
The Gambia,GMB,1964.0,1.0,3.0
The Gambia,GMB,1965.0,1.0,3.0
The Gambia,GMB,1966.0,1.0,3.0
The Gambia,GMB,1967.0,1.0,3.0
The Gambia,GMB,1968.0,1.0,3.0
The Gambia,GMB,1969.0,1.0,3.0
The Gambia,GMB,1970.0,1.0,4.0
The Gambia,GMB,1971.0,1.0,4.0
The Gambia,GMB,1972.0,1.0,4.0
The Gambia,GMB,1973.0,1.0,4.0
The Gambia,GMB,1974.0,1.0,4.0
The Gambia,GMB,1975.0,1.0,4.0
The Gambia,GMB,1976.0,1.0,4.0
The Gambia,GMB,1977.0,1.0,4.0
The Gambia,GMB,1978.0,1.0,4.0
The Gambia,GMB,1979.0,1.0,4.0
The Gambia,GMB,1980.0,1.0,4.0
The Gambia,GMB,1981.0,1.0,3.0
The Gambia,GMB,1982.0,1.0,4.0
The Gambia,GMB,1983.0,1.0,4.0
The Gambia,GMB,1984.0,1.0,4.0
The Gambia,GMB,1985.0,1.0,4.0
The Gambia,GMB,1986.0,1.0,4.0
The Gambia,GMB,1987.0,1.0,4.0
The Gambia,GMB,1988.0,1.0,4.0
The Gambia,GMB,1989.0,1.0,4.0
The Gambia,GMB,1990.0,1.0,4.0
The Gambia,GMB,1991.0,1.0,4.0
The Gambia,GMB,1992.0,1.0,4.0
The Gambia,GMB,1993.0,1.0,3.0
The Gambia,GMB,1994.0,1.0,3.0
The Gambia,GMB,1995.0,0.0,0.0
The Gambia,GMB,1996.0,1.0,3.0
The Gambia,GMB,1997.0,1.0,3.0
The Gambia,GMB,1998.0,1.0,3.0
The Gambia,GMB,1999.0,1.0,3.0
The Gambia,GMB,2000.0,1.0,3.0
The Gambia,GMB,2001.0,1.0,3.0
The Gambia,GMB,2002.0,1.0,3.0
The Gambia,GMB,2003.0,1.0,3.0
The Gambia,GMB,2004.0,1.0,3.0
The Gambia,GMB,2005.0,1.0,3.0
The Gambia,GMB,2006.0,1.0,3.0
The Gambia,GMB,2007.0,1.0,3.0
The Gambia,GMB,2008.0,1.0,3.0
The Gambia,GMB,2009.0,1.0,3.0
The Gambia,GMB,2010.0,1.0,3.0
The Gambia,GMB,2011.0,1.0,3.0
The Gambia,GMB,2012.0,1.0,3.0
The Gambia,GMB,2013.0,1.0,3.0
The Gambia,GMB,2014.0,1.0,3.0
The Gambia,GMB,2015.0,1.0,3.0
The Gambia,GMB,2016.0,1.0,3.0
The Gambia,GMB,2017.0,2.0,5.0
The Gambia,GMB,2018.0,2.0,5.0
The Gambia,GMB,2019.0,2.0,5.0
The Gambia,GMB,2020.0,1.0,4.0
The Gambia,GMB,2021.0,2.0,5.0
The Gambia,GMB,2022.0,2.0,7.0
The Gambia,GMB,2023.0,2.0,6.0
The Gambia,GMB,2024.0,2.0,7.0
Georgia,GEO,1990.0,1.0,3.0
Georgia,GEO,1991.0,1.0,3.0
Georgia,GEO,1992.0,1.0,3.0
Georgia,GEO,1993.0,1.0,3.0
Georgia,GEO,1994.0,1.0,3.0
Georgia,GEO,1995.0,1.0,3.0
Georgia,GEO,1996.0,1.0,3.0
Georgia,GEO,1997.0,1.0,3.0
Georgia,GEO,1998.0,1.0,3.0
Georgia,GEO,1999.0,1.0,3.0
Georgia,GEO,2000.0,1.0,3.0
Georgia,GEO,2001.0,1.0,3.0
Georgia,GEO,2002.0,1.0,3.0
Georgia,GEO,2003.0,1.0,3.0
Georgia,GEO,2004.0,2.0,5.0
Georgia,GEO,2005.0,2.0,5.0
Georgia,GEO,2006.0,2.0,5.0
Georgia,GEO,2007.0,2.0,5.0
Georgia,GEO,2008.0,1.0,4.0
Georgia,GEO,2009.0,1.0,4.0
Georgia,GEO,2010.0,2.0,5.0
Georgia,GEO,2011.0,2.0,5.0
Georgia,GEO,2012.0,2.0,5.0
Georgia,GEO,2013.0,2.0,6.0
Georgia,GEO,2014.0,2.0,6.0
Georgia,GEO,2015.0,2.0,6.0
Georgia,GEO,2016.0,2.0,6.0
Georgia,GEO,2017.0,2.0,6.0
Georgia,GEO,2018.0,2.0,7.0
Georgia,GEO,2019.0,2.0,6.0
Georgia,GEO,2020.0,2.0,6.0
Georgia,GEO,2021.0,2.0,6.0
Georgia,GEO,2022.0,2.0,6.0
Georgia,GEO,2023.0,2.0,6.0
Georgia,GEO,2024.0,1.0,3.0
Guinea-Bissau,GNB,1946.0,0.0,0.0
Guinea-Bissau,GNB,1947.0,0.0,0.0
Guinea-Bissau,GNB,1948.0,0.0,0.0
Guinea-Bissau,GNB,1949.0,0.0,0.0
Guinea-Bissau,GNB,1950.0,0.0,0.0
Guinea-Bissau,GNB,1951.0,0.0,0.0
Guinea-Bissau,GNB,1952.0,0.0,0.0
Guinea-Bissau,GNB,1953.0,0.0,0.0
Guinea-Bissau,GNB,1954.0,0.0,0.0
Guinea-Bissau,GNB,1955.0,0.0,0.0
Guinea-Bissau,GNB,1956.0,0.0,0.0
Guinea-Bissau,GNB,1957.0,0.0,0.0
Guinea-Bissau,GNB,1958.0,0.0,0.0
Guinea-Bissau,GNB,1959.0,0.0,0.0
Guinea-Bissau,GNB,1960.0,0.0,0.0
Guinea-Bissau,GNB,1961.0,0.0,0.0
Guinea-Bissau,GNB,1962.0,0.0,0.0
Guinea-Bissau,GNB,1963.0,0.0,0.0
Guinea-Bissau,GNB,1964.0,0.0,0.0
Guinea-Bissau,GNB,1965.0,0.0,0.0
Guinea-Bissau,GNB,1966.0,0.0,0.0
Guinea-Bissau,GNB,1967.0,0.0,0.0
Guinea-Bissau,GNB,1968.0,0.0,0.0
Guinea-Bissau,GNB,1969.0,0.0,0.0
Guinea-Bissau,GNB,1970.0,0.0,0.0
Guinea-Bissau,GNB,1971.0,0.0,0.0
Guinea-Bissau,GNB,1972.0,0.0,0.0
Guinea-Bissau,GNB,1973.0,0.0,0.0
Guinea-Bissau,GNB,1974.0,0.0,0.0
Guinea-Bissau,GNB,1975.0,0.0,0.0
Guinea-Bissau,GNB,1976.0,0.0,0.0
Guinea-Bissau,GNB,1977.0,0.0,0.0
Guinea-Bissau,GNB,1978.0,0.0,0.0
Guinea-Bissau,GNB,1979.0,0.0,0.0
Guinea-Bissau,GNB,1980.0,0.0,0.0
Guinea-Bissau,GNB,1981.0,0.0,0.0
Guinea-Bissau,GNB,1982.0,0.0,0.0
Guinea-Bissau,GNB,1983.0,0.0,0.0
Guinea-Bissau,GNB,1984.0,0.0,0.0
Guinea-Bissau,GNB,1985.0,0.0,0.0
Guinea-Bissau,GNB,1986.0,0.0,0.0
Guinea-Bissau,GNB,1987.0,0.0,0.0
Guinea-Bissau,GNB,1988.0,0.0,0.0
Guinea-Bissau,GNB,1989.0,0.0,0.0
Guinea-Bissau,GNB,1990.0,0.0,0.0
Guinea-Bissau,GNB,1991.0,0.0,0.0
Guinea-Bissau,GNB,1992.0,0.0,0.0
Guinea-Bissau,GNB,1993.0,0.0,0.0
Guinea-Bissau,GNB,1994.0,1.0,3.0
Guinea-Bissau,GNB,1995.0,1.0,3.0
Guinea-Bissau,GNB,1996.0,1.0,3.0
Guinea-Bissau,GNB,1997.0,1.0,3.0
Guinea-Bissau,GNB,1998.0,1.0,3.0
Guinea-Bissau,GNB,1999.0,1.0,3.0
Guinea-Bissau,GNB,2000.0,1.0,3.0
Guinea-Bissau,GNB,2001.0,1.0,3.0
Guinea-Bissau,GNB,2002.0,1.0,3.0
Guinea-Bissau,GNB,2003.0,1.0,3.0
Guinea-Bissau,GNB,2004.0,1.0,3.0
Guinea-Bissau,GNB,2005.0,1.0,4.0
Guinea-Bissau,GNB,2006.0,1.0,4.0
Guinea-Bissau,GNB,2007.0,1.0,4.0
Guinea-Bissau,GNB,2008.0,1.0,3.0
Guinea-Bissau,GNB,2009.0,1.0,4.0
Guinea-Bissau,GNB,2010.0,1.0,3.0
Guinea-Bissau,GNB,2011.0,1.0,4.0
Guinea-Bissau,GNB,2012.0,1.0,3.0
Guinea-Bissau,GNB,2013.0,0.0,0.0
Guinea-Bissau,GNB,2014.0,1.0,3.0
Guinea-Bissau,GNB,2015.0,2.0,5.0
Guinea-Bissau,GNB,2016.0,2.0,5.0
Guinea-Bissau,GNB,2017.0,2.0,5.0
Guinea-Bissau,GNB,2018.0,2.0,5.0
Guinea-Bissau,GNB,2019.0,2.0,5.0
Guinea-Bissau,GNB,2020.0,2.0,5.0
Guinea-Bissau,GNB,2021.0,2.0,5.0
Guinea-Bissau,GNB,2022.0,1.0,3.0
Guinea-Bissau,GNB,2023.0,1.0,3.0
Guinea-Bissau,GNB,2024.0,1.0,3.0
Jamaica,JAM,1946.0,0.0,0.0
Jamaica,JAM,1947.0,0.0,0.0
Jamaica,JAM,1948.0,0.0,0.0
Jamaica,JAM,1949.0,0.0,0.0
Jamaica,JAM,1950.0,0.0,0.0
Jamaica,JAM,1951.0,0.0,0.0
Jamaica,JAM,1952.0,0.0,0.0
Jamaica,JAM,1953.0,1.0,3.0
Jamaica,JAM,1954.0,1.0,3.0
Jamaica,JAM,1955.0,1.0,4.0
Jamaica,JAM,1956.0,2.0,5.0
Jamaica,JAM,1957.0,2.0,5.0
Jamaica,JAM,1958.0,2.0,5.0
Jamaica,JAM,1959.0,2.0,5.0
Jamaica,JAM,1960.0,2.0,5.0
Jamaica,JAM,1961.0,2.0,5.0
Jamaica,JAM,1962.0,2.0,5.0
Jamaica,JAM,1963.0,2.0,5.0
Jamaica,JAM,1964.0,2.0,5.0
Jamaica,JAM,1965.0,2.0,5.0
Jamaica,JAM,1966.0,2.0,5.0
Jamaica,JAM,1967.0,2.0,5.0
Jamaica,JAM,1968.0,2.0,5.0
Jamaica,JAM,1969.0,2.0,5.0
Jamaica,JAM,1970.0,2.0,5.0
Jamaica,JAM,1971.0,2.0,5.0
Jamaica,JAM,1972.0,2.0,5.0
Jamaica,JAM,1973.0,2.0,5.0
Jamaica,JAM,1974.0,2.0,5.0
Jamaica,JAM,1975.0,2.0,5.0
Jamaica,JAM,1976.0,2.0,5.0
Jamaica,JAM,1977.0,1.0,4.0
Jamaica,JAM,1978.0,1.0,4.0
Jamaica,JAM,1979.0,1.0,4.0
Jamaica,JAM,1980.0,2.0,5.0
Jamaica,JAM,1981.0,1.0,4.0
Jamaica,JAM,1982.0,1.0,4.0
Jamaica,JAM,1983.0,1.0,4.0
Jamaica,JAM,1984.0,2.0,5.0
Jamaica,JAM,1985.0,2.0,5.0
Jamaica,JAM,1986.0,2.0,5.0
Jamaica,JAM,1987.0,2.0,5.0
Jamaica,JAM,1988.0,2.0,5.0
Jamaica,JAM,1989.0,2.0,5.0
Jamaica,JAM,1990.0,2.0,6.0
Jamaica,JAM,1991.0,2.0,6.0
Jamaica,JAM,1992.0,2.0,6.0
Jamaica,JAM,1993.0,2.0,6.0
Jamaica,JAM,1994.0,2.0,6.0
Jamaica,JAM,1995.0,2.0,6.0
Jamaica,JAM,1996.0,2.0,6.0
Jamaica,JAM,1997.0,2.0,6.0
Jamaica,JAM,1998.0,2.0,6.0
Jamaica,JAM,1999.0,2.0,6.0
Jamaica,JAM,2000.0,2.0,6.0
Jamaica,JAM,2001.0,2.0,6.0
Jamaica,JAM,2002.0,2.0,6.0
Jamaica,JAM,2003.0,2.0,6.0
Jamaica,JAM,2004.0,2.0,6.0
Jamaica,JAM,2005.0,2.0,6.0
Jamaica,JAM,2006.0,2.0,6.0
Jamaica,JAM,2007.0,2.0,6.0
Jamaica,JAM,2008.0,2.0,6.0
Jamaica,JAM,2009.0,2.0,6.0
Jamaica,JAM,2010.0,2.0,6.0
Jamaica,JAM,2011.0,2.0,6.0
Jamaica,JAM,2012.0,2.0,6.0
Jamaica,JAM,2013.0,2.0,6.0
Jamaica,JAM,2014.0,2.0,6.0
Jamaica,JAM,2015.0,2.0,6.0
Jamaica,JAM,2016.0,2.0,6.0
Jamaica,JAM,2017.0,2.0,6.0
Jamaica,JAM,2018.0,2.0,6.0
Jamaica,JAM,2019.0,3.0,8.0
Jamaica,JAM,2020.0,2.0,7.0
Jamaica,JAM,2021.0,2.0,7.0
Jamaica,JAM,2022.0,2.0,7.0
Jamaica,JAM,2023.0,2.0,7.0
Jamaica,JAM,2024.0,3.0,8.0
Kazakhstan,KAZ,1990.0,1.0,2.0
Kazakhstan,KAZ,1991.0,1.0,2.0
Kazakhstan,KAZ,1992.0,1.0,2.0
Kazakhstan,KAZ,1993.0,1.0,2.0
Kazakhstan,KAZ,1994.0,1.0,3.0
Kazakhstan,KAZ,1995.0,1.0,3.0
Kazakhstan,KAZ,1996.0,1.0,3.0
Kazakhstan,KAZ,1997.0,1.0,3.0
Kazakhstan,KAZ,1998.0,1.0,3.0
Kazakhstan,KAZ,1999.0,1.0,3.0
Kazakhstan,KAZ,2000.0,1.0,3.0
Kazakhstan,KAZ,2001.0,1.0,3.0
Kazakhstan,KAZ,2002.0,1.0,3.0
Kazakhstan,KAZ,2003.0,1.0,3.0
Kazakhstan,KAZ,2004.0,1.0,3.0
Kazakhstan,KAZ,2005.0,1.0,3.0
Kazakhstan,KAZ,2006.0,1.0,3.0
Kazakhstan,KAZ,2007.0,1.0,3.0
Kazakhstan,KAZ,2008.0,1.0,3.0
Kazakhstan,KAZ,2009.0,1.0,3.0
Kazakhstan,KAZ,2010.0,1.0,3.0
Kazakhstan,KAZ,2011.0,1.0,3.0
Kazakhstan,KAZ,2012.0,1.0,3.0
Kazakhstan,KAZ,2013.0,1.0,3.0
Kazakhstan,KAZ,2014.0,1.0,3.0
Kazakhstan,KAZ,2015.0,1.0,3.0
Kazakhstan,KAZ,2016.0,1.0,3.0
Kazakhstan,KAZ,2017.0,1.0,3.0
Kazakhstan,KAZ,2018.0,1.0,3.0
Kazakhstan,KAZ,2019.0,1.0,3.0
Kazakhstan,KAZ,2020.0,1.0,3.0
Kazakhstan,KAZ,2021.0,1.0,3.0
Kazakhstan,KAZ,2022.0,1.0,3.0
Kazakhstan,KAZ,2023.0,1.0,3.0
Kazakhstan,KAZ,2024.0,1.0,3.0
Kyrgyzstan,KGZ,1990.0,0.0,0.0
Kyrgyzstan,KGZ,1991.0,0.0,0.0
Kyrgyzstan,KGZ,1992.0,0.0,0.0
Kyrgyzstan,KGZ,1993.0,0.0,0.0
Kyrgyzstan,KGZ,1994.0,0.0,0.0
Kyrgyzstan,KGZ,1995.0,1.0,2.0
Kyrgyzstan,KGZ,1996.0,1.0,2.0
Kyrgyzstan,KGZ,1997.0,1.0,2.0
Kyrgyzstan,KGZ,1998.0,1.0,2.0
Kyrgyzstan,KGZ,1999.0,1.0,2.0
Kyrgyzstan,KGZ,2000.0,1.0,3.0
Kyrgyzstan,KGZ,2001.0,1.0,3.0
Kyrgyzstan,KGZ,2002.0,1.0,3.0
Kyrgyzstan,KGZ,2003.0,1.0,3.0
Kyrgyzstan,KGZ,2004.0,1.0,3.0
Kyrgyzstan,KGZ,2005.0,1.0,3.0
Kyrgyzstan,KGZ,2006.0,1.0,3.0
Kyrgyzstan,KGZ,2007.0,1.0,3.0
Kyrgyzstan,KGZ,2008.0,1.0,3.0
Kyrgyzstan,KGZ,2009.0,1.0,3.0
Kyrgyzstan,KGZ,2010.0,1.0,3.0
Kyrgyzstan,KGZ,2011.0,1.0,4.0
Kyrgyzstan,KGZ,2012.0,1.0,4.0
Kyrgyzstan,KGZ,2013.0,1.0,3.0
Kyrgyzstan,KGZ,2014.0,1.0,3.0
Kyrgyzstan,KGZ,2015.0,1.0,4.0
Kyrgyzstan,KGZ,2016.0,1.0,4.0
Kyrgyzstan,KGZ,2017.0,1.0,4.0
Kyrgyzstan,KGZ,2018.0,1.0,4.0
Kyrgyzstan,KGZ,2019.0,1.0,4.0
Kyrgyzstan,KGZ,2020.0,1.0,3.0
Kyrgyzstan,KGZ,2021.0,1.0,3.0
Kyrgyzstan,KGZ,2022.0,1.0,3.0
Kyrgyzstan,KGZ,2023.0,1.0,3.0
Kyrgyzstan,KGZ,2024.0,1.0,3.0
Laos,LAO,1946.0,1.0,3.0
Laos,LAO,1947.0,1.0,3.0
Laos,LAO,1948.0,1.0,3.0
Laos,LAO,1949.0,0.0,0.0
Laos,LAO,1950.0,1.0,3.0
Laos,LAO,1951.0,1.0,3.0
Laos,LAO,1952.0,1.0,3.0
Laos,LAO,1953.0,1.0,3.0
Laos,LAO,1954.0,1.0,3.0
Laos,LAO,1955.0,1.0,3.0
Laos,LAO,1956.0,1.0,3.0
Laos,LAO,1957.0,1.0,3.0
Laos,LAO,1958.0,1.0,3.0
Laos,LAO,1959.0,1.0,3.0
Laos,LAO,1960.0,1.0,3.0
Laos,LAO,1961.0,1.0,3.0
Laos,LAO,1962.0,1.0,3.0
Laos,LAO,1963.0,1.0,3.0
Laos,LAO,1964.0,1.0,3.0
Laos,LAO,1965.0,1.0,3.0
Laos,LAO,1966.0,1.0,3.0
Laos,LAO,1967.0,1.0,3.0
Laos,LAO,1968.0,1.0,3.0
Laos,LAO,1969.0,1.0,3.0
Laos,LAO,1970.0,1.0,3.0
Laos,LAO,1971.0,1.0,3.0
Laos,LAO,1972.0,1.0,3.0
Laos,LAO,1973.0,1.0,3.0
Laos,LAO,1974.0,1.0,3.0
Laos,LAO,1975.0,1.0,3.0
Laos,LAO,1976.0,0.0,0.0
Laos,LAO,1977.0,0.0,0.0
Laos,LAO,1978.0,0.0,0.0
Laos,LAO,1979.0,0.0,0.0
Laos,LAO,1980.0,0.0,0.0
Laos,LAO,1981.0,0.0,0.0
Laos,LAO,1982.0,0.0,0.0
Laos,LAO,1983.0,0.0,0.0
Laos,LAO,1984.0,0.0,0.0
Laos,LAO,1985.0,0.0,0.0
Laos,LAO,1986.0,0.0,0.0
Laos,LAO,1987.0,0.0,0.0
Laos,LAO,1988.0,0.0,0.0
Laos,LAO,1989.0,1.0,3.0
Laos,LAO,1990.0,1.0,3.0
Laos,LAO,1991.0,0.0,0.0
Laos,LAO,1992.0,0.0,0.0
Laos,LAO,1993.0,0.0,0.0
Laos,LAO,1994.0,0.0,0.0
Laos,LAO,1995.0,0.0,0.0
Laos,LAO,1996.0,0.0,0.0
Laos,LAO,1997.0,0.0,0.0
Laos,LAO,1998.0,0.0,0.0
Laos,LAO,1999.0,0.0,0.0
Laos,LAO,2000.0,0.0,0.0
Laos,LAO,2001.0,0.0,0.0
Laos,LAO,2002.0,0.0,0.0
Laos,LAO,2003.0,0.0,0.0
Laos,LAO,2004.0,0.0,0.0
Laos,LAO,2005.0,0.0,0.0
Laos,LAO,2006.0,0.0,0.0
Laos,LAO,2007.0,0.0,0.0
Laos,LAO,2008.0,0.0,0.0
Laos,LAO,2009.0,0.0,0.0
Laos,LAO,2010.0,0.0,0.0
Laos,LAO,2011.0,0.0,0.0
Laos,LAO,2012.0,0.0,0.0
Laos,LAO,2013.0,0.0,0.0
Laos,LAO,2014.0,0.0,0.0
Laos,LAO,2015.0,0.0,0.0
Laos,LAO,2016.0,0.0,0.0
Laos,LAO,2017.0,0.0,0.0
Laos,LAO,2018.0,0.0,0.0
Laos,LAO,2019.0,0.0,0.0
Laos,LAO,2020.0,0.0,0.0
Laos,LAO,2021.0,0.0,0.0
Laos,LAO,2022.0,0.0,0.0
Laos,LAO,2023.0,0.0,0.0
Laos,LAO,2024.0,0.0,0.0
Libya,LBY,1951.0,0.0,0.0
Libya,LBY,1952.0,0.0,0.0
Libya,LBY,1953.0,0.0,0.0
Libya,LBY,1954.0,0.0,0.0
Libya,LBY,1955.0,0.0,0.0
Libya,LBY,1956.0,0.0,0.0
Libya,LBY,1957.0,0.0,0.0
Libya,LBY,1958.0,0.0,0.0
Libya,LBY,1959.0,0.0,0.0
Libya,LBY,1960.0,0.0,0.0
Libya,LBY,1961.0,0.0,0.0
Libya,LBY,1962.0,0.0,0.0
Libya,LBY,1963.0,0.0,0.0
Libya,LBY,1964.0,0.0,0.0
Libya,LBY,1965.0,0.0,0.0
Libya,LBY,1966.0,0.0,0.0
Libya,LBY,1967.0,0.0,0.0
Libya,LBY,1968.0,0.0,0.0
Libya,LBY,1969.0,0.0,0.0
Libya,LBY,1970.0,0.0,0.0
Libya,LBY,1971.0,0.0,0.0
Libya,LBY,1972.0,0.0,0.0
Libya,LBY,1973.0,0.0,0.0
Libya,LBY,1974.0,0.0,0.0
Libya,LBY,1975.0,0.0,0.0
Libya,LBY,1976.0,0.0,0.0
Libya,LBY,1977.0,0.0,0.0
Libya,LBY,1978.0,0.0,0.0
Libya,LBY,1979.0,0.0,0.0
Libya,LBY,1980.0,0.0,0.0
Libya,LBY,1981.0,0.0,0.0
Libya,LBY,1982.0,0.0,0.0
Libya,LBY,1983.0,0.0,0.0
Libya,LBY,1984.0,0.0,0.0
Libya,LBY,1985.0,0.0,0.0
Libya,LBY,1986.0,0.0,0.0
Libya,LBY,1987.0,0.0,0.0
Libya,LBY,1988.0,0.0,0.0
Libya,LBY,1989.0,0.0,0.0
Libya,LBY,1990.0,0.0,0.0
Libya,LBY,1991.0,0.0,0.0
Libya,LBY,1992.0,0.0,0.0
Libya,LBY,1993.0,0.0,0.0
Libya,LBY,1994.0,0.0,0.0
Libya,LBY,1995.0,0.0,0.0
Libya,LBY,1996.0,0.0,0.0
Libya,LBY,1997.0,0.0,0.0
Libya,LBY,1998.0,0.0,0.0
Libya,LBY,1999.0,0.0,0.0
Libya,LBY,2000.0,0.0,0.0
Libya,LBY,2001.0,0.0,0.0
Libya,LBY,2002.0,0.0,0.0
Libya,LBY,2003.0,0.0,0.0
Libya,LBY,2004.0,0.0,0.0
Libya,LBY,2005.0,0.0,0.0
Libya,LBY,2006.0,0.0,0.0
Libya,LBY,2007.0,0.0,0.0
Libya,LBY,2008.0,0.0,0.0
Libya,LBY,2009.0,0.0,0.0
Libya,LBY,2010.0,0.0,0.0
Libya,LBY,2011.0,0.0,0.0
Libya,LBY,2012.0,1.0,3.0
Libya,LBY,2013.0,2.0,5.0
Libya,LBY,2014.0,0.0,0.0
Libya,LBY,2015.0,0.0,0.0
Libya,LBY,2016.0,0.0,0.0
Libya,LBY,2017.0,0.0,0.0
Libya,LBY,2018.0,0.0,0.0
Libya,LBY,2019.0,0.0,0.0
Libya,LBY,2020.0,0.0,0.0
Libya,LBY,2021.0,0.0,0.0
Libya,LBY,2022.0,0.0,0.0
Libya,LBY,2023.0,0.0,0.0
Libya,LBY,2024.0,0.0,0.0
Madagascar,MDG,1946.0,0.0,0.0
Madagascar,MDG,1947.0,0.0,0.0
Madagascar,MDG,1948.0,0.0,0.0
Madagascar,MDG,1949.0,0.0,0.0
Madagascar,MDG,1950.0,0.0,0.0
Madagascar,MDG,1951.0,0.0,0.0
Madagascar,MDG,1952.0,0.0,0.0
Madagascar,MDG,1953.0,0.0,0.0
Madagascar,MDG,1954.0,0.0,0.0
Madagascar,MDG,1955.0,0.0,0.0
Madagascar,MDG,1956.0,0.0,0.0
Madagascar,MDG,1957.0,0.0,0.0
Madagascar,MDG,1958.0,0.0,0.0
Madagascar,MDG,1959.0,0.0,0.0
Madagascar,MDG,1960.0,0.0,0.0
Madagascar,MDG,1961.0,1.0,3.0
Madagascar,MDG,1962.0,1.0,3.0
Madagascar,MDG,1963.0,1.0,3.0
Madagascar,MDG,1964.0,1.0,3.0
Madagascar,MDG,1965.0,1.0,3.0
Madagascar,MDG,1966.0,1.0,3.0
Madagascar,MDG,1967.0,1.0,3.0
Madagascar,MDG,1968.0,1.0,3.0
Madagascar,MDG,1969.0,1.0,3.0
Madagascar,MDG,1970.0,1.0,3.0
Madagascar,MDG,1971.0,1.0,3.0
Madagascar,MDG,1972.0,0.0,0.0
Madagascar,MDG,1973.0,0.0,0.0
Madagascar,MDG,1974.0,0.0,0.0
Madagascar,MDG,1975.0,1.0,3.0
Madagascar,MDG,1976.0,1.0,3.0
Madagascar,MDG,1977.0,1.0,3.0
Madagascar,MDG,1978.0,1.0,3.0
Madagascar,MDG,1979.0,1.0,3.0
Madagascar,MDG,1980.0,1.0,3.0
Madagascar,MDG,1981.0,1.0,3.0
Madagascar,MDG,1982.0,1.0,3.0
Madagascar,MDG,1983.0,1.0,3.0
Madagascar,MDG,1984.0,1.0,3.0
Madagascar,MDG,1985.0,1.0,3.0
Madagascar,MDG,1986.0,1.0,3.0
Madagascar,MDG,1987.0,1.0,3.0
Madagascar,MDG,1988.0,1.0,3.0
Madagascar,MDG,1989.0,1.0,3.0
Madagascar,MDG,1990.0,1.0,3.0
Madagascar,MDG,1991.0,1.0,3.0
Madagascar,MDG,1992.0,1.0,3.0
Madagascar,MDG,1993.0,1.0,3.0
Madagascar,MDG,1994.0,2.0,5.0
Madagascar,MDG,1995.0,2.0,5.0
Madagascar,MDG,1996.0,2.0,5.0
Madagascar,MDG,1997.0,2.0,5.0
Madagascar,MDG,1998.0,2.0,5.0
Madagascar,MDG,1999.0,2.0,5.0
Madagascar,MDG,2000.0,2.0,5.0
Madagascar,MDG,2001.0,1.0,4.0
Madagascar,MDG,2002.0,1.0,3.0
Madagascar,MDG,2003.0,1.0,4.0
Madagascar,MDG,2004.0,1.0,4.0
Madagascar,MDG,2005.0,1.0,4.0
Madagascar,MDG,2006.0,1.0,4.0
Madagascar,MDG,2007.0,1.0,4.0
Madagascar,MDG,2008.0,1.0,4.0
Madagascar,MDG,2009.0,1.0,3.0
Madagascar,MDG,2010.0,0.0,0.0
Madagascar,MDG,2011.0,0.0,0.0
Madagascar,MDG,2012.0,0.0,0.0
Madagascar,MDG,2013.0,1.0,3.0
Madagascar,MDG,2014.0,1.0,3.0
Madagascar,MDG,2015.0,1.0,4.0
Madagascar,MDG,2016.0,1.0,4.0
Madagascar,MDG,2017.0,1.0,4.0
Madagascar,MDG,2018.0,1.0,4.0
Madagascar,MDG,2019.0,1.0,4.0
Madagascar,MDG,2020.0,2.0,5.0
Madagascar,MDG,2021.0,1.0,4.0
Madagascar,MDG,2022.0,1.0,4.0
Madagascar,MDG,2023.0,1.0,3.0
Madagascar,MDG,2024.0,1.0,3.0
Moldova,MDA,1990.0,1.0,3.0
Moldova,MDA,1991.0,1.0,4.0
Moldova,MDA,1992.0,1.0,4.0
Moldova,MDA,1993.0,2.0,5.0
Moldova,MDA,1994.0,2.0,6.0
Moldova,MDA,1995.0,2.0,6.0
Moldova,MDA,1996.0,2.0,6.0
Moldova,MDA,1997.0,2.0,6.0
Moldova,MDA,1998.0,2.0,6.0
Moldova,MDA,1999.0,2.0,6.0
Moldova,MDA,2000.0,2.0,6.0
Moldova,MDA,2001.0,2.0,5.0
Moldova,MDA,2002.0,1.0,4.0
Moldova,MDA,2003.0,1.0,4.0
Moldova,MDA,2004.0,2.0,5.0
Moldova,MDA,2005.0,1.0,3.0
Moldova,MDA,2006.0,1.0,3.0
Moldova,MDA,2007.0,1.0,3.0
Moldova,MDA,2008.0,1.0,3.0
Moldova,MDA,2009.0,1.0,4.0
Moldova,MDA,2010.0,2.0,7.0
Moldova,MDA,2011.0,2.0,7.0
Moldova,MDA,2012.0,2.0,7.0
Moldova,MDA,2013.0,2.0,6.0
Moldova,MDA,2014.0,2.0,6.0
Moldova,MDA,2015.0,2.0,6.0
Moldova,MDA,2016.0,2.0,5.0
Moldova,MDA,2017.0,2.0,5.0
Moldova,MDA,2018.0,2.0,5.0
Moldova,MDA,2019.0,2.0,6.0
Moldova,MDA,2020.0,2.0,6.0
Moldova,MDA,2021.0,2.0,7.0
Moldova,MDA,2022.0,2.0,7.0
Moldova,MDA,2023.0,2.0,7.0
Moldova,MDA,2024.0,2.0,5.0
Namibia,NAM,1946.0,0.0,0.0
Namibia,NAM,1947.0,0.0,0.0
Namibia,NAM,1948.0,0.0,0.0
Namibia,NAM,1949.0,0.0,0.0
Namibia,NAM,1950.0,0.0,0.0
Namibia,NAM,1951.0,0.0,0.0
Namibia,NAM,1952.0,0.0,0.0
Namibia,NAM,1953.0,0.0,0.0
Namibia,NAM,1954.0,0.0,0.0
Namibia,NAM,1955.0,0.0,0.0
Namibia,NAM,1956.0,0.0,0.0
Namibia,NAM,1957.0,0.0,0.0
Namibia,NAM,1958.0,0.0,0.0
Namibia,NAM,1959.0,0.0,0.0
Namibia,NAM,1960.0,0.0,0.0
Namibia,NAM,1961.0,0.0,0.0
Namibia,NAM,1962.0,0.0,0.0
Namibia,NAM,1963.0,0.0,0.0
Namibia,NAM,1964.0,0.0,0.0
Namibia,NAM,1965.0,0.0,0.0
Namibia,NAM,1966.0,0.0,0.0
Namibia,NAM,1967.0,0.0,0.0
Namibia,NAM,1968.0,0.0,0.0
Namibia,NAM,1969.0,0.0,0.0
Namibia,NAM,1970.0,0.0,0.0
Namibia,NAM,1971.0,0.0,0.0
Namibia,NAM,1972.0,0.0,0.0
Namibia,NAM,1973.0,0.0,0.0
Namibia,NAM,1974.0,0.0,0.0
Namibia,NAM,1975.0,0.0,0.0
Namibia,NAM,1976.0,0.0,0.0
Namibia,NAM,1977.0,0.0,0.0
Namibia,NAM,1978.0,0.0,0.0
Namibia,NAM,1979.0,0.0,0.0
Namibia,NAM,1980.0,0.0,0.0
Namibia,NAM,1981.0,0.0,0.0
Namibia,NAM,1982.0,0.0,0.0
Namibia,NAM,1983.0,0.0,0.0
Namibia,NAM,1984.0,0.0,0.0
Namibia,NAM,1985.0,0.0,0.0
Namibia,NAM,1986.0,0.0,0.0
Namibia,NAM,1987.0,0.0,0.0
Namibia,NAM,1988.0,0.0,0.0
Namibia,NAM,1989.0,0.0,0.0
Namibia,NAM,1990.0,2.0,5.0
Namibia,NAM,1991.0,2.0,5.0
Namibia,NAM,1992.0,2.0,5.0
Namibia,NAM,1993.0,2.0,5.0
Namibia,NAM,1994.0,2.0,7.0
Namibia,NAM,1995.0,2.0,7.0
Namibia,NAM,1996.0,2.0,7.0
Namibia,NAM,1997.0,2.0,7.0
Namibia,NAM,1998.0,2.0,7.0
Namibia,NAM,1999.0,2.0,7.0
Namibia,NAM,2000.0,2.0,7.0
Namibia,NAM,2001.0,2.0,7.0
Namibia,NAM,2002.0,2.0,7.0
Namibia,NAM,2003.0,2.0,7.0
Namibia,NAM,2004.0,2.0,7.0
Namibia,NAM,2005.0,2.0,7.0
Namibia,NAM,2006.0,2.0,7.0
Namibia,NAM,2007.0,2.0,7.0
Namibia,NAM,2008.0,2.0,7.0
Namibia,NAM,2009.0,2.0,7.0
Namibia,NAM,2010.0,2.0,7.0
Namibia,NAM,2011.0,2.0,7.0
Namibia,NAM,2012.0,2.0,7.0
Namibia,NAM,2013.0,2.0,7.0
Namibia,NAM,2014.0,2.0,7.0
Namibia,NAM,2015.0,2.0,7.0
Namibia,NAM,2016.0,2.0,7.0
Namibia,NAM,2017.0,2.0,6.0
Namibia,NAM,2018.0,2.0,6.0
Namibia,NAM,2019.0,2.0,7.0
Namibia,NAM,2020.0,2.0,7.0
Namibia,NAM,2021.0,2.0,7.0
Namibia,NAM,2022.0,2.0,7.0
Namibia,NAM,2023.0,2.0,7.0
Namibia,NAM,2024.0,2.0,5.0
Palestine/West Bank,PSE,1948.0,0.0,0.0
Palestine/West Bank,PSE,1949.0,0.0,0.0
Palestine/West Bank,PSE,1967.0,0.0,0.0
Palestine/West Bank,PSE,1968.0,0.0,0.0
Palestine/West Bank,PSE,1969.0,0.0,0.0
Palestine/West Bank,PSE,1970.0,0.0,0.0
Palestine/West Bank,PSE,1971.0,0.0,0.0
Palestine/West Bank,PSE,1972.0,0.0,0.0
Palestine/West Bank,PSE,1973.0,0.0,0.0
Palestine/West Bank,PSE,1974.0,0.0,0.0
Palestine/West Bank,PSE,1975.0,0.0,0.0
Palestine/West Bank,PSE,1976.0,0.0,0.0
Palestine/West Bank,PSE,1977.0,0.0,0.0
Palestine/West Bank,PSE,1978.0,0.0,0.0
Palestine/West Bank,PSE,1979.0,0.0,0.0
Palestine/West Bank,PSE,1980.0,0.0,0.0
Palestine/West Bank,PSE,1981.0,0.0,0.0
Palestine/West Bank,PSE,1982.0,0.0,0.0
Palestine/West Bank,PSE,1983.0,0.0,0.0
Palestine/West Bank,PSE,1984.0,0.0,0.0
Palestine/West Bank,PSE,1985.0,0.0,0.0
Palestine/West Bank,PSE,1986.0,0.0,0.0
Palestine/West Bank,PSE,1987.0,0.0,0.0
Palestine/West Bank,PSE,1988.0,0.0,0.0
Palestine/West Bank,PSE,1989.0,0.0,0.0
Palestine/West Bank,PSE,1990.0,0.0,0.0
Palestine/West Bank,PSE,1991.0,0.0,0.0
Palestine/West Bank,PSE,1992.0,0.0,0.0
Palestine/West Bank,PSE,1993.0,0.0,0.0
Palestine/West Bank,PSE,1994.0,0.0,0.0
Palestine/West Bank,PSE,1995.0,0.0,0.0
Palestine/West Bank,PSE,1996.0,1.0,3.0
Palestine/West Bank,PSE,1997.0,1.0,4.0
Palestine/West Bank,PSE,1998.0,1.0,4.0
Palestine/West Bank,PSE,1999.0,1.0,4.0
Palestine/West Bank,PSE,2000.0,1.0,4.0
Palestine/West Bank,PSE,2001.0,1.0,4.0
Palestine/West Bank,PSE,2002.0,1.0,4.0
Palestine/West Bank,PSE,2003.0,2.0,5.0
Palestine/West Bank,PSE,2004.0,2.0,5.0
Palestine/West Bank,PSE,2005.0,2.0,5.0
Palestine/West Bank,PSE,2006.0,2.0,5.0
Palestine/West Bank,PSE,2007.0,1.0,3.0
Palestine/West Bank,PSE,2008.0,1.0,3.0
Palestine/West Bank,PSE,2009.0,1.0,3.0
Palestine/West Bank,PSE,2010.0,1.0,3.0
Palestine/West Bank,PSE,2011.0,1.0,3.0
Palestine/West Bank,PSE,2012.0,1.0,3.0
Palestine/West Bank,PSE,2013.0,1.0,3.0
Palestine/West Bank,PSE,2014.0,1.0,3.0
Palestine/West Bank,PSE,2015.0,1.0,3.0
Palestine/West Bank,PSE,2016.0,1.0,3.0
Palestine/West Bank,PSE,2017.0,1.0,3.0
Palestine/West Bank,PSE,2018.0,1.0,3.0
Palestine/West Bank,PSE,2019.0,1.0,3.0
Palestine/West Bank,PSE,2020.0,1.0,3.0
Palestine/West Bank,PSE,2021.0,1.0,3.0
Palestine/West Bank,PSE,2022.0,1.0,3.0
Palestine/West Bank,PSE,2023.0,1.0,3.0
Palestine/West Bank,PSE,2024.0,1.0,3.0
Rwanda,RWA,1946.0,0.0,0.0
Rwanda,RWA,1947.0,0.0,0.0
Rwanda,RWA,1948.0,0.0,0.0
Rwanda,RWA,1949.0,0.0,0.0
Rwanda,RWA,1950.0,0.0,0.0
Rwanda,RWA,1951.0,0.0,0.0
Rwanda,RWA,1952.0,0.0,0.0
Rwanda,RWA,1953.0,0.0,0.0
Rwanda,RWA,1954.0,0.0,0.0
Rwanda,RWA,1955.0,0.0,0.0
Rwanda,RWA,1956.0,0.0,0.0
Rwanda,RWA,1957.0,0.0,0.0
Rwanda,RWA,1958.0,0.0,0.0
Rwanda,RWA,1959.0,0.0,0.0
Rwanda,RWA,1960.0,0.0,0.0
Rwanda,RWA,1961.0,1.0,3.0
Rwanda,RWA,1962.0,1.0,3.0
Rwanda,RWA,1963.0,1.0,3.0
Rwanda,RWA,1964.0,1.0,3.0
Rwanda,RWA,1965.0,1.0,3.0
Rwanda,RWA,1966.0,1.0,3.0
Rwanda,RWA,1967.0,1.0,3.0
Rwanda,RWA,1968.0,1.0,3.0
Rwanda,RWA,1969.0,1.0,3.0
Rwanda,RWA,1970.0,1.0,3.0
Rwanda,RWA,1971.0,1.0,3.0
Rwanda,RWA,1972.0,1.0,3.0
Rwanda,RWA,1973.0,1.0,3.0
Rwanda,RWA,1974.0,0.0,0.0
Rwanda,RWA,1975.0,0.0,0.0
Rwanda,RWA,1976.0,0.0,0.0
Rwanda,RWA,1977.0,0.0,0.0
Rwanda,RWA,1978.0,0.0,0.0
Rwanda,RWA,1979.0,0.0,0.0
Rwanda,RWA,1980.0,0.0,0.0
Rwanda,RWA,1981.0,0.0,0.0
Rwanda,RWA,1982.0,0.0,0.0
Rwanda,RWA,1983.0,0.0,0.0
Rwanda,RWA,1984.0,0.0,0.0
Rwanda,RWA,1985.0,0.0,0.0
Rwanda,RWA,1986.0,0.0,0.0
Rwanda,RWA,1987.0,0.0,0.0
Rwanda,RWA,1988.0,0.0,0.0
Rwanda,RWA,1989.0,0.0,0.0
Rwanda,RWA,1990.0,0.0,0.0
Rwanda,RWA,1991.0,0.0,0.0
Rwanda,RWA,1992.0,0.0,0.0
Rwanda,RWA,1993.0,0.0,0.0
Rwanda,RWA,1994.0,0.0,0.0
Rwanda,RWA,1995.0,0.0,0.0
Rwanda,RWA,1996.0,0.0,0.0
Rwanda,RWA,1997.0,0.0,0.0
Rwanda,RWA,1998.0,0.0,0.0
Rwanda,RWA,1999.0,0.0,0.0
Rwanda,RWA,2000.0,0.0,0.0
Rwanda,RWA,2001.0,0.0,0.0
Rwanda,RWA,2002.0,0.0,0.0
Rwanda,RWA,2003.0,1.0,3.0
Rwanda,RWA,2004.0,1.0,3.0
Rwanda,RWA,2005.0,1.0,3.0
Rwanda,RWA,2006.0,1.0,3.0
Rwanda,RWA,2007.0,1.0,3.0
Rwanda,RWA,2008.0,1.0,3.0
Rwanda,RWA,2009.0,1.0,3.0
Rwanda,RWA,2010.0,1.0,3.0
Rwanda,RWA,2011.0,1.0,3.0
Rwanda,RWA,2012.0,1.0,3.0
Rwanda,RWA,2013.0,1.0,3.0
Rwanda,RWA,2014.0,1.0,3.0
Rwanda,RWA,2015.0,1.0,3.0
Rwanda,RWA,2016.0,1.0,3.0
Rwanda,RWA,2017.0,1.0,3.0
Rwanda,RWA,2018.0,1.0,3.0
Rwanda,RWA,2019.0,1.0,3.0
Rwanda,RWA,2020.0,1.0,3.0
Rwanda,RWA,2021.0,1.0,3.0
Rwanda,RWA,2022.0,1.0,3.0
Rwanda,RWA,2023.0,1.0,3.0
Rwanda,RWA,2024.0,1.0,3.0
Somalia,SOM,1946.0,0.0,0.0
Somalia,SOM,1947.0,0.0,0.0
Somalia,SOM,1948.0,0.0,0.0
Somalia,SOM,1949.0,0.0,0.0
Somalia,SOM,1950.0,0.0,0.0
Somalia,SOM,1951.0,0.0,0.0
Somalia,SOM,1952.0,0.0,0.0
Somalia,SOM,1953.0,0.0,0.0
Somalia,SOM,1954.0,0.0,0.0
Somalia,SOM,1955.0,0.0,0.0
Somalia,SOM,1956.0,1.0,3.0
Somalia,SOM,1957.0,1.0,3.0
Somalia,SOM,1958.0,1.0,3.0
Somalia,SOM,1959.0,1.0,3.0
Somalia,SOM,1960.0,1.0,3.0
Somalia,SOM,1961.0,1.0,3.0
Somalia,SOM,1962.0,1.0,3.0
Somalia,SOM,1963.0,1.0,3.0
Somalia,SOM,1964.0,1.0,3.0
Somalia,SOM,1965.0,1.0,3.0
Somalia,SOM,1966.0,1.0,3.0
Somalia,SOM,1967.0,1.0,3.0
Somalia,SOM,1968.0,1.0,3.0
Somalia,SOM,1969.0,0.0,0.0
Somalia,SOM,1970.0,0.0,0.0
Somalia,SOM,1971.0,0.0,0.0
Somalia,SOM,1972.0,0.0,0.0
Somalia,SOM,1973.0,0.0,0.0
Somalia,SOM,1974.0,0.0,0.0
Somalia,SOM,1975.0,0.0,0.0
Somalia,SOM,1976.0,0.0,0.0
Somalia,SOM,1977.0,0.0,0.0
Somalia,SOM,1978.0,0.0,0.0
Somalia,SOM,1979.0,0.0,0.0
Somalia,SOM,1980.0,1.0,2.0
Somalia,SOM,1981.0,1.0,2.0
Somalia,SOM,1982.0,1.0,2.0
Somalia,SOM,1983.0,1.0,2.0
Somalia,SOM,1984.0,0.0,0.0
Somalia,SOM,1985.0,0.0,0.0
Somalia,SOM,1986.0,0.0,0.0
Somalia,SOM,1987.0,0.0,0.0
Somalia,SOM,1988.0,0.0,0.0
Somalia,SOM,1989.0,0.0,0.0
Somalia,SOM,1990.0,0.0,0.0
Somalia,SOM,1991.0,0.0,0.0
Somalia,SOM,1992.0,0.0,0.0
Somalia,SOM,1993.0,0.0,0.0
Somalia,SOM,1994.0,0.0,0.0
Somalia,SOM,1995.0,0.0,0.0
Somalia,SOM,1996.0,0.0,0.0
Somalia,SOM,1997.0,0.0,0.0
Somalia,SOM,1998.0,0.0,0.0
Somalia,SOM,1999.0,0.0,0.0
Somalia,SOM,2000.0,0.0,0.0
Somalia,SOM,2001.0,0.0,0.0
Somalia,SOM,2002.0,0.0,0.0
Somalia,SOM,2003.0,0.0,0.0
Somalia,SOM,2004.0,0.0,0.0
Somalia,SOM,2005.0,0.0,0.0
Somalia,SOM,2006.0,0.0,0.0
Somalia,SOM,2007.0,0.0,0.0
Somalia,SOM,2008.0,0.0,0.0
Somalia,SOM,2009.0,0.0,0.0
Somalia,SOM,2010.0,0.0,0.0
Somalia,SOM,2011.0,0.0,0.0
Somalia,SOM,2012.0,0.0,0.0
Somalia,SOM,2013.0,0.0,0.0
Somalia,SOM,2014.0,0.0,0.0
Somalia,SOM,2015.0,0.0,0.0
Somalia,SOM,2016.0,0.0,0.0
Somalia,SOM,2017.0,0.0,0.0
Somalia,SOM,2018.0,0.0,0.0
Somalia,SOM,2019.0,0.0,0.0
Somalia,SOM,2020.0,0.0,0.0
Somalia,SOM,2021.0,0.0,0.0
Somalia,SOM,2022.0,0.0,0.0
Somalia,SOM,2023.0,0.0,0.0
Somalia,SOM,2024.0,0.0,0.0
Sri Lanka,LKA,1946.0,0.0,0.0
Sri Lanka,LKA,1947.0,1.0,3.0
Sri Lanka,LKA,1948.0,2.0,6.0
Sri Lanka,LKA,1949.0,2.0,6.0
Sri Lanka,LKA,1950.0,2.0,6.0
Sri Lanka,LKA,1951.0,2.0,6.0
Sri Lanka,LKA,1952.0,2.0,6.0
Sri Lanka,LKA,1953.0,2.0,6.0
Sri Lanka,LKA,1954.0,2.0,6.0
Sri Lanka,LKA,1955.0,2.0,6.0
Sri Lanka,LKA,1956.0,2.0,6.0
Sri Lanka,LKA,1957.0,2.0,6.0
Sri Lanka,LKA,1958.0,2.0,6.0
Sri Lanka,LKA,1959.0,2.0,6.0
Sri Lanka,LKA,1960.0,2.0,6.0
Sri Lanka,LKA,1961.0,2.0,6.0
Sri Lanka,LKA,1962.0,2.0,6.0
Sri Lanka,LKA,1963.0,2.0,6.0
Sri Lanka,LKA,1964.0,2.0,6.0
Sri Lanka,LKA,1965.0,2.0,6.0
Sri Lanka,LKA,1966.0,2.0,6.0
Sri Lanka,LKA,1967.0,2.0,6.0
Sri Lanka,LKA,1968.0,2.0,6.0
Sri Lanka,LKA,1969.0,2.0,6.0
Sri Lanka,LKA,1970.0,2.0,6.0
Sri Lanka,LKA,1971.0,2.0,6.0
Sri Lanka,LKA,1972.0,2.0,6.0
Sri Lanka,LKA,1973.0,2.0,6.0
Sri Lanka,LKA,1974.0,2.0,6.0
Sri Lanka,LKA,1975.0,2.0,6.0
Sri Lanka,LKA,1976.0,2.0,6.0
Sri Lanka,LKA,1977.0,2.0,6.0
Sri Lanka,LKA,1978.0,2.0,5.0
Sri Lanka,LKA,1979.0,2.0,5.0
Sri Lanka,LKA,1980.0,2.0,5.0
Sri Lanka,LKA,1981.0,2.0,5.0
Sri Lanka,LKA,1982.0,2.0,5.0
Sri Lanka,LKA,1983.0,1.0,4.0
Sri Lanka,LKA,1984.0,1.0,4.0
Sri Lanka,LKA,1985.0,1.0,4.0
Sri Lanka,LKA,1986.0,1.0,4.0
Sri Lanka,LKA,1987.0,1.0,4.0
Sri Lanka,LKA,1988.0,1.0,4.0
Sri Lanka,LKA,1989.0,1.0,3.0
Sri Lanka,LKA,1990.0,1.0,4.0
Sri Lanka,LKA,1991.0,1.0,4.0
Sri Lanka,LKA,1992.0,1.0,3.0
Sri Lanka,LKA,1993.0,1.0,4.0
Sri Lanka,LKA,1994.0,1.0,4.0
Sri Lanka,LKA,1995.0,2.0,5.0
Sri Lanka,LKA,1996.0,2.0,5.0
Sri Lanka,LKA,1997.0,2.0,5.0
Sri Lanka,LKA,1998.0,2.0,5.0
Sri Lanka,LKA,1999.0,2.0,5.0
Sri Lanka,LKA,2000.0,1.0,4.0
Sri Lanka,LKA,2001.0,1.0,4.0
Sri Lanka,LKA,2002.0,2.0,5.0
Sri Lanka,LKA,2003.0,2.0,5.0
Sri Lanka,LKA,2004.0,2.0,5.0
Sri Lanka,LKA,2005.0,1.0,3.0
Sri Lanka,LKA,2006.0,1.0,3.0
Sri Lanka,LKA,2007.0,1.0,3.0
Sri Lanka,LKA,2008.0,1.0,3.0
Sri Lanka,LKA,2009.0,1.0,3.0
Sri Lanka,LKA,2010.0,1.0,3.0
Sri Lanka,LKA,2011.0,1.0,3.0
Sri Lanka,LKA,2012.0,1.0,3.0
Sri Lanka,LKA,2013.0,1.0,3.0
Sri Lanka,LKA,2014.0,1.0,3.0
Sri Lanka,LKA,2015.0,2.0,5.0
Sri Lanka,LKA,2016.0,2.0,6.0
Sri Lanka,LKA,2017.0,2.0,6.0
Sri Lanka,LKA,2018.0,2.0,6.0
Sri Lanka,LKA,2019.0,2.0,5.0
Sri Lanka,LKA,2020.0,2.0,6.0
Sri Lanka,LKA,2021.0,2.0,6.0
Sri Lanka,LKA,2022.0,2.0,6.0
Sri Lanka,LKA,2023.0,2.0,6.0
Sri Lanka,LKA,2024.0,2.0,6.0
Eswatini,SWZ,1946.0,0.0,0.0
Eswatini,SWZ,1947.0,0.0,0.0
Eswatini,SWZ,1948.0,0.0,0.0
Eswatini,SWZ,1949.0,0.0,0.0
Eswatini,SWZ,1950.0,0.0,0.0
Eswatini,SWZ,1951.0,0.0,0.0
Eswatini,SWZ,1952.0,0.0,0.0
Eswatini,SWZ,1953.0,0.0,0.0
Eswatini,SWZ,1954.0,0.0,0.0
Eswatini,SWZ,1955.0,0.0,0.0
Eswatini,SWZ,1956.0,0.0,0.0
Eswatini,SWZ,1957.0,0.0,0.0
Eswatini,SWZ,1958.0,0.0,0.0
Eswatini,SWZ,1959.0,0.0,0.0
Eswatini,SWZ,1960.0,0.0,0.0
Eswatini,SWZ,1961.0,0.0,0.0
Eswatini,SWZ,1962.0,0.0,0.0
Eswatini,SWZ,1963.0,0.0,0.0
Eswatini,SWZ,1964.0,0.0,0.0
Eswatini,SWZ,1965.0,0.0,0.0
Eswatini,SWZ,1966.0,0.0,0.0
Eswatini,SWZ,1967.0,0.0,0.0
Eswatini,SWZ,1968.0,0.0,0.0
Eswatini,SWZ,1969.0,0.0,0.0
Eswatini,SWZ,1970.0,0.0,0.0
Eswatini,SWZ,1971.0,0.0,0.0
Eswatini,SWZ,1972.0,0.0,0.0
Eswatini,SWZ,1973.0,0.0,0.0
Eswatini,SWZ,1974.0,0.0,0.0
Eswatini,SWZ,1975.0,0.0,0.0
Eswatini,SWZ,1976.0,0.0,0.0
Eswatini,SWZ,1977.0,0.0,0.0
Eswatini,SWZ,1978.0,0.0,0.0
Eswatini,SWZ,1979.0,0.0,0.0
Eswatini,SWZ,1980.0,0.0,0.0
Eswatini,SWZ,1981.0,0.0,0.0
Eswatini,SWZ,1982.0,0.0,0.0
Eswatini,SWZ,1983.0,0.0,0.0
Eswatini,SWZ,1984.0,0.0,0.0
Eswatini,SWZ,1985.0,0.0,0.0
Eswatini,SWZ,1986.0,0.0,0.0
Eswatini,SWZ,1987.0,0.0,0.0
Eswatini,SWZ,1988.0,0.0,0.0
Eswatini,SWZ,1989.0,0.0,0.0
Eswatini,SWZ,1990.0,0.0,0.0
Eswatini,SWZ,1991.0,0.0,0.0
Eswatini,SWZ,1992.0,0.0,0.0
Eswatini,SWZ,1993.0,0.0,0.0
Eswatini,SWZ,1994.0,0.0,0.0
Eswatini,SWZ,1995.0,0.0,0.0
Eswatini,SWZ,1996.0,0.0,0.0
Eswatini,SWZ,1997.0,0.0,0.0
Eswatini,SWZ,1998.0,0.0,0.0
Eswatini,SWZ,1999.0,0.0,0.0
Eswatini,SWZ,2000.0,0.0,0.0
Eswatini,SWZ,2001.0,0.0,0.0
Eswatini,SWZ,2002.0,0.0,0.0
Eswatini,SWZ,2003.0,0.0,0.0
Eswatini,SWZ,2004.0,0.0,0.0
Eswatini,SWZ,2005.0,0.0,0.0
Eswatini,SWZ,2006.0,0.0,0.0
Eswatini,SWZ,2007.0,0.0,0.0
Eswatini,SWZ,2008.0,0.0,0.0
Eswatini,SWZ,2009.0,0.0,0.0
Eswatini,SWZ,2010.0,0.0,0.0
Eswatini,SWZ,2011.0,0.0,0.0
Eswatini,SWZ,2012.0,0.0,0.0
Eswatini,SWZ,2013.0,0.0,0.0
Eswatini,SWZ,2014.0,0.0,0.0
Eswatini,SWZ,2015.0,0.0,0.0
Eswatini,SWZ,2016.0,0.0,0.0
Eswatini,SWZ,2017.0,0.0,0.0
Eswatini,SWZ,2018.0,0.0,0.0
Eswatini,SWZ,2019.0,0.0,0.0
Eswatini,SWZ,2020.0,0.0,0.0
Eswatini,SWZ,2021.0,0.0,0.0
Eswatini,SWZ,2022.0,0.0,0.0
Eswatini,SWZ,2023.0,0.0,0.0
Eswatini,SWZ,2024.0,0.0,0.0
Tajikistan,TJK,1990.0,1.0,3.0
Tajikistan,TJK,1991.0,1.0,3.0
Tajikistan,TJK,1992.0,1.0,3.0
Tajikistan,TJK,1993.0,1.0,3.0
Tajikistan,TJK,1994.0,1.0,3.0
Tajikistan,TJK,1995.0,1.0,3.0
Tajikistan,TJK,1996.0,1.0,3.0
Tajikistan,TJK,1997.0,1.0,3.0
Tajikistan,TJK,1998.0,1.0,3.0
Tajikistan,TJK,1999.0,1.0,3.0
Tajikistan,TJK,2000.0,1.0,3.0
Tajikistan,TJK,2001.0,1.0,3.0
Tajikistan,TJK,2002.0,1.0,3.0
Tajikistan,TJK,2003.0,1.0,3.0
Tajikistan,TJK,2004.0,1.0,3.0
Tajikistan,TJK,2005.0,1.0,3.0
Tajikistan,TJK,2006.0,1.0,3.0
Tajikistan,TJK,2007.0,1.0,3.0
Tajikistan,TJK,2008.0,1.0,3.0
Tajikistan,TJK,2009.0,1.0,3.0
Tajikistan,TJK,2010.0,1.0,3.0
Tajikistan,TJK,2011.0,1.0,3.0
Tajikistan,TJK,2012.0,1.0,3.0
Tajikistan,TJK,2013.0,1.0,3.0
Tajikistan,TJK,2014.0,1.0,3.0
Tajikistan,TJK,2015.0,1.0,3.0
Tajikistan,TJK,2016.0,1.0,3.0
Tajikistan,TJK,2017.0,1.0,3.0
Tajikistan,TJK,2018.0,1.0,3.0
Tajikistan,TJK,2019.0,1.0,3.0
Tajikistan,TJK,2020.0,1.0,3.0
Tajikistan,TJK,2021.0,1.0,3.0
Tajikistan,TJK,2022.0,1.0,3.0
Tajikistan,TJK,2023.0,1.0,3.0
Tajikistan,TJK,2024.0,1.0,3.0
Togo,TGO,1946.0,0.0,0.0
Togo,TGO,1947.0,0.0,0.0
Togo,TGO,1948.0,0.0,0.0
Togo,TGO,1949.0,0.0,0.0
Togo,TGO,1950.0,0.0,0.0
Togo,TGO,1951.0,0.0,0.0
Togo,TGO,1952.0,0.0,0.0
Togo,TGO,1953.0,0.0,0.0
Togo,TGO,1954.0,0.0,0.0
Togo,TGO,1955.0,0.0,0.0
Togo,TGO,1956.0,0.0,0.0
Togo,TGO,1957.0,0.0,0.0
Togo,TGO,1958.0,1.0,3.0
Togo,TGO,1959.0,1.0,3.0
Togo,TGO,1960.0,1.0,3.0
Togo,TGO,1961.0,1.0,3.0
Togo,TGO,1962.0,1.0,3.0
Togo,TGO,1963.0,1.0,3.0
Togo,TGO,1964.0,1.0,3.0
Togo,TGO,1965.0,1.0,3.0
Togo,TGO,1966.0,1.0,3.0
Togo,TGO,1967.0,1.0,3.0
Togo,TGO,1968.0,0.0,0.0
Togo,TGO,1969.0,0.0,0.0
Togo,TGO,1970.0,0.0,0.0
Togo,TGO,1971.0,0.0,0.0
Togo,TGO,1972.0,0.0,0.0
Togo,TGO,1973.0,0.0,0.0
Togo,TGO,1974.0,0.0,0.0
Togo,TGO,1975.0,0.0,0.0
Togo,TGO,1976.0,0.0,0.0
Togo,TGO,1977.0,0.0,0.0
Togo,TGO,1978.0,0.0,0.0
Togo,TGO,1979.0,1.0,2.0
Togo,TGO,1980.0,1.0,2.0
Togo,TGO,1981.0,1.0,2.0
Togo,TGO,1982.0,1.0,2.0
Togo,TGO,1983.0,1.0,2.0
Togo,TGO,1984.0,1.0,2.0
Togo,TGO,1985.0,1.0,2.0
Togo,TGO,1986.0,1.0,2.0
Togo,TGO,1987.0,1.0,2.0
Togo,TGO,1988.0,1.0,2.0
Togo,TGO,1989.0,1.0,2.0
Togo,TGO,1990.0,1.0,2.0
Togo,TGO,1991.0,1.0,2.0
Togo,TGO,1992.0,1.0,2.0
Togo,TGO,1993.0,1.0,2.0
Togo,TGO,1994.0,1.0,3.0
Togo,TGO,1995.0,1.0,3.0
Togo,TGO,1996.0,1.0,3.0
Togo,TGO,1997.0,1.0,3.0
Togo,TGO,1998.0,1.0,3.0
Togo,TGO,1999.0,1.0,3.0
Togo,TGO,2000.0,1.0,3.0
Togo,TGO,2001.0,1.0,3.0
Togo,TGO,2002.0,1.0,3.0
Togo,TGO,2003.0,1.0,3.0
Togo,TGO,2004.0,1.0,3.0
Togo,TGO,2005.0,1.0,3.0
Togo,TGO,2006.0,1.0,3.0
Togo,TGO,2007.0,1.0,3.0
Togo,TGO,2008.0,1.0,3.0
Togo,TGO,2009.0,1.0,3.0
Togo,TGO,2010.0,1.0,3.0
Togo,TGO,2011.0,1.0,3.0
Togo,TGO,2012.0,1.0,3.0
Togo,TGO,2013.0,1.0,3.0
Togo,TGO,2014.0,1.0,4.0
Togo,TGO,2015.0,1.0,4.0
Togo,TGO,2016.0,1.0,4.0
Togo,TGO,2017.0,1.0,4.0
Togo,TGO,2018.0,1.0,3.0
Togo,TGO,2019.0,1.0,3.0
Togo,TGO,2020.0,1.0,3.0
Togo,TGO,2021.0,1.0,3.0
Togo,TGO,2022.0,1.0,3.0
Togo,TGO,2023.0,1.0,3.0
Togo,TGO,2024.0,1.0,3.0
Trinidad and Tobago,TTO,1946.0,0.0,0.0
Trinidad and Tobago,TTO,1947.0,0.0,0.0
Trinidad and Tobago,TTO,1948.0,0.0,0.0
Trinidad and Tobago,TTO,1949.0,0.0,0.0
Trinidad and Tobago,TTO,1950.0,0.0,0.0
Trinidad and Tobago,TTO,1951.0,0.0,0.0
Trinidad and Tobago,TTO,1952.0,0.0,0.0
Trinidad and Tobago,TTO,1953.0,0.0,0.0
Trinidad and Tobago,TTO,1954.0,0.0,0.0
Trinidad and Tobago,TTO,1955.0,0.0,0.0
Trinidad and Tobago,TTO,1956.0,1.0,3.0
Trinidad and Tobago,TTO,1957.0,1.0,4.0
Trinidad and Tobago,TTO,1958.0,1.0,4.0
Trinidad and Tobago,TTO,1959.0,1.0,4.0
Trinidad and Tobago,TTO,1960.0,1.0,4.0
Trinidad and Tobago,TTO,1961.0,1.0,4.0
Trinidad and Tobago,TTO,1962.0,2.0,5.0
Trinidad and Tobago,TTO,1963.0,2.0,5.0
Trinidad and Tobago,TTO,1964.0,2.0,5.0
Trinidad and Tobago,TTO,1965.0,2.0,5.0
Trinidad and Tobago,TTO,1966.0,2.0,5.0
Trinidad and Tobago,TTO,1967.0,2.0,7.0
Trinidad and Tobago,TTO,1968.0,2.0,7.0
Trinidad and Tobago,TTO,1969.0,2.0,7.0
Trinidad and Tobago,TTO,1970.0,2.0,7.0
Trinidad and Tobago,TTO,1971.0,2.0,7.0
Trinidad and Tobago,TTO,1972.0,2.0,5.0
Trinidad and Tobago,TTO,1973.0,2.0,7.0
Trinidad and Tobago,TTO,1974.0,2.0,7.0
Trinidad and Tobago,TTO,1975.0,2.0,5.0
Trinidad and Tobago,TTO,1976.0,2.0,7.0
Trinidad and Tobago,TTO,1977.0,2.0,7.0
Trinidad and Tobago,TTO,1978.0,2.0,7.0
Trinidad and Tobago,TTO,1979.0,2.0,7.0
Trinidad and Tobago,TTO,1980.0,2.0,7.0
Trinidad and Tobago,TTO,1981.0,2.0,7.0
Trinidad and Tobago,TTO,1982.0,2.0,7.0
Trinidad and Tobago,TTO,1983.0,2.0,7.0
Trinidad and Tobago,TTO,1984.0,2.0,7.0
Trinidad and Tobago,TTO,1985.0,2.0,7.0
Trinidad and Tobago,TTO,1986.0,2.0,7.0
Trinidad and Tobago,TTO,1987.0,2.0,7.0
Trinidad and Tobago,TTO,1988.0,2.0,7.0
Trinidad and Tobago,TTO,1989.0,2.0,7.0
Trinidad and Tobago,TTO,1990.0,2.0,7.0
Trinidad and Tobago,TTO,1991.0,2.0,7.0
Trinidad and Tobago,TTO,1992.0,2.0,7.0
Trinidad and Tobago,TTO,1993.0,2.0,7.0
Trinidad and Tobago,TTO,1994.0,2.0,7.0
Trinidad and Tobago,TTO,1995.0,2.0,7.0
Trinidad and Tobago,TTO,1996.0,2.0,7.0
Trinidad and Tobago,TTO,1997.0,2.0,7.0
Trinidad and Tobago,TTO,1998.0,2.0,7.0
Trinidad and Tobago,TTO,1999.0,2.0,7.0
Trinidad and Tobago,TTO,2000.0,2.0,7.0
Trinidad and Tobago,TTO,2001.0,2.0,7.0
Trinidad and Tobago,TTO,2002.0,2.0,7.0
Trinidad and Tobago,TTO,2003.0,2.0,7.0
Trinidad and Tobago,TTO,2004.0,2.0,7.0
Trinidad and Tobago,TTO,2005.0,3.0,8.0
Trinidad and Tobago,TTO,2006.0,3.0,8.0
Trinidad and Tobago,TTO,2007.0,3.0,8.0
Trinidad and Tobago,TTO,2008.0,3.0,8.0
Trinidad and Tobago,TTO,2009.0,3.0,8.0
Trinidad and Tobago,TTO,2010.0,3.0,8.0
Trinidad and Tobago,TTO,2011.0,3.0,8.0
Trinidad and Tobago,TTO,2012.0,3.0,8.0
Trinidad and Tobago,TTO,2013.0,3.0,8.0
Trinidad and Tobago,TTO,2014.0,3.0,8.0
Trinidad and Tobago,TTO,2015.0,3.0,8.0
Trinidad and Tobago,TTO,2016.0,3.0,8.0
Trinidad and Tobago,TTO,2017.0,3.0,8.0
Trinidad and Tobago,TTO,2018.0,3.0,8.0
Trinidad and Tobago,TTO,2019.0,3.0,8.0
Trinidad and Tobago,TTO,2020.0,3.0,8.0
Trinidad and Tobago,TTO,2021.0,2.0,7.0
Trinidad and Tobago,TTO,2022.0,2.0,7.0
Trinidad and Tobago,TTO,2023.0,2.0,7.0
Trinidad and Tobago,TTO,2024.0,2.0,7.0
Turkmenistan,TKM,1990.0,,
Turkmenistan,TKM,1991.0,0.0,1.0
Turkmenistan,TKM,1992.0,0.0,0.0
Turkmenistan,TKM,1993.0,0.0,0.0
Turkmenistan,TKM,1994.0,0.0,0.0
Turkmenistan,TKM,1995.0,0.0,0.0
Turkmenistan,TKM,1996.0,0.0,0.0
Turkmenistan,TKM,1997.0,0.0,0.0
Turkmenistan,TKM,1998.0,0.0,0.0
Turkmenistan,TKM,1999.0,0.0,0.0
Turkmenistan,TKM,2000.0,0.0,0.0
Turkmenistan,TKM,2001.0,0.0,0.0
Turkmenistan,TKM,2002.0,0.0,0.0
Turkmenistan,TKM,2003.0,0.0,0.0
Turkmenistan,TKM,2004.0,0.0,0.0
Turkmenistan,TKM,2005.0,0.0,0.0
Turkmenistan,TKM,2006.0,0.0,0.0
Turkmenistan,TKM,2007.0,0.0,0.0
Turkmenistan,TKM,2008.0,0.0,1.0
Turkmenistan,TKM,2009.0,0.0,1.0
Turkmenistan,TKM,2010.0,0.0,1.0
Turkmenistan,TKM,2011.0,0.0,1.0
Turkmenistan,TKM,2012.0,0.0,1.0
Turkmenistan,TKM,2013.0,0.0,1.0
Turkmenistan,TKM,2014.0,0.0,1.0
Turkmenistan,TKM,2015.0,0.0,1.0
Turkmenistan,TKM,2016.0,0.0,1.0
Turkmenistan,TKM,2017.0,0.0,1.0
Turkmenistan,TKM,2018.0,1.0,2.0
Turkmenistan,TKM,2019.0,1.0,2.0
Turkmenistan,TKM,2020.0,1.0,2.0
Turkmenistan,TKM,2021.0,1.0,2.0
Turkmenistan,TKM,2022.0,0.0,1.0
Turkmenistan,TKM,2023.0,0.0,1.0
Turkmenistan,TKM,2024.0,0.0,1.0
German Democratic Republic,DDR,1949.0,0.0,1.0
German Democratic Republic,DDR,1950.0,0.0,0.0
German Democratic Republic,DDR,1951.0,0.0,0.0
German Democratic Republic,DDR,1952.0,0.0,0.0
German Democratic Republic,DDR,1953.0,0.0,0.0
German Democratic Republic,DDR,1954.0,0.0,0.0
German Democratic Republic,DDR,1955.0,0.0,0.0
German Democratic Republic,DDR,1956.0,0.0,0.0
German Democratic Republic,DDR,1957.0,0.0,0.0
German Democratic Republic,DDR,1958.0,0.0,1.0
German Democratic Republic,DDR,1959.0,0.0,1.0
German Democratic Republic,DDR,1960.0,0.0,1.0
German Democratic Republic,DDR,1961.0,0.0,1.0
German Democratic Republic,DDR,1962.0,0.0,1.0
German Democratic Republic,DDR,1963.0,0.0,0.0
German Democratic Republic,DDR,1964.0,0.0,0.0
German Democratic Republic,DDR,1965.0,0.0,0.0
German Democratic Republic,DDR,1966.0,0.0,0.0
German Democratic Republic,DDR,1967.0,0.0,0.0
German Democratic Republic,DDR,1968.0,0.0,0.0
German Democratic Republic,DDR,1969.0,0.0,0.0
German Democratic Republic,DDR,1970.0,0.0,0.0
German Democratic Republic,DDR,1971.0,0.0,0.0
German Democratic Republic,DDR,1972.0,0.0,0.0
German Democratic Republic,DDR,1973.0,0.0,0.0
German Democratic Republic,DDR,1974.0,0.0,0.0
German Democratic Republic,DDR,1975.0,0.0,0.0
German Democratic Republic,DDR,1976.0,0.0,0.0
German Democratic Republic,DDR,1977.0,0.0,0.0
German Democratic Republic,DDR,1978.0,0.0,0.0
German Democratic Republic,DDR,1979.0,0.0,0.0
German Democratic Republic,DDR,1980.0,0.0,0.0
German Democratic Republic,DDR,1981.0,0.0,0.0
German Democratic Republic,DDR,1982.0,0.0,0.0
German Democratic Republic,DDR,1983.0,0.0,0.0
German Democratic Republic,DDR,1984.0,0.0,0.0
German Democratic Republic,DDR,1985.0,0.0,0.0
German Democratic Republic,DDR,1986.0,0.0,1.0
German Democratic Republic,DDR,1987.0,0.0,1.0
German Democratic Republic,DDR,1988.0,0.0,1.0
German Democratic Republic,DDR,1989.0,0.0,1.0
German Democratic Republic,DDR,1990.0,2.0,7.0
Palestine/Gaza,PSG,1948.0,0.0,0.0
Palestine/Gaza,PSG,1949.0,0.0,0.0
Palestine/Gaza,PSG,1950.0,0.0,0.0
Palestine/Gaza,PSG,1951.0,0.0,0.0
Palestine/Gaza,PSG,1952.0,0.0,0.0
Palestine/Gaza,PSG,1953.0,0.0,0.0
Palestine/Gaza,PSG,1954.0,0.0,0.0
Palestine/Gaza,PSG,1955.0,0.0,0.0
Palestine/Gaza,PSG,1956.0,0.0,0.0
Palestine/Gaza,PSG,1957.0,0.0,0.0
Palestine/Gaza,PSG,1958.0,0.0,0.0
Palestine/Gaza,PSG,1959.0,0.0,0.0
Palestine/Gaza,PSG,1960.0,0.0,0.0
Palestine/Gaza,PSG,1961.0,0.0,0.0
Palestine/Gaza,PSG,1962.0,0.0,0.0
Palestine/Gaza,PSG,1963.0,0.0,0.0
Palestine/Gaza,PSG,1964.0,0.0,0.0
Palestine/Gaza,PSG,1965.0,0.0,0.0
Palestine/Gaza,PSG,1966.0,0.0,0.0
Palestine/Gaza,PSG,2007.0,0.0,0.0
Palestine/Gaza,PSG,2008.0,0.0,0.0
Palestine/Gaza,PSG,2009.0,0.0,0.0
Palestine/Gaza,PSG,2010.0,0.0,0.0
Palestine/Gaza,PSG,2011.0,0.0,0.0
Palestine/Gaza,PSG,2012.0,0.0,0.0
Palestine/Gaza,PSG,2013.0,0.0,0.0
Palestine/Gaza,PSG,2014.0,0.0,0.0
Palestine/Gaza,PSG,2015.0,0.0,0.0
Palestine/Gaza,PSG,2016.0,0.0,0.0
Palestine/Gaza,PSG,2017.0,0.0,0.0
Palestine/Gaza,PSG,2018.0,0.0,0.0
Palestine/Gaza,PSG,2019.0,0.0,0.0
Palestine/Gaza,PSG,2020.0,0.0,0.0
Palestine/Gaza,PSG,2021.0,0.0,0.0
Palestine/Gaza,PSG,2022.0,0.0,0.0
Palestine/Gaza,PSG,2023.0,0.0,0.0
Palestine/Gaza,PSG,2024.0,0.0,0.0
Somaliland,SML,1946.0,0.0,0.0
Somaliland,SML,1947.0,0.0,0.0
Somaliland,SML,1948.0,0.0,0.0
Somaliland,SML,1949.0,0.0,0.0
Somaliland,SML,1950.0,0.0,0.0
Somaliland,SML,1951.0,0.0,0.0
Somaliland,SML,1952.0,0.0,0.0
Somaliland,SML,1953.0,0.0,0.0
Somaliland,SML,1954.0,0.0,0.0
Somaliland,SML,1955.0,0.0,0.0
Somaliland,SML,1956.0,0.0,0.0
Somaliland,SML,1957.0,0.0,0.0
Somaliland,SML,1958.0,0.0,0.0
Somaliland,SML,1959.0,0.0,0.0
Somaliland,SML,1991.0,0.0,0.0
Somaliland,SML,1992.0,0.0,0.0
Somaliland,SML,1993.0,0.0,0.0
Somaliland,SML,1994.0,0.0,0.0
Somaliland,SML,1995.0,0.0,0.0
Somaliland,SML,1996.0,0.0,0.0
Somaliland,SML,1997.0,0.0,0.0
Somaliland,SML,1998.0,0.0,0.0
Somaliland,SML,1999.0,0.0,0.0
Somaliland,SML,2000.0,0.0,0.0
Somaliland,SML,2001.0,0.0,0.0
Somaliland,SML,2002.0,0.0,0.0
Somaliland,SML,2003.0,1.0,3.0
Somaliland,SML,2004.0,1.0,3.0
Somaliland,SML,2005.0,1.0,3.0
Somaliland,SML,2006.0,1.0,3.0
Somaliland,SML,2007.0,1.0,3.0
Somaliland,SML,2008.0,1.0,3.0
Somaliland,SML,2009.0,1.0,3.0
Somaliland,SML,2010.0,1.0,3.0
Somaliland,SML,2011.0,1.0,3.0
Somaliland,SML,2012.0,1.0,3.0
Somaliland,SML,2013.0,1.0,3.0
Somaliland,SML,2014.0,1.0,3.0
Somaliland,SML,2015.0,1.0,3.0
Somaliland,SML,2016.0,1.0,3.0
Somaliland,SML,2017.0,1.0,3.0
Somaliland,SML,2018.0,1.0,3.0
Somaliland,SML,2019.0,1.0,3.0
Somaliland,SML,2020.0,1.0,3.0
Somaliland,SML,2021.0,1.0,3.0
Somaliland,SML,2022.0,1.0,3.0
Somaliland,SML,2023.0,1.0,3.0
Somaliland,SML,2024.0,1.0,3.0
Uzbekistan,UZB,1990.0,0.0,1.0
Uzbekistan,UZB,1991.0,0.0,1.0
Uzbekistan,UZB,1992.0,0.0,1.0
Uzbekistan,UZB,1993.0,0.0,1.0
Uzbekistan,UZB,1994.0,1.0,3.0
Uzbekistan,UZB,1995.0,1.0,3.0
Uzbekistan,UZB,1996.0,1.0,3.0
Uzbekistan,UZB,1997.0,1.0,3.0
Uzbekistan,UZB,1998.0,1.0,3.0
Uzbekistan,UZB,1999.0,1.0,2.0
Uzbekistan,UZB,2000.0,1.0,2.0
Uzbekistan,UZB,2001.0,1.0,2.0
Uzbekistan,UZB,2002.0,1.0,2.0
Uzbekistan,UZB,2003.0,1.0,2.0
Uzbekistan,UZB,2004.0,1.0,2.0
Uzbekistan,UZB,2005.0,1.0,2.0
Uzbekistan,UZB,2006.0,1.0,2.0
Uzbekistan,UZB,2007.0,1.0,2.0
Uzbekistan,UZB,2008.0,1.0,2.0
Uzbekistan,UZB,2009.0,1.0,2.0
Uzbekistan,UZB,2010.0,1.0,2.0
Uzbekistan,UZB,2011.0,1.0,2.0
Uzbekistan,UZB,2012.0,1.0,2.0
Uzbekistan,UZB,2013.0,1.0,2.0
Uzbekistan,UZB,2014.0,0.0,1.0
Uzbekistan,UZB,2015.0,0.0,0.0
Uzbekistan,UZB,2016.0,0.0,0.0
Uzbekistan,UZB,2017.0,0.0,0.0
Uzbekistan,UZB,2018.0,0.0,0.0
Uzbekistan,UZB,2019.0,1.0,2.0
Uzbekistan,UZB,2020.0,0.0,1.0
Uzbekistan,UZB,2021.0,0.0,1.0
Uzbekistan,UZB,2022.0,0.0,1.0
Uzbekistan,UZB,2023.0,0.0,1.0
Uzbekistan,UZB,2024.0,0.0,1.0
Austria,AUT,1946.0,2.0,7.0
Austria,AUT,1947.0,2.0,7.0
Austria,AUT,1948.0,2.0,7.0
Austria,AUT,1949.0,2.0,7.0
Austria,AUT,1950.0,2.0,7.0
Austria,AUT,1951.0,2.0,7.0
Austria,AUT,1952.0,2.0,7.0
Austria,AUT,1953.0,2.0,7.0
Austria,AUT,1954.0,2.0,7.0
Austria,AUT,1955.0,2.0,7.0
Austria,AUT,1956.0,3.0,8.0
Austria,AUT,1957.0,3.0,8.0
Austria,AUT,1958.0,3.0,8.0
Austria,AUT,1959.0,3.0,8.0
Austria,AUT,1960.0,3.0,8.0
Austria,AUT,1961.0,3.0,8.0
Austria,AUT,1962.0,3.0,8.0
Austria,AUT,1963.0,3.0,8.0
Austria,AUT,1964.0,3.0,8.0
Austria,AUT,1965.0,3.0,8.0
Austria,AUT,1966.0,3.0,8.0
Austria,AUT,1967.0,3.0,8.0
Austria,AUT,1968.0,3.0,8.0
Austria,AUT,1969.0,3.0,8.0
Austria,AUT,1970.0,3.0,8.0
Austria,AUT,1971.0,3.0,8.0
Austria,AUT,1972.0,3.0,8.0
Austria,AUT,1973.0,3.0,8.0
Austria,AUT,1974.0,3.0,8.0
Austria,AUT,1975.0,3.0,9.0
Austria,AUT,1976.0,3.0,9.0
Austria,AUT,1977.0,3.0,9.0
Austria,AUT,1978.0,3.0,9.0
Austria,AUT,1979.0,3.0,9.0
Austria,AUT,1980.0,3.0,9.0
Austria,AUT,1981.0,3.0,9.0
Austria,AUT,1982.0,3.0,9.0
Austria,AUT,1983.0,3.0,9.0
Austria,AUT,1984.0,3.0,9.0
Austria,AUT,1985.0,3.0,9.0
Austria,AUT,1986.0,3.0,9.0
Austria,AUT,1987.0,3.0,9.0
Austria,AUT,1988.0,3.0,9.0
Austria,AUT,1989.0,3.0,9.0
Austria,AUT,1990.0,3.0,9.0
Austria,AUT,1991.0,3.0,9.0
Austria,AUT,1992.0,3.0,9.0
Austria,AUT,1993.0,3.0,9.0
Austria,AUT,1994.0,3.0,9.0
Austria,AUT,1995.0,3.0,9.0
Austria,AUT,1996.0,3.0,9.0
Austria,AUT,1997.0,3.0,9.0
Austria,AUT,1998.0,3.0,9.0
Austria,AUT,1999.0,3.0,9.0
Austria,AUT,2000.0,3.0,9.0
Austria,AUT,2001.0,3.0,9.0
Austria,AUT,2002.0,3.0,9.0
Austria,AUT,2003.0,3.0,9.0
Austria,AUT,2004.0,3.0,9.0
Austria,AUT,2005.0,3.0,9.0
Austria,AUT,2006.0,3.0,9.0
Austria,AUT,2007.0,3.0,9.0
Austria,AUT,2008.0,3.0,9.0
Austria,AUT,2009.0,3.0,9.0
Austria,AUT,2010.0,3.0,9.0
Austria,AUT,2011.0,3.0,9.0
Austria,AUT,2012.0,3.0,9.0
Austria,AUT,2013.0,3.0,9.0
Austria,AUT,2014.0,3.0,9.0
Austria,AUT,2015.0,3.0,9.0
Austria,AUT,2016.0,3.0,9.0
Austria,AUT,2017.0,3.0,9.0
Austria,AUT,2018.0,3.0,9.0
Austria,AUT,2019.0,3.0,9.0
Austria,AUT,2020.0,3.0,9.0
Austria,AUT,2021.0,2.0,7.0
Austria,AUT,2022.0,2.0,7.0
Austria,AUT,2023.0,2.0,7.0
Austria,AUT,2024.0,2.0,7.0
Bahrain,BHR,1946.0,0.0,0.0
Bahrain,BHR,1947.0,0.0,0.0
Bahrain,BHR,1948.0,0.0,0.0
Bahrain,BHR,1949.0,0.0,0.0
Bahrain,BHR,1950.0,0.0,0.0
Bahrain,BHR,1951.0,0.0,0.0
Bahrain,BHR,1952.0,0.0,0.0
Bahrain,BHR,1953.0,0.0,0.0
Bahrain,BHR,1954.0,0.0,0.0
Bahrain,BHR,1955.0,0.0,0.0
Bahrain,BHR,1956.0,0.0,0.0
Bahrain,BHR,1957.0,0.0,0.0
Bahrain,BHR,1958.0,0.0,0.0
Bahrain,BHR,1959.0,0.0,0.0
Bahrain,BHR,1960.0,0.0,0.0
Bahrain,BHR,1961.0,0.0,0.0
Bahrain,BHR,1962.0,0.0,0.0
Bahrain,BHR,1963.0,0.0,0.0
Bahrain,BHR,1964.0,0.0,0.0
Bahrain,BHR,1965.0,0.0,0.0
Bahrain,BHR,1966.0,0.0,0.0
Bahrain,BHR,1967.0,0.0,0.0
Bahrain,BHR,1968.0,0.0,0.0
Bahrain,BHR,1969.0,0.0,0.0
Bahrain,BHR,1970.0,0.0,0.0
Bahrain,BHR,1971.0,0.0,0.0
Bahrain,BHR,1972.0,0.0,0.0
Bahrain,BHR,1973.0,0.0,0.0
Bahrain,BHR,1974.0,0.0,0.0
Bahrain,BHR,1975.0,0.0,0.0
Bahrain,BHR,1976.0,0.0,0.0
Bahrain,BHR,1977.0,0.0,0.0
Bahrain,BHR,1978.0,0.0,0.0
Bahrain,BHR,1979.0,0.0,0.0
Bahrain,BHR,1980.0,0.0,0.0
Bahrain,BHR,1981.0,0.0,0.0
Bahrain,BHR,1982.0,0.0,0.0
Bahrain,BHR,1983.0,0.0,0.0
Bahrain,BHR,1984.0,0.0,0.0
Bahrain,BHR,1985.0,0.0,0.0
Bahrain,BHR,1986.0,0.0,0.0
Bahrain,BHR,1987.0,0.0,0.0
Bahrain,BHR,1988.0,0.0,0.0
Bahrain,BHR,1989.0,0.0,0.0
Bahrain,BHR,1990.0,0.0,0.0
Bahrain,BHR,1991.0,0.0,0.0
Bahrain,BHR,1992.0,0.0,0.0
Bahrain,BHR,1993.0,0.0,0.0
Bahrain,BHR,1994.0,0.0,0.0
Bahrain,BHR,1995.0,0.0,0.0
Bahrain,BHR,1996.0,0.0,0.0
Bahrain,BHR,1997.0,0.0,0.0
Bahrain,BHR,1998.0,0.0,0.0
Bahrain,BHR,1999.0,0.0,0.0
Bahrain,BHR,2000.0,0.0,0.0
Bahrain,BHR,2001.0,0.0,0.0
Bahrain,BHR,2002.0,0.0,0.0
Bahrain,BHR,2003.0,0.0,0.0
Bahrain,BHR,2004.0,0.0,0.0
Bahrain,BHR,2005.0,0.0,0.0
Bahrain,BHR,2006.0,0.0,0.0
Bahrain,BHR,2007.0,0.0,0.0
Bahrain,BHR,2008.0,0.0,0.0
Bahrain,BHR,2009.0,0.0,0.0
Bahrain,BHR,2010.0,0.0,0.0
Bahrain,BHR,2011.0,0.0,0.0
Bahrain,BHR,2012.0,0.0,0.0
Bahrain,BHR,2013.0,0.0,0.0
Bahrain,BHR,2014.0,0.0,0.0
Bahrain,BHR,2015.0,0.0,0.0
Bahrain,BHR,2016.0,0.0,0.0
Bahrain,BHR,2017.0,0.0,0.0
Bahrain,BHR,2018.0,0.0,0.0
Bahrain,BHR,2019.0,0.0,0.0
Bahrain,BHR,2020.0,0.0,0.0
Bahrain,BHR,2021.0,0.0,0.0
Bahrain,BHR,2022.0,0.0,0.0
Bahrain,BHR,2023.0,0.0,0.0
Bahrain,BHR,2024.0,0.0,0.0
Barbados,BRB,1946.0,0.0,0.0
Barbados,BRB,1947.0,0.0,0.0
Barbados,BRB,1948.0,0.0,0.0
Barbados,BRB,1949.0,0.0,0.0
Barbados,BRB,1950.0,0.0,0.0
Barbados,BRB,1951.0,0.0,0.0
Barbados,BRB,1952.0,0.0,0.0
Barbados,BRB,1953.0,0.0,0.0
Barbados,BRB,1954.0,1.0,3.0
Barbados,BRB,1955.0,1.0,4.0
Barbados,BRB,1956.0,1.0,4.0
Barbados,BRB,1957.0,1.0,4.0
Barbados,BRB,1958.0,1.0,4.0
Barbados,BRB,1959.0,1.0,4.0
Barbados,BRB,1960.0,2.0,6.0
Barbados,BRB,1961.0,2.0,6.0
Barbados,BRB,1962.0,2.0,6.0
Barbados,BRB,1963.0,2.0,6.0
Barbados,BRB,1964.0,2.0,6.0
Barbados,BRB,1965.0,2.0,6.0
Barbados,BRB,1966.0,2.0,6.0
Barbados,BRB,1967.0,2.0,6.0
Barbados,BRB,1968.0,2.0,6.0
Barbados,BRB,1969.0,2.0,6.0
Barbados,BRB,1970.0,2.0,7.0
Barbados,BRB,1971.0,2.0,7.0
Barbados,BRB,1972.0,2.0,7.0
Barbados,BRB,1973.0,2.0,7.0
Barbados,BRB,1974.0,2.0,7.0
Barbados,BRB,1975.0,2.0,7.0
Barbados,BRB,1976.0,2.0,7.0
Barbados,BRB,1977.0,2.0,7.0
Barbados,BRB,1978.0,2.0,7.0
Barbados,BRB,1979.0,2.0,7.0
Barbados,BRB,1980.0,2.0,7.0
Barbados,BRB,1981.0,2.0,7.0
Barbados,BRB,1982.0,2.0,7.0
Barbados,BRB,1983.0,2.0,7.0
Barbados,BRB,1984.0,2.0,7.0
Barbados,BRB,1985.0,2.0,7.0
Barbados,BRB,1986.0,2.0,7.0
Barbados,BRB,1987.0,2.0,7.0
Barbados,BRB,1988.0,2.0,7.0
Barbados,BRB,1989.0,2.0,7.0
Barbados,BRB,1990.0,2.0,7.0
Barbados,BRB,1991.0,2.0,7.0
Barbados,BRB,1992.0,2.0,7.0
Barbados,BRB,1993.0,2.0,7.0
Barbados,BRB,1994.0,2.0,7.0
Barbados,BRB,1995.0,2.0,7.0
Barbados,BRB,1996.0,2.0,7.0
Barbados,BRB,1997.0,2.0,7.0
Barbados,BRB,1998.0,2.0,7.0
Barbados,BRB,1999.0,2.0,7.0
Barbados,BRB,2000.0,2.0,7.0
Barbados,BRB,2001.0,2.0,7.0
Barbados,BRB,2002.0,2.0,7.0
Barbados,BRB,2003.0,2.0,7.0
Barbados,BRB,2004.0,2.0,7.0
Barbados,BRB,2005.0,2.0,7.0
Barbados,BRB,2006.0,2.0,7.0
Barbados,BRB,2007.0,2.0,7.0
Barbados,BRB,2008.0,2.0,7.0
Barbados,BRB,2009.0,2.0,7.0
Barbados,BRB,2010.0,2.0,6.0
Barbados,BRB,2011.0,2.0,6.0
Barbados,BRB,2012.0,2.0,6.0
Barbados,BRB,2013.0,2.0,6.0
Barbados,BRB,2014.0,2.0,6.0
Barbados,BRB,2015.0,3.0,8.0
Barbados,BRB,2016.0,3.0,8.0
Barbados,BRB,2017.0,3.0,8.0
Barbados,BRB,2018.0,3.0,8.0
Barbados,BRB,2019.0,3.0,8.0
Barbados,BRB,2020.0,3.0,8.0
Barbados,BRB,2021.0,3.0,8.0
Barbados,BRB,2022.0,3.0,8.0
Barbados,BRB,2023.0,3.0,8.0
Barbados,BRB,2024.0,3.0,8.0
Belgium,BEL,1946.0,3.0,8.0
Belgium,BEL,1947.0,3.0,8.0
Belgium,BEL,1948.0,3.0,8.0
Belgium,BEL,1949.0,3.0,8.0
Belgium,BEL,1950.0,3.0,8.0
Belgium,BEL,1951.0,3.0,8.0
Belgium,BEL,1952.0,3.0,8.0
Belgium,BEL,1953.0,3.0,8.0
Belgium,BEL,1954.0,3.0,8.0
Belgium,BEL,1955.0,3.0,8.0
Belgium,BEL,1956.0,3.0,8.0
Belgium,BEL,1957.0,3.0,8.0
Belgium,BEL,1958.0,3.0,8.0
Belgium,BEL,1959.0,3.0,8.0
Belgium,BEL,1960.0,3.0,8.0
Belgium,BEL,1961.0,3.0,8.0
Belgium,BEL,1962.0,3.0,8.0
Belgium,BEL,1963.0,3.0,9.0
Belgium,BEL,1964.0,3.0,9.0
Belgium,BEL,1965.0,3.0,9.0
Belgium,BEL,1966.0,3.0,9.0
Belgium,BEL,1967.0,3.0,9.0
Belgium,BEL,1968.0,3.0,9.0
Belgium,BEL,1969.0,3.0,9.0
Belgium,BEL,1970.0,3.0,9.0
Belgium,BEL,1971.0,3.0,9.0
Belgium,BEL,1972.0,3.0,9.0
Belgium,BEL,1973.0,3.0,9.0
Belgium,BEL,1974.0,3.0,9.0
Belgium,BEL,1975.0,3.0,9.0
Belgium,BEL,1976.0,3.0,9.0
Belgium,BEL,1977.0,3.0,9.0
Belgium,BEL,1978.0,3.0,9.0
Belgium,BEL,1979.0,3.0,9.0
Belgium,BEL,1980.0,3.0,9.0
Belgium,BEL,1981.0,3.0,9.0
Belgium,BEL,1982.0,3.0,9.0
Belgium,BEL,1983.0,3.0,9.0
Belgium,BEL,1984.0,3.0,9.0
Belgium,BEL,1985.0,3.0,9.0
Belgium,BEL,1986.0,3.0,9.0
Belgium,BEL,1987.0,3.0,9.0
Belgium,BEL,1988.0,3.0,9.0
Belgium,BEL,1989.0,3.0,9.0
Belgium,BEL,1990.0,3.0,9.0
Belgium,BEL,1991.0,3.0,9.0
Belgium,BEL,1992.0,3.0,9.0
Belgium,BEL,1993.0,3.0,9.0
Belgium,BEL,1994.0,3.0,9.0
Belgium,BEL,1995.0,3.0,9.0
Belgium,BEL,1996.0,3.0,9.0
Belgium,BEL,1997.0,3.0,9.0
Belgium,BEL,1998.0,3.0,9.0
Belgium,BEL,1999.0,3.0,9.0
Belgium,BEL,2000.0,3.0,9.0
Belgium,BEL,2001.0,3.0,9.0
Belgium,BEL,2002.0,3.0,9.0
Belgium,BEL,2003.0,3.0,9.0
Belgium,BEL,2004.0,3.0,9.0
Belgium,BEL,2005.0,3.0,9.0
Belgium,BEL,2006.0,3.0,9.0
Belgium,BEL,2007.0,3.0,9.0
Belgium,BEL,2008.0,3.0,9.0
Belgium,BEL,2009.0,3.0,9.0
Belgium,BEL,2010.0,3.0,9.0
Belgium,BEL,2011.0,3.0,9.0
Belgium,BEL,2012.0,3.0,9.0
Belgium,BEL,2013.0,3.0,9.0
Belgium,BEL,2014.0,3.0,9.0
Belgium,BEL,2015.0,3.0,9.0
Belgium,BEL,2016.0,3.0,9.0
Belgium,BEL,2017.0,3.0,9.0
Belgium,BEL,2018.0,3.0,9.0
Belgium,BEL,2019.0,3.0,9.0
Belgium,BEL,2020.0,3.0,9.0
Belgium,BEL,2021.0,3.0,9.0
Belgium,BEL,2022.0,3.0,9.0
Belgium,BEL,2023.0,3.0,9.0
Belgium,BEL,2024.0,3.0,9.0
Bosnia and Herzegovina,BIH,1992.0,0.0,0.0
Bosnia and Herzegovina,BIH,1993.0,0.0,0.0
Bosnia and Herzegovina,BIH,1994.0,0.0,0.0
Bosnia and Herzegovina,BIH,1995.0,0.0,0.0
Bosnia and Herzegovina,BIH,1996.0,1.0,3.0
Bosnia and Herzegovina,BIH,1997.0,2.0,6.0
Bosnia and Herzegovina,BIH,1998.0,2.0,6.0
Bosnia and Herzegovina,BIH,1999.0,2.0,6.0
Bosnia and Herzegovina,BIH,2000.0,2.0,6.0
Bosnia and Herzegovina,BIH,2001.0,2.0,6.0
Bosnia and Herzegovina,BIH,2002.0,2.0,6.0
Bosnia and Herzegovina,BIH,2003.0,2.0,6.0
Bosnia and Herzegovina,BIH,2004.0,2.0,6.0
Bosnia and Herzegovina,BIH,2005.0,2.0,6.0
Bosnia and Herzegovina,BIH,2006.0,2.0,6.0
Bosnia and Herzegovina,BIH,2007.0,2.0,5.0
Bosnia and Herzegovina,BIH,2008.0,2.0,6.0
Bosnia and Herzegovina,BIH,2009.0,2.0,6.0
Bosnia and Herzegovina,BIH,2010.0,2.0,6.0
Bosnia and Herzegovina,BIH,2011.0,2.0,6.0
Bosnia and Herzegovina,BIH,2012.0,2.0,5.0
Bosnia and Herzegovina,BIH,2013.0,2.0,5.0
Bosnia and Herzegovina,BIH,2014.0,2.0,5.0
Bosnia and Herzegovina,BIH,2015.0,2.0,5.0
Bosnia and Herzegovina,BIH,2016.0,2.0,5.0
Bosnia and Herzegovina,BIH,2017.0,2.0,5.0
Bosnia and Herzegovina,BIH,2018.0,2.0,5.0
Bosnia and Herzegovina,BIH,2019.0,2.0,5.0
Bosnia and Herzegovina,BIH,2020.0,2.0,5.0
Bosnia and Herzegovina,BIH,2021.0,2.0,5.0
Bosnia and Herzegovina,BIH,2022.0,2.0,5.0
Bosnia and Herzegovina,BIH,2023.0,2.0,5.0
Bosnia and Herzegovina,BIH,2024.0,2.0,5.0
Bulgaria,BGR,1946.0,0.0,0.0
Bulgaria,BGR,1947.0,1.0,3.0
Bulgaria,BGR,1948.0,1.0,3.0
Bulgaria,BGR,1949.0,0.0,0.0
Bulgaria,BGR,1950.0,0.0,0.0
Bulgaria,BGR,1951.0,0.0,0.0
Bulgaria,BGR,1952.0,0.0,0.0
Bulgaria,BGR,1953.0,0.0,0.0
Bulgaria,BGR,1954.0,0.0,0.0
Bulgaria,BGR,1955.0,0.0,0.0
Bulgaria,BGR,1956.0,0.0,0.0
Bulgaria,BGR,1957.0,0.0,0.0
Bulgaria,BGR,1958.0,0.0,0.0
Bulgaria,BGR,1959.0,0.0,0.0
Bulgaria,BGR,1960.0,0.0,0.0
Bulgaria,BGR,1961.0,0.0,0.0
Bulgaria,BGR,1962.0,0.0,0.0
Bulgaria,BGR,1963.0,0.0,0.0
Bulgaria,BGR,1964.0,0.0,0.0
Bulgaria,BGR,1965.0,0.0,0.0
Bulgaria,BGR,1966.0,0.0,0.0
Bulgaria,BGR,1967.0,0.0,0.0
Bulgaria,BGR,1968.0,0.0,0.0
Bulgaria,BGR,1969.0,0.0,0.0
Bulgaria,BGR,1970.0,0.0,0.0
Bulgaria,BGR,1971.0,0.0,0.0
Bulgaria,BGR,1972.0,0.0,0.0
Bulgaria,BGR,1973.0,0.0,0.0
Bulgaria,BGR,1974.0,0.0,0.0
Bulgaria,BGR,1975.0,0.0,0.0
Bulgaria,BGR,1976.0,0.0,0.0
Bulgaria,BGR,1977.0,0.0,0.0
Bulgaria,BGR,1978.0,0.0,0.0
Bulgaria,BGR,1979.0,0.0,0.0
Bulgaria,BGR,1980.0,0.0,0.0
Bulgaria,BGR,1981.0,0.0,0.0
Bulgaria,BGR,1982.0,0.0,0.0
Bulgaria,BGR,1983.0,0.0,0.0
Bulgaria,BGR,1984.0,0.0,0.0
Bulgaria,BGR,1985.0,0.0,0.0
Bulgaria,BGR,1986.0,0.0,0.0
Bulgaria,BGR,1987.0,0.0,0.0
Bulgaria,BGR,1988.0,0.0,0.0
Bulgaria,BGR,1989.0,0.0,0.0
Bulgaria,BGR,1990.0,2.0,6.0
Bulgaria,BGR,1991.0,2.0,6.0
Bulgaria,BGR,1992.0,2.0,6.0
Bulgaria,BGR,1993.0,2.0,6.0
Bulgaria,BGR,1994.0,2.0,6.0
Bulgaria,BGR,1995.0,2.0,6.0
Bulgaria,BGR,1996.0,2.0,6.0
Bulgaria,BGR,1997.0,2.0,6.0
Bulgaria,BGR,1998.0,2.0,6.0
Bulgaria,BGR,1999.0,2.0,6.0
Bulgaria,BGR,2000.0,2.0,6.0
Bulgaria,BGR,2001.0,2.0,6.0
Bulgaria,BGR,2002.0,2.0,6.0
Bulgaria,BGR,2003.0,2.0,6.0
Bulgaria,BGR,2004.0,2.0,6.0
Bulgaria,BGR,2005.0,2.0,6.0
Bulgaria,BGR,2006.0,2.0,6.0
Bulgaria,BGR,2007.0,2.0,6.0
Bulgaria,BGR,2008.0,2.0,6.0
Bulgaria,BGR,2009.0,2.0,6.0
Bulgaria,BGR,2010.0,2.0,6.0
Bulgaria,BGR,2011.0,2.0,6.0
Bulgaria,BGR,2012.0,2.0,6.0
Bulgaria,BGR,2013.0,2.0,6.0
Bulgaria,BGR,2014.0,2.0,6.0
Bulgaria,BGR,2015.0,2.0,6.0
Bulgaria,BGR,2016.0,2.0,6.0
Bulgaria,BGR,2017.0,2.0,6.0
Bulgaria,BGR,2018.0,2.0,6.0
Bulgaria,BGR,2019.0,2.0,6.0
Bulgaria,BGR,2020.0,2.0,6.0
Bulgaria,BGR,2021.0,2.0,6.0
Bulgaria,BGR,2022.0,2.0,6.0
Bulgaria,BGR,2023.0,2.0,6.0
Bulgaria,BGR,2024.0,2.0,6.0
Comoros,COM,1946.0,0.0,0.0
Comoros,COM,1947.0,0.0,0.0
Comoros,COM,1948.0,0.0,0.0
Comoros,COM,1949.0,0.0,0.0
Comoros,COM,1950.0,0.0,0.0
Comoros,COM,1951.0,0.0,0.0
Comoros,COM,1952.0,0.0,0.0
Comoros,COM,1953.0,0.0,0.0
Comoros,COM,1954.0,0.0,0.0
Comoros,COM,1955.0,0.0,0.0
Comoros,COM,1956.0,0.0,0.0
Comoros,COM,1957.0,0.0,0.0
Comoros,COM,1958.0,0.0,0.0
Comoros,COM,1959.0,0.0,0.0
Comoros,COM,1960.0,0.0,0.0
Comoros,COM,1961.0,0.0,0.0
Comoros,COM,1962.0,0.0,0.0
Comoros,COM,1963.0,0.0,0.0
Comoros,COM,1964.0,0.0,0.0
Comoros,COM,1965.0,0.0,0.0
Comoros,COM,1966.0,0.0,0.0
Comoros,COM,1967.0,0.0,0.0
Comoros,COM,1968.0,0.0,0.0
Comoros,COM,1969.0,0.0,0.0
Comoros,COM,1970.0,0.0,0.0
Comoros,COM,1971.0,0.0,0.0
Comoros,COM,1972.0,0.0,0.0
Comoros,COM,1973.0,0.0,0.0
Comoros,COM,1974.0,0.0,0.0
Comoros,COM,1975.0,0.0,0.0
Comoros,COM,1976.0,1.0,2.0
Comoros,COM,1977.0,1.0,2.0
Comoros,COM,1978.0,0.0,1.0
Comoros,COM,1979.0,0.0,1.0
Comoros,COM,1980.0,0.0,1.0
Comoros,COM,1981.0,0.0,1.0
Comoros,COM,1982.0,0.0,1.0
Comoros,COM,1983.0,0.0,1.0
Comoros,COM,1984.0,0.0,1.0
Comoros,COM,1985.0,0.0,1.0
Comoros,COM,1986.0,0.0,1.0
Comoros,COM,1987.0,0.0,1.0
Comoros,COM,1988.0,0.0,1.0
Comoros,COM,1989.0,1.0,2.0
Comoros,COM,1990.0,1.0,2.0
Comoros,COM,1991.0,1.0,2.0
Comoros,COM,1992.0,1.0,3.0
Comoros,COM,1993.0,1.0,3.0
Comoros,COM,1994.0,1.0,3.0
Comoros,COM,1995.0,1.0,3.0
Comoros,COM,1996.0,1.0,3.0
Comoros,COM,1997.0,1.0,3.0
Comoros,COM,1998.0,1.0,3.0
Comoros,COM,1999.0,1.0,3.0
Comoros,COM,2000.0,0.0,0.0
Comoros,COM,2001.0,0.0,0.0
Comoros,COM,2002.0,1.0,3.0
Comoros,COM,2003.0,1.0,3.0
Comoros,COM,2004.0,1.0,3.0
Comoros,COM,2005.0,1.0,3.0
Comoros,COM,2006.0,1.0,3.0
Comoros,COM,2007.0,1.0,3.0
Comoros,COM,2008.0,1.0,3.0
Comoros,COM,2009.0,1.0,4.0
Comoros,COM,2010.0,1.0,3.0
Comoros,COM,2011.0,1.0,4.0
Comoros,COM,2012.0,1.0,4.0
Comoros,COM,2013.0,1.0,4.0
Comoros,COM,2014.0,1.0,4.0
Comoros,COM,2015.0,1.0,3.0
Comoros,COM,2016.0,1.0,3.0
Comoros,COM,2017.0,1.0,3.0
Comoros,COM,2018.0,1.0,3.0
Comoros,COM,2019.0,1.0,3.0
Comoros,COM,2020.0,1.0,3.0
Comoros,COM,2021.0,1.0,3.0
Comoros,COM,2022.0,1.0,3.0
Comoros,COM,2023.0,1.0,3.0
Comoros,COM,2024.0,1.0,3.0
Croatia,HRV,1991.0,0.0,0.0
Croatia,HRV,1992.0,1.0,3.0
Croatia,HRV,1993.0,1.0,3.0
Croatia,HRV,1994.0,1.0,3.0
Croatia,HRV,1995.0,1.0,3.0
Croatia,HRV,1996.0,1.0,3.0
Croatia,HRV,1997.0,1.0,3.0
Croatia,HRV,1998.0,1.0,3.0
Croatia,HRV,1999.0,1.0,3.0
Croatia,HRV,2000.0,2.0,7.0
Croatia,HRV,2001.0,2.0,7.0
Croatia,HRV,2002.0,2.0,7.0
Croatia,HRV,2003.0,2.0,7.0
Croatia,HRV,2004.0,2.0,7.0
Croatia,HRV,2005.0,2.0,6.0
Croatia,HRV,2006.0,2.0,6.0
Croatia,HRV,2007.0,2.0,6.0
Croatia,HRV,2008.0,2.0,6.0
Croatia,HRV,2009.0,2.0,7.0
Croatia,HRV,2010.0,2.0,7.0
Croatia,HRV,2011.0,2.0,7.0
Croatia,HRV,2012.0,2.0,7.0
Croatia,HRV,2013.0,2.0,7.0
Croatia,HRV,2014.0,2.0,6.0
Croatia,HRV,2015.0,2.0,6.0
Croatia,HRV,2016.0,2.0,6.0
Croatia,HRV,2017.0,2.0,6.0
Croatia,HRV,2018.0,2.0,6.0
Croatia,HRV,2019.0,2.0,6.0
Croatia,HRV,2020.0,2.0,6.0
Croatia,HRV,2021.0,2.0,7.0
Croatia,HRV,2022.0,2.0,7.0
Croatia,HRV,2023.0,2.0,6.0
Croatia,HRV,2024.0,2.0,6.0
Cuba,CUB,1946.0,1.0,3.0
Cuba,CUB,1947.0,1.0,3.0
Cuba,CUB,1948.0,1.0,3.0
Cuba,CUB,1949.0,1.0,3.0
Cuba,CUB,1950.0,1.0,3.0
Cuba,CUB,1951.0,1.0,3.0
Cuba,CUB,1952.0,1.0,3.0
Cuba,CUB,1953.0,0.0,0.0
Cuba,CUB,1954.0,1.0,3.0
Cuba,CUB,1955.0,1.0,3.0
Cuba,CUB,1956.0,1.0,3.0
Cuba,CUB,1957.0,1.0,3.0
Cuba,CUB,1958.0,1.0,3.0
Cuba,CUB,1959.0,1.0,3.0
Cuba,CUB,1960.0,0.0,0.0
Cuba,CUB,1961.0,0.0,0.0
Cuba,CUB,1962.0,0.0,0.0
Cuba,CUB,1963.0,0.0,0.0
Cuba,CUB,1964.0,0.0,0.0
Cuba,CUB,1965.0,0.0,0.0
Cuba,CUB,1966.0,0.0,0.0
Cuba,CUB,1967.0,0.0,0.0
Cuba,CUB,1968.0,0.0,0.0
Cuba,CUB,1969.0,0.0,0.0
Cuba,CUB,1970.0,0.0,0.0
Cuba,CUB,1971.0,0.0,0.0
Cuba,CUB,1972.0,0.0,0.0
Cuba,CUB,1973.0,0.0,0.0
Cuba,CUB,1974.0,0.0,0.0
Cuba,CUB,1975.0,0.0,0.0
Cuba,CUB,1976.0,0.0,0.0
Cuba,CUB,1977.0,0.0,0.0
Cuba,CUB,1978.0,0.0,0.0
Cuba,CUB,1979.0,0.0,0.0
Cuba,CUB,1980.0,0.0,0.0
Cuba,CUB,1981.0,0.0,0.0
Cuba,CUB,1982.0,0.0,0.0
Cuba,CUB,1983.0,0.0,0.0
Cuba,CUB,1984.0,0.0,0.0
Cuba,CUB,1985.0,0.0,0.0
Cuba,CUB,1986.0,0.0,0.0
Cuba,CUB,1987.0,0.0,0.0
Cuba,CUB,1988.0,0.0,0.0
Cuba,CUB,1989.0,0.0,0.0
Cuba,CUB,1990.0,0.0,0.0
Cuba,CUB,1991.0,0.0,0.0
Cuba,CUB,1992.0,0.0,0.0
Cuba,CUB,1993.0,0.0,0.0
Cuba,CUB,1994.0,0.0,0.0
Cuba,CUB,1995.0,0.0,0.0
Cuba,CUB,1996.0,0.0,0.0
Cuba,CUB,1997.0,0.0,0.0
Cuba,CUB,1998.0,0.0,0.0
Cuba,CUB,1999.0,0.0,0.0
Cuba,CUB,2000.0,0.0,0.0
Cuba,CUB,2001.0,0.0,0.0
Cuba,CUB,2002.0,0.0,0.0
Cuba,CUB,2003.0,0.0,0.0
Cuba,CUB,2004.0,0.0,0.0
Cuba,CUB,2005.0,0.0,0.0
Cuba,CUB,2006.0,0.0,0.0
Cuba,CUB,2007.0,0.0,0.0
Cuba,CUB,2008.0,0.0,0.0
Cuba,CUB,2009.0,0.0,0.0
Cuba,CUB,2010.0,0.0,0.0
Cuba,CUB,2011.0,0.0,0.0
Cuba,CUB,2012.0,0.0,0.0
Cuba,CUB,2013.0,0.0,0.0
Cuba,CUB,2014.0,0.0,0.0
Cuba,CUB,2015.0,0.0,0.0
Cuba,CUB,2016.0,0.0,0.0
Cuba,CUB,2017.0,0.0,0.0
Cuba,CUB,2018.0,0.0,0.0
Cuba,CUB,2019.0,0.0,0.0
Cuba,CUB,2020.0,0.0,0.0
Cuba,CUB,2021.0,0.0,0.0
Cuba,CUB,2022.0,0.0,0.0
Cuba,CUB,2023.0,0.0,0.0
Cuba,CUB,2024.0,0.0,0.0
Cyprus,CYP,1946.0,0.0,0.0
Cyprus,CYP,1947.0,0.0,0.0
Cyprus,CYP,1948.0,0.0,0.0
Cyprus,CYP,1949.0,0.0,0.0
Cyprus,CYP,1950.0,0.0,0.0
Cyprus,CYP,1951.0,0.0,0.0
Cyprus,CYP,1952.0,0.0,0.0
Cyprus,CYP,1953.0,0.0,0.0
Cyprus,CYP,1954.0,0.0,0.0
Cyprus,CYP,1955.0,0.0,0.0
Cyprus,CYP,1956.0,0.0,0.0
Cyprus,CYP,1957.0,0.0,0.0
Cyprus,CYP,1958.0,0.0,0.0
Cyprus,CYP,1959.0,0.0,0.0
Cyprus,CYP,1960.0,1.0,3.0
Cyprus,CYP,1961.0,1.0,4.0
Cyprus,CYP,1962.0,1.0,4.0
Cyprus,CYP,1963.0,1.0,4.0
Cyprus,CYP,1964.0,1.0,4.0
Cyprus,CYP,1965.0,1.0,4.0
Cyprus,CYP,1966.0,1.0,4.0
Cyprus,CYP,1967.0,1.0,4.0
Cyprus,CYP,1968.0,1.0,4.0
Cyprus,CYP,1969.0,1.0,4.0
Cyprus,CYP,1970.0,1.0,4.0
Cyprus,CYP,1971.0,1.0,4.0
Cyprus,CYP,1972.0,1.0,4.0
Cyprus,CYP,1973.0,1.0,4.0
Cyprus,CYP,1974.0,2.0,5.0
Cyprus,CYP,1975.0,2.0,5.0
Cyprus,CYP,1976.0,2.0,5.0
Cyprus,CYP,1977.0,2.0,6.0
Cyprus,CYP,1978.0,2.0,6.0
Cyprus,CYP,1979.0,2.0,6.0
Cyprus,CYP,1980.0,2.0,6.0
Cyprus,CYP,1981.0,2.0,6.0
Cyprus,CYP,1982.0,2.0,6.0
Cyprus,CYP,1983.0,2.0,6.0
Cyprus,CYP,1984.0,2.0,6.0
Cyprus,CYP,1985.0,2.0,6.0
Cyprus,CYP,1986.0,2.0,6.0
Cyprus,CYP,1987.0,2.0,6.0
Cyprus,CYP,1988.0,2.0,6.0
Cyprus,CYP,1989.0,2.0,6.0
Cyprus,CYP,1990.0,2.0,7.0
Cyprus,CYP,1991.0,2.0,7.0
Cyprus,CYP,1992.0,2.0,7.0
Cyprus,CYP,1993.0,2.0,7.0
Cyprus,CYP,1994.0,2.0,7.0
Cyprus,CYP,1995.0,2.0,7.0
Cyprus,CYP,1996.0,2.0,7.0
Cyprus,CYP,1997.0,2.0,7.0
Cyprus,CYP,1998.0,2.0,7.0
Cyprus,CYP,1999.0,2.0,7.0
Cyprus,CYP,2000.0,2.0,7.0
Cyprus,CYP,2001.0,2.0,7.0
Cyprus,CYP,2002.0,2.0,7.0
Cyprus,CYP,2003.0,2.0,7.0
Cyprus,CYP,2004.0,3.0,9.0
Cyprus,CYP,2005.0,3.0,9.0
Cyprus,CYP,2006.0,3.0,9.0
Cyprus,CYP,2007.0,3.0,9.0
Cyprus,CYP,2008.0,3.0,9.0
Cyprus,CYP,2009.0,3.0,9.0
Cyprus,CYP,2010.0,3.0,9.0
Cyprus,CYP,2011.0,3.0,9.0
Cyprus,CYP,2012.0,3.0,9.0
Cyprus,CYP,2013.0,3.0,9.0
Cyprus,CYP,2014.0,3.0,9.0
Cyprus,CYP,2015.0,3.0,9.0
Cyprus,CYP,2016.0,3.0,9.0
Cyprus,CYP,2017.0,3.0,9.0
Cyprus,CYP,2018.0,3.0,9.0
Cyprus,CYP,2019.0,3.0,8.0
Cyprus,CYP,2020.0,3.0,8.0
Cyprus,CYP,2021.0,3.0,8.0
Cyprus,CYP,2022.0,3.0,8.0
Cyprus,CYP,2023.0,2.0,7.0
Cyprus,CYP,2024.0,2.0,7.0
Czechia,CZE,1946.0,0.0,0.0
Czechia,CZE,1947.0,0.0,0.0
Czechia,CZE,1948.0,0.0,0.0
Czechia,CZE,1949.0,0.0,0.0
Czechia,CZE,1950.0,0.0,0.0
Czechia,CZE,1951.0,0.0,0.0
Czechia,CZE,1952.0,0.0,0.0
Czechia,CZE,1953.0,0.0,0.0
Czechia,CZE,1954.0,0.0,0.0
Czechia,CZE,1955.0,0.0,0.0
Czechia,CZE,1956.0,0.0,0.0
Czechia,CZE,1957.0,0.0,0.0
Czechia,CZE,1958.0,0.0,0.0
Czechia,CZE,1959.0,0.0,0.0
Czechia,CZE,1960.0,0.0,0.0
Czechia,CZE,1961.0,0.0,0.0
Czechia,CZE,1962.0,0.0,0.0
Czechia,CZE,1963.0,0.0,0.0
Czechia,CZE,1964.0,0.0,0.0
Czechia,CZE,1965.0,0.0,0.0
Czechia,CZE,1966.0,0.0,0.0
Czechia,CZE,1967.0,0.0,0.0
Czechia,CZE,1968.0,0.0,0.0
Czechia,CZE,1969.0,0.0,0.0
Czechia,CZE,1970.0,0.0,0.0
Czechia,CZE,1971.0,0.0,0.0
Czechia,CZE,1972.0,0.0,0.0
Czechia,CZE,1973.0,0.0,0.0
Czechia,CZE,1974.0,0.0,0.0
Czechia,CZE,1975.0,0.0,0.0
Czechia,CZE,1976.0,0.0,0.0
Czechia,CZE,1977.0,0.0,0.0
Czechia,CZE,1978.0,0.0,0.0
Czechia,CZE,1979.0,0.0,0.0
Czechia,CZE,1980.0,0.0,0.0
Czechia,CZE,1981.0,0.0,0.0
Czechia,CZE,1982.0,0.0,0.0
Czechia,CZE,1983.0,0.0,0.0
Czechia,CZE,1984.0,0.0,0.0
Czechia,CZE,1985.0,0.0,0.0
Czechia,CZE,1986.0,0.0,0.0
Czechia,CZE,1987.0,0.0,0.0
Czechia,CZE,1988.0,0.0,0.0
Czechia,CZE,1989.0,0.0,0.0
Czechia,CZE,1990.0,3.0,9.0
Czechia,CZE,1991.0,3.0,9.0
Czechia,CZE,1992.0,3.0,9.0
Czechia,CZE,1993.0,3.0,9.0
Czechia,CZE,1994.0,3.0,9.0
Czechia,CZE,1995.0,3.0,9.0
Czechia,CZE,1996.0,3.0,9.0
Czechia,CZE,1997.0,3.0,9.0
Czechia,CZE,1998.0,3.0,9.0
Czechia,CZE,1999.0,3.0,9.0
Czechia,CZE,2000.0,3.0,9.0
Czechia,CZE,2001.0,3.0,9.0
Czechia,CZE,2002.0,3.0,9.0
Czechia,CZE,2003.0,3.0,9.0
Czechia,CZE,2004.0,3.0,9.0
Czechia,CZE,2005.0,3.0,9.0
Czechia,CZE,2006.0,3.0,9.0
Czechia,CZE,2007.0,3.0,9.0
Czechia,CZE,2008.0,3.0,9.0
Czechia,CZE,2009.0,3.0,9.0
Czechia,CZE,2010.0,3.0,9.0
Czechia,CZE,2011.0,3.0,9.0
Czechia,CZE,2012.0,3.0,9.0
Czechia,CZE,2013.0,3.0,9.0
Czechia,CZE,2014.0,3.0,9.0
Czechia,CZE,2015.0,3.0,9.0
Czechia,CZE,2016.0,3.0,9.0
Czechia,CZE,2017.0,3.0,9.0
Czechia,CZE,2018.0,3.0,9.0
Czechia,CZE,2019.0,3.0,8.0
Czechia,CZE,2020.0,2.0,6.0
Czechia,CZE,2021.0,2.0,6.0
Czechia,CZE,2022.0,3.0,9.0
Czechia,CZE,2023.0,3.0,9.0
Czechia,CZE,2024.0,3.0,9.0
Denmark,DNK,1946.0,3.0,9.0
Denmark,DNK,1947.0,3.0,9.0
Denmark,DNK,1948.0,3.0,9.0
Denmark,DNK,1949.0,3.0,9.0
Denmark,DNK,1950.0,3.0,9.0
Denmark,DNK,1951.0,3.0,9.0
Denmark,DNK,1952.0,3.0,9.0
Denmark,DNK,1953.0,3.0,9.0
Denmark,DNK,1954.0,3.0,9.0
Denmark,DNK,1955.0,3.0,9.0
Denmark,DNK,1956.0,3.0,9.0
Denmark,DNK,1957.0,3.0,9.0
Denmark,DNK,1958.0,3.0,9.0
Denmark,DNK,1959.0,3.0,9.0
Denmark,DNK,1960.0,3.0,9.0
Denmark,DNK,1961.0,3.0,9.0
Denmark,DNK,1962.0,3.0,9.0
Denmark,DNK,1963.0,3.0,9.0
Denmark,DNK,1964.0,3.0,9.0
Denmark,DNK,1965.0,3.0,9.0
Denmark,DNK,1966.0,3.0,9.0
Denmark,DNK,1967.0,3.0,9.0
Denmark,DNK,1968.0,3.0,9.0
Denmark,DNK,1969.0,3.0,9.0
Denmark,DNK,1970.0,3.0,9.0
Denmark,DNK,1971.0,3.0,9.0
Denmark,DNK,1972.0,3.0,9.0
Denmark,DNK,1973.0,3.0,9.0
Denmark,DNK,1974.0,3.0,9.0
Denmark,DNK,1975.0,3.0,9.0
Denmark,DNK,1976.0,3.0,9.0
Denmark,DNK,1977.0,3.0,9.0
Denmark,DNK,1978.0,3.0,9.0
Denmark,DNK,1979.0,3.0,9.0
Denmark,DNK,1980.0,3.0,9.0
Denmark,DNK,1981.0,3.0,9.0
Denmark,DNK,1982.0,3.0,9.0
Denmark,DNK,1983.0,3.0,9.0
Denmark,DNK,1984.0,3.0,9.0
Denmark,DNK,1985.0,3.0,9.0
Denmark,DNK,1986.0,3.0,9.0
Denmark,DNK,1987.0,3.0,9.0
Denmark,DNK,1988.0,3.0,9.0
Denmark,DNK,1989.0,3.0,9.0
Denmark,DNK,1990.0,3.0,9.0
Denmark,DNK,1991.0,3.0,9.0
Denmark,DNK,1992.0,3.0,9.0
Denmark,DNK,1993.0,3.0,9.0
Denmark,DNK,1994.0,3.0,9.0
Denmark,DNK,1995.0,3.0,9.0
Denmark,DNK,1996.0,3.0,9.0
Denmark,DNK,1997.0,3.0,9.0
Denmark,DNK,1998.0,3.0,9.0
Denmark,DNK,1999.0,3.0,9.0
Denmark,DNK,2000.0,3.0,9.0
Denmark,DNK,2001.0,3.0,9.0
Denmark,DNK,2002.0,3.0,9.0
Denmark,DNK,2003.0,3.0,9.0
Denmark,DNK,2004.0,3.0,9.0
Denmark,DNK,2005.0,3.0,9.0
Denmark,DNK,2006.0,3.0,9.0
Denmark,DNK,2007.0,3.0,9.0
Denmark,DNK,2008.0,3.0,9.0
Denmark,DNK,2009.0,3.0,9.0
Denmark,DNK,2010.0,3.0,9.0
Denmark,DNK,2011.0,3.0,9.0
Denmark,DNK,2012.0,3.0,9.0
Denmark,DNK,2013.0,3.0,9.0
Denmark,DNK,2014.0,3.0,9.0
Denmark,DNK,2015.0,3.0,9.0
Denmark,DNK,2016.0,3.0,9.0
Denmark,DNK,2017.0,3.0,9.0
Denmark,DNK,2018.0,3.0,9.0
Denmark,DNK,2019.0,3.0,9.0
Denmark,DNK,2020.0,3.0,8.0
Denmark,DNK,2021.0,3.0,8.0
Denmark,DNK,2022.0,3.0,9.0
Denmark,DNK,2023.0,3.0,9.0
Denmark,DNK,2024.0,3.0,9.0
Equatorial Guinea,GNQ,1946.0,0.0,0.0
Equatorial Guinea,GNQ,1947.0,0.0,0.0
Equatorial Guinea,GNQ,1948.0,0.0,0.0
Equatorial Guinea,GNQ,1949.0,0.0,0.0
Equatorial Guinea,GNQ,1950.0,0.0,0.0
Equatorial Guinea,GNQ,1951.0,0.0,0.0
Equatorial Guinea,GNQ,1952.0,0.0,0.0
Equatorial Guinea,GNQ,1953.0,0.0,0.0
Equatorial Guinea,GNQ,1954.0,0.0,0.0
Equatorial Guinea,GNQ,1955.0,0.0,0.0
Equatorial Guinea,GNQ,1956.0,0.0,0.0
Equatorial Guinea,GNQ,1957.0,0.0,0.0
Equatorial Guinea,GNQ,1958.0,0.0,0.0
Equatorial Guinea,GNQ,1959.0,0.0,0.0
Equatorial Guinea,GNQ,1960.0,0.0,0.0
Equatorial Guinea,GNQ,1961.0,0.0,0.0
Equatorial Guinea,GNQ,1962.0,0.0,0.0
Equatorial Guinea,GNQ,1963.0,0.0,0.0
Equatorial Guinea,GNQ,1964.0,0.0,0.0
Equatorial Guinea,GNQ,1965.0,0.0,0.0
Equatorial Guinea,GNQ,1966.0,0.0,0.0
Equatorial Guinea,GNQ,1967.0,0.0,0.0
Equatorial Guinea,GNQ,1968.0,1.0,3.0
Equatorial Guinea,GNQ,1969.0,1.0,3.0
Equatorial Guinea,GNQ,1970.0,1.0,3.0
Equatorial Guinea,GNQ,1971.0,1.0,3.0
Equatorial Guinea,GNQ,1972.0,1.0,3.0
Equatorial Guinea,GNQ,1973.0,1.0,3.0
Equatorial Guinea,GNQ,1974.0,1.0,3.0
Equatorial Guinea,GNQ,1975.0,1.0,3.0
Equatorial Guinea,GNQ,1976.0,1.0,3.0
Equatorial Guinea,GNQ,1977.0,1.0,3.0
Equatorial Guinea,GNQ,1978.0,1.0,3.0
Equatorial Guinea,GNQ,1979.0,0.0,0.0
Equatorial Guinea,GNQ,1980.0,0.0,0.0
Equatorial Guinea,GNQ,1981.0,0.0,0.0
Equatorial Guinea,GNQ,1982.0,0.0,0.0
Equatorial Guinea,GNQ,1983.0,0.0,0.0
Equatorial Guinea,GNQ,1984.0,0.0,0.0
Equatorial Guinea,GNQ,1985.0,0.0,0.0
Equatorial Guinea,GNQ,1986.0,0.0,0.0
Equatorial Guinea,GNQ,1987.0,0.0,0.0
Equatorial Guinea,GNQ,1988.0,0.0,0.0
Equatorial Guinea,GNQ,1989.0,0.0,0.0
Equatorial Guinea,GNQ,1990.0,0.0,0.0
Equatorial Guinea,GNQ,1991.0,0.0,0.0
Equatorial Guinea,GNQ,1992.0,0.0,0.0
Equatorial Guinea,GNQ,1993.0,0.0,0.0
Equatorial Guinea,GNQ,1994.0,0.0,0.0
Equatorial Guinea,GNQ,1995.0,0.0,0.0
Equatorial Guinea,GNQ,1996.0,1.0,3.0
Equatorial Guinea,GNQ,1997.0,1.0,3.0
Equatorial Guinea,GNQ,1998.0,1.0,3.0
Equatorial Guinea,GNQ,1999.0,1.0,3.0
Equatorial Guinea,GNQ,2000.0,1.0,3.0
Equatorial Guinea,GNQ,2001.0,1.0,3.0
Equatorial Guinea,GNQ,2002.0,1.0,3.0
Equatorial Guinea,GNQ,2003.0,1.0,3.0
Equatorial Guinea,GNQ,2004.0,1.0,3.0
Equatorial Guinea,GNQ,2005.0,1.0,3.0
Equatorial Guinea,GNQ,2006.0,1.0,3.0
Equatorial Guinea,GNQ,2007.0,1.0,3.0
Equatorial Guinea,GNQ,2008.0,1.0,3.0
Equatorial Guinea,GNQ,2009.0,1.0,3.0
Equatorial Guinea,GNQ,2010.0,1.0,3.0
Equatorial Guinea,GNQ,2011.0,1.0,3.0
Equatorial Guinea,GNQ,2012.0,1.0,3.0
Equatorial Guinea,GNQ,2013.0,1.0,3.0
Equatorial Guinea,GNQ,2014.0,1.0,3.0
Equatorial Guinea,GNQ,2015.0,1.0,3.0
Equatorial Guinea,GNQ,2016.0,1.0,3.0
Equatorial Guinea,GNQ,2017.0,1.0,2.0
Equatorial Guinea,GNQ,2018.0,1.0,2.0
Equatorial Guinea,GNQ,2019.0,1.0,2.0
Equatorial Guinea,GNQ,2020.0,1.0,2.0
Equatorial Guinea,GNQ,2021.0,1.0,2.0
Equatorial Guinea,GNQ,2022.0,1.0,3.0
Equatorial Guinea,GNQ,2023.0,1.0,3.0
Equatorial Guinea,GNQ,2024.0,1.0,3.0
Estonia,EST,1990.0,2.0,6.0
Estonia,EST,1991.0,2.0,6.0
Estonia,EST,1992.0,1.0,3.0
Estonia,EST,1993.0,2.0,6.0
Estonia,EST,1994.0,2.0,6.0
Estonia,EST,1995.0,2.0,6.0
Estonia,EST,1996.0,3.0,8.0
Estonia,EST,1997.0,3.0,8.0
Estonia,EST,1998.0,3.0,8.0
Estonia,EST,1999.0,3.0,9.0
Estonia,EST,2000.0,3.0,9.0
Estonia,EST,2001.0,3.0,9.0
Estonia,EST,2002.0,3.0,9.0
Estonia,EST,2003.0,3.0,9.0
Estonia,EST,2004.0,3.0,9.0
Estonia,EST,2005.0,3.0,9.0
Estonia,EST,2006.0,3.0,9.0
Estonia,EST,2007.0,3.0,9.0
Estonia,EST,2008.0,3.0,9.0
Estonia,EST,2009.0,3.0,9.0
Estonia,EST,2010.0,3.0,9.0
Estonia,EST,2011.0,3.0,9.0
Estonia,EST,2012.0,3.0,9.0
Estonia,EST,2013.0,3.0,9.0
Estonia,EST,2014.0,3.0,9.0
Estonia,EST,2015.0,3.0,9.0
Estonia,EST,2016.0,3.0,9.0
Estonia,EST,2017.0,3.0,9.0
Estonia,EST,2018.0,3.0,9.0
Estonia,EST,2019.0,3.0,9.0
Estonia,EST,2020.0,3.0,9.0
Estonia,EST,2021.0,3.0,9.0
Estonia,EST,2022.0,3.0,9.0
Estonia,EST,2023.0,3.0,9.0
Estonia,EST,2024.0,3.0,9.0
Fiji,FJI,1946.0,0.0,0.0
Fiji,FJI,1947.0,0.0,0.0
Fiji,FJI,1948.0,0.0,0.0
Fiji,FJI,1949.0,0.0,0.0
Fiji,FJI,1950.0,0.0,0.0
Fiji,FJI,1951.0,0.0,0.0
Fiji,FJI,1952.0,0.0,0.0
Fiji,FJI,1953.0,0.0,0.0
Fiji,FJI,1954.0,0.0,0.0
Fiji,FJI,1955.0,0.0,0.0
Fiji,FJI,1956.0,0.0,0.0
Fiji,FJI,1957.0,0.0,0.0
Fiji,FJI,1958.0,0.0,0.0
Fiji,FJI,1959.0,0.0,0.0
Fiji,FJI,1960.0,0.0,0.0
Fiji,FJI,1961.0,0.0,0.0
Fiji,FJI,1962.0,0.0,0.0
Fiji,FJI,1963.0,0.0,0.0
Fiji,FJI,1964.0,0.0,0.0
Fiji,FJI,1965.0,0.0,0.0
Fiji,FJI,1966.0,0.0,0.0
Fiji,FJI,1967.0,1.0,3.0
Fiji,FJI,1968.0,1.0,4.0
Fiji,FJI,1969.0,1.0,4.0
Fiji,FJI,1970.0,2.0,5.0
Fiji,FJI,1971.0,2.0,5.0
Fiji,FJI,1972.0,2.0,5.0
Fiji,FJI,1973.0,2.0,5.0
Fiji,FJI,1974.0,2.0,5.0
Fiji,FJI,1975.0,2.0,5.0
Fiji,FJI,1976.0,2.0,5.0
Fiji,FJI,1977.0,2.0,5.0
Fiji,FJI,1978.0,2.0,5.0
Fiji,FJI,1979.0,2.0,5.0
Fiji,FJI,1980.0,2.0,5.0
Fiji,FJI,1981.0,2.0,5.0
Fiji,FJI,1982.0,2.0,5.0
Fiji,FJI,1983.0,2.0,6.0
Fiji,FJI,1984.0,2.0,6.0
Fiji,FJI,1985.0,2.0,6.0
Fiji,FJI,1986.0,2.0,6.0
Fiji,FJI,1987.0,0.0,0.0
Fiji,FJI,1988.0,0.0,0.0
Fiji,FJI,1989.0,0.0,0.0
Fiji,FJI,1990.0,0.0,0.0
Fiji,FJI,1991.0,0.0,0.0
Fiji,FJI,1992.0,1.0,3.0
Fiji,FJI,1993.0,2.0,5.0
Fiji,FJI,1994.0,2.0,5.0
Fiji,FJI,1995.0,2.0,5.0
Fiji,FJI,1996.0,2.0,5.0
Fiji,FJI,1997.0,2.0,5.0
Fiji,FJI,1998.0,2.0,5.0
Fiji,FJI,1999.0,2.0,5.0
Fiji,FJI,2000.0,0.0,0.0
Fiji,FJI,2001.0,0.0,0.0
Fiji,FJI,2002.0,1.0,3.0
Fiji,FJI,2003.0,2.0,5.0
Fiji,FJI,2004.0,2.0,5.0
Fiji,FJI,2005.0,2.0,5.0
Fiji,FJI,2006.0,1.0,3.0
Fiji,FJI,2007.0,0.0,0.0
Fiji,FJI,2008.0,0.0,0.0
Fiji,FJI,2009.0,0.0,0.0
Fiji,FJI,2010.0,0.0,0.0
Fiji,FJI,2011.0,0.0,0.0
Fiji,FJI,2012.0,0.0,0.0
Fiji,FJI,2013.0,0.0,0.0
Fiji,FJI,2014.0,1.0,3.0
Fiji,FJI,2015.0,1.0,3.0
Fiji,FJI,2016.0,1.0,3.0
Fiji,FJI,2017.0,1.0,3.0
Fiji,FJI,2018.0,1.0,3.0
Fiji,FJI,2019.0,1.0,3.0
Fiji,FJI,2020.0,1.0,3.0
Fiji,FJI,2021.0,1.0,3.0
Fiji,FJI,2022.0,1.0,3.0
Fiji,FJI,2023.0,2.0,5.0
Fiji,FJI,2024.0,2.0,5.0
Finland,FIN,1946.0,2.0,7.0
Finland,FIN,1947.0,2.0,7.0
Finland,FIN,1948.0,2.0,7.0
Finland,FIN,1949.0,3.0,8.0
Finland,FIN,1950.0,3.0,8.0
Finland,FIN,1951.0,3.0,8.0
Finland,FIN,1952.0,3.0,8.0
Finland,FIN,1953.0,3.0,8.0
Finland,FIN,1954.0,3.0,8.0
Finland,FIN,1955.0,3.0,8.0
Finland,FIN,1956.0,3.0,8.0
Finland,FIN,1957.0,3.0,8.0
Finland,FIN,1958.0,3.0,8.0
Finland,FIN,1959.0,3.0,8.0
Finland,FIN,1960.0,3.0,9.0
Finland,FIN,1961.0,3.0,9.0
Finland,FIN,1962.0,3.0,9.0
Finland,FIN,1963.0,3.0,9.0
Finland,FIN,1964.0,3.0,9.0
Finland,FIN,1965.0,3.0,9.0
Finland,FIN,1966.0,3.0,9.0
Finland,FIN,1967.0,3.0,9.0
Finland,FIN,1968.0,3.0,9.0
Finland,FIN,1969.0,3.0,9.0
Finland,FIN,1970.0,3.0,9.0
Finland,FIN,1971.0,3.0,9.0
Finland,FIN,1972.0,3.0,9.0
Finland,FIN,1973.0,3.0,9.0
Finland,FIN,1974.0,3.0,9.0
Finland,FIN,1975.0,3.0,9.0
Finland,FIN,1976.0,3.0,9.0
Finland,FIN,1977.0,3.0,9.0
Finland,FIN,1978.0,3.0,9.0
Finland,FIN,1979.0,3.0,9.0
Finland,FIN,1980.0,3.0,9.0
Finland,FIN,1981.0,3.0,9.0
Finland,FIN,1982.0,3.0,9.0
Finland,FIN,1983.0,3.0,9.0
Finland,FIN,1984.0,3.0,9.0
Finland,FIN,1985.0,3.0,9.0
Finland,FIN,1986.0,3.0,9.0
Finland,FIN,1987.0,3.0,9.0
Finland,FIN,1988.0,3.0,9.0
Finland,FIN,1989.0,3.0,9.0
Finland,FIN,1990.0,3.0,9.0
Finland,FIN,1991.0,3.0,9.0
Finland,FIN,1992.0,3.0,9.0
Finland,FIN,1993.0,3.0,9.0
Finland,FIN,1994.0,3.0,9.0
Finland,FIN,1995.0,3.0,9.0
Finland,FIN,1996.0,3.0,9.0
Finland,FIN,1997.0,3.0,9.0
Finland,FIN,1998.0,3.0,9.0
Finland,FIN,1999.0,3.0,9.0
Finland,FIN,2000.0,3.0,9.0
Finland,FIN,2001.0,3.0,9.0
Finland,FIN,2002.0,3.0,9.0
Finland,FIN,2003.0,3.0,9.0
Finland,FIN,2004.0,3.0,9.0
Finland,FIN,2005.0,3.0,9.0
Finland,FIN,2006.0,3.0,9.0
Finland,FIN,2007.0,3.0,9.0
Finland,FIN,2008.0,3.0,9.0
Finland,FIN,2009.0,3.0,9.0
Finland,FIN,2010.0,3.0,9.0
Finland,FIN,2011.0,3.0,9.0
Finland,FIN,2012.0,3.0,9.0
Finland,FIN,2013.0,3.0,9.0
Finland,FIN,2014.0,3.0,9.0
Finland,FIN,2015.0,3.0,9.0
Finland,FIN,2016.0,3.0,9.0
Finland,FIN,2017.0,3.0,9.0
Finland,FIN,2018.0,3.0,9.0
Finland,FIN,2019.0,3.0,9.0
Finland,FIN,2020.0,3.0,9.0
Finland,FIN,2021.0,3.0,9.0
Finland,FIN,2022.0,3.0,9.0
Finland,FIN,2023.0,3.0,9.0
Finland,FIN,2024.0,3.0,9.0
Greece,GRC,1946.0,0.0,0.0
Greece,GRC,1947.0,1.0,3.0
Greece,GRC,1948.0,1.0,3.0
Greece,GRC,1949.0,1.0,3.0
Greece,GRC,1950.0,1.0,3.0
Greece,GRC,1951.0,1.0,3.0
Greece,GRC,1952.0,1.0,3.0
Greece,GRC,1953.0,1.0,3.0
Greece,GRC,1954.0,1.0,3.0
Greece,GRC,1955.0,1.0,3.0
Greece,GRC,1956.0,1.0,3.0
Greece,GRC,1957.0,1.0,3.0
Greece,GRC,1958.0,1.0,3.0
Greece,GRC,1959.0,1.0,3.0
Greece,GRC,1960.0,1.0,3.0
Greece,GRC,1961.0,1.0,3.0
Greece,GRC,1962.0,1.0,3.0
Greece,GRC,1963.0,1.0,3.0
Greece,GRC,1964.0,1.0,3.0
Greece,GRC,1965.0,1.0,3.0
Greece,GRC,1966.0,1.0,3.0
Greece,GRC,1967.0,0.0,0.0
Greece,GRC,1968.0,0.0,0.0
Greece,GRC,1969.0,0.0,0.0
Greece,GRC,1970.0,0.0,0.0
Greece,GRC,1971.0,0.0,0.0
Greece,GRC,1972.0,0.0,0.0
Greece,GRC,1973.0,0.0,0.0
Greece,GRC,1974.0,1.0,3.0
Greece,GRC,1975.0,2.0,7.0
Greece,GRC,1976.0,3.0,8.0
Greece,GRC,1977.0,3.0,8.0
Greece,GRC,1978.0,3.0,8.0
Greece,GRC,1979.0,3.0,8.0
Greece,GRC,1980.0,3.0,8.0
Greece,GRC,1981.0,3.0,8.0
Greece,GRC,1982.0,3.0,9.0
Greece,GRC,1983.0,3.0,9.0
Greece,GRC,1984.0,3.0,9.0
Greece,GRC,1985.0,3.0,9.0
Greece,GRC,1986.0,3.0,9.0
Greece,GRC,1987.0,3.0,9.0
Greece,GRC,1988.0,3.0,9.0
Greece,GRC,1989.0,3.0,9.0
Greece,GRC,1990.0,3.0,9.0
Greece,GRC,1991.0,3.0,9.0
Greece,GRC,1992.0,3.0,9.0
Greece,GRC,1993.0,3.0,9.0
Greece,GRC,1994.0,3.0,9.0
Greece,GRC,1995.0,3.0,9.0
Greece,GRC,1996.0,3.0,9.0
Greece,GRC,1997.0,3.0,9.0
Greece,GRC,1998.0,3.0,9.0
Greece,GRC,1999.0,3.0,9.0
Greece,GRC,2000.0,3.0,9.0
Greece,GRC,2001.0,3.0,9.0
Greece,GRC,2002.0,3.0,9.0
Greece,GRC,2003.0,3.0,9.0
Greece,GRC,2004.0,3.0,9.0
Greece,GRC,2005.0,3.0,9.0
Greece,GRC,2006.0,3.0,9.0
Greece,GRC,2007.0,3.0,9.0
Greece,GRC,2008.0,3.0,9.0
Greece,GRC,2009.0,3.0,9.0
Greece,GRC,2010.0,3.0,9.0
Greece,GRC,2011.0,3.0,9.0
Greece,GRC,2012.0,3.0,9.0
Greece,GRC,2013.0,3.0,9.0
Greece,GRC,2014.0,3.0,9.0
Greece,GRC,2015.0,3.0,8.0
Greece,GRC,2016.0,3.0,8.0
Greece,GRC,2017.0,3.0,8.0
Greece,GRC,2018.0,3.0,8.0
Greece,GRC,2019.0,3.0,8.0
Greece,GRC,2020.0,3.0,8.0
Greece,GRC,2021.0,3.0,8.0
Greece,GRC,2022.0,2.0,7.0
Greece,GRC,2023.0,2.0,7.0
Greece,GRC,2024.0,2.0,7.0
Guyana,GUY,1946.0,0.0,0.0
Guyana,GUY,1947.0,0.0,0.0
Guyana,GUY,1948.0,0.0,0.0
Guyana,GUY,1949.0,0.0,0.0
Guyana,GUY,1950.0,0.0,0.0
Guyana,GUY,1951.0,0.0,0.0
Guyana,GUY,1952.0,0.0,0.0
Guyana,GUY,1953.0,0.0,0.0
Guyana,GUY,1954.0,0.0,0.0
Guyana,GUY,1955.0,0.0,0.0
Guyana,GUY,1956.0,0.0,0.0
Guyana,GUY,1957.0,0.0,0.0
Guyana,GUY,1958.0,0.0,0.0
Guyana,GUY,1959.0,0.0,0.0
Guyana,GUY,1960.0,0.0,0.0
Guyana,GUY,1961.0,0.0,0.0
Guyana,GUY,1962.0,0.0,0.0
Guyana,GUY,1963.0,0.0,0.0
Guyana,GUY,1964.0,0.0,0.0
Guyana,GUY,1965.0,0.0,0.0
Guyana,GUY,1966.0,1.0,3.0
Guyana,GUY,1967.0,1.0,3.0
Guyana,GUY,1968.0,1.0,3.0
Guyana,GUY,1969.0,1.0,3.0
Guyana,GUY,1970.0,1.0,3.0
Guyana,GUY,1971.0,1.0,3.0
Guyana,GUY,1972.0,1.0,3.0
Guyana,GUY,1973.0,1.0,3.0
Guyana,GUY,1974.0,1.0,3.0
Guyana,GUY,1975.0,1.0,3.0
Guyana,GUY,1976.0,1.0,3.0
Guyana,GUY,1977.0,1.0,3.0
Guyana,GUY,1978.0,1.0,3.0
Guyana,GUY,1979.0,1.0,3.0
Guyana,GUY,1980.0,1.0,3.0
Guyana,GUY,1981.0,1.0,3.0
Guyana,GUY,1982.0,1.0,3.0
Guyana,GUY,1983.0,1.0,3.0
Guyana,GUY,1984.0,1.0,3.0
Guyana,GUY,1985.0,1.0,3.0
Guyana,GUY,1986.0,1.0,3.0
Guyana,GUY,1987.0,1.0,3.0
Guyana,GUY,1988.0,1.0,3.0
Guyana,GUY,1989.0,1.0,3.0
Guyana,GUY,1990.0,1.0,3.0
Guyana,GUY,1991.0,1.0,3.0
Guyana,GUY,1992.0,1.0,3.0
Guyana,GUY,1993.0,1.0,3.0
Guyana,GUY,1994.0,1.0,3.0
Guyana,GUY,1995.0,1.0,3.0
Guyana,GUY,1996.0,1.0,3.0
Guyana,GUY,1997.0,1.0,4.0
Guyana,GUY,1998.0,2.0,5.0
Guyana,GUY,1999.0,2.0,5.0
Guyana,GUY,2000.0,2.0,5.0
Guyana,GUY,2001.0,2.0,5.0
Guyana,GUY,2002.0,2.0,6.0
Guyana,GUY,2003.0,2.0,6.0
Guyana,GUY,2004.0,2.0,6.0
Guyana,GUY,2005.0,2.0,6.0
Guyana,GUY,2006.0,2.0,6.0
Guyana,GUY,2007.0,2.0,6.0
Guyana,GUY,2008.0,2.0,6.0
Guyana,GUY,2009.0,2.0,6.0
Guyana,GUY,2010.0,2.0,6.0
Guyana,GUY,2011.0,2.0,6.0
Guyana,GUY,2012.0,2.0,6.0
Guyana,GUY,2013.0,2.0,6.0
Guyana,GUY,2014.0,2.0,6.0
Guyana,GUY,2015.0,2.0,6.0
Guyana,GUY,2016.0,2.0,6.0
Guyana,GUY,2017.0,2.0,6.0
Guyana,GUY,2018.0,2.0,6.0
Guyana,GUY,2019.0,2.0,6.0
Guyana,GUY,2020.0,2.0,5.0
Guyana,GUY,2021.0,1.0,4.0
Guyana,GUY,2022.0,1.0,4.0
Guyana,GUY,2023.0,1.0,4.0
Guyana,GUY,2024.0,1.0,4.0
Hong Kong,HKG,1946.0,0.0,0.0
Hong Kong,HKG,1947.0,0.0,0.0
Hong Kong,HKG,1948.0,0.0,0.0
Hong Kong,HKG,1949.0,0.0,0.0
Hong Kong,HKG,1950.0,0.0,0.0
Hong Kong,HKG,1951.0,0.0,0.0
Hong Kong,HKG,1952.0,0.0,0.0
Hong Kong,HKG,1953.0,0.0,0.0
Hong Kong,HKG,1954.0,0.0,0.0
Hong Kong,HKG,1955.0,0.0,0.0
Hong Kong,HKG,1956.0,0.0,0.0
Hong Kong,HKG,1957.0,0.0,0.0
Hong Kong,HKG,1958.0,0.0,0.0
Hong Kong,HKG,1959.0,0.0,0.0
Hong Kong,HKG,1960.0,0.0,0.0
Hong Kong,HKG,1961.0,0.0,0.0
Hong Kong,HKG,1962.0,0.0,0.0
Hong Kong,HKG,1963.0,0.0,0.0
Hong Kong,HKG,1964.0,0.0,0.0
Hong Kong,HKG,1965.0,0.0,0.0
Hong Kong,HKG,1966.0,0.0,0.0
Hong Kong,HKG,1967.0,0.0,0.0
Hong Kong,HKG,1968.0,0.0,0.0
Hong Kong,HKG,1969.0,0.0,0.0
Hong Kong,HKG,1970.0,0.0,0.0
Hong Kong,HKG,1971.0,0.0,0.0
Hong Kong,HKG,1972.0,0.0,0.0
Hong Kong,HKG,1973.0,0.0,0.0
Hong Kong,HKG,1974.0,0.0,0.0
Hong Kong,HKG,1975.0,0.0,0.0
Hong Kong,HKG,1976.0,0.0,0.0
Hong Kong,HKG,1977.0,0.0,0.0
Hong Kong,HKG,1978.0,0.0,0.0
Hong Kong,HKG,1979.0,0.0,0.0
Hong Kong,HKG,1980.0,0.0,0.0
Hong Kong,HKG,1981.0,0.0,0.0
Hong Kong,HKG,1982.0,0.0,0.0
Hong Kong,HKG,1983.0,0.0,0.0
Hong Kong,HKG,1984.0,0.0,0.0
Hong Kong,HKG,1985.0,0.0,0.0
Hong Kong,HKG,1986.0,0.0,0.0
Hong Kong,HKG,1987.0,0.0,0.0
Hong Kong,HKG,1988.0,0.0,0.0
Hong Kong,HKG,1989.0,0.0,0.0
Hong Kong,HKG,1990.0,0.0,0.0
Hong Kong,HKG,1991.0,0.0,0.0
Hong Kong,HKG,1992.0,0.0,0.0
Hong Kong,HKG,1993.0,0.0,0.0
Hong Kong,HKG,1994.0,0.0,0.0
Hong Kong,HKG,1995.0,0.0,0.0
Hong Kong,HKG,1996.0,0.0,0.0
Hong Kong,HKG,1997.0,0.0,0.0
Hong Kong,HKG,1998.0,0.0,0.0
Hong Kong,HKG,1999.0,0.0,0.0
Hong Kong,HKG,2000.0,0.0,0.0
Hong Kong,HKG,2001.0,0.0,0.0
Hong Kong,HKG,2002.0,0.0,0.0
Hong Kong,HKG,2003.0,0.0,0.0
Hong Kong,HKG,2004.0,0.0,0.0
Hong Kong,HKG,2005.0,0.0,0.0
Hong Kong,HKG,2006.0,0.0,0.0
Hong Kong,HKG,2007.0,0.0,0.0
Hong Kong,HKG,2008.0,0.0,0.0
Hong Kong,HKG,2009.0,0.0,0.0
Hong Kong,HKG,2010.0,0.0,0.0
Hong Kong,HKG,2011.0,0.0,0.0
Hong Kong,HKG,2012.0,0.0,0.0
Hong Kong,HKG,2013.0,0.0,0.0
Hong Kong,HKG,2014.0,0.0,0.0
Hong Kong,HKG,2015.0,0.0,0.0
Hong Kong,HKG,2016.0,0.0,0.0
Hong Kong,HKG,2017.0,0.0,0.0
Hong Kong,HKG,2018.0,0.0,0.0
Hong Kong,HKG,2019.0,0.0,0.0
Hong Kong,HKG,2020.0,0.0,0.0
Hong Kong,HKG,2021.0,0.0,0.0
Hong Kong,HKG,2022.0,0.0,0.0
Hong Kong,HKG,2023.0,0.0,0.0
Hong Kong,HKG,2024.0,0.0,0.0
Iceland,ISL,1946.0,3.0,8.0
Iceland,ISL,1947.0,3.0,8.0
Iceland,ISL,1948.0,3.0,8.0
Iceland,ISL,1949.0,3.0,8.0
Iceland,ISL,1950.0,3.0,8.0
Iceland,ISL,1951.0,3.0,8.0
Iceland,ISL,1952.0,3.0,8.0
Iceland,ISL,1953.0,3.0,8.0
Iceland,ISL,1954.0,3.0,8.0
Iceland,ISL,1955.0,3.0,8.0
Iceland,ISL,1956.0,3.0,8.0
Iceland,ISL,1957.0,3.0,8.0
Iceland,ISL,1958.0,3.0,8.0
Iceland,ISL,1959.0,3.0,8.0
Iceland,ISL,1960.0,3.0,8.0
Iceland,ISL,1961.0,3.0,8.0
Iceland,ISL,1962.0,3.0,8.0
Iceland,ISL,1963.0,3.0,8.0
Iceland,ISL,1964.0,3.0,8.0
Iceland,ISL,1965.0,3.0,8.0
Iceland,ISL,1966.0,3.0,8.0
Iceland,ISL,1967.0,3.0,8.0
Iceland,ISL,1968.0,3.0,8.0
Iceland,ISL,1969.0,3.0,8.0
Iceland,ISL,1970.0,3.0,8.0
Iceland,ISL,1971.0,3.0,8.0
Iceland,ISL,1972.0,3.0,8.0
Iceland,ISL,1973.0,3.0,8.0
Iceland,ISL,1974.0,3.0,8.0
Iceland,ISL,1975.0,3.0,8.0
Iceland,ISL,1976.0,3.0,8.0
Iceland,ISL,1977.0,3.0,8.0
Iceland,ISL,1978.0,3.0,8.0
Iceland,ISL,1979.0,3.0,8.0
Iceland,ISL,1980.0,3.0,8.0
Iceland,ISL,1981.0,3.0,8.0
Iceland,ISL,1982.0,3.0,8.0
Iceland,ISL,1983.0,3.0,8.0
Iceland,ISL,1984.0,3.0,8.0
Iceland,ISL,1985.0,3.0,8.0
Iceland,ISL,1986.0,3.0,8.0
Iceland,ISL,1987.0,3.0,8.0
Iceland,ISL,1988.0,3.0,8.0
Iceland,ISL,1989.0,3.0,8.0
Iceland,ISL,1990.0,3.0,8.0
Iceland,ISL,1991.0,3.0,8.0
Iceland,ISL,1992.0,3.0,8.0
Iceland,ISL,1993.0,3.0,8.0
Iceland,ISL,1994.0,3.0,8.0
Iceland,ISL,1995.0,3.0,9.0
Iceland,ISL,1996.0,3.0,9.0
Iceland,ISL,1997.0,3.0,9.0
Iceland,ISL,1998.0,3.0,9.0
Iceland,ISL,1999.0,3.0,9.0
Iceland,ISL,2000.0,3.0,9.0
Iceland,ISL,2001.0,3.0,9.0
Iceland,ISL,2002.0,3.0,9.0
Iceland,ISL,2003.0,3.0,9.0
Iceland,ISL,2004.0,3.0,9.0
Iceland,ISL,2005.0,3.0,9.0
Iceland,ISL,2006.0,3.0,9.0
Iceland,ISL,2007.0,3.0,9.0
Iceland,ISL,2008.0,3.0,9.0
Iceland,ISL,2009.0,3.0,9.0
Iceland,ISL,2010.0,3.0,9.0
Iceland,ISL,2011.0,3.0,9.0
Iceland,ISL,2012.0,3.0,9.0
Iceland,ISL,2013.0,3.0,9.0
Iceland,ISL,2014.0,3.0,9.0
Iceland,ISL,2015.0,3.0,9.0
Iceland,ISL,2016.0,3.0,9.0
Iceland,ISL,2017.0,3.0,9.0
Iceland,ISL,2018.0,3.0,9.0
Iceland,ISL,2019.0,3.0,9.0
Iceland,ISL,2020.0,3.0,9.0
Iceland,ISL,2021.0,3.0,9.0
Iceland,ISL,2022.0,3.0,9.0
Iceland,ISL,2023.0,3.0,9.0
Iceland,ISL,2024.0,3.0,9.0
Israel,ISR,1948.0,0.0,0.0
Israel,ISR,1949.0,2.0,7.0
Israel,ISR,1950.0,2.0,7.0
Israel,ISR,1951.0,2.0,7.0
Israel,ISR,1952.0,2.0,7.0
Israel,ISR,1953.0,2.0,7.0
Israel,ISR,1954.0,2.0,7.0
Israel,ISR,1955.0,2.0,7.0
Israel,ISR,1956.0,2.0,7.0
Israel,ISR,1957.0,2.0,7.0
Israel,ISR,1958.0,2.0,7.0
Israel,ISR,1959.0,2.0,7.0
Israel,ISR,1960.0,2.0,7.0
Israel,ISR,1961.0,2.0,7.0
Israel,ISR,1962.0,2.0,7.0
Israel,ISR,1963.0,2.0,7.0
Israel,ISR,1964.0,2.0,7.0
Israel,ISR,1965.0,2.0,7.0
Israel,ISR,1966.0,3.0,8.0
Israel,ISR,1967.0,3.0,8.0
Israel,ISR,1968.0,3.0,8.0
Israel,ISR,1969.0,3.0,8.0
Israel,ISR,1970.0,3.0,8.0
Israel,ISR,1971.0,3.0,8.0
Israel,ISR,1972.0,3.0,8.0
Israel,ISR,1973.0,3.0,8.0
Israel,ISR,1974.0,3.0,8.0
Israel,ISR,1975.0,3.0,8.0
Israel,ISR,1976.0,3.0,9.0
Israel,ISR,1977.0,3.0,9.0
Israel,ISR,1978.0,3.0,9.0
Israel,ISR,1979.0,3.0,9.0
Israel,ISR,1980.0,3.0,9.0
Israel,ISR,1981.0,3.0,9.0
Israel,ISR,1982.0,3.0,9.0
Israel,ISR,1983.0,3.0,9.0
Israel,ISR,1984.0,3.0,9.0
Israel,ISR,1985.0,3.0,9.0
Israel,ISR,1986.0,3.0,9.0
Israel,ISR,1987.0,3.0,9.0
Israel,ISR,1988.0,3.0,9.0
Israel,ISR,1989.0,3.0,9.0
Israel,ISR,1990.0,3.0,9.0
Israel,ISR,1991.0,3.0,9.0
Israel,ISR,1992.0,3.0,9.0
Israel,ISR,1993.0,3.0,9.0
Israel,ISR,1994.0,3.0,9.0
Israel,ISR,1995.0,3.0,9.0
Israel,ISR,1996.0,3.0,9.0
Israel,ISR,1997.0,3.0,9.0
Israel,ISR,1998.0,3.0,9.0
Israel,ISR,1999.0,3.0,9.0
Israel,ISR,2000.0,3.0,9.0
Israel,ISR,2001.0,3.0,9.0
Israel,ISR,2002.0,3.0,9.0
Israel,ISR,2003.0,3.0,9.0
Israel,ISR,2004.0,3.0,9.0
Israel,ISR,2005.0,3.0,9.0
Israel,ISR,2006.0,3.0,9.0
Israel,ISR,2007.0,3.0,9.0
Israel,ISR,2008.0,3.0,9.0
Israel,ISR,2009.0,3.0,9.0
Israel,ISR,2010.0,3.0,9.0
Israel,ISR,2011.0,3.0,9.0
Israel,ISR,2012.0,3.0,9.0
Israel,ISR,2013.0,3.0,9.0
Israel,ISR,2014.0,3.0,9.0
Israel,ISR,2015.0,3.0,9.0
Israel,ISR,2016.0,3.0,9.0
Israel,ISR,2017.0,3.0,9.0
Israel,ISR,2018.0,3.0,9.0
Israel,ISR,2019.0,3.0,9.0
Israel,ISR,2020.0,3.0,9.0
Israel,ISR,2021.0,3.0,9.0
Israel,ISR,2022.0,3.0,9.0
Israel,ISR,2023.0,2.0,7.0
Israel,ISR,2024.0,2.0,7.0
Kuwait,KWT,1946.0,0.0,0.0
Kuwait,KWT,1947.0,0.0,0.0
Kuwait,KWT,1948.0,0.0,0.0
Kuwait,KWT,1949.0,0.0,0.0
Kuwait,KWT,1950.0,0.0,0.0
Kuwait,KWT,1951.0,0.0,0.0
Kuwait,KWT,1952.0,0.0,0.0
Kuwait,KWT,1953.0,0.0,0.0
Kuwait,KWT,1954.0,0.0,0.0
Kuwait,KWT,1955.0,0.0,0.0
Kuwait,KWT,1956.0,0.0,0.0
Kuwait,KWT,1957.0,0.0,0.0
Kuwait,KWT,1958.0,0.0,0.0
Kuwait,KWT,1959.0,0.0,0.0
Kuwait,KWT,1960.0,0.0,0.0
Kuwait,KWT,1961.0,0.0,0.0
Kuwait,KWT,1962.0,0.0,0.0
Kuwait,KWT,1963.0,0.0,0.0
Kuwait,KWT,1964.0,0.0,0.0
Kuwait,KWT,1965.0,0.0,1.0
Kuwait,KWT,1966.0,0.0,1.0
Kuwait,KWT,1967.0,0.0,1.0
Kuwait,KWT,1968.0,0.0,1.0
Kuwait,KWT,1969.0,0.0,1.0
Kuwait,KWT,1970.0,0.0,1.0
Kuwait,KWT,1971.0,0.0,1.0
Kuwait,KWT,1972.0,0.0,1.0
Kuwait,KWT,1973.0,0.0,1.0
Kuwait,KWT,1974.0,0.0,1.0
Kuwait,KWT,1975.0,0.0,1.0
Kuwait,KWT,1976.0,0.0,0.0
Kuwait,KWT,1977.0,0.0,0.0
Kuwait,KWT,1978.0,0.0,0.0
Kuwait,KWT,1979.0,0.0,0.0
Kuwait,KWT,1980.0,0.0,0.0
Kuwait,KWT,1981.0,0.0,1.0
Kuwait,KWT,1982.0,0.0,1.0
Kuwait,KWT,1983.0,0.0,1.0
Kuwait,KWT,1984.0,0.0,1.0
Kuwait,KWT,1985.0,0.0,1.0
Kuwait,KWT,1986.0,0.0,0.0
Kuwait,KWT,1987.0,0.0,0.0
Kuwait,KWT,1988.0,0.0,0.0
Kuwait,KWT,1989.0,0.0,0.0
Kuwait,KWT,1990.0,0.0,0.0
Kuwait,KWT,1991.0,0.0,0.0
Kuwait,KWT,1992.0,0.0,1.0
Kuwait,KWT,1993.0,0.0,1.0
Kuwait,KWT,1994.0,0.0,1.0
Kuwait,KWT,1995.0,0.0,1.0
Kuwait,KWT,1996.0,0.0,1.0
Kuwait,KWT,1997.0,0.0,1.0
Kuwait,KWT,1998.0,0.0,1.0
Kuwait,KWT,1999.0,0.0,1.0
Kuwait,KWT,2000.0,0.0,1.0
Kuwait,KWT,2001.0,0.0,0.0
Kuwait,KWT,2002.0,0.0,1.0
Kuwait,KWT,2003.0,0.0,1.0
Kuwait,KWT,2004.0,0.0,1.0
Kuwait,KWT,2005.0,0.0,1.0
Kuwait,KWT,2006.0,0.0,1.0
Kuwait,KWT,2007.0,0.0,1.0
Kuwait,KWT,2008.0,0.0,1.0
Kuwait,KWT,2009.0,0.0,1.0
Kuwait,KWT,2010.0,0.0,1.0
Kuwait,KWT,2011.0,0.0,1.0
Kuwait,KWT,2012.0,0.0,1.0
Kuwait,KWT,2013.0,0.0,1.0
Kuwait,KWT,2014.0,0.0,1.0
Kuwait,KWT,2015.0,0.0,1.0
Kuwait,KWT,2016.0,0.0,1.0
Kuwait,KWT,2017.0,0.0,1.0
Kuwait,KWT,2018.0,0.0,1.0
Kuwait,KWT,2019.0,0.0,1.0
Kuwait,KWT,2020.0,0.0,1.0
Kuwait,KWT,2021.0,0.0,1.0
Kuwait,KWT,2022.0,0.0,1.0
Kuwait,KWT,2023.0,0.0,1.0
Kuwait,KWT,2024.0,0.0,1.0
Lithuania,LTU,1990.0,2.0,7.0
Lithuania,LTU,1991.0,2.0,7.0
Lithuania,LTU,1992.0,2.0,6.0
Lithuania,LTU,1993.0,3.0,8.0
Lithuania,LTU,1994.0,3.0,8.0
Lithuania,LTU,1995.0,3.0,8.0
Lithuania,LTU,1996.0,3.0,8.0
Lithuania,LTU,1997.0,3.0,8.0
Lithuania,LTU,1998.0,3.0,8.0
Lithuania,LTU,1999.0,3.0,8.0
Lithuania,LTU,2000.0,3.0,8.0
Lithuania,LTU,2001.0,3.0,8.0
Lithuania,LTU,2002.0,3.0,8.0
Lithuania,LTU,2003.0,3.0,8.0
Lithuania,LTU,2004.0,3.0,8.0
Lithuania,LTU,2005.0,3.0,8.0
Lithuania,LTU,2006.0,3.0,8.0
Lithuania,LTU,2007.0,3.0,9.0
Lithuania,LTU,2008.0,3.0,9.0
Lithuania,LTU,2009.0,3.0,9.0
Lithuania,LTU,2010.0,3.0,9.0
Lithuania,LTU,2011.0,3.0,9.0
Lithuania,LTU,2012.0,3.0,9.0
Lithuania,LTU,2013.0,3.0,9.0
Lithuania,LTU,2014.0,3.0,9.0
Lithuania,LTU,2015.0,3.0,9.0
Lithuania,LTU,2016.0,2.0,7.0
Lithuania,LTU,2017.0,2.0,6.0
Lithuania,LTU,2018.0,2.0,7.0
Lithuania,LTU,2019.0,2.0,7.0
Lithuania,LTU,2020.0,2.0,7.0
Lithuania,LTU,2021.0,2.0,7.0
Lithuania,LTU,2022.0,2.0,7.0
Lithuania,LTU,2023.0,2.0,7.0
Lithuania,LTU,2024.0,2.0,7.0
Luxembourg,LUX,1946.0,3.0,8.0
Luxembourg,LUX,1947.0,3.0,8.0
Luxembourg,LUX,1948.0,3.0,8.0
Luxembourg,LUX,1949.0,3.0,8.0
Luxembourg,LUX,1950.0,3.0,8.0
Luxembourg,LUX,1951.0,3.0,8.0
Luxembourg,LUX,1952.0,3.0,8.0
Luxembourg,LUX,1953.0,3.0,8.0
Luxembourg,LUX,1954.0,3.0,8.0
Luxembourg,LUX,1955.0,3.0,8.0
Luxembourg,LUX,1956.0,3.0,8.0
Luxembourg,LUX,1957.0,3.0,9.0
Luxembourg,LUX,1958.0,3.0,9.0
Luxembourg,LUX,1959.0,3.0,9.0
Luxembourg,LUX,1960.0,3.0,9.0
Luxembourg,LUX,1961.0,3.0,9.0
Luxembourg,LUX,1962.0,3.0,9.0
Luxembourg,LUX,1963.0,3.0,9.0
Luxembourg,LUX,1964.0,3.0,9.0
Luxembourg,LUX,1965.0,3.0,9.0
Luxembourg,LUX,1966.0,3.0,9.0
Luxembourg,LUX,1967.0,3.0,9.0
Luxembourg,LUX,1968.0,3.0,9.0
Luxembourg,LUX,1969.0,3.0,9.0
Luxembourg,LUX,1970.0,3.0,9.0
Luxembourg,LUX,1971.0,3.0,9.0
Luxembourg,LUX,1972.0,3.0,9.0
Luxembourg,LUX,1973.0,3.0,9.0
Luxembourg,LUX,1974.0,3.0,9.0
Luxembourg,LUX,1975.0,3.0,9.0
Luxembourg,LUX,1976.0,3.0,9.0
Luxembourg,LUX,1977.0,3.0,9.0
Luxembourg,LUX,1978.0,3.0,9.0
Luxembourg,LUX,1979.0,3.0,9.0
Luxembourg,LUX,1980.0,3.0,9.0
Luxembourg,LUX,1981.0,3.0,9.0
Luxembourg,LUX,1982.0,3.0,9.0
Luxembourg,LUX,1983.0,3.0,9.0
Luxembourg,LUX,1984.0,3.0,9.0
Luxembourg,LUX,1985.0,3.0,9.0
Luxembourg,LUX,1986.0,3.0,9.0
Luxembourg,LUX,1987.0,3.0,9.0
Luxembourg,LUX,1988.0,3.0,9.0
Luxembourg,LUX,1989.0,3.0,9.0
Luxembourg,LUX,1990.0,3.0,9.0
Luxembourg,LUX,1991.0,3.0,9.0
Luxembourg,LUX,1992.0,3.0,9.0
Luxembourg,LUX,1993.0,3.0,9.0
Luxembourg,LUX,1994.0,3.0,9.0
Luxembourg,LUX,1995.0,3.0,9.0
Luxembourg,LUX,1996.0,3.0,9.0
Luxembourg,LUX,1997.0,3.0,9.0
Luxembourg,LUX,1998.0,3.0,9.0
Luxembourg,LUX,1999.0,3.0,9.0
Luxembourg,LUX,2000.0,3.0,9.0
Luxembourg,LUX,2001.0,3.0,9.0
Luxembourg,LUX,2002.0,3.0,9.0
Luxembourg,LUX,2003.0,3.0,9.0
Luxembourg,LUX,2004.0,3.0,9.0
Luxembourg,LUX,2005.0,3.0,9.0
Luxembourg,LUX,2006.0,3.0,9.0
Luxembourg,LUX,2007.0,3.0,9.0
Luxembourg,LUX,2008.0,3.0,9.0
Luxembourg,LUX,2009.0,3.0,9.0
Luxembourg,LUX,2010.0,3.0,9.0
Luxembourg,LUX,2011.0,3.0,9.0
Luxembourg,LUX,2012.0,3.0,9.0
Luxembourg,LUX,2013.0,3.0,9.0
Luxembourg,LUX,2014.0,3.0,9.0
Luxembourg,LUX,2015.0,3.0,9.0
Luxembourg,LUX,2016.0,3.0,9.0
Luxembourg,LUX,2017.0,3.0,9.0
Luxembourg,LUX,2018.0,3.0,9.0
Luxembourg,LUX,2019.0,3.0,9.0
Luxembourg,LUX,2020.0,3.0,9.0
Luxembourg,LUX,2021.0,3.0,9.0
Luxembourg,LUX,2022.0,3.0,9.0
Luxembourg,LUX,2023.0,3.0,9.0
Luxembourg,LUX,2024.0,3.0,9.0
North Macedonia,MKD,1991.0,0.0,0.0
North Macedonia,MKD,1992.0,0.0,0.0
North Macedonia,MKD,1993.0,0.0,0.0
North Macedonia,MKD,1994.0,1.0,3.0
North Macedonia,MKD,1995.0,1.0,3.0
North Macedonia,MKD,1996.0,1.0,4.0
North Macedonia,MKD,1997.0,1.0,4.0
North Macedonia,MKD,1998.0,2.0,5.0
North Macedonia,MKD,1999.0,1.0,4.0
North Macedonia,MKD,2000.0,1.0,4.0
North Macedonia,MKD,2001.0,1.0,3.0
North Macedonia,MKD,2002.0,2.0,5.0
North Macedonia,MKD,2003.0,2.0,6.0
North Macedonia,MKD,2004.0,2.0,6.0
North Macedonia,MKD,2005.0,2.0,6.0
North Macedonia,MKD,2006.0,2.0,6.0
North Macedonia,MKD,2007.0,2.0,6.0
North Macedonia,MKD,2008.0,2.0,5.0
North Macedonia,MKD,2009.0,2.0,5.0
North Macedonia,MKD,2010.0,2.0,5.0
North Macedonia,MKD,2011.0,1.0,4.0
North Macedonia,MKD,2012.0,1.0,3.0
North Macedonia,MKD,2013.0,1.0,4.0
North Macedonia,MKD,2014.0,1.0,3.0
North Macedonia,MKD,2015.0,1.0,3.0
North Macedonia,MKD,2016.0,1.0,4.0
North Macedonia,MKD,2017.0,2.0,5.0
North Macedonia,MKD,2018.0,2.0,6.0
North Macedonia,MKD,2019.0,2.0,6.0
North Macedonia,MKD,2020.0,2.0,6.0
North Macedonia,MKD,2021.0,2.0,6.0
North Macedonia,MKD,2022.0,2.0,5.0
North Macedonia,MKD,2023.0,2.0,6.0
North Macedonia,MKD,2024.0,2.0,5.0
Malaysia,MYS,1946.0,0.0,0.0
Malaysia,MYS,1947.0,0.0,0.0
Malaysia,MYS,1948.0,0.0,0.0
Malaysia,MYS,1949.0,0.0,0.0
Malaysia,MYS,1950.0,0.0,0.0
Malaysia,MYS,1951.0,0.0,0.0
Malaysia,MYS,1952.0,0.0,0.0
Malaysia,MYS,1953.0,0.0,0.0
Malaysia,MYS,1954.0,0.0,0.0
Malaysia,MYS,1955.0,1.0,3.0
Malaysia,MYS,1956.0,1.0,3.0
Malaysia,MYS,1957.0,1.0,3.0
Malaysia,MYS,1958.0,1.0,3.0
Malaysia,MYS,1959.0,1.0,3.0
Malaysia,MYS,1960.0,1.0,3.0
Malaysia,MYS,1961.0,1.0,3.0
Malaysia,MYS,1962.0,1.0,3.0
Malaysia,MYS,1963.0,1.0,3.0
Malaysia,MYS,1964.0,1.0,3.0
Malaysia,MYS,1965.0,1.0,3.0
Malaysia,MYS,1966.0,1.0,3.0
Malaysia,MYS,1967.0,1.0,3.0
Malaysia,MYS,1968.0,1.0,3.0
Malaysia,MYS,1969.0,1.0,3.0
Malaysia,MYS,1970.0,0.0,0.0
Malaysia,MYS,1971.0,0.0,0.0
Malaysia,MYS,1972.0,0.0,0.0
Malaysia,MYS,1973.0,0.0,0.0
Malaysia,MYS,1974.0,1.0,3.0
Malaysia,MYS,1975.0,1.0,3.0
Malaysia,MYS,1976.0,1.0,3.0
Malaysia,MYS,1977.0,1.0,3.0
Malaysia,MYS,1978.0,1.0,3.0
Malaysia,MYS,1979.0,1.0,3.0
Malaysia,MYS,1980.0,1.0,3.0
Malaysia,MYS,1981.0,1.0,3.0
Malaysia,MYS,1982.0,1.0,3.0
Malaysia,MYS,1983.0,1.0,3.0
Malaysia,MYS,1984.0,1.0,3.0
Malaysia,MYS,1985.0,1.0,3.0
Malaysia,MYS,1986.0,1.0,3.0
Malaysia,MYS,1987.0,1.0,3.0
Malaysia,MYS,1988.0,1.0,3.0
Malaysia,MYS,1989.0,1.0,3.0
Malaysia,MYS,1990.0,1.0,3.0
Malaysia,MYS,1991.0,1.0,3.0
Malaysia,MYS,1992.0,1.0,3.0
Malaysia,MYS,1993.0,1.0,3.0
Malaysia,MYS,1994.0,1.0,3.0
Malaysia,MYS,1995.0,1.0,3.0
Malaysia,MYS,1996.0,1.0,3.0
Malaysia,MYS,1997.0,1.0,3.0
Malaysia,MYS,1998.0,1.0,3.0
Malaysia,MYS,1999.0,1.0,3.0
Malaysia,MYS,2000.0,1.0,3.0
Malaysia,MYS,2001.0,1.0,3.0
Malaysia,MYS,2002.0,1.0,3.0
Malaysia,MYS,2003.0,1.0,3.0
Malaysia,MYS,2004.0,1.0,3.0
Malaysia,MYS,2005.0,1.0,3.0
Malaysia,MYS,2006.0,1.0,3.0
Malaysia,MYS,2007.0,1.0,3.0
Malaysia,MYS,2008.0,1.0,3.0
Malaysia,MYS,2009.0,1.0,3.0
Malaysia,MYS,2010.0,1.0,3.0
Malaysia,MYS,2011.0,1.0,3.0
Malaysia,MYS,2012.0,1.0,3.0
Malaysia,MYS,2013.0,1.0,3.0
Malaysia,MYS,2014.0,1.0,3.0
Malaysia,MYS,2015.0,1.0,3.0
Malaysia,MYS,2016.0,1.0,3.0
Malaysia,MYS,2017.0,1.0,3.0
Malaysia,MYS,2018.0,1.0,3.0
Malaysia,MYS,2019.0,1.0,4.0
Malaysia,MYS,2020.0,1.0,3.0
Malaysia,MYS,2021.0,1.0,3.0
Malaysia,MYS,2022.0,1.0,4.0
Malaysia,MYS,2023.0,2.0,5.0
Malaysia,MYS,2024.0,2.0,5.0
Malta,MLT,1946.0,0.0,0.0
Malta,MLT,1947.0,1.0,3.0
Malta,MLT,1948.0,2.0,6.0
Malta,MLT,1949.0,2.0,6.0
Malta,MLT,1950.0,2.0,6.0
Malta,MLT,1951.0,2.0,6.0
Malta,MLT,1952.0,2.0,6.0
Malta,MLT,1953.0,2.0,6.0
Malta,MLT,1954.0,2.0,6.0
Malta,MLT,1955.0,2.0,6.0
Malta,MLT,1956.0,2.0,6.0
Malta,MLT,1957.0,2.0,6.0
Malta,MLT,1958.0,0.0,0.0
Malta,MLT,1959.0,0.0,0.0
Malta,MLT,1960.0,0.0,0.0
Malta,MLT,1961.0,0.0,0.0
Malta,MLT,1962.0,1.0,3.0
Malta,MLT,1963.0,2.0,6.0
Malta,MLT,1964.0,2.0,6.0
Malta,MLT,1965.0,2.0,6.0
Malta,MLT,1966.0,2.0,6.0
Malta,MLT,1967.0,2.0,6.0
Malta,MLT,1968.0,2.0,6.0
Malta,MLT,1969.0,2.0,6.0
Malta,MLT,1970.0,2.0,6.0
Malta,MLT,1971.0,2.0,6.0
Malta,MLT,1972.0,2.0,6.0
Malta,MLT,1973.0,2.0,6.0
Malta,MLT,1974.0,2.0,6.0
Malta,MLT,1975.0,2.0,6.0
Malta,MLT,1976.0,2.0,6.0
Malta,MLT,1977.0,2.0,6.0
Malta,MLT,1978.0,2.0,6.0
Malta,MLT,1979.0,2.0,6.0
Malta,MLT,1980.0,2.0,6.0
Malta,MLT,1981.0,2.0,6.0
Malta,MLT,1982.0,2.0,6.0
Malta,MLT,1983.0,2.0,6.0
Malta,MLT,1984.0,2.0,6.0
Malta,MLT,1985.0,2.0,6.0
Malta,MLT,1986.0,2.0,6.0
Malta,MLT,1987.0,2.0,6.0
Malta,MLT,1988.0,2.0,7.0
Malta,MLT,1989.0,2.0,7.0
Malta,MLT,1990.0,2.0,7.0
Malta,MLT,1991.0,2.0,7.0
Malta,MLT,1992.0,2.0,7.0
Malta,MLT,1993.0,2.0,7.0
Malta,MLT,1994.0,2.0,7.0
Malta,MLT,1995.0,2.0,7.0
Malta,MLT,1996.0,2.0,7.0
Malta,MLT,1997.0,2.0,7.0
Malta,MLT,1998.0,2.0,7.0
Malta,MLT,1999.0,2.0,7.0
Malta,MLT,2000.0,2.0,7.0
Malta,MLT,2001.0,2.0,7.0
Malta,MLT,2002.0,2.0,7.0
Malta,MLT,2003.0,2.0,7.0
Malta,MLT,2004.0,2.0,7.0
Malta,MLT,2005.0,2.0,7.0
Malta,MLT,2006.0,2.0,7.0
Malta,MLT,2007.0,2.0,7.0
Malta,MLT,2008.0,2.0,7.0
Malta,MLT,2009.0,2.0,7.0
Malta,MLT,2010.0,2.0,7.0
Malta,MLT,2011.0,2.0,7.0
Malta,MLT,2012.0,2.0,7.0
Malta,MLT,2013.0,2.0,7.0
Malta,MLT,2014.0,2.0,7.0
Malta,MLT,2015.0,2.0,7.0
Malta,MLT,2016.0,2.0,6.0
Malta,MLT,2017.0,2.0,6.0
Malta,MLT,2018.0,2.0,6.0
Malta,MLT,2019.0,2.0,6.0
Malta,MLT,2020.0,2.0,7.0
Malta,MLT,2021.0,2.0,7.0
Malta,MLT,2022.0,2.0,7.0
Malta,MLT,2023.0,2.0,7.0
Malta,MLT,2024.0,2.0,7.0
Mauritius,MUS,1946.0,0.0,0.0
Mauritius,MUS,1947.0,0.0,0.0
Mauritius,MUS,1948.0,0.0,0.0
Mauritius,MUS,1949.0,0.0,0.0
Mauritius,MUS,1950.0,0.0,0.0
Mauritius,MUS,1951.0,0.0,0.0
Mauritius,MUS,1952.0,0.0,0.0
Mauritius,MUS,1953.0,0.0,0.0
Mauritius,MUS,1954.0,0.0,0.0
Mauritius,MUS,1955.0,0.0,0.0
Mauritius,MUS,1956.0,0.0,0.0
Mauritius,MUS,1957.0,0.0,0.0
Mauritius,MUS,1958.0,0.0,0.0
Mauritius,MUS,1959.0,0.0,0.0
Mauritius,MUS,1960.0,0.0,0.0
Mauritius,MUS,1961.0,1.0,3.0
Mauritius,MUS,1962.0,1.0,4.0
Mauritius,MUS,1963.0,1.0,4.0
Mauritius,MUS,1964.0,1.0,4.0
Mauritius,MUS,1965.0,1.0,4.0
Mauritius,MUS,1966.0,1.0,4.0
Mauritius,MUS,1967.0,1.0,4.0
Mauritius,MUS,1968.0,2.0,7.0
Mauritius,MUS,1969.0,2.0,7.0
Mauritius,MUS,1970.0,2.0,7.0
Mauritius,MUS,1971.0,2.0,7.0
Mauritius,MUS,1972.0,2.0,7.0
Mauritius,MUS,1973.0,2.0,7.0
Mauritius,MUS,1974.0,2.0,7.0
Mauritius,MUS,1975.0,2.0,7.0
Mauritius,MUS,1976.0,2.0,7.0
Mauritius,MUS,1977.0,2.0,7.0
Mauritius,MUS,1978.0,2.0,7.0
Mauritius,MUS,1979.0,2.0,7.0
Mauritius,MUS,1980.0,2.0,7.0
Mauritius,MUS,1981.0,2.0,7.0
Mauritius,MUS,1982.0,2.0,7.0
Mauritius,MUS,1983.0,2.0,7.0
Mauritius,MUS,1984.0,2.0,7.0
Mauritius,MUS,1985.0,3.0,8.0
Mauritius,MUS,1986.0,3.0,8.0
Mauritius,MUS,1987.0,3.0,8.0
Mauritius,MUS,1988.0,3.0,8.0
Mauritius,MUS,1989.0,3.0,8.0
Mauritius,MUS,1990.0,3.0,8.0
Mauritius,MUS,1991.0,3.0,8.0
Mauritius,MUS,1992.0,3.0,8.0
Mauritius,MUS,1993.0,3.0,8.0
Mauritius,MUS,1994.0,3.0,8.0
Mauritius,MUS,1995.0,3.0,8.0
Mauritius,MUS,1996.0,3.0,8.0
Mauritius,MUS,1997.0,3.0,8.0
Mauritius,MUS,1998.0,3.0,8.0
Mauritius,MUS,1999.0,3.0,8.0
Mauritius,MUS,2000.0,3.0,8.0
Mauritius,MUS,2001.0,3.0,8.0
Mauritius,MUS,2002.0,3.0,8.0
Mauritius,MUS,2003.0,3.0,8.0
Mauritius,MUS,2004.0,3.0,8.0
Mauritius,MUS,2005.0,3.0,8.0
Mauritius,MUS,2006.0,3.0,8.0
Mauritius,MUS,2007.0,3.0,8.0
Mauritius,MUS,2008.0,3.0,8.0
Mauritius,MUS,2009.0,3.0,8.0
Mauritius,MUS,2010.0,3.0,9.0
Mauritius,MUS,2011.0,3.0,9.0
Mauritius,MUS,2012.0,3.0,9.0
Mauritius,MUS,2013.0,3.0,9.0
Mauritius,MUS,2014.0,2.0,7.0
Mauritius,MUS,2015.0,2.0,7.0
Mauritius,MUS,2016.0,2.0,7.0
Mauritius,MUS,2017.0,2.0,7.0
Mauritius,MUS,2018.0,2.0,7.0
Mauritius,MUS,2019.0,2.0,5.0
Mauritius,MUS,2020.0,2.0,5.0
Mauritius,MUS,2021.0,2.0,5.0
Mauritius,MUS,2022.0,1.0,4.0
Mauritius,MUS,2023.0,1.0,4.0
Mauritius,MUS,2024.0,1.0,4.0
Montenegro,MNE,1998.0,1.0,3.0
Montenegro,MNE,1999.0,1.0,3.0
Montenegro,MNE,2000.0,1.0,3.0
Montenegro,MNE,2001.0,1.0,3.0
Montenegro,MNE,2002.0,1.0,4.0
Montenegro,MNE,2003.0,1.0,4.0
Montenegro,MNE,2004.0,1.0,4.0
Montenegro,MNE,2005.0,2.0,5.0
Montenegro,MNE,2006.0,1.0,4.0
Montenegro,MNE,2007.0,1.0,4.0
Montenegro,MNE,2008.0,1.0,4.0
Montenegro,MNE,2009.0,1.0,4.0
Montenegro,MNE,2010.0,1.0,4.0
Montenegro,MNE,2011.0,1.0,4.0
Montenegro,MNE,2012.0,2.0,5.0
Montenegro,MNE,2013.0,1.0,4.0
Montenegro,MNE,2014.0,1.0,4.0
Montenegro,MNE,2015.0,1.0,4.0
Montenegro,MNE,2016.0,1.0,4.0
Montenegro,MNE,2017.0,1.0,4.0
Montenegro,MNE,2018.0,1.0,4.0
Montenegro,MNE,2019.0,1.0,4.0
Montenegro,MNE,2020.0,1.0,4.0
Montenegro,MNE,2021.0,2.0,5.0
Montenegro,MNE,2022.0,2.0,5.0
Montenegro,MNE,2023.0,2.0,7.0
Montenegro,MNE,2024.0,2.0,7.0
New Zealand,NZL,1946.0,3.0,8.0
New Zealand,NZL,1947.0,3.0,8.0
New Zealand,NZL,1948.0,3.0,8.0
New Zealand,NZL,1949.0,3.0,8.0
New Zealand,NZL,1950.0,3.0,8.0
New Zealand,NZL,1951.0,3.0,8.0
New Zealand,NZL,1952.0,3.0,8.0
New Zealand,NZL,1953.0,3.0,8.0
New Zealand,NZL,1954.0,3.0,8.0
New Zealand,NZL,1955.0,3.0,8.0
New Zealand,NZL,1956.0,3.0,8.0
New Zealand,NZL,1957.0,3.0,8.0
New Zealand,NZL,1958.0,3.0,8.0
New Zealand,NZL,1959.0,3.0,8.0
New Zealand,NZL,1960.0,3.0,8.0
New Zealand,NZL,1961.0,3.0,8.0
New Zealand,NZL,1962.0,3.0,8.0
New Zealand,NZL,1963.0,3.0,8.0
New Zealand,NZL,1964.0,3.0,8.0
New Zealand,NZL,1965.0,3.0,8.0
New Zealand,NZL,1966.0,3.0,8.0
New Zealand,NZL,1967.0,3.0,8.0
New Zealand,NZL,1968.0,3.0,8.0
New Zealand,NZL,1969.0,3.0,8.0
New Zealand,NZL,1970.0,3.0,8.0
New Zealand,NZL,1971.0,3.0,8.0
New Zealand,NZL,1972.0,3.0,8.0
New Zealand,NZL,1973.0,3.0,8.0
New Zealand,NZL,1974.0,3.0,8.0
New Zealand,NZL,1975.0,3.0,8.0
New Zealand,NZL,1976.0,3.0,8.0
New Zealand,NZL,1977.0,3.0,8.0
New Zealand,NZL,1978.0,3.0,8.0
New Zealand,NZL,1979.0,3.0,8.0
New Zealand,NZL,1980.0,3.0,9.0
New Zealand,NZL,1981.0,3.0,9.0
New Zealand,NZL,1982.0,3.0,9.0
New Zealand,NZL,1983.0,3.0,9.0
New Zealand,NZL,1984.0,3.0,9.0
New Zealand,NZL,1985.0,3.0,9.0
New Zealand,NZL,1986.0,3.0,9.0
New Zealand,NZL,1987.0,3.0,9.0
New Zealand,NZL,1988.0,3.0,9.0
New Zealand,NZL,1989.0,3.0,9.0
New Zealand,NZL,1990.0,3.0,9.0
New Zealand,NZL,1991.0,3.0,9.0
New Zealand,NZL,1992.0,3.0,9.0
New Zealand,NZL,1993.0,3.0,9.0
New Zealand,NZL,1994.0,3.0,9.0
New Zealand,NZL,1995.0,3.0,9.0
New Zealand,NZL,1996.0,3.0,9.0
New Zealand,NZL,1997.0,3.0,9.0
New Zealand,NZL,1998.0,3.0,9.0
New Zealand,NZL,1999.0,3.0,9.0
New Zealand,NZL,2000.0,3.0,9.0
New Zealand,NZL,2001.0,3.0,9.0
New Zealand,NZL,2002.0,3.0,9.0
New Zealand,NZL,2003.0,3.0,9.0
New Zealand,NZL,2004.0,3.0,9.0
New Zealand,NZL,2005.0,3.0,9.0
New Zealand,NZL,2006.0,3.0,9.0
New Zealand,NZL,2007.0,3.0,9.0
New Zealand,NZL,2008.0,3.0,9.0
New Zealand,NZL,2009.0,3.0,9.0
New Zealand,NZL,2010.0,3.0,9.0
New Zealand,NZL,2011.0,3.0,9.0
New Zealand,NZL,2012.0,3.0,9.0
New Zealand,NZL,2013.0,3.0,9.0
New Zealand,NZL,2014.0,3.0,9.0
New Zealand,NZL,2015.0,3.0,9.0
New Zealand,NZL,2016.0,3.0,9.0
New Zealand,NZL,2017.0,3.0,9.0
New Zealand,NZL,2018.0,3.0,9.0
New Zealand,NZL,2019.0,3.0,9.0
New Zealand,NZL,2020.0,3.0,9.0
New Zealand,NZL,2021.0,3.0,8.0
New Zealand,NZL,2022.0,3.0,9.0
New Zealand,NZL,2023.0,3.0,9.0
New Zealand,NZL,2024.0,3.0,9.0
Norway,NOR,1946.0,3.0,8.0
Norway,NOR,1947.0,3.0,8.0
Norway,NOR,1948.0,3.0,8.0
Norway,NOR,1949.0,3.0,8.0
Norway,NOR,1950.0,3.0,8.0
Norway,NOR,1951.0,3.0,8.0
Norway,NOR,1952.0,3.0,8.0
Norway,NOR,1953.0,3.0,8.0
Norway,NOR,1954.0,3.0,8.0
Norway,NOR,1955.0,3.0,8.0
Norway,NOR,1956.0,3.0,8.0
Norway,NOR,1957.0,3.0,8.0
Norway,NOR,1958.0,3.0,8.0
Norway,NOR,1959.0,3.0,8.0
Norway,NOR,1960.0,3.0,8.0
Norway,NOR,1961.0,3.0,8.0
Norway,NOR,1962.0,3.0,8.0
Norway,NOR,1963.0,3.0,8.0
Norway,NOR,1964.0,3.0,9.0
Norway,NOR,1965.0,3.0,9.0
Norway,NOR,1966.0,3.0,9.0
Norway,NOR,1967.0,3.0,9.0
Norway,NOR,1968.0,3.0,9.0
Norway,NOR,1969.0,3.0,9.0
Norway,NOR,1970.0,3.0,9.0
Norway,NOR,1971.0,3.0,9.0
Norway,NOR,1972.0,3.0,9.0
Norway,NOR,1973.0,3.0,9.0
Norway,NOR,1974.0,3.0,9.0
Norway,NOR,1975.0,3.0,9.0
Norway,NOR,1976.0,3.0,9.0
Norway,NOR,1977.0,3.0,9.0
Norway,NOR,1978.0,3.0,9.0
Norway,NOR,1979.0,3.0,9.0
Norway,NOR,1980.0,3.0,9.0
Norway,NOR,1981.0,3.0,9.0
Norway,NOR,1982.0,3.0,9.0
Norway,NOR,1983.0,3.0,9.0
Norway,NOR,1984.0,3.0,9.0
Norway,NOR,1985.0,3.0,9.0
Norway,NOR,1986.0,3.0,9.0
Norway,NOR,1987.0,3.0,9.0
Norway,NOR,1988.0,3.0,9.0
Norway,NOR,1989.0,3.0,9.0
Norway,NOR,1990.0,3.0,9.0
Norway,NOR,1991.0,3.0,9.0
Norway,NOR,1992.0,3.0,9.0
Norway,NOR,1993.0,3.0,9.0
Norway,NOR,1994.0,3.0,9.0
Norway,NOR,1995.0,3.0,9.0
Norway,NOR,1996.0,3.0,9.0
Norway,NOR,1997.0,3.0,9.0
Norway,NOR,1998.0,3.0,9.0
Norway,NOR,1999.0,3.0,9.0
Norway,NOR,2000.0,3.0,9.0
Norway,NOR,2001.0,3.0,9.0
Norway,NOR,2002.0,3.0,9.0
Norway,NOR,2003.0,3.0,9.0
Norway,NOR,2004.0,3.0,9.0
Norway,NOR,2005.0,3.0,9.0
Norway,NOR,2006.0,3.0,9.0
Norway,NOR,2007.0,3.0,9.0
Norway,NOR,2008.0,3.0,9.0
Norway,NOR,2009.0,3.0,9.0
Norway,NOR,2010.0,3.0,9.0
Norway,NOR,2011.0,3.0,9.0
Norway,NOR,2012.0,3.0,9.0
Norway,NOR,2013.0,3.0,9.0
Norway,NOR,2014.0,3.0,9.0
Norway,NOR,2015.0,3.0,9.0
Norway,NOR,2016.0,3.0,9.0
Norway,NOR,2017.0,3.0,9.0
Norway,NOR,2018.0,3.0,9.0
Norway,NOR,2019.0,3.0,8.0
Norway,NOR,2020.0,3.0,8.0
Norway,NOR,2021.0,3.0,8.0
Norway,NOR,2022.0,3.0,8.0
Norway,NOR,2023.0,3.0,8.0
Norway,NOR,2024.0,3.0,9.0
Oman,OMN,1946.0,0.0,0.0
Oman,OMN,1947.0,0.0,0.0
Oman,OMN,1948.0,0.0,0.0
Oman,OMN,1949.0,0.0,0.0
Oman,OMN,1950.0,0.0,0.0
Oman,OMN,1951.0,0.0,0.0
Oman,OMN,1952.0,0.0,0.0
Oman,OMN,1953.0,0.0,0.0
Oman,OMN,1954.0,0.0,0.0
Oman,OMN,1955.0,0.0,0.0
Oman,OMN,1956.0,0.0,0.0
Oman,OMN,1957.0,0.0,0.0
Oman,OMN,1958.0,0.0,0.0
Oman,OMN,1959.0,0.0,0.0
Oman,OMN,1960.0,0.0,0.0
Oman,OMN,1961.0,0.0,0.0
Oman,OMN,1962.0,0.0,0.0
Oman,OMN,1963.0,0.0,0.0
Oman,OMN,1964.0,0.0,0.0
Oman,OMN,1965.0,0.0,0.0
Oman,OMN,1966.0,0.0,0.0
Oman,OMN,1967.0,0.0,0.0
Oman,OMN,1968.0,0.0,0.0
Oman,OMN,1969.0,0.0,0.0
Oman,OMN,1970.0,0.0,0.0
Oman,OMN,1971.0,0.0,0.0
Oman,OMN,1972.0,0.0,0.0
Oman,OMN,1973.0,0.0,0.0
Oman,OMN,1974.0,0.0,0.0
Oman,OMN,1975.0,0.0,0.0
Oman,OMN,1976.0,0.0,0.0
Oman,OMN,1977.0,0.0,0.0
Oman,OMN,1978.0,0.0,0.0
Oman,OMN,1979.0,0.0,0.0
Oman,OMN,1980.0,0.0,0.0
Oman,OMN,1981.0,0.0,0.0
Oman,OMN,1982.0,0.0,0.0
Oman,OMN,1983.0,0.0,0.0
Oman,OMN,1984.0,0.0,0.0
Oman,OMN,1985.0,0.0,0.0
Oman,OMN,1986.0,0.0,0.0
Oman,OMN,1987.0,0.0,0.0
Oman,OMN,1988.0,0.0,0.0
Oman,OMN,1989.0,0.0,0.0
Oman,OMN,1990.0,0.0,0.0
Oman,OMN,1991.0,0.0,0.0
Oman,OMN,1992.0,0.0,0.0
Oman,OMN,1993.0,0.0,0.0
Oman,OMN,1994.0,0.0,0.0
Oman,OMN,1995.0,0.0,0.0
Oman,OMN,1996.0,0.0,0.0
Oman,OMN,1997.0,0.0,0.0
Oman,OMN,1998.0,0.0,0.0
Oman,OMN,1999.0,0.0,0.0
Oman,OMN,2000.0,0.0,0.0
Oman,OMN,2001.0,0.0,0.0
Oman,OMN,2002.0,0.0,0.0
Oman,OMN,2003.0,0.0,0.0
Oman,OMN,2004.0,0.0,0.0
Oman,OMN,2005.0,0.0,0.0
Oman,OMN,2006.0,0.0,0.0
Oman,OMN,2007.0,0.0,0.0
Oman,OMN,2008.0,0.0,0.0
Oman,OMN,2009.0,0.0,0.0
Oman,OMN,2010.0,0.0,0.0
Oman,OMN,2011.0,0.0,0.0
Oman,OMN,2012.0,0.0,0.0
Oman,OMN,2013.0,0.0,0.0
Oman,OMN,2014.0,0.0,0.0
Oman,OMN,2015.0,0.0,0.0
Oman,OMN,2016.0,0.0,0.0
Oman,OMN,2017.0,0.0,0.0
Oman,OMN,2018.0,0.0,0.0
Oman,OMN,2019.0,0.0,0.0
Oman,OMN,2020.0,0.0,0.0
Oman,OMN,2021.0,0.0,0.0
Oman,OMN,2022.0,0.0,0.0
Oman,OMN,2023.0,0.0,0.0
Oman,OMN,2024.0,0.0,0.0
Paraguay,PRY,1946.0,1.0,3.0
Paraguay,PRY,1947.0,1.0,3.0
Paraguay,PRY,1948.0,1.0,2.0
Paraguay,PRY,1949.0,1.0,2.0
Paraguay,PRY,1950.0,1.0,2.0
Paraguay,PRY,1951.0,1.0,2.0
Paraguay,PRY,1952.0,1.0,2.0
Paraguay,PRY,1953.0,1.0,2.0
Paraguay,PRY,1954.0,0.0,1.0
Paraguay,PRY,1955.0,0.0,1.0
Paraguay,PRY,1956.0,0.0,1.0
Paraguay,PRY,1957.0,0.0,1.0
Paraguay,PRY,1958.0,0.0,0.0
Paraguay,PRY,1959.0,0.0,0.0
Paraguay,PRY,1960.0,0.0,0.0
Paraguay,PRY,1961.0,0.0,0.0
Paraguay,PRY,1962.0,0.0,0.0
Paraguay,PRY,1963.0,1.0,3.0
Paraguay,PRY,1964.0,1.0,3.0
Paraguay,PRY,1965.0,1.0,3.0
Paraguay,PRY,1966.0,1.0,3.0
Paraguay,PRY,1967.0,1.0,3.0
Paraguay,PRY,1968.0,1.0,3.0
Paraguay,PRY,1969.0,1.0,3.0
Paraguay,PRY,1970.0,1.0,3.0
Paraguay,PRY,1971.0,1.0,3.0
Paraguay,PRY,1972.0,1.0,3.0
Paraguay,PRY,1973.0,1.0,3.0
Paraguay,PRY,1974.0,1.0,3.0
Paraguay,PRY,1975.0,1.0,3.0
Paraguay,PRY,1976.0,1.0,3.0
Paraguay,PRY,1977.0,1.0,3.0
Paraguay,PRY,1978.0,1.0,3.0
Paraguay,PRY,1979.0,1.0,3.0
Paraguay,PRY,1980.0,1.0,3.0
Paraguay,PRY,1981.0,1.0,3.0
Paraguay,PRY,1982.0,1.0,3.0
Paraguay,PRY,1983.0,1.0,3.0
Paraguay,PRY,1984.0,1.0,3.0
Paraguay,PRY,1985.0,1.0,3.0
Paraguay,PRY,1986.0,1.0,3.0
Paraguay,PRY,1987.0,1.0,3.0
Paraguay,PRY,1988.0,1.0,3.0
Paraguay,PRY,1989.0,1.0,3.0
Paraguay,PRY,1990.0,1.0,3.0
Paraguay,PRY,1991.0,1.0,3.0
Paraguay,PRY,1992.0,1.0,4.0
Paraguay,PRY,1993.0,2.0,5.0
Paraguay,PRY,1994.0,2.0,5.0
Paraguay,PRY,1995.0,2.0,5.0
Paraguay,PRY,1996.0,2.0,5.0
Paraguay,PRY,1997.0,2.0,5.0
Paraguay,PRY,1998.0,2.0,5.0
Paraguay,PRY,1999.0,2.0,5.0
Paraguay,PRY,2000.0,2.0,5.0
Paraguay,PRY,2001.0,2.0,5.0
Paraguay,PRY,2002.0,2.0,5.0
Paraguay,PRY,2003.0,2.0,6.0
Paraguay,PRY,2004.0,2.0,6.0
Paraguay,PRY,2005.0,2.0,6.0
Paraguay,PRY,2006.0,2.0,6.0
Paraguay,PRY,2007.0,2.0,6.0
Paraguay,PRY,2008.0,2.0,6.0
Paraguay,PRY,2009.0,2.0,6.0
Paraguay,PRY,2010.0,2.0,6.0
Paraguay,PRY,2011.0,2.0,6.0
Paraguay,PRY,2012.0,2.0,6.0
Paraguay,PRY,2013.0,2.0,6.0
Paraguay,PRY,2014.0,2.0,6.0
Paraguay,PRY,2015.0,2.0,6.0
Paraguay,PRY,2016.0,2.0,6.0
Paraguay,PRY,2017.0,2.0,6.0
Paraguay,PRY,2018.0,2.0,6.0
Paraguay,PRY,2019.0,2.0,6.0
Paraguay,PRY,2020.0,2.0,6.0
Paraguay,PRY,2021.0,2.0,6.0
Paraguay,PRY,2022.0,2.0,6.0
Paraguay,PRY,2023.0,2.0,6.0
Paraguay,PRY,2024.0,2.0,6.0
Romania,ROU,1946.0,0.0,0.0
Romania,ROU,1947.0,0.0,0.0
Romania,ROU,1948.0,0.0,0.0
Romania,ROU,1949.0,0.0,0.0
Romania,ROU,1950.0,0.0,0.0
Romania,ROU,1951.0,0.0,0.0
Romania,ROU,1952.0,0.0,0.0
Romania,ROU,1953.0,0.0,0.0
Romania,ROU,1954.0,0.0,0.0
Romania,ROU,1955.0,0.0,0.0
Romania,ROU,1956.0,0.0,0.0
Romania,ROU,1957.0,0.0,0.0
Romania,ROU,1958.0,0.0,0.0
Romania,ROU,1959.0,0.0,0.0
Romania,ROU,1960.0,0.0,0.0
Romania,ROU,1961.0,0.0,1.0
Romania,ROU,1962.0,0.0,1.0
Romania,ROU,1963.0,0.0,1.0
Romania,ROU,1964.0,0.0,1.0
Romania,ROU,1965.0,0.0,1.0
Romania,ROU,1966.0,0.0,1.0
Romania,ROU,1967.0,0.0,1.0
Romania,ROU,1968.0,0.0,1.0
Romania,ROU,1969.0,0.0,1.0
Romania,ROU,1970.0,0.0,1.0
Romania,ROU,1971.0,0.0,1.0
Romania,ROU,1972.0,0.0,1.0
Romania,ROU,1973.0,0.0,1.0
Romania,ROU,1974.0,0.0,1.0
Romania,ROU,1975.0,0.0,1.0
Romania,ROU,1976.0,0.0,1.0
Romania,ROU,1977.0,0.0,1.0
Romania,ROU,1978.0,0.0,1.0
Romania,ROU,1979.0,0.0,1.0
Romania,ROU,1980.0,0.0,1.0
Romania,ROU,1981.0,0.0,1.0
Romania,ROU,1982.0,0.0,1.0
Romania,ROU,1983.0,0.0,1.0
Romania,ROU,1984.0,0.0,1.0
Romania,ROU,1985.0,0.0,1.0
Romania,ROU,1986.0,0.0,1.0
Romania,ROU,1987.0,0.0,1.0
Romania,ROU,1988.0,0.0,1.0
Romania,ROU,1989.0,0.0,1.0
Romania,ROU,1990.0,2.0,5.0
Romania,ROU,1991.0,2.0,5.0
Romania,ROU,1992.0,2.0,5.0
Romania,ROU,1993.0,2.0,5.0
Romania,ROU,1994.0,2.0,5.0
Romania,ROU,1995.0,2.0,5.0
Romania,ROU,1996.0,2.0,6.0
Romania,ROU,1997.0,2.0,6.0
Romania,ROU,1998.0,2.0,6.0
Romania,ROU,1999.0,2.0,6.0
Romania,ROU,2000.0,2.0,6.0
Romania,ROU,2001.0,2.0,6.0
Romania,ROU,2002.0,2.0,6.0
Romania,ROU,2003.0,2.0,6.0
Romania,ROU,2004.0,2.0,6.0
Romania,ROU,2005.0,2.0,6.0
Romania,ROU,2006.0,2.0,6.0
Romania,ROU,2007.0,2.0,6.0
Romania,ROU,2008.0,2.0,6.0
Romania,ROU,2009.0,2.0,6.0
Romania,ROU,2010.0,2.0,6.0
Romania,ROU,2011.0,2.0,6.0
Romania,ROU,2012.0,2.0,6.0
Romania,ROU,2013.0,2.0,6.0
Romania,ROU,2014.0,2.0,6.0
Romania,ROU,2015.0,2.0,6.0
Romania,ROU,2016.0,2.0,6.0
Romania,ROU,2017.0,2.0,6.0
Romania,ROU,2018.0,2.0,6.0
Romania,ROU,2019.0,2.0,6.0
Romania,ROU,2020.0,2.0,6.0
Romania,ROU,2021.0,2.0,6.0
Romania,ROU,2022.0,2.0,6.0
Romania,ROU,2023.0,2.0,6.0
Romania,ROU,2024.0,2.0,6.0
Sao Tome and Principe,STP,1946.0,0.0,0.0
Sao Tome and Principe,STP,1947.0,0.0,0.0
Sao Tome and Principe,STP,1948.0,0.0,0.0
Sao Tome and Principe,STP,1949.0,0.0,0.0
Sao Tome and Principe,STP,1950.0,0.0,0.0
Sao Tome and Principe,STP,1951.0,0.0,0.0
Sao Tome and Principe,STP,1952.0,0.0,0.0
Sao Tome and Principe,STP,1953.0,0.0,0.0
Sao Tome and Principe,STP,1954.0,0.0,0.0
Sao Tome and Principe,STP,1955.0,0.0,0.0
Sao Tome and Principe,STP,1956.0,0.0,0.0
Sao Tome and Principe,STP,1957.0,0.0,0.0
Sao Tome and Principe,STP,1958.0,0.0,0.0
Sao Tome and Principe,STP,1959.0,0.0,0.0
Sao Tome and Principe,STP,1960.0,0.0,0.0
Sao Tome and Principe,STP,1961.0,0.0,0.0
Sao Tome and Principe,STP,1962.0,0.0,0.0
Sao Tome and Principe,STP,1963.0,0.0,0.0
Sao Tome and Principe,STP,1964.0,0.0,0.0
Sao Tome and Principe,STP,1965.0,0.0,0.0
Sao Tome and Principe,STP,1966.0,0.0,0.0
Sao Tome and Principe,STP,1967.0,0.0,0.0
Sao Tome and Principe,STP,1968.0,0.0,0.0
Sao Tome and Principe,STP,1969.0,0.0,0.0
Sao Tome and Principe,STP,1970.0,0.0,0.0
Sao Tome and Principe,STP,1971.0,0.0,0.0
Sao Tome and Principe,STP,1972.0,0.0,0.0
Sao Tome and Principe,STP,1973.0,0.0,0.0
Sao Tome and Principe,STP,1974.0,0.0,0.0
Sao Tome and Principe,STP,1975.0,0.0,0.0
Sao Tome and Principe,STP,1976.0,0.0,0.0
Sao Tome and Principe,STP,1977.0,0.0,0.0
Sao Tome and Principe,STP,1978.0,0.0,0.0
Sao Tome and Principe,STP,1979.0,0.0,0.0
Sao Tome and Principe,STP,1980.0,0.0,0.0
Sao Tome and Principe,STP,1981.0,0.0,0.0
Sao Tome and Principe,STP,1982.0,0.0,0.0
Sao Tome and Principe,STP,1983.0,0.0,0.0
Sao Tome and Principe,STP,1984.0,0.0,0.0
Sao Tome and Principe,STP,1985.0,0.0,0.0
Sao Tome and Principe,STP,1986.0,0.0,0.0
Sao Tome and Principe,STP,1987.0,0.0,0.0
Sao Tome and Principe,STP,1988.0,0.0,0.0
Sao Tome and Principe,STP,1989.0,0.0,0.0
Sao Tome and Principe,STP,1990.0,0.0,0.0
Sao Tome and Principe,STP,1991.0,2.0,5.0
Sao Tome and Principe,STP,1992.0,2.0,6.0
Sao Tome and Principe,STP,1993.0,2.0,6.0
Sao Tome and Principe,STP,1994.0,2.0,6.0
Sao Tome and Principe,STP,1995.0,2.0,6.0
Sao Tome and Principe,STP,1996.0,2.0,6.0
Sao Tome and Principe,STP,1997.0,2.0,6.0
Sao Tome and Principe,STP,1998.0,2.0,6.0
Sao Tome and Principe,STP,1999.0,2.0,6.0
Sao Tome and Principe,STP,2000.0,2.0,6.0
Sao Tome and Principe,STP,2001.0,2.0,6.0
Sao Tome and Principe,STP,2002.0,2.0,6.0
Sao Tome and Principe,STP,2003.0,2.0,6.0
Sao Tome and Principe,STP,2004.0,2.0,6.0
Sao Tome and Principe,STP,2005.0,2.0,6.0
Sao Tome and Principe,STP,2006.0,2.0,6.0
Sao Tome and Principe,STP,2007.0,2.0,6.0
Sao Tome and Principe,STP,2008.0,2.0,6.0
Sao Tome and Principe,STP,2009.0,2.0,6.0
Sao Tome and Principe,STP,2010.0,2.0,6.0
Sao Tome and Principe,STP,2011.0,2.0,6.0
Sao Tome and Principe,STP,2012.0,2.0,6.0
Sao Tome and Principe,STP,2013.0,2.0,6.0
Sao Tome and Principe,STP,2014.0,2.0,6.0
Sao Tome and Principe,STP,2015.0,2.0,6.0
Sao Tome and Principe,STP,2016.0,2.0,6.0
Sao Tome and Principe,STP,2017.0,2.0,6.0
Sao Tome and Principe,STP,2018.0,2.0,6.0
Sao Tome and Principe,STP,2019.0,2.0,6.0
Sao Tome and Principe,STP,2020.0,2.0,6.0
Sao Tome and Principe,STP,2021.0,2.0,6.0
Sao Tome and Principe,STP,2022.0,2.0,6.0
Sao Tome and Principe,STP,2023.0,2.0,6.0
Sao Tome and Principe,STP,2024.0,2.0,6.0
Saudi Arabia,SAU,1946.0,0.0,0.0
Saudi Arabia,SAU,1947.0,0.0,0.0
Saudi Arabia,SAU,1948.0,0.0,0.0
Saudi Arabia,SAU,1949.0,0.0,0.0
Saudi Arabia,SAU,1950.0,0.0,0.0
Saudi Arabia,SAU,1951.0,0.0,0.0
Saudi Arabia,SAU,1952.0,0.0,0.0
Saudi Arabia,SAU,1953.0,0.0,0.0
Saudi Arabia,SAU,1954.0,0.0,0.0
Saudi Arabia,SAU,1955.0,0.0,0.0
Saudi Arabia,SAU,1956.0,0.0,0.0
Saudi Arabia,SAU,1957.0,0.0,0.0
Saudi Arabia,SAU,1958.0,0.0,0.0
Saudi Arabia,SAU,1959.0,0.0,0.0
Saudi Arabia,SAU,1960.0,0.0,0.0
Saudi Arabia,SAU,1961.0,0.0,0.0
Saudi Arabia,SAU,1962.0,0.0,0.0
Saudi Arabia,SAU,1963.0,0.0,0.0
Saudi Arabia,SAU,1964.0,0.0,0.0
Saudi Arabia,SAU,1965.0,0.0,0.0
Saudi Arabia,SAU,1966.0,0.0,0.0
Saudi Arabia,SAU,1967.0,0.0,0.0
Saudi Arabia,SAU,1968.0,0.0,0.0
Saudi Arabia,SAU,1969.0,0.0,0.0
Saudi Arabia,SAU,1970.0,0.0,0.0
Saudi Arabia,SAU,1971.0,0.0,0.0
Saudi Arabia,SAU,1972.0,0.0,0.0
Saudi Arabia,SAU,1973.0,0.0,0.0
Saudi Arabia,SAU,1974.0,0.0,0.0
Saudi Arabia,SAU,1975.0,0.0,0.0
Saudi Arabia,SAU,1976.0,0.0,0.0
Saudi Arabia,SAU,1977.0,0.0,0.0
Saudi Arabia,SAU,1978.0,0.0,0.0
Saudi Arabia,SAU,1979.0,0.0,0.0
Saudi Arabia,SAU,1980.0,0.0,0.0
Saudi Arabia,SAU,1981.0,0.0,0.0
Saudi Arabia,SAU,1982.0,0.0,0.0
Saudi Arabia,SAU,1983.0,0.0,0.0
Saudi Arabia,SAU,1984.0,0.0,0.0
Saudi Arabia,SAU,1985.0,0.0,0.0
Saudi Arabia,SAU,1986.0,0.0,0.0
Saudi Arabia,SAU,1987.0,0.0,0.0
Saudi Arabia,SAU,1988.0,0.0,0.0
Saudi Arabia,SAU,1989.0,0.0,0.0
Saudi Arabia,SAU,1990.0,0.0,0.0
Saudi Arabia,SAU,1991.0,0.0,0.0
Saudi Arabia,SAU,1992.0,0.0,0.0
Saudi Arabia,SAU,1993.0,0.0,0.0
Saudi Arabia,SAU,1994.0,0.0,0.0
Saudi Arabia,SAU,1995.0,0.0,0.0
Saudi Arabia,SAU,1996.0,0.0,0.0
Saudi Arabia,SAU,1997.0,0.0,0.0
Saudi Arabia,SAU,1998.0,0.0,0.0
Saudi Arabia,SAU,1999.0,0.0,0.0
Saudi Arabia,SAU,2000.0,0.0,0.0
Saudi Arabia,SAU,2001.0,0.0,0.0
Saudi Arabia,SAU,2002.0,0.0,0.0
Saudi Arabia,SAU,2003.0,0.0,0.0
Saudi Arabia,SAU,2004.0,0.0,0.0
Saudi Arabia,SAU,2005.0,0.0,0.0
Saudi Arabia,SAU,2006.0,0.0,0.0
Saudi Arabia,SAU,2007.0,0.0,0.0
Saudi Arabia,SAU,2008.0,0.0,0.0
Saudi Arabia,SAU,2009.0,0.0,0.0
Saudi Arabia,SAU,2010.0,0.0,0.0
Saudi Arabia,SAU,2011.0,0.0,0.0
Saudi Arabia,SAU,2012.0,0.0,0.0
Saudi Arabia,SAU,2013.0,0.0,0.0
Saudi Arabia,SAU,2014.0,0.0,0.0
Saudi Arabia,SAU,2015.0,0.0,0.0
Saudi Arabia,SAU,2016.0,0.0,0.0
Saudi Arabia,SAU,2017.0,0.0,0.0
Saudi Arabia,SAU,2018.0,0.0,0.0
Saudi Arabia,SAU,2019.0,0.0,0.0
Saudi Arabia,SAU,2020.0,0.0,0.0
Saudi Arabia,SAU,2021.0,0.0,0.0
Saudi Arabia,SAU,2022.0,0.0,0.0
Saudi Arabia,SAU,2023.0,0.0,0.0
Saudi Arabia,SAU,2024.0,0.0,0.0
Serbia,SRB,1946.0,0.0,0.0
Serbia,SRB,1947.0,0.0,0.0
Serbia,SRB,1948.0,0.0,0.0
Serbia,SRB,1949.0,0.0,0.0
Serbia,SRB,1950.0,0.0,0.0
Serbia,SRB,1951.0,0.0,0.0
Serbia,SRB,1952.0,0.0,0.0
Serbia,SRB,1953.0,0.0,0.0
Serbia,SRB,1954.0,0.0,0.0
Serbia,SRB,1955.0,0.0,0.0
Serbia,SRB,1956.0,0.0,0.0
Serbia,SRB,1957.0,0.0,0.0
Serbia,SRB,1958.0,0.0,0.0
Serbia,SRB,1959.0,0.0,0.0
Serbia,SRB,1960.0,0.0,0.0
Serbia,SRB,1961.0,0.0,0.0
Serbia,SRB,1962.0,0.0,0.0
Serbia,SRB,1963.0,0.0,0.0
Serbia,SRB,1964.0,0.0,0.0
Serbia,SRB,1965.0,0.0,0.0
Serbia,SRB,1966.0,0.0,0.0
Serbia,SRB,1967.0,0.0,0.0
Serbia,SRB,1968.0,0.0,0.0
Serbia,SRB,1969.0,0.0,0.0
Serbia,SRB,1970.0,0.0,0.0
Serbia,SRB,1971.0,0.0,0.0
Serbia,SRB,1972.0,0.0,0.0
Serbia,SRB,1973.0,0.0,0.0
Serbia,SRB,1974.0,0.0,0.0
Serbia,SRB,1975.0,0.0,0.0
Serbia,SRB,1976.0,0.0,0.0
Serbia,SRB,1977.0,0.0,0.0
Serbia,SRB,1978.0,0.0,0.0
Serbia,SRB,1979.0,0.0,0.0
Serbia,SRB,1980.0,0.0,1.0
Serbia,SRB,1981.0,0.0,1.0
Serbia,SRB,1982.0,0.0,1.0
Serbia,SRB,1983.0,0.0,1.0
Serbia,SRB,1984.0,0.0,1.0
Serbia,SRB,1985.0,0.0,1.0
Serbia,SRB,1986.0,0.0,1.0
Serbia,SRB,1987.0,0.0,1.0
Serbia,SRB,1988.0,0.0,1.0
Serbia,SRB,1989.0,0.0,1.0
Serbia,SRB,1990.0,0.0,1.0
Serbia,SRB,1991.0,0.0,0.0
Serbia,SRB,1992.0,1.0,3.0
Serbia,SRB,1993.0,1.0,3.0
Serbia,SRB,1994.0,1.0,3.0
Serbia,SRB,1995.0,1.0,3.0
Serbia,SRB,1996.0,1.0,3.0
Serbia,SRB,1997.0,1.0,3.0
Serbia,SRB,1998.0,1.0,3.0
Serbia,SRB,1999.0,1.0,3.0
Serbia,SRB,2000.0,1.0,3.0
Serbia,SRB,2001.0,2.0,7.0
Serbia,SRB,2002.0,2.0,6.0
Serbia,SRB,2003.0,2.0,6.0
Serbia,SRB,2004.0,2.0,6.0
Serbia,SRB,2005.0,2.0,6.0
Serbia,SRB,2006.0,2.0,6.0
Serbia,SRB,2007.0,3.0,8.0
Serbia,SRB,2008.0,3.0,8.0
Serbia,SRB,2009.0,3.0,8.0
Serbia,SRB,2010.0,3.0,8.0
Serbia,SRB,2011.0,3.0,8.0
Serbia,SRB,2012.0,3.0,8.0
Serbia,SRB,2013.0,2.0,5.0
Serbia,SRB,2014.0,1.0,3.0
Serbia,SRB,2015.0,1.0,3.0
Serbia,SRB,2016.0,1.0,3.0
Serbia,SRB,2017.0,1.0,3.0
Serbia,SRB,2018.0,1.0,3.0
Serbia,SRB,2019.0,1.0,3.0
Serbia,SRB,2020.0,1.0,3.0
Serbia,SRB,2021.0,1.0,3.0
Serbia,SRB,2022.0,1.0,3.0
Serbia,SRB,2023.0,1.0,3.0
Serbia,SRB,2024.0,1.0,3.0
Seychelles,SYC,1946.0,0.0,0.0
Seychelles,SYC,1947.0,0.0,0.0
Seychelles,SYC,1948.0,0.0,0.0
Seychelles,SYC,1949.0,0.0,0.0
Seychelles,SYC,1950.0,0.0,0.0
Seychelles,SYC,1951.0,0.0,0.0
Seychelles,SYC,1952.0,0.0,0.0
Seychelles,SYC,1953.0,0.0,0.0
Seychelles,SYC,1954.0,0.0,0.0
Seychelles,SYC,1955.0,0.0,0.0
Seychelles,SYC,1956.0,0.0,0.0
Seychelles,SYC,1957.0,0.0,0.0
Seychelles,SYC,1958.0,0.0,0.0
Seychelles,SYC,1959.0,0.0,0.0
Seychelles,SYC,1960.0,0.0,0.0
Seychelles,SYC,1961.0,0.0,0.0
Seychelles,SYC,1962.0,0.0,0.0
Seychelles,SYC,1963.0,0.0,0.0
Seychelles,SYC,1964.0,0.0,0.0
Seychelles,SYC,1965.0,0.0,0.0
Seychelles,SYC,1966.0,0.0,0.0
Seychelles,SYC,1967.0,0.0,0.0
Seychelles,SYC,1968.0,0.0,0.0
Seychelles,SYC,1969.0,0.0,0.0
Seychelles,SYC,1970.0,1.0,3.0
Seychelles,SYC,1971.0,1.0,3.0
Seychelles,SYC,1972.0,1.0,3.0
Seychelles,SYC,1973.0,1.0,3.0
Seychelles,SYC,1974.0,1.0,3.0
Seychelles,SYC,1975.0,1.0,3.0
Seychelles,SYC,1976.0,1.0,3.0
Seychelles,SYC,1977.0,0.0,0.0
Seychelles,SYC,1978.0,0.0,0.0
Seychelles,SYC,1979.0,1.0,2.0
Seychelles,SYC,1980.0,1.0,2.0
Seychelles,SYC,1981.0,1.0,2.0
Seychelles,SYC,1982.0,1.0,2.0
Seychelles,SYC,1983.0,1.0,2.0
Seychelles,SYC,1984.0,1.0,2.0
Seychelles,SYC,1985.0,1.0,2.0
Seychelles,SYC,1986.0,1.0,2.0
Seychelles,SYC,1987.0,0.0,0.0
Seychelles,SYC,1988.0,0.0,0.0
Seychelles,SYC,1989.0,0.0,0.0
Seychelles,SYC,1990.0,0.0,0.0
Seychelles,SYC,1991.0,0.0,0.0
Seychelles,SYC,1992.0,1.0,2.0
Seychelles,SYC,1993.0,1.0,3.0
Seychelles,SYC,1994.0,1.0,3.0
Seychelles,SYC,1995.0,1.0,3.0
Seychelles,SYC,1996.0,1.0,3.0
Seychelles,SYC,1997.0,1.0,3.0
Seychelles,SYC,1998.0,1.0,3.0
Seychelles,SYC,1999.0,1.0,3.0
Seychelles,SYC,2000.0,1.0,3.0
Seychelles,SYC,2001.0,1.0,3.0
Seychelles,SYC,2002.0,1.0,3.0
Seychelles,SYC,2003.0,1.0,3.0
Seychelles,SYC,2004.0,1.0,3.0
Seychelles,SYC,2005.0,1.0,3.0
Seychelles,SYC,2006.0,1.0,3.0
Seychelles,SYC,2007.0,1.0,4.0
Seychelles,SYC,2008.0,1.0,4.0
Seychelles,SYC,2009.0,1.0,4.0
Seychelles,SYC,2010.0,1.0,4.0
Seychelles,SYC,2011.0,1.0,4.0
Seychelles,SYC,2012.0,1.0,4.0
Seychelles,SYC,2013.0,1.0,4.0
Seychelles,SYC,2014.0,1.0,4.0
Seychelles,SYC,2015.0,2.0,5.0
Seychelles,SYC,2016.0,3.0,8.0
Seychelles,SYC,2017.0,3.0,8.0
Seychelles,SYC,2018.0,3.0,8.0
Seychelles,SYC,2019.0,3.0,8.0
Seychelles,SYC,2020.0,3.0,9.0
Seychelles,SYC,2021.0,3.0,9.0
Seychelles,SYC,2022.0,3.0,9.0
Seychelles,SYC,2023.0,3.0,9.0
Seychelles,SYC,2024.0,3.0,9.0
Singapore,SGP,1946.0,0.0,0.0
Singapore,SGP,1947.0,0.0,0.0
Singapore,SGP,1948.0,0.0,0.0
Singapore,SGP,1949.0,0.0,0.0
Singapore,SGP,1950.0,0.0,0.0
Singapore,SGP,1951.0,0.0,0.0
Singapore,SGP,1952.0,0.0,0.0
Singapore,SGP,1953.0,0.0,0.0
Singapore,SGP,1954.0,0.0,0.0
Singapore,SGP,1955.0,1.0,3.0
Singapore,SGP,1956.0,1.0,3.0
Singapore,SGP,1957.0,1.0,3.0
Singapore,SGP,1958.0,1.0,3.0
Singapore,SGP,1959.0,1.0,3.0
Singapore,SGP,1960.0,1.0,3.0
Singapore,SGP,1961.0,1.0,3.0
Singapore,SGP,1962.0,1.0,3.0
Singapore,SGP,1963.0,1.0,3.0
Singapore,SGP,1964.0,1.0,3.0
Singapore,SGP,1965.0,1.0,3.0
Singapore,SGP,1966.0,1.0,3.0
Singapore,SGP,1967.0,1.0,3.0
Singapore,SGP,1968.0,1.0,3.0
Singapore,SGP,1969.0,1.0,3.0
Singapore,SGP,1970.0,1.0,3.0
Singapore,SGP,1971.0,1.0,3.0
Singapore,SGP,1972.0,1.0,3.0
Singapore,SGP,1973.0,1.0,3.0
Singapore,SGP,1974.0,1.0,3.0
Singapore,SGP,1975.0,1.0,3.0
Singapore,SGP,1976.0,1.0,3.0
Singapore,SGP,1977.0,1.0,3.0
Singapore,SGP,1978.0,1.0,3.0
Singapore,SGP,1979.0,1.0,3.0
Singapore,SGP,1980.0,1.0,3.0
Singapore,SGP,1981.0,1.0,3.0
Singapore,SGP,1982.0,1.0,3.0
Singapore,SGP,1983.0,1.0,3.0
Singapore,SGP,1984.0,1.0,3.0
Singapore,SGP,1985.0,1.0,3.0
Singapore,SGP,1986.0,1.0,3.0
Singapore,SGP,1987.0,1.0,3.0
Singapore,SGP,1988.0,1.0,3.0
Singapore,SGP,1989.0,1.0,3.0
Singapore,SGP,1990.0,1.0,3.0
Singapore,SGP,1991.0,1.0,3.0
Singapore,SGP,1992.0,1.0,3.0
Singapore,SGP,1993.0,1.0,3.0
Singapore,SGP,1994.0,1.0,3.0
Singapore,SGP,1995.0,1.0,3.0
Singapore,SGP,1996.0,1.0,3.0
Singapore,SGP,1997.0,1.0,3.0
Singapore,SGP,1998.0,1.0,3.0
Singapore,SGP,1999.0,1.0,3.0
Singapore,SGP,2000.0,1.0,3.0
Singapore,SGP,2001.0,1.0,3.0
Singapore,SGP,2002.0,1.0,3.0
Singapore,SGP,2003.0,1.0,3.0
Singapore,SGP,2004.0,1.0,3.0
Singapore,SGP,2005.0,1.0,3.0
Singapore,SGP,2006.0,1.0,3.0
Singapore,SGP,2007.0,1.0,3.0
Singapore,SGP,2008.0,1.0,3.0
Singapore,SGP,2009.0,1.0,3.0
Singapore,SGP,2010.0,1.0,3.0
Singapore,SGP,2011.0,1.0,3.0
Singapore,SGP,2012.0,1.0,3.0
Singapore,SGP,2013.0,1.0,3.0
Singapore,SGP,2014.0,1.0,3.0
Singapore,SGP,2015.0,1.0,3.0
Singapore,SGP,2016.0,1.0,3.0
Singapore,SGP,2017.0,1.0,3.0
Singapore,SGP,2018.0,1.0,3.0
Singapore,SGP,2019.0,1.0,3.0
Singapore,SGP,2020.0,1.0,3.0
Singapore,SGP,2021.0,1.0,3.0
Singapore,SGP,2022.0,1.0,3.0
Singapore,SGP,2023.0,1.0,3.0
Singapore,SGP,2024.0,1.0,3.0
Slovakia,SVK,1993.0,0.0,0.0
Slovakia,SVK,1994.0,2.0,6.0
Slovakia,SVK,1995.0,2.0,6.0
Slovakia,SVK,1996.0,2.0,6.0
Slovakia,SVK,1997.0,2.0,6.0
Slovakia,SVK,1998.0,2.0,6.0
Slovakia,SVK,1999.0,3.0,8.0
Slovakia,SVK,2000.0,3.0,8.0
Slovakia,SVK,2001.0,3.0,8.0
Slovakia,SVK,2002.0,3.0,8.0
Slovakia,SVK,2003.0,3.0,8.0
Slovakia,SVK,2004.0,3.0,8.0
Slovakia,SVK,2005.0,3.0,8.0
Slovakia,SVK,2006.0,3.0,8.0
Slovakia,SVK,2007.0,3.0,8.0
Slovakia,SVK,2008.0,3.0,8.0
Slovakia,SVK,2009.0,3.0,8.0
Slovakia,SVK,2010.0,3.0,9.0
Slovakia,SVK,2011.0,3.0,9.0
Slovakia,SVK,2012.0,3.0,8.0
Slovakia,SVK,2013.0,3.0,8.0
Slovakia,SVK,2014.0,3.0,8.0
Slovakia,SVK,2015.0,3.0,8.0
Slovakia,SVK,2016.0,3.0,8.0
Slovakia,SVK,2017.0,3.0,8.0
Slovakia,SVK,2018.0,3.0,8.0
Slovakia,SVK,2019.0,2.0,7.0
Slovakia,SVK,2020.0,2.0,7.0
Slovakia,SVK,2021.0,2.0,7.0
Slovakia,SVK,2022.0,2.0,7.0
Slovakia,SVK,2023.0,2.0,6.0
Slovakia,SVK,2024.0,2.0,6.0
Slovenia,SVN,1989.0,0.0,0.0
Slovenia,SVN,1990.0,2.0,7.0
Slovenia,SVN,1991.0,3.0,8.0
Slovenia,SVN,1992.0,3.0,9.0
Slovenia,SVN,1993.0,3.0,9.0
Slovenia,SVN,1994.0,3.0,9.0
Slovenia,SVN,1995.0,3.0,9.0
Slovenia,SVN,1996.0,3.0,9.0
Slovenia,SVN,1997.0,3.0,9.0
Slovenia,SVN,1998.0,3.0,9.0
Slovenia,SVN,1999.0,3.0,9.0
Slovenia,SVN,2000.0,3.0,9.0
Slovenia,SVN,2001.0,3.0,9.0
Slovenia,SVN,2002.0,3.0,9.0
Slovenia,SVN,2003.0,3.0,9.0
Slovenia,SVN,2004.0,3.0,9.0
Slovenia,SVN,2005.0,3.0,9.0
Slovenia,SVN,2006.0,3.0,9.0
Slovenia,SVN,2007.0,3.0,9.0
Slovenia,SVN,2008.0,3.0,9.0
Slovenia,SVN,2009.0,3.0,9.0
Slovenia,SVN,2010.0,3.0,9.0
Slovenia,SVN,2011.0,3.0,9.0
Slovenia,SVN,2012.0,3.0,9.0
Slovenia,SVN,2013.0,3.0,9.0
Slovenia,SVN,2014.0,3.0,9.0
Slovenia,SVN,2015.0,3.0,9.0
Slovenia,SVN,2016.0,3.0,9.0
Slovenia,SVN,2017.0,3.0,9.0
Slovenia,SVN,2018.0,3.0,9.0
Slovenia,SVN,2019.0,3.0,9.0
Slovenia,SVN,2020.0,3.0,8.0
Slovenia,SVN,2021.0,2.0,6.0
Slovenia,SVN,2022.0,3.0,8.0
Slovenia,SVN,2023.0,2.0,7.0
Slovenia,SVN,2024.0,2.0,7.0
Solomon Islands,SLB,1946.0,0.0,0.0
Solomon Islands,SLB,1947.0,0.0,0.0
Solomon Islands,SLB,1948.0,0.0,0.0
Solomon Islands,SLB,1949.0,0.0,0.0
Solomon Islands,SLB,1950.0,0.0,0.0
Solomon Islands,SLB,1951.0,0.0,0.0
Solomon Islands,SLB,1952.0,0.0,0.0
Solomon Islands,SLB,1953.0,0.0,0.0
Solomon Islands,SLB,1954.0,0.0,0.0
Solomon Islands,SLB,1955.0,0.0,0.0
Solomon Islands,SLB,1956.0,0.0,0.0
Solomon Islands,SLB,1957.0,0.0,0.0
Solomon Islands,SLB,1958.0,0.0,0.0
Solomon Islands,SLB,1959.0,0.0,0.0
Solomon Islands,SLB,1960.0,0.0,0.0
Solomon Islands,SLB,1961.0,0.0,0.0
Solomon Islands,SLB,1962.0,0.0,0.0
Solomon Islands,SLB,1963.0,0.0,0.0
Solomon Islands,SLB,1964.0,0.0,0.0
Solomon Islands,SLB,1965.0,0.0,0.0
Solomon Islands,SLB,1966.0,0.0,0.0
Solomon Islands,SLB,1967.0,0.0,0.0
Solomon Islands,SLB,1968.0,0.0,0.0
Solomon Islands,SLB,1969.0,0.0,0.0
Solomon Islands,SLB,1970.0,0.0,0.0
Solomon Islands,SLB,1971.0,0.0,0.0
Solomon Islands,SLB,1972.0,0.0,0.0
Solomon Islands,SLB,1973.0,0.0,0.0
Solomon Islands,SLB,1974.0,1.0,3.0
Solomon Islands,SLB,1975.0,1.0,3.0
Solomon Islands,SLB,1976.0,1.0,3.0
Solomon Islands,SLB,1977.0,1.0,3.0
Solomon Islands,SLB,1978.0,1.0,4.0
Solomon Islands,SLB,1979.0,2.0,5.0
Solomon Islands,SLB,1980.0,2.0,5.0
Solomon Islands,SLB,1981.0,2.0,5.0
Solomon Islands,SLB,1982.0,2.0,5.0
Solomon Islands,SLB,1983.0,2.0,5.0
Solomon Islands,SLB,1984.0,2.0,5.0
Solomon Islands,SLB,1985.0,2.0,5.0
Solomon Islands,SLB,1986.0,2.0,5.0
Solomon Islands,SLB,1987.0,2.0,5.0
Solomon Islands,SLB,1988.0,2.0,5.0
Solomon Islands,SLB,1989.0,2.0,5.0
Solomon Islands,SLB,1990.0,2.0,5.0
Solomon Islands,SLB,1991.0,2.0,5.0
Solomon Islands,SLB,1992.0,2.0,5.0
Solomon Islands,SLB,1993.0,2.0,5.0
Solomon Islands,SLB,1994.0,2.0,5.0
Solomon Islands,SLB,1995.0,2.0,5.0
Solomon Islands,SLB,1996.0,2.0,5.0
Solomon Islands,SLB,1997.0,2.0,5.0
Solomon Islands,SLB,1998.0,2.0,5.0
Solomon Islands,SLB,1999.0,2.0,5.0
Solomon Islands,SLB,2000.0,1.0,3.0
Solomon Islands,SLB,2001.0,1.0,3.0
Solomon Islands,SLB,2002.0,2.0,5.0
Solomon Islands,SLB,2003.0,2.0,5.0
Solomon Islands,SLB,2004.0,2.0,5.0
Solomon Islands,SLB,2005.0,2.0,5.0
Solomon Islands,SLB,2006.0,1.0,3.0
Solomon Islands,SLB,2007.0,2.0,5.0
Solomon Islands,SLB,2008.0,2.0,5.0
Solomon Islands,SLB,2009.0,2.0,5.0
Solomon Islands,SLB,2010.0,2.0,5.0
Solomon Islands,SLB,2011.0,2.0,5.0
Solomon Islands,SLB,2012.0,2.0,6.0
Solomon Islands,SLB,2013.0,2.0,5.0
Solomon Islands,SLB,2014.0,2.0,6.0
Solomon Islands,SLB,2015.0,2.0,6.0
Solomon Islands,SLB,2016.0,2.0,6.0
Solomon Islands,SLB,2017.0,2.0,6.0
Solomon Islands,SLB,2018.0,2.0,6.0
Solomon Islands,SLB,2019.0,2.0,6.0
Solomon Islands,SLB,2020.0,2.0,6.0
Solomon Islands,SLB,2021.0,2.0,6.0
Solomon Islands,SLB,2022.0,2.0,6.0
Solomon Islands,SLB,2023.0,2.0,6.0
Solomon Islands,SLB,2024.0,2.0,6.0
Vanuatu,VUT,1946.0,0.0,0.0
Vanuatu,VUT,1947.0,0.0,0.0
Vanuatu,VUT,1948.0,0.0,0.0
Vanuatu,VUT,1949.0,0.0,0.0
Vanuatu,VUT,1950.0,0.0,0.0
Vanuatu,VUT,1951.0,0.0,0.0
Vanuatu,VUT,1952.0,0.0,0.0
Vanuatu,VUT,1953.0,0.0,0.0
Vanuatu,VUT,1954.0,0.0,0.0
Vanuatu,VUT,1955.0,0.0,0.0
Vanuatu,VUT,1956.0,0.0,0.0
Vanuatu,VUT,1957.0,0.0,0.0
Vanuatu,VUT,1958.0,0.0,0.0
Vanuatu,VUT,1959.0,0.0,0.0
Vanuatu,VUT,1960.0,0.0,0.0
Vanuatu,VUT,1961.0,0.0,0.0
Vanuatu,VUT,1962.0,0.0,0.0
Vanuatu,VUT,1963.0,0.0,0.0
Vanuatu,VUT,1964.0,0.0,0.0
Vanuatu,VUT,1965.0,0.0,0.0
Vanuatu,VUT,1966.0,0.0,0.0
Vanuatu,VUT,1967.0,0.0,0.0
Vanuatu,VUT,1968.0,0.0,0.0
Vanuatu,VUT,1969.0,0.0,0.0
Vanuatu,VUT,1970.0,0.0,0.0
Vanuatu,VUT,1971.0,0.0,0.0
Vanuatu,VUT,1972.0,0.0,0.0
Vanuatu,VUT,1973.0,0.0,0.0
Vanuatu,VUT,1974.0,0.0,0.0
Vanuatu,VUT,1975.0,0.0,0.0
Vanuatu,VUT,1976.0,0.0,0.0
Vanuatu,VUT,1977.0,1.0,3.0
Vanuatu,VUT,1978.0,1.0,3.0
Vanuatu,VUT,1979.0,1.0,4.0
Vanuatu,VUT,1980.0,2.0,6.0
Vanuatu,VUT,1981.0,2.0,6.0
Vanuatu,VUT,1982.0,2.0,6.0
Vanuatu,VUT,1983.0,2.0,6.0
Vanuatu,VUT,1984.0,2.0,6.0
Vanuatu,VUT,1985.0,2.0,6.0
Vanuatu,VUT,1986.0,2.0,6.0
Vanuatu,VUT,1987.0,2.0,6.0
Vanuatu,VUT,1988.0,2.0,6.0
Vanuatu,VUT,1989.0,2.0,6.0
Vanuatu,VUT,1990.0,2.0,6.0
Vanuatu,VUT,1991.0,2.0,6.0
Vanuatu,VUT,1992.0,2.0,6.0
Vanuatu,VUT,1993.0,2.0,6.0
Vanuatu,VUT,1994.0,2.0,6.0
Vanuatu,VUT,1995.0,2.0,6.0
Vanuatu,VUT,1996.0,2.0,6.0
Vanuatu,VUT,1997.0,2.0,6.0
Vanuatu,VUT,1998.0,2.0,6.0
Vanuatu,VUT,1999.0,2.0,6.0
Vanuatu,VUT,2000.0,2.0,6.0
Vanuatu,VUT,2001.0,2.0,6.0
Vanuatu,VUT,2002.0,2.0,6.0
Vanuatu,VUT,2003.0,2.0,6.0
Vanuatu,VUT,2004.0,2.0,6.0
Vanuatu,VUT,2005.0,2.0,6.0
Vanuatu,VUT,2006.0,2.0,6.0
Vanuatu,VUT,2007.0,2.0,6.0
Vanuatu,VUT,2008.0,2.0,6.0
Vanuatu,VUT,2009.0,2.0,6.0
Vanuatu,VUT,2010.0,2.0,6.0
Vanuatu,VUT,2011.0,2.0,6.0
Vanuatu,VUT,2012.0,2.0,6.0
Vanuatu,VUT,2013.0,2.0,6.0
Vanuatu,VUT,2014.0,2.0,6.0
Vanuatu,VUT,2015.0,2.0,6.0
Vanuatu,VUT,2016.0,2.0,6.0
Vanuatu,VUT,2017.0,2.0,6.0
Vanuatu,VUT,2018.0,2.0,6.0
Vanuatu,VUT,2019.0,2.0,6.0
Vanuatu,VUT,2020.0,2.0,7.0
Vanuatu,VUT,2021.0,2.0,7.0
Vanuatu,VUT,2022.0,2.0,7.0
Vanuatu,VUT,2023.0,2.0,7.0
Vanuatu,VUT,2024.0,2.0,7.0
United Arab Emirates,ARE,1971.0,0.0,0.0
United Arab Emirates,ARE,1972.0,0.0,0.0
United Arab Emirates,ARE,1973.0,0.0,0.0
United Arab Emirates,ARE,1974.0,0.0,0.0
United Arab Emirates,ARE,1975.0,0.0,0.0
United Arab Emirates,ARE,1976.0,0.0,0.0
United Arab Emirates,ARE,1977.0,0.0,0.0
United Arab Emirates,ARE,1978.0,0.0,0.0
United Arab Emirates,ARE,1979.0,0.0,0.0
United Arab Emirates,ARE,1980.0,0.0,0.0
United Arab Emirates,ARE,1981.0,0.0,0.0
United Arab Emirates,ARE,1982.0,0.0,0.0
United Arab Emirates,ARE,1983.0,0.0,0.0
United Arab Emirates,ARE,1984.0,0.0,0.0
United Arab Emirates,ARE,1985.0,0.0,0.0
United Arab Emirates,ARE,1986.0,0.0,0.0
United Arab Emirates,ARE,1987.0,0.0,0.0
United Arab Emirates,ARE,1988.0,0.0,0.0
United Arab Emirates,ARE,1989.0,0.0,0.0
United Arab Emirates,ARE,1990.0,0.0,0.0
United Arab Emirates,ARE,1991.0,0.0,0.0
United Arab Emirates,ARE,1992.0,0.0,0.0
United Arab Emirates,ARE,1993.0,0.0,0.0
United Arab Emirates,ARE,1994.0,0.0,0.0
United Arab Emirates,ARE,1995.0,0.0,0.0
United Arab Emirates,ARE,1996.0,0.0,0.0
United Arab Emirates,ARE,1997.0,0.0,0.0
United Arab Emirates,ARE,1998.0,0.0,0.0
United Arab Emirates,ARE,1999.0,0.0,0.0
United Arab Emirates,ARE,2000.0,0.0,0.0
United Arab Emirates,ARE,2001.0,0.0,0.0
United Arab Emirates,ARE,2002.0,0.0,0.0
United Arab Emirates,ARE,2003.0,0.0,0.0
United Arab Emirates,ARE,2004.0,0.0,0.0
United Arab Emirates,ARE,2005.0,0.0,0.0
United Arab Emirates,ARE,2006.0,0.0,0.0
United Arab Emirates,ARE,2007.0,0.0,0.0
United Arab Emirates,ARE,2008.0,0.0,0.0
United Arab Emirates,ARE,2009.0,0.0,0.0
United Arab Emirates,ARE,2010.0,0.0,0.0
United Arab Emirates,ARE,2011.0,0.0,0.0
United Arab Emirates,ARE,2012.0,0.0,0.0
United Arab Emirates,ARE,2013.0,0.0,0.0
United Arab Emirates,ARE,2014.0,0.0,0.0
United Arab Emirates,ARE,2015.0,0.0,0.0
United Arab Emirates,ARE,2016.0,0.0,0.0
United Arab Emirates,ARE,2017.0,0.0,0.0
United Arab Emirates,ARE,2018.0,0.0,0.0
United Arab Emirates,ARE,2019.0,0.0,0.0
United Arab Emirates,ARE,2020.0,0.0,0.0
United Arab Emirates,ARE,2021.0,0.0,0.0
United Arab Emirates,ARE,2022.0,0.0,0.0
United Arab Emirates,ARE,2023.0,0.0,0.0
United Arab Emirates,ARE,2024.0,0.0,0.0
Palestine/British Mandate,PSB,1946.0,0.0,0.0
Palestine/British Mandate,PSB,1947.0,0.0,0.0
Palestine/British Mandate,PSB,1948.0,0.0,0.0
Hungary,HUN,1946.0,0.0,0.0
Hungary,HUN,1947.0,0.0,0.0
Hungary,HUN,1948.0,0.0,0.0
Hungary,HUN,1949.0,0.0,0.0
Hungary,HUN,1950.0,0.0,0.0
Hungary,HUN,1951.0,0.0,0.0
Hungary,HUN,1952.0,0.0,0.0
Hungary,HUN,1953.0,0.0,1.0
Hungary,HUN,1954.0,0.0,1.0
Hungary,HUN,1955.0,0.0,0.0
Hungary,HUN,1956.0,0.0,0.0
Hungary,HUN,1957.0,0.0,0.0
Hungary,HUN,1958.0,0.0,0.0
Hungary,HUN,1959.0,0.0,0.0
Hungary,HUN,1960.0,0.0,0.0
Hungary,HUN,1961.0,0.0,0.0
Hungary,HUN,1962.0,0.0,0.0
Hungary,HUN,1963.0,0.0,0.0
Hungary,HUN,1964.0,0.0,0.0
Hungary,HUN,1965.0,0.0,0.0
Hungary,HUN,1966.0,0.0,0.0
Hungary,HUN,1967.0,0.0,0.0
Hungary,HUN,1968.0,0.0,0.0
Hungary,HUN,1969.0,0.0,0.0
Hungary,HUN,1970.0,0.0,0.0
Hungary,HUN,1971.0,0.0,0.0
Hungary,HUN,1972.0,0.0,0.0
Hungary,HUN,1973.0,0.0,0.0
Hungary,HUN,1974.0,0.0,0.0
Hungary,HUN,1975.0,0.0,0.0
Hungary,HUN,1976.0,0.0,0.0
Hungary,HUN,1977.0,0.0,0.0
Hungary,HUN,1978.0,0.0,0.0
Hungary,HUN,1979.0,0.0,0.0
Hungary,HUN,1980.0,0.0,0.0
Hungary,HUN,1981.0,0.0,0.0
Hungary,HUN,1982.0,0.0,0.0
Hungary,HUN,1983.0,0.0,0.0
Hungary,HUN,1984.0,0.0,0.0
Hungary,HUN,1985.0,0.0,0.0
Hungary,HUN,1986.0,0.0,0.0
Hungary,HUN,1987.0,0.0,0.0
Hungary,HUN,1988.0,0.0,0.0
Hungary,HUN,1989.0,1.0,2.0
Hungary,HUN,1990.0,2.0,7.0
Hungary,HUN,1991.0,3.0,8.0
Hungary,HUN,1992.0,3.0,8.0
Hungary,HUN,1993.0,3.0,8.0
Hungary,HUN,1994.0,3.0,8.0
Hungary,HUN,1995.0,3.0,8.0
Hungary,HUN,1996.0,3.0,8.0
Hungary,HUN,1997.0,3.0,8.0
Hungary,HUN,1998.0,3.0,8.0
Hungary,HUN,1999.0,3.0,8.0
Hungary,HUN,2000.0,3.0,8.0
Hungary,HUN,2001.0,3.0,8.0
Hungary,HUN,2002.0,3.0,8.0
Hungary,HUN,2003.0,3.0,8.0
Hungary,HUN,2004.0,3.0,8.0
Hungary,HUN,2005.0,3.0,8.0
Hungary,HUN,2006.0,3.0,8.0
Hungary,HUN,2007.0,3.0,9.0
Hungary,HUN,2008.0,3.0,9.0
Hungary,HUN,2009.0,3.0,9.0
Hungary,HUN,2010.0,2.0,6.0
Hungary,HUN,2011.0,2.0,6.0
Hungary,HUN,2012.0,2.0,6.0
Hungary,HUN,2013.0,2.0,6.0
Hungary,HUN,2014.0,2.0,6.0
Hungary,HUN,2015.0,2.0,6.0
Hungary,HUN,2016.0,2.0,6.0
Hungary,HUN,2017.0,2.0,6.0
Hungary,HUN,2018.0,1.0,4.0
Hungary,HUN,2019.0,1.0,4.0
Hungary,HUN,2020.0,1.0,4.0
Hungary,HUN,2021.0,1.0,4.0
Hungary,HUN,2022.0,1.0,3.0
Hungary,HUN,2023.0,1.0,3.0
Hungary,HUN,2024.0,1.0,3.0
Zanzibar,ZZB,1946.0,0.0,0.0
Zanzibar,ZZB,1947.0,0.0,0.0
Zanzibar,ZZB,1948.0,0.0,0.0
Zanzibar,ZZB,1949.0,0.0,0.0
Zanzibar,ZZB,1950.0,0.0,0.0
Zanzibar,ZZB,1951.0,0.0,0.0
Zanzibar,ZZB,1952.0,0.0,0.0
Zanzibar,ZZB,1953.0,0.0,0.0
Zanzibar,ZZB,1954.0,0.0,0.0
Zanzibar,ZZB,1955.0,0.0,0.0
Zanzibar,ZZB,1956.0,0.0,0.0
Zanzibar,ZZB,1957.0,0.0,0.0
Zanzibar,ZZB,1958.0,0.0,0.0
Zanzibar,ZZB,1959.0,0.0,0.0
Zanzibar,ZZB,1960.0,0.0,0.0
Zanzibar,ZZB,1961.0,0.0,0.0
Zanzibar,ZZB,1962.0,0.0,0.0
Zanzibar,ZZB,1963.0,0.0,0.0
Zanzibar,ZZB,1964.0,0.0,0.0
Zanzibar,ZZB,1965.0,0.0,0.0
Zanzibar,ZZB,1966.0,0.0,0.0
Zanzibar,ZZB,1967.0,0.0,0.0
Zanzibar,ZZB,1968.0,0.0,0.0
Zanzibar,ZZB,1969.0,0.0,0.0
Zanzibar,ZZB,1970.0,0.0,0.0
Zanzibar,ZZB,1971.0,0.0,0.0
Zanzibar,ZZB,1972.0,0.0,0.0
Zanzibar,ZZB,1973.0,0.0,0.0
Zanzibar,ZZB,1974.0,0.0,0.0
Zanzibar,ZZB,1975.0,0.0,0.0
Zanzibar,ZZB,1976.0,0.0,0.0
Zanzibar,ZZB,1977.0,0.0,0.0
Zanzibar,ZZB,1978.0,0.0,0.0
Zanzibar,ZZB,1979.0,0.0,0.0
Zanzibar,ZZB,1980.0,0.0,0.0
Zanzibar,ZZB,1981.0,0.0,0.0
Zanzibar,ZZB,1982.0,0.0,0.0
Zanzibar,ZZB,1983.0,0.0,0.0
Zanzibar,ZZB,1984.0,0.0,0.0
Zanzibar,ZZB,1985.0,0.0,0.0
Zanzibar,ZZB,1986.0,0.0,0.0
Zanzibar,ZZB,1987.0,0.0,0.0
Zanzibar,ZZB,1988.0,0.0,0.0
Zanzibar,ZZB,1989.0,0.0,0.0
Zanzibar,ZZB,1990.0,0.0,0.0
Zanzibar,ZZB,1991.0,0.0,0.0
Zanzibar,ZZB,1992.0,0.0,0.0
Zanzibar,ZZB,1993.0,0.0,0.0
Zanzibar,ZZB,1994.0,0.0,0.0
Zanzibar,ZZB,1995.0,1.0,3.0
Zanzibar,ZZB,1996.0,1.0,3.0
Zanzibar,ZZB,1997.0,1.0,3.0
Zanzibar,ZZB,1998.0,1.0,3.0
Zanzibar,ZZB,1999.0,1.0,3.0
Zanzibar,ZZB,2000.0,1.0,3.0
Zanzibar,ZZB,2001.0,1.0,3.0
Zanzibar,ZZB,2002.0,1.0,3.0
Zanzibar,ZZB,2003.0,1.0,3.0
Zanzibar,ZZB,2004.0,1.0,3.0
Zanzibar,ZZB,2005.0,1.0,3.0
Zanzibar,ZZB,2006.0,1.0,3.0
Zanzibar,ZZB,2007.0,1.0,3.0
Zanzibar,ZZB,2008.0,1.0,3.0
Zanzibar,ZZB,2009.0,1.0,3.0
Zanzibar,ZZB,2010.0,1.0,3.0
Zanzibar,ZZB,2011.0,1.0,3.0
Zanzibar,ZZB,2012.0,1.0,3.0
Zanzibar,ZZB,2013.0,1.0,3.0
Zanzibar,ZZB,2014.0,1.0,3.0
Zanzibar,ZZB,2015.0,1.0,3.0
Zanzibar,ZZB,2016.0,1.0,3.0
Zanzibar,ZZB,2017.0,1.0,3.0
Zanzibar,ZZB,2018.0,1.0,3.0
Zanzibar,ZZB,2019.0,1.0,3.0
Zanzibar,ZZB,2020.0,1.0,3.0
Zanzibar,ZZB,2021.0,1.0,3.0
Zanzibar,ZZB,2022.0,1.0,3.0
Zanzibar,ZZB,2023.0,1.0,3.0
Zanzibar,ZZB,2024.0,1.0,3.0
