country_name,country_text_id,year,v2x_regime,v2x_regime_amb
Mexico,MEX,1789,,
Mexico,MEX,1790,,
Mexico,MEX,1791,,
Mexico,MEX,1792,,
Mexico,MEX,1793,,
Mexico,MEX,1794,,
Mexico,MEX,1795,,
Mexico,MEX,1796,,
Mexico,MEX,1797,,
Mexico,MEX,1798,,
Mexico,MEX,1799,,
Mexico,MEX,1800,,
Mexico,MEX,1801,,
Mexico,MEX,1802,,
Mexico,MEX,1803,,
Mexico,MEX,1804,,
Mexico,MEX,1805,,
Mexico,MEX,1806,,
Mexico,MEX,1807,,
Mexico,MEX,1808,,
Mexico,MEX,1809,,
Mexico,MEX,1810,,
Mexico,MEX,1811,,
Mexico,MEX,1812,,
Mexico,MEX,1813,,
Mexico,MEX,1814,,
Mexico,MEX,1815,,
Mexico,MEX,1816,,
Mexico,MEX,1817,,
Mexico,MEX,1818,,
Mexico,MEX,1819,,
Mexico,MEX,1820,,
Mexico,MEX,1821,,
Mexico,MEX,1822,,
Mexico,MEX,1823,,
Mexico,MEX,1824,,
Mexico,MEX,1825,,
Mexico,MEX,1826,,
Mexico,MEX,1827,,
Mexico,MEX,1828,,
Mexico,MEX,1829,,
Mexico,MEX,1830,,
Mexico,MEX,1831,,
Mexico,MEX,1832,,
Mexico,MEX,1833,,
Mexico,MEX,1834,,
Mexico,MEX,1835,,
Mexico,MEX,1836,,
Mexico,MEX,1837,,
Mexico,MEX,1838,,
Mexico,MEX,1839,,
Mexico,MEX,1840,,
Mexico,MEX,1841,,
Mexico,MEX,1842,,
Mexico,MEX,1843,,
Mexico,MEX,1844,,
Mexico,MEX,1845,,
Mexico,MEX,1846,,
Mexico,MEX,1847,,
Mexico,MEX,1848,,
Mexico,MEX,1849,,
Mexico,MEX,1850,,
Mexico,MEX,1851,,
Mexico,MEX,1852,,
Mexico,MEX,1853,,
Mexico,MEX,1854,,
Mexico,MEX,1855,,
Mexico,MEX,1856,,
Mexico,MEX,1857,,
Mexico,MEX,1858,,
Mexico,MEX,1859,,
Mexico,MEX,1860,,
Mexico,MEX,1861,,
Mexico,MEX,1862,,
Mexico,MEX,1863,,
Mexico,MEX,1864,,
Mexico,MEX,1865,,
Mexico,MEX,1866,,
Mexico,MEX,1867,,
Mexico,MEX,1868,,
Mexico,MEX,1869,,
Mexico,MEX,1870,,
Mexico,MEX,1871,,
Mexico,MEX,1872,,
Mexico,MEX,1873,,
Mexico,MEX,1874,,
Mexico,MEX,1875,,
Mexico,MEX,1876,,
Mexico,MEX,1877,,
Mexico,MEX,1878,,
Mexico,MEX,1879,,
Mexico,MEX,1880,,
Mexico,MEX,1881,,
Mexico,MEX,1882,,
Mexico,MEX,1883,,
Mexico,MEX,1884,,
Mexico,MEX,1885,,
Mexico,MEX,1886,,
Mexico,MEX,1887,,
Mexico,MEX,1888,,
Mexico,MEX,1889,,
Mexico,MEX,1890,,
Mexico,MEX,1891,,
Mexico,MEX,1892,,
Mexico,MEX,1893,,
Mexico,MEX,1894,,
Mexico,MEX,1895,,
Mexico,MEX,1896,,
Mexico,MEX,1897,,
Mexico,MEX,1898,,
Mexico,MEX,1899,,
Mexico,MEX,1900,0.0,0.0
Mexico,MEX,1901,0.0,0.0
Mexico,MEX,1902,0.0,0.0
Mexico,MEX,1903,0.0,0.0
Mexico,MEX,1904,0.0,0.0
Mexico,MEX,1905,0.0,0.0
Mexico,MEX,1906,0.0,0.0
Mexico,MEX,1907,0.0,0.0
Mexico,MEX,1908,0.0,0.0
Mexico,MEX,1909,0.0,0.0
Mexico,MEX,1910,0.0,0.0
Mexico,MEX,1911,0.0,0.0
Mexico,MEX,1912,0.0,0.0
Mexico,MEX,1913,0.0,0.0
Mexico,MEX,1914,0.0,0.0
Mexico,MEX,1915,0.0,0.0
Mexico,MEX,1916,0.0,0.0
Mexico,MEX,1917,1.0,3.0
Mexico,MEX,1918,1.0,3.0
Mexico,MEX,1919,1.0,3.0
Mexico,MEX,1920,1.0,3.0
Mexico,MEX,1921,1.0,3.0
Mexico,MEX,1922,1.0,3.0
Mexico,MEX,1923,1.0,3.0
Mexico,MEX,1924,1.0,3.0
Mexico,MEX,1925,1.0,3.0
Mexico,MEX,1926,1.0,3.0
Mexico,MEX,1927,1.0,3.0
Mexico,MEX,1928,1.0,2.0
Mexico,MEX,1929,1.0,2.0
Mexico,MEX,1930,1.0,2.0
Mexico,MEX,1931,1.0,2.0
Mexico,MEX,1932,1.0,2.0
Mexico,MEX,1933,1.0,2.0
Mexico,MEX,1934,1.0,2.0
Mexico,MEX,1935,1.0,2.0
Mexico,MEX,1936,1.0,2.0
Mexico,MEX,1937,1.0,2.0
Mexico,MEX,1938,1.0,2.0
Mexico,MEX,1939,1.0,2.0
Mexico,MEX,1940,1.0,2.0
Mexico,MEX,1941,1.0,2.0
Mexico,MEX,1942,1.0,2.0
Mexico,MEX,1943,1.0,2.0
Mexico,MEX,1944,1.0,2.0
Mexico,MEX,1945,1.0,2.0
Mexico,MEX,1946,1.0,3.0
Mexico,MEX,1947,1.0,3.0
Mexico,MEX,1948,1.0,3.0
Mexico,MEX,1949,1.0,3.0
Mexico,MEX,1950,1.0,3.0
Mexico,MEX,1951,1.0,3.0
Mexico,MEX,1952,1.0,3.0
Mexico,MEX,1953,1.0,3.0
Mexico,MEX,1954,1.0,3.0
Mexico,MEX,1955,1.0,3.0
Mexico,MEX,1956,1.0,3.0
Mexico,MEX,1957,1.0,3.0
Mexico,MEX,1958,1.0,3.0
Mexico,MEX,1959,1.0,3.0
Mexico,MEX,1960,1.0,3.0
Mexico,MEX,1961,1.0,3.0
Mexico,MEX,1962,1.0,3.0
Mexico,MEX,1963,1.0,3.0
Mexico,MEX,1964,1.0,3.0
Mexico,MEX,1965,1.0,3.0
Mexico,MEX,1966,1.0,3.0
Mexico,MEX,1967,1.0,3.0
Mexico,MEX,1968,1.0,3.0
Mexico,MEX,1969,1.0,3.0
Mexico,MEX,1970,1.0,3.0
Mexico,MEX,1971,1.0,3.0
Mexico,MEX,1972,1.0,3.0
Mexico,MEX,1973,1.0,3.0
Mexico,MEX,1974,1.0,3.0
Mexico,MEX,1975,1.0,3.0
Mexico,MEX,1976,1.0,3.0
Mexico,MEX,1977,1.0,3.0
Mexico,MEX,1978,1.0,3.0
Mexico,MEX,1979,1.0,3.0
Mexico,MEX,1980,1.0,3.0
Mexico,MEX,1981,1.0,3.0
Mexico,MEX,1982,1.0,3.0
Mexico,MEX,1983,1.0,3.0
Mexico,MEX,1984,1.0,3.0
Mexico,MEX,1985,1.0,3.0
Mexico,MEX,1986,1.0,3.0
Mexico,MEX,1987,1.0,3.0
Mexico,MEX,1988,1.0,3.0
Mexico,MEX,1989,1.0,3.0
Mexico,MEX,1990,1.0,3.0
Mexico,MEX,1991,1.0,3.0
Mexico,MEX,1992,1.0,3.0
Mexico,MEX,1993,1.0,3.0
Mexico,MEX,1994,1.0,4.0
Mexico,MEX,1995,1.0,4.0
Mexico,MEX,1996,2.0,5.0
Mexico,MEX,1997,2.0,5.0
Mexico,MEX,1998,2.0,6.0
Mexico,MEX,1999,2.0,6.0
Mexico,MEX,2000,2.0,6.0
Mexico,MEX,2001,2.0,6.0
Mexico,MEX,2002,2.0,6.0
Mexico,MEX,2003,2.0,6.0
Mexico,MEX,2004,2.0,6.0
Mexico,MEX,2005,2.0,6.0
Mexico,MEX,2006,2.0,6.0
Mexico,MEX,2007,2.0,6.0
Mexico,MEX,2008,2.0,6.0
Mexico,MEX,2009,2.0,6.0
Mexico,MEX,2010,2.0,6.0
Mexico,MEX,2011,2.0,6.0
Mexico,MEX,2012,2.0,6.0
Mexico,MEX,2013,2.0,6.0
Mexico,MEX,2014,2.0,6.0
Mexico,MEX,2015,2.0,6.0
Mexico,MEX,2016,2.0,6.0
Mexico,MEX,2017,2.0,6.0
Mexico,MEX,2018,2.0,6.0
Mexico,MEX,2019,2.0,6.0
Mexico,MEX,2020,2.0,6.0
Mexico,MEX,2021,2.0,6.0
Mexico,MEX,2022,2.0,6.0
Mexico,MEX,2023,2.0,5.0
Mexico,MEX,2024,1.0,4.0
Mexico,MEX,2025,1.0,4.0
Suriname,SUR,1900,0.0,0.0
Suriname,SUR,1901,0.0,0.0
Suriname,SUR,1902,0.0,0.0
Suriname,SUR,1903,0.0,0.0
Suriname,SUR,1904,0.0,0.0
Suriname,SUR,1905,0.0,0.0
Suriname,SUR,1906,0.0,0.0
Suriname,SUR,1907,0.0,0.0
Suriname,SUR,1908,0.0,0.0
Suriname,SUR,1909,0.0,0.0
Suriname,SUR,1910,0.0,0.0
Suriname,SUR,1911,0.0,0.0
Suriname,SUR,1912,0.0,0.0
Suriname,SUR,1913,0.0,0.0
Suriname,SUR,1914,0.0,0.0
Suriname,SUR,1915,0.0,0.0
Suriname,SUR,1916,0.0,0.0
Suriname,SUR,1917,0.0,0.0
Suriname,SUR,1918,0.0,0.0
Suriname,SUR,1919,0.0,0.0
Suriname,SUR,1920,0.0,0.0
Suriname,SUR,1921,0.0,0.0
Suriname,SUR,1922,0.0,0.0
Suriname,SUR,1923,0.0,0.0
Suriname,SUR,1924,0.0,0.0
Suriname,SUR,1925,0.0,0.0
Suriname,SUR,1926,0.0,0.0
Suriname,SUR,1927,0.0,0.0
Suriname,SUR,1928,0.0,0.0
Suriname,SUR,1929,0.0,0.0
Suriname,SUR,1930,0.0,0.0
Suriname,SUR,1931,0.0,0.0
Suriname,SUR,1932,0.0,0.0
Suriname,SUR,1933,0.0,0.0
Suriname,SUR,1934,0.0,0.0
Suriname,SUR,1935,0.0,0.0
Suriname,SUR,1936,0.0,0.0
Suriname,SUR,1937,0.0,0.0
Suriname,SUR,1938,0.0,0.0
Suriname,SUR,1939,0.0,0.0
Suriname,SUR,1940,0.0,0.0
Suriname,SUR,1941,0.0,0.0
Suriname,SUR,1942,0.0,0.0
Suriname,SUR,1943,0.0,0.0
Suriname,SUR,1944,0.0,0.0
Suriname,SUR,1945,0.0,0.0
Suriname,SUR,1946,0.0,0.0
Suriname,SUR,1947,0.0,0.0
Suriname,SUR,1948,0.0,0.0
Suriname,SUR,1949,1.0,3.0
Suriname,SUR,1950,1.0,4.0
Suriname,SUR,1951,1.0,4.0
Suriname,SUR,1952,1.0,4.0
Suriname,SUR,1953,1.0,4.0
Suriname,SUR,1954,1.0,4.0
Suriname,SUR,1955,2.0,5.0
Suriname,SUR,1956,2.0,5.0
Suriname,SUR,1957,2.0,5.0
Suriname,SUR,1958,2.0,5.0
Suriname,SUR,1959,2.0,5.0
Suriname,SUR,1960,2.0,5.0
Suriname,SUR,1961,2.0,5.0
Suriname,SUR,1962,2.0,5.0
Suriname,SUR,1963,2.0,5.0
Suriname,SUR,1964,2.0,5.0
Suriname,SUR,1965,2.0,5.0
Suriname,SUR,1966,2.0,5.0
Suriname,SUR,1967,2.0,5.0
Suriname,SUR,1968,2.0,5.0
Suriname,SUR,1969,2.0,5.0
Suriname,SUR,1970,2.0,5.0
Suriname,SUR,1971,2.0,5.0
Suriname,SUR,1972,2.0,5.0
Suriname,SUR,1973,2.0,5.0
Suriname,SUR,1974,2.0,5.0
Suriname,SUR,1975,1.0,3.0
Suriname,SUR,1976,2.0,6.0
Suriname,SUR,1977,2.0,6.0
Suriname,SUR,1978,2.0,6.0
Suriname,SUR,1979,2.0,6.0
Suriname,SUR,1980,0.0,0.0
Suriname,SUR,1981,0.0,0.0
Suriname,SUR,1982,0.0,0.0
Suriname,SUR,1983,0.0,0.0
Suriname,SUR,1984,0.0,0.0
Suriname,SUR,1985,0.0,0.0
Suriname,SUR,1986,0.0,0.0
Suriname,SUR,1987,0.0,0.0
Suriname,SUR,1988,2.0,6.0
Suriname,SUR,1989,2.0,6.0
Suriname,SUR,1990,2.0,6.0
Suriname,SUR,1991,1.0,3.0
Suriname,SUR,1992,2.0,7.0
Suriname,SUR,1993,2.0,7.0
Suriname,SUR,1994,2.0,7.0
Suriname,SUR,1995,2.0,7.0
Suriname,SUR,1996,2.0,7.0
Suriname,SUR,1997,2.0,7.0
Suriname,SUR,1998,2.0,7.0
Suriname,SUR,1999,2.0,7.0
Suriname,SUR,2000,2.0,7.0
Suriname,SUR,2001,2.0,7.0
Suriname,SUR,2002,2.0,7.0
Suriname,SUR,2003,2.0,7.0
Suriname,SUR,2004,2.0,7.0
Suriname,SUR,2005,2.0,7.0
Suriname,SUR,2006,2.0,7.0
Suriname,SUR,2007,2.0,7.0
Suriname,SUR,2008,2.0,7.0
Suriname,SUR,2009,2.0,7.0
Suriname,SUR,2010,2.0,7.0
Suriname,SUR,2011,2.0,7.0
Suriname,SUR,2012,2.0,7.0
Suriname,SUR,2013,2.0,7.0
Suriname,SUR,2014,2.0,7.0
Suriname,SUR,2015,2.0,7.0
Suriname,SUR,2016,2.0,7.0
Suriname,SUR,2017,2.0,7.0
Suriname,SUR,2018,2.0,7.0
Suriname,SUR,2019,2.0,6.0
Suriname,SUR,2020,2.0,6.0
Suriname,SUR,2021,2.0,6.0
Suriname,SUR,2022,2.0,6.0
Suriname,SUR,2023,3.0,8.0
Suriname,SUR,2024,2.0,6.0
Suriname,SUR,2025,2.0,6.0
Sweden,SWE,1789,,
Sweden,SWE,1790,,
Sweden,SWE,1791,,
Sweden,SWE,1792,,
Sweden,SWE,1793,,
Sweden,SWE,1794,,
Sweden,SWE,1795,,
Sweden,SWE,1796,,
Sweden,SWE,1797,,
Sweden,SWE,1798,,
Sweden,SWE,1799,,
Sweden,SWE,1800,,
Sweden,SWE,1801,,
Sweden,SWE,1802,,
Sweden,SWE,1803,,
Sweden,SWE,1804,,
Sweden,SWE,1805,,
Sweden,SWE,1806,,
Sweden,SWE,1807,,
Sweden,SWE,1808,,
Sweden,SWE,1809,,
Sweden,SWE,1810,,
Sweden,SWE,1811,,
Sweden,SWE,1812,,
Sweden,SWE,1813,,
Sweden,SWE,1814,,
Sweden,SWE,1815,,
Sweden,SWE,1816,,
Sweden,SWE,1817,,
Sweden,SWE,1818,,
Sweden,SWE,1819,,
Sweden,SWE,1820,,
Sweden,SWE,1821,,
Sweden,SWE,1822,,
Sweden,SWE,1823,,
Sweden,SWE,1824,,
Sweden,SWE,1825,,
Sweden,SWE,1826,,
Sweden,SWE,1827,,
Sweden,SWE,1828,,
Sweden,SWE,1829,,
Sweden,SWE,1830,,
Sweden,SWE,1831,,
Sweden,SWE,1832,,
Sweden,SWE,1833,,
Sweden,SWE,1834,,
Sweden,SWE,1835,,
Sweden,SWE,1836,,
Sweden,SWE,1837,,
Sweden,SWE,1838,,
Sweden,SWE,1839,,
Sweden,SWE,1840,,
Sweden,SWE,1841,,
Sweden,SWE,1842,,
Sweden,SWE,1843,,
Sweden,SWE,1844,,
Sweden,SWE,1845,,
Sweden,SWE,1846,,
Sweden,SWE,1847,,
Sweden,SWE,1848,,
Sweden,SWE,1849,,
Sweden,SWE,1850,,
Sweden,SWE,1851,,
Sweden,SWE,1852,,
Sweden,SWE,1853,,
Sweden,SWE,1854,,
Sweden,SWE,1855,,
Sweden,SWE,1856,,
Sweden,SWE,1857,,
Sweden,SWE,1858,,
Sweden,SWE,1859,,
Sweden,SWE,1860,,
Sweden,SWE,1861,,
Sweden,SWE,1862,,
Sweden,SWE,1863,,
Sweden,SWE,1864,,
Sweden,SWE,1865,,
Sweden,SWE,1866,,
Sweden,SWE,1867,,
Sweden,SWE,1868,,
Sweden,SWE,1869,,
Sweden,SWE,1870,,
Sweden,SWE,1871,,
Sweden,SWE,1872,,
Sweden,SWE,1873,,
Sweden,SWE,1874,,
Sweden,SWE,1875,,
Sweden,SWE,1876,,
Sweden,SWE,1877,,
Sweden,SWE,1878,,
Sweden,SWE,1879,,
Sweden,SWE,1880,,
Sweden,SWE,1881,,
Sweden,SWE,1882,,
Sweden,SWE,1883,,
Sweden,SWE,1884,,
Sweden,SWE,1885,,
Sweden,SWE,1886,,
Sweden,SWE,1887,,
Sweden,SWE,1888,,
Sweden,SWE,1889,,
Sweden,SWE,1890,,
Sweden,SWE,1891,,
Sweden,SWE,1892,,
Sweden,SWE,1893,,
Sweden,SWE,1894,,
Sweden,SWE,1895,,
Sweden,SWE,1896,,
Sweden,SWE,1897,,
Sweden,SWE,1898,,
Sweden,SWE,1899,,
Sweden,SWE,1900,0.0,0.0
Sweden,SWE,1901,0.0,0.0
Sweden,SWE,1902,0.0,0.0
Sweden,SWE,1903,0.0,0.0
Sweden,SWE,1904,0.0,0.0
Sweden,SWE,1905,0.0,0.0
Sweden,SWE,1906,0.0,0.0
Sweden,SWE,1907,0.0,0.0
Sweden,SWE,1908,0.0,0.0
Sweden,SWE,1909,0.0,0.0
Sweden,SWE,1910,0.0,0.0
Sweden,SWE,1911,0.0,0.0
Sweden,SWE,1912,0.0,0.0
Sweden,SWE,1913,0.0,0.0
Sweden,SWE,1914,0.0,0.0
Sweden,SWE,1915,0.0,0.0
Sweden,SWE,1916,0.0,0.0
Sweden,SWE,1917,1.0,3.0
Sweden,SWE,1918,1.0,4.0
Sweden,SWE,1919,1.0,4.0
Sweden,SWE,1920,1.0,4.0
Sweden,SWE,1921,1.0,4.0
Sweden,SWE,1922,3.0,8.0
Sweden,SWE,1923,3.0,8.0
Sweden,SWE,1924,3.0,8.0
Sweden,SWE,1925,3.0,8.0
Sweden,SWE,1926,3.0,8.0
Sweden,SWE,1927,3.0,8.0
Sweden,SWE,1928,3.0,8.0
Sweden,SWE,1929,3.0,8.0
Sweden,SWE,1930,3.0,8.0
Sweden,SWE,1931,3.0,8.0
Sweden,SWE,1932,3.0,8.0
Sweden,SWE,1933,3.0,8.0
Sweden,SWE,1934,3.0,8.0
Sweden,SWE,1935,3.0,8.0
Sweden,SWE,1936,3.0,8.0
Sweden,SWE,1937,3.0,8.0
Sweden,SWE,1938,3.0,8.0
Sweden,SWE,1939,3.0,8.0
Sweden,SWE,1940,3.0,8.0
Sweden,SWE,1941,3.0,8.0
Sweden,SWE,1942,3.0,8.0
Sweden,SWE,1943,3.0,8.0
Sweden,SWE,1944,3.0,8.0
Sweden,SWE,1945,3.0,8.0
Sweden,SWE,1946,3.0,8.0
Sweden,SWE,1947,3.0,8.0
Sweden,SWE,1948,3.0,8.0
Sweden,SWE,1949,3.0,8.0
Sweden,SWE,1950,3.0,8.0
Sweden,SWE,1951,3.0,8.0
Sweden,SWE,1952,3.0,9.0
Sweden,SWE,1953,3.0,9.0
Sweden,SWE,1954,3.0,9.0
Sweden,SWE,1955,3.0,9.0
Sweden,SWE,1956,3.0,9.0
Sweden,SWE,1957,3.0,9.0
Sweden,SWE,1958,3.0,9.0
Sweden,SWE,1959,3.0,9.0
Sweden,SWE,1960,3.0,9.0
Sweden,SWE,1961,3.0,9.0
Sweden,SWE,1962,3.0,9.0
Sweden,SWE,1963,3.0,9.0
Sweden,SWE,1964,3.0,9.0
Sweden,SWE,1965,3.0,9.0
Sweden,SWE,1966,3.0,9.0
Sweden,SWE,1967,3.0,9.0
Sweden,SWE,1968,3.0,9.0
Sweden,SWE,1969,3.0,9.0
Sweden,SWE,1970,3.0,9.0
Sweden,SWE,1971,3.0,9.0
Sweden,SWE,1972,3.0,9.0
Sweden,SWE,1973,3.0,9.0
Sweden,SWE,1974,3.0,9.0
Sweden,SWE,1975,3.0,9.0
Sweden,SWE,1976,3.0,9.0
Sweden,SWE,1977,3.0,9.0
Sweden,SWE,1978,3.0,9.0
Sweden,SWE,1979,3.0,9.0
Sweden,SWE,1980,3.0,9.0
Sweden,SWE,1981,3.0,9.0
Sweden,SWE,1982,3.0,9.0
Sweden,SWE,1983,3.0,9.0
Sweden,SWE,1984,3.0,9.0
Sweden,SWE,1985,3.0,9.0
Sweden,SWE,1986,3.0,9.0
Sweden,SWE,1987,3.0,9.0
Sweden,SWE,1988,3.0,9.0
Sweden,SWE,1989,3.0,9.0
Sweden,SWE,1990,3.0,9.0
Sweden,SWE,1991,3.0,9.0
Sweden,SWE,1992,3.0,9.0
Sweden,SWE,1993,3.0,9.0
Sweden,SWE,1994,3.0,9.0
Sweden,SWE,1995,3.0,9.0
Sweden,SWE,1996,3.0,9.0
Sweden,SWE,1997,3.0,9.0
Sweden,SWE,1998,3.0,9.0
Sweden,SWE,1999,3.0,9.0
Sweden,SWE,2000,3.0,9.0
Sweden,SWE,2001,3.0,9.0
Sweden,SWE,2002,3.0,9.0
Sweden,SWE,2003,3.0,9.0
Sweden,SWE,2004,3.0,9.0
Sweden,SWE,2005,3.0,9.0
Sweden,SWE,2006,3.0,9.0
Sweden,SWE,2007,3.0,9.0
Sweden,SWE,2008,3.0,9.0
Sweden,SWE,2009,3.0,9.0
Sweden,SWE,2010,3.0,9.0
Sweden,SWE,2011,3.0,9.0
Sweden,SWE,2012,3.0,9.0
Sweden,SWE,2013,3.0,9.0
Sweden,SWE,2014,3.0,9.0
Sweden,SWE,2015,3.0,9.0
Sweden,SWE,2016,3.0,9.0
Sweden,SWE,2017,3.0,9.0
Sweden,SWE,2018,3.0,9.0
Sweden,SWE,2019,3.0,9.0
Sweden,SWE,2020,3.0,9.0
Sweden,SWE,2021,3.0,9.0
Sweden,SWE,2022,3.0,9.0
Sweden,SWE,2023,3.0,9.0
Sweden,SWE,2024,3.0,9.0
Sweden,SWE,2025,3.0,9.0
Switzerland,CHE,1798,,
Switzerland,CHE,1799,,
Switzerland,CHE,1800,,
Switzerland,CHE,1801,,
Switzerland,CHE,1802,,
Switzerland,CHE,1803,,
Switzerland,CHE,1804,,
Switzerland,CHE,1805,,
Switzerland,CHE,1806,,
Switzerland,CHE,1807,,
Switzerland,CHE,1808,,
Switzerland,CHE,1809,,
Switzerland,CHE,1810,,
Switzerland,CHE,1811,,
Switzerland,CHE,1812,,
Switzerland,CHE,1813,,
Switzerland,CHE,1814,,
Switzerland,CHE,1815,,
Switzerland,CHE,1816,,
Switzerland,CHE,1817,,
Switzerland,CHE,1818,,
Switzerland,CHE,1819,,
Switzerland,CHE,1820,,
Switzerland,CHE,1821,,
Switzerland,CHE,1822,,
Switzerland,CHE,1823,,
Switzerland,CHE,1824,,
Switzerland,CHE,1825,,
Switzerland,CHE,1826,,
Switzerland,CHE,1827,,
Switzerland,CHE,1828,,
Switzerland,CHE,1829,,
Switzerland,CHE,1830,,
Switzerland,CHE,1831,,
Switzerland,CHE,1832,,
Switzerland,CHE,1833,,
Switzerland,CHE,1834,,
Switzerland,CHE,1835,,
Switzerland,CHE,1836,,
Switzerland,CHE,1837,,
Switzerland,CHE,1838,,
Switzerland,CHE,1839,,
Switzerland,CHE,1840,,
Switzerland,CHE,1841,,
Switzerland,CHE,1842,,
Switzerland,CHE,1843,,
Switzerland,CHE,1844,,
Switzerland,CHE,1845,,
Switzerland,CHE,1846,,
Switzerland,CHE,1847,,
Switzerland,CHE,1848,,
Switzerland,CHE,1849,,
Switzerland,CHE,1850,,
Switzerland,CHE,1851,,
Switzerland,CHE,1852,,
Switzerland,CHE,1853,,
Switzerland,CHE,1854,,
Switzerland,CHE,1855,,
Switzerland,CHE,1856,,
Switzerland,CHE,1857,,
Switzerland,CHE,1858,,
Switzerland,CHE,1859,,
Switzerland,CHE,1860,,
Switzerland,CHE,1861,,
Switzerland,CHE,1862,,
Switzerland,CHE,1863,,
Switzerland,CHE,1864,,
Switzerland,CHE,1865,,
Switzerland,CHE,1866,,
Switzerland,CHE,1867,,
Switzerland,CHE,1868,,
Switzerland,CHE,1869,,
Switzerland,CHE,1870,,
Switzerland,CHE,1871,,
Switzerland,CHE,1872,,
Switzerland,CHE,1873,,
Switzerland,CHE,1874,,
Switzerland,CHE,1875,,
Switzerland,CHE,1876,,
Switzerland,CHE,1877,,
Switzerland,CHE,1878,,
Switzerland,CHE,1879,,
Switzerland,CHE,1880,,
Switzerland,CHE,1881,,
Switzerland,CHE,1882,,
Switzerland,CHE,1883,,
Switzerland,CHE,1884,,
Switzerland,CHE,1885,,
Switzerland,CHE,1886,,
Switzerland,CHE,1887,,
Switzerland,CHE,1888,,
Switzerland,CHE,1889,,
Switzerland,CHE,1890,,
Switzerland,CHE,1891,,
Switzerland,CHE,1892,,
Switzerland,CHE,1893,,
Switzerland,CHE,1894,,
Switzerland,CHE,1895,,
Switzerland,CHE,1896,,
Switzerland,CHE,1897,,
Switzerland,CHE,1898,,
Switzerland,CHE,1899,,
Switzerland,CHE,1900,3.0,9.0
Switzerland,CHE,1901,3.0,9.0
Switzerland,CHE,1902,3.0,9.0
Switzerland,CHE,1903,3.0,9.0
Switzerland,CHE,1904,3.0,9.0
Switzerland,CHE,1905,3.0,9.0
Switzerland,CHE,1906,3.0,9.0
Switzerland,CHE,1907,3.0,9.0
Switzerland,CHE,1908,3.0,9.0
Switzerland,CHE,1909,3.0,9.0
Switzerland,CHE,1910,3.0,9.0
Switzerland,CHE,1911,3.0,9.0
Switzerland,CHE,1912,3.0,9.0
Switzerland,CHE,1913,3.0,9.0
Switzerland,CHE,1914,3.0,9.0
Switzerland,CHE,1915,3.0,9.0
Switzerland,CHE,1916,3.0,9.0
Switzerland,CHE,1917,3.0,9.0
Switzerland,CHE,1918,3.0,9.0
Switzerland,CHE,1919,3.0,9.0
Switzerland,CHE,1920,3.0,9.0
Switzerland,CHE,1921,3.0,9.0
Switzerland,CHE,1922,3.0,9.0
Switzerland,CHE,1923,3.0,9.0
Switzerland,CHE,1924,3.0,9.0
Switzerland,CHE,1925,3.0,9.0
Switzerland,CHE,1926,3.0,9.0
Switzerland,CHE,1927,3.0,9.0
Switzerland,CHE,1928,3.0,9.0
Switzerland,CHE,1929,3.0,9.0
Switzerland,CHE,1930,3.0,9.0
Switzerland,CHE,1931,3.0,9.0
Switzerland,CHE,1932,3.0,9.0
Switzerland,CHE,1933,3.0,9.0
Switzerland,CHE,1934,3.0,9.0
Switzerland,CHE,1935,3.0,9.0
Switzerland,CHE,1936,3.0,9.0
Switzerland,CHE,1937,3.0,9.0
Switzerland,CHE,1938,3.0,9.0
Switzerland,CHE,1939,3.0,9.0
Switzerland,CHE,1940,3.0,9.0
Switzerland,CHE,1941,3.0,9.0
Switzerland,CHE,1942,3.0,9.0
Switzerland,CHE,1943,3.0,9.0
Switzerland,CHE,1944,3.0,9.0
Switzerland,CHE,1945,3.0,9.0
Switzerland,CHE,1946,3.0,9.0
Switzerland,CHE,1947,3.0,9.0
Switzerland,CHE,1948,3.0,9.0
Switzerland,CHE,1949,3.0,9.0
Switzerland,CHE,1950,3.0,9.0
Switzerland,CHE,1951,3.0,9.0
Switzerland,CHE,1952,3.0,9.0
Switzerland,CHE,1953,3.0,9.0
Switzerland,CHE,1954,3.0,9.0
Switzerland,CHE,1955,3.0,9.0
Switzerland,CHE,1956,3.0,9.0
Switzerland,CHE,1957,3.0,9.0
Switzerland,CHE,1958,3.0,9.0
Switzerland,CHE,1959,3.0,9.0
Switzerland,CHE,1960,3.0,9.0
Switzerland,CHE,1961,3.0,9.0
Switzerland,CHE,1962,3.0,9.0
Switzerland,CHE,1963,3.0,9.0
Switzerland,CHE,1964,3.0,9.0
Switzerland,CHE,1965,3.0,9.0
Switzerland,CHE,1966,3.0,9.0
Switzerland,CHE,1967,3.0,9.0
Switzerland,CHE,1968,3.0,9.0
Switzerland,CHE,1969,3.0,9.0
Switzerland,CHE,1970,3.0,9.0
Switzerland,CHE,1971,3.0,9.0
Switzerland,CHE,1972,3.0,9.0
Switzerland,CHE,1973,3.0,9.0
Switzerland,CHE,1974,3.0,9.0
Switzerland,CHE,1975,3.0,9.0
Switzerland,CHE,1976,3.0,9.0
Switzerland,CHE,1977,3.0,9.0
Switzerland,CHE,1978,3.0,9.0
Switzerland,CHE,1979,3.0,9.0
Switzerland,CHE,1980,3.0,9.0
Switzerland,CHE,1981,3.0,9.0
Switzerland,CHE,1982,3.0,9.0
Switzerland,CHE,1983,3.0,9.0
Switzerland,CHE,1984,3.0,9.0
Switzerland,CHE,1985,3.0,9.0
Switzerland,CHE,1986,3.0,9.0
Switzerland,CHE,1987,3.0,9.0
Switzerland,CHE,1988,3.0,9.0
Switzerland,CHE,1989,3.0,9.0
Switzerland,CHE,1990,3.0,9.0
Switzerland,CHE,1991,3.0,9.0
Switzerland,CHE,1992,3.0,9.0
Switzerland,CHE,1993,3.0,9.0
Switzerland,CHE,1994,3.0,9.0
Switzerland,CHE,1995,3.0,9.0
Switzerland,CHE,1996,3.0,9.0
Switzerland,CHE,1997,3.0,9.0
Switzerland,CHE,1998,3.0,9.0
Switzerland,CHE,1999,3.0,9.0
Switzerland,CHE,2000,3.0,9.0
Switzerland,CHE,2001,3.0,9.0
Switzerland,CHE,2002,3.0,9.0
Switzerland,CHE,2003,3.0,9.0
Switzerland,CHE,2004,3.0,9.0
Switzerland,CHE,2005,3.0,9.0
Switzerland,CHE,2006,3.0,9.0
Switzerland,CHE,2007,3.0,9.0
Switzerland,CHE,2008,3.0,9.0
Switzerland,CHE,2009,3.0,9.0
Switzerland,CHE,2010,3.0,9.0
Switzerland,CHE,2011,3.0,9.0
Switzerland,CHE,2012,3.0,9.0
Switzerland,CHE,2013,3.0,9.0
Switzerland,CHE,2014,3.0,9.0
Switzerland,CHE,2015,3.0,9.0
Switzerland,CHE,2016,3.0,9.0
Switzerland,CHE,2017,3.0,9.0
Switzerland,CHE,2018,3.0,9.0
Switzerland,CHE,2019,3.0,9.0
Switzerland,CHE,2020,3.0,9.0
Switzerland,CHE,2021,3.0,9.0
Switzerland,CHE,2022,3.0,9.0
Switzerland,CHE,2023,3.0,9.0
Switzerland,CHE,2024,3.0,9.0
Switzerland,CHE,2025,3.0,9.0
Ghana,GHA,1902,0.0,0.0
Ghana,GHA,1903,0.0,0.0
Ghana,GHA,1904,0.0,0.0
Ghana,GHA,1905,0.0,0.0
Ghana,GHA,1906,0.0,0.0
Ghana,GHA,1907,0.0,0.0
Ghana,GHA,1908,0.0,0.0
Ghana,GHA,1909,0.0,0.0
Ghana,GHA,1910,0.0,0.0
Ghana,GHA,1911,0.0,0.0
Ghana,GHA,1912,0.0,0.0
Ghana,GHA,1913,0.0,0.0
Ghana,GHA,1914,0.0,0.0
Ghana,GHA,1915,0.0,0.0
Ghana,GHA,1916,0.0,0.0
Ghana,GHA,1917,0.0,0.0
Ghana,GHA,1918,0.0,0.0
Ghana,GHA,1919,0.0,0.0
Ghana,GHA,1920,0.0,0.0
Ghana,GHA,1921,0.0,0.0
Ghana,GHA,1922,0.0,0.0
Ghana,GHA,1923,0.0,0.0
Ghana,GHA,1924,0.0,0.0
Ghana,GHA,1925,0.0,0.0
Ghana,GHA,1926,0.0,0.0
Ghana,GHA,1927,0.0,0.0
Ghana,GHA,1928,0.0,0.0
Ghana,GHA,1929,0.0,0.0
Ghana,GHA,1930,0.0,0.0
Ghana,GHA,1931,0.0,0.0
Ghana,GHA,1932,0.0,0.0
Ghana,GHA,1933,0.0,0.0
Ghana,GHA,1934,0.0,0.0
Ghana,GHA,1935,0.0,0.0
Ghana,GHA,1936,0.0,0.0
Ghana,GHA,1937,0.0,0.0
Ghana,GHA,1938,0.0,0.0
Ghana,GHA,1939,0.0,0.0
Ghana,GHA,1940,0.0,0.0
Ghana,GHA,1941,0.0,0.0
Ghana,GHA,1942,0.0,0.0
Ghana,GHA,1943,0.0,0.0
Ghana,GHA,1944,0.0,0.0
Ghana,GHA,1945,0.0,0.0
Ghana,GHA,1946,0.0,0.0
Ghana,GHA,1947,0.0,0.0
Ghana,GHA,1948,0.0,0.0
Ghana,GHA,1949,0.0,0.0
Ghana,GHA,1950,0.0,0.0
Ghana,GHA,1951,0.0,0.0
Ghana,GHA,1952,0.0,0.0
Ghana,GHA,1953,0.0,0.0
Ghana,GHA,1954,0.0,0.0
Ghana,GHA,1955,0.0,0.0
Ghana,GHA,1956,0.0,0.0
Ghana,GHA,1957,1.0,3.0
Ghana,GHA,1958,1.0,3.0
Ghana,GHA,1959,1.0,3.0
Ghana,GHA,1960,1.0,3.0
Ghana,GHA,1961,1.0,3.0
Ghana,GHA,1962,1.0,3.0
Ghana,GHA,1963,1.0,3.0
Ghana,GHA,1964,1.0,3.0
Ghana,GHA,1965,1.0,3.0
Ghana,GHA,1966,1.0,3.0
Ghana,GHA,1967,0.0,0.0
Ghana,GHA,1968,0.0,0.0
Ghana,GHA,1969,1.0,3.0
Ghana,GHA,1970,1.0,3.0
Ghana,GHA,1971,1.0,3.0
Ghana,GHA,1972,0.0,0.0
Ghana,GHA,1973,0.0,0.0
Ghana,GHA,1974,0.0,0.0
Ghana,GHA,1975,0.0,0.0
Ghana,GHA,1976,0.0,0.0
Ghana,GHA,1977,0.0,0.0
Ghana,GHA,1978,0.0,0.0
Ghana,GHA,1979,1.0,3.0
Ghana,GHA,1980,2.0,5.0
Ghana,GHA,1981,0.0,0.0
Ghana,GHA,1982,0.0,0.0
Ghana,GHA,1983,0.0,0.0
Ghana,GHA,1984,0.0,0.0
Ghana,GHA,1985,0.0,0.0
Ghana,GHA,1986,0.0,0.0
Ghana,GHA,1987,0.0,0.0
Ghana,GHA,1988,0.0,0.0
Ghana,GHA,1989,0.0,0.0
Ghana,GHA,1990,0.0,0.0
Ghana,GHA,1991,0.0,0.0
Ghana,GHA,1992,1.0,3.0
Ghana,GHA,1993,1.0,3.0
Ghana,GHA,1994,1.0,4.0
Ghana,GHA,1995,1.0,4.0
Ghana,GHA,1996,2.0,5.0
Ghana,GHA,1997,2.0,6.0
Ghana,GHA,1998,2.0,6.0
Ghana,GHA,1999,2.0,6.0
Ghana,GHA,2000,2.0,6.0
Ghana,GHA,2001,2.0,6.0
Ghana,GHA,2002,2.0,6.0
Ghana,GHA,2003,3.0,8.0
Ghana,GHA,2004,3.0,8.0
Ghana,GHA,2005,3.0,8.0
Ghana,GHA,2006,3.0,8.0
Ghana,GHA,2007,3.0,8.0
Ghana,GHA,2008,3.0,8.0
Ghana,GHA,2009,3.0,8.0
Ghana,GHA,2010,3.0,8.0
Ghana,GHA,2011,3.0,8.0
Ghana,GHA,2012,3.0,8.0
Ghana,GHA,2013,3.0,8.0
Ghana,GHA,2014,3.0,8.0
Ghana,GHA,2015,2.0,6.0
Ghana,GHA,2016,2.0,7.0
Ghana,GHA,2017,2.0,7.0
Ghana,GHA,2018,2.0,7.0
Ghana,GHA,2019,2.0,7.0
Ghana,GHA,2020,2.0,7.0
Ghana,GHA,2021,2.0,6.0
Ghana,GHA,2022,2.0,6.0
Ghana,GHA,2023,2.0,6.0
Ghana,GHA,2024,2.0,6.0
Ghana,GHA,2025,2.0,6.0
South Africa,ZAF,1900,0.0,0.0
South Africa,ZAF,1901,0.0,0.0
South Africa,ZAF,1902,0.0,0.0
South Africa,ZAF,1903,0.0,0.0
South Africa,ZAF,1904,0.0,0.0
South Africa,ZAF,1905,0.0,0.0
South Africa,ZAF,1906,0.0,0.0
South Africa,ZAF,1907,0.0,0.0
South Africa,ZAF,1908,0.0,0.0
South Africa,ZAF,1909,0.0,0.0
South Africa,ZAF,1910,1.0,3.0
South Africa,ZAF,1911,1.0,3.0
South Africa,ZAF,1912,1.0,3.0
South Africa,ZAF,1913,1.0,3.0
South Africa,ZAF,1914,1.0,3.0
South Africa,ZAF,1915,1.0,3.0
South Africa,ZAF,1916,1.0,3.0
South Africa,ZAF,1917,1.0,3.0
South Africa,ZAF,1918,1.0,3.0
South Africa,ZAF,1919,1.0,3.0
South Africa,ZAF,1920,1.0,3.0
South Africa,ZAF,1921,1.0,3.0
South Africa,ZAF,1922,1.0,3.0
South Africa,ZAF,1923,1.0,3.0
South Africa,ZAF,1924,1.0,3.0
South Africa,ZAF,1925,1.0,3.0
South Africa,ZAF,1926,1.0,3.0
South Africa,ZAF,1927,1.0,3.0
South Africa,ZAF,1928,1.0,3.0
South Africa,ZAF,1929,1.0,3.0
South Africa,ZAF,1930,1.0,3.0
South Africa,ZAF,1931,1.0,3.0
South Africa,ZAF,1932,1.0,3.0
South Africa,ZAF,1933,1.0,3.0
South Africa,ZAF,1934,1.0,3.0
South Africa,ZAF,1935,1.0,3.0
South Africa,ZAF,1936,1.0,3.0
South Africa,ZAF,1937,1.0,3.0
South Africa,ZAF,1938,1.0,3.0
South Africa,ZAF,1939,1.0,3.0
South Africa,ZAF,1940,1.0,3.0
South Africa,ZAF,1941,1.0,3.0
South Africa,ZAF,1942,1.0,3.0
South Africa,ZAF,1943,1.0,3.0
South Africa,ZAF,1944,1.0,3.0
South Africa,ZAF,1945,1.0,3.0
South Africa,ZAF,1946,1.0,3.0
South Africa,ZAF,1947,1.0,3.0
South Africa,ZAF,1948,1.0,3.0
South Africa,ZAF,1949,1.0,3.0
South Africa,ZAF,1950,1.0,3.0
South Africa,ZAF,1951,1.0,3.0
South Africa,ZAF,1952,1.0,3.0
South Africa,ZAF,1953,1.0,3.0
South Africa,ZAF,1954,1.0,3.0
South Africa,ZAF,1955,1.0,3.0
South Africa,ZAF,1956,1.0,3.0
South Africa,ZAF,1957,1.0,3.0
South Africa,ZAF,1958,1.0,3.0
South Africa,ZAF,1959,1.0,3.0
South Africa,ZAF,1960,1.0,3.0
South Africa,ZAF,1961,1.0,3.0
South Africa,ZAF,1962,1.0,3.0
South Africa,ZAF,1963,1.0,3.0
South Africa,ZAF,1964,1.0,3.0
South Africa,ZAF,1965,1.0,3.0
South Africa,ZAF,1966,1.0,3.0
South Africa,ZAF,1967,1.0,3.0
South Africa,ZAF,1968,1.0,3.0
South Africa,ZAF,1969,1.0,3.0
South Africa,ZAF,1970,1.0,3.0
South Africa,ZAF,1971,1.0,3.0
South Africa,ZAF,1972,1.0,3.0
South Africa,ZAF,1973,1.0,3.0
South Africa,ZAF,1974,1.0,3.0
South Africa,ZAF,1975,1.0,3.0
South Africa,ZAF,1976,1.0,3.0
South Africa,ZAF,1977,1.0,3.0
South Africa,ZAF,1978,1.0,3.0
South Africa,ZAF,1979,1.0,3.0
South Africa,ZAF,1980,1.0,3.0
South Africa,ZAF,1981,1.0,3.0
South Africa,ZAF,1982,1.0,3.0
South Africa,ZAF,1983,1.0,3.0
South Africa,ZAF,1984,0.0,0.0
South Africa,ZAF,1985,0.0,0.0
South Africa,ZAF,1986,0.0,0.0
South Africa,ZAF,1987,0.0,0.0
South Africa,ZAF,1988,0.0,0.0
South Africa,ZAF,1989,0.0,0.0
South Africa,ZAF,1990,0.0,0.0
South Africa,ZAF,1991,0.0,0.0
South Africa,ZAF,1992,0.0,0.0
South Africa,ZAF,1993,0.0,0.0
South Africa,ZAF,1994,1.0,3.0
South Africa,ZAF,1995,2.0,7.0
South Africa,ZAF,1996,3.0,8.0
South Africa,ZAF,1997,3.0,8.0
South Africa,ZAF,1998,3.0,8.0
South Africa,ZAF,1999,3.0,8.0
South Africa,ZAF,2000,3.0,8.0
South Africa,ZAF,2001,3.0,8.0
South Africa,ZAF,2002,3.0,8.0
South Africa,ZAF,2003,3.0,8.0
South Africa,ZAF,2004,3.0,8.0
South Africa,ZAF,2005,3.0,8.0
South Africa,ZAF,2006,3.0,8.0
South Africa,ZAF,2007,3.0,8.0
South Africa,ZAF,2008,3.0,8.0
South Africa,ZAF,2009,3.0,8.0
South Africa,ZAF,2010,3.0,8.0
South Africa,ZAF,2011,3.0,8.0
South Africa,ZAF,2012,3.0,8.0
South Africa,ZAF,2013,2.0,7.0
South Africa,ZAF,2014,2.0,7.0
South Africa,ZAF,2015,2.0,7.0
South Africa,ZAF,2016,2.0,7.0
South Africa,ZAF,2017,2.0,6.0
South Africa,ZAF,2018,2.0,6.0
South Africa,ZAF,2019,2.0,6.0
South Africa,ZAF,2020,2.0,6.0
South Africa,ZAF,2021,2.0,6.0
South Africa,ZAF,2022,2.0,6.0
South Africa,ZAF,2023,2.0,6.0
South Africa,ZAF,2024,2.0,6.0
South Africa,ZAF,2025,2.0,6.0
Japan,JPN,1789,,
Japan,JPN,1790,,
Japan,JPN,1791,,
Japan,JPN,1792,,
Japan,JPN,1793,,
Japan,JPN,1794,,
Japan,JPN,1795,,
Japan,JPN,1796,,
Japan,JPN,1797,,
Japan,JPN,1798,,
Japan,JPN,1799,,
Japan,JPN,1800,,
Japan,JPN,1801,,
Japan,JPN,1802,,
Japan,JPN,1803,,
Japan,JPN,1804,,
Japan,JPN,1805,,
Japan,JPN,1806,,
Japan,JPN,1807,,
Japan,JPN,1808,,
Japan,JPN,1809,,
Japan,JPN,1810,,
Japan,JPN,1811,,
Japan,JPN,1812,,
Japan,JPN,1813,,
Japan,JPN,1814,,
Japan,JPN,1815,,
Japan,JPN,1816,,
Japan,JPN,1817,,
Japan,JPN,1818,,
Japan,JPN,1819,,
Japan,JPN,1820,,
Japan,JPN,1821,,
Japan,JPN,1822,,
Japan,JPN,1823,,
Japan,JPN,1824,,
Japan,JPN,1825,,
Japan,JPN,1826,,
Japan,JPN,1827,,
Japan,JPN,1828,,
Japan,JPN,1829,,
Japan,JPN,1830,,
Japan,JPN,1831,,
Japan,JPN,1832,,
Japan,JPN,1833,,
Japan,JPN,1834,,
Japan,JPN,1835,,
Japan,JPN,1836,,
Japan,JPN,1837,,
Japan,JPN,1838,,
Japan,JPN,1839,,
Japan,JPN,1840,,
Japan,JPN,1841,,
Japan,JPN,1842,,
Japan,JPN,1843,,
Japan,JPN,1844,,
Japan,JPN,1845,,
Japan,JPN,1846,,
Japan,JPN,1847,,
Japan,JPN,1848,,
Japan,JPN,1849,,
Japan,JPN,1850,,
Japan,JPN,1851,,
Japan,JPN,1852,,
Japan,JPN,1853,,
Japan,JPN,1854,,
Japan,JPN,1855,,
Japan,JPN,1856,,
Japan,JPN,1857,,
Japan,JPN,1858,,
Japan,JPN,1859,,
Japan,JPN,1860,,
Japan,JPN,1861,,
Japan,JPN,1862,,
Japan,JPN,1863,,
Japan,JPN,1864,,
Japan,JPN,1865,,
Japan,JPN,1866,,
Japan,JPN,1867,,
Japan,JPN,1868,,
Japan,JPN,1869,,
Japan,JPN,1870,,
Japan,JPN,1871,,
Japan,JPN,1872,,
Japan,JPN,1873,,
Japan,JPN,1874,,
Japan,JPN,1875,,
Japan,JPN,1876,,
Japan,JPN,1877,,
Japan,JPN,1878,,
Japan,JPN,1879,,
Japan,JPN,1880,,
Japan,JPN,1881,,
Japan,JPN,1882,,
Japan,JPN,1883,,
Japan,JPN,1884,,
Japan,JPN,1885,,
Japan,JPN,1886,,
Japan,JPN,1887,,
Japan,JPN,1888,,
Japan,JPN,1889,,
Japan,JPN,1890,,
Japan,JPN,1891,,
Japan,JPN,1892,,
Japan,JPN,1893,,
Japan,JPN,1894,,
Japan,JPN,1895,,
Japan,JPN,1896,,
Japan,JPN,1897,,
Japan,JPN,1898,,
Japan,JPN,1899,,
Japan,JPN,1900,0.0,0.0
Japan,JPN,1901,0.0,0.0
Japan,JPN,1902,0.0,0.0
Japan,JPN,1903,0.0,0.0
Japan,JPN,1904,0.0,0.0
Japan,JPN,1905,0.0,0.0
Japan,JPN,1906,0.0,0.0
Japan,JPN,1907,0.0,0.0
Japan,JPN,1908,0.0,0.0
Japan,JPN,1909,0.0,0.0
Japan,JPN,1910,0.0,0.0
Japan,JPN,1911,0.0,0.0
Japan,JPN,1912,0.0,0.0
Japan,JPN,1913,0.0,0.0
Japan,JPN,1914,0.0,0.0
Japan,JPN,1915,0.0,0.0
Japan,JPN,1916,0.0,0.0
Japan,JPN,1917,0.0,0.0
Japan,JPN,1918,0.0,0.0
Japan,JPN,1919,0.0,0.0
Japan,JPN,1920,0.0,0.0
Japan,JPN,1921,0.0,0.0
Japan,JPN,1922,0.0,0.0
Japan,JPN,1923,0.0,0.0
Japan,JPN,1924,0.0,0.0
Japan,JPN,1925,0.0,0.0
Japan,JPN,1926,0.0,0.0
Japan,JPN,1927,0.0,0.0
Japan,JPN,1928,0.0,0.0
Japan,JPN,1929,0.0,0.0
Japan,JPN,1930,0.0,0.0
Japan,JPN,1931,0.0,0.0
Japan,JPN,1932,0.0,0.0
Japan,JPN,1933,0.0,0.0
Japan,JPN,1934,0.0,0.0
Japan,JPN,1935,0.0,0.0
Japan,JPN,1936,0.0,0.0
Japan,JPN,1937,0.0,0.0
Japan,JPN,1938,0.0,0.0
Japan,JPN,1939,0.0,0.0
Japan,JPN,1940,0.0,0.0
Japan,JPN,1941,0.0,0.0
Japan,JPN,1942,0.0,0.0
Japan,JPN,1943,0.0,0.0
Japan,JPN,1944,0.0,0.0
Japan,JPN,1945,1.0,2.0
Japan,JPN,1946,0.0,0.0
Japan,JPN,1947,0.0,0.0
Japan,JPN,1948,0.0,0.0
Japan,JPN,1949,0.0,0.0
Japan,JPN,1950,0.0,0.0
Japan,JPN,1951,0.0,0.0
Japan,JPN,1952,3.0,8.0
Japan,JPN,1953,3.0,9.0
Japan,JPN,1954,3.0,9.0
Japan,JPN,1955,3.0,9.0
Japan,JPN,1956,3.0,9.0
Japan,JPN,1957,3.0,9.0
Japan,JPN,1958,3.0,9.0
Japan,JPN,1959,3.0,9.0
Japan,JPN,1960,3.0,9.0
Japan,JPN,1961,3.0,9.0
Japan,JPN,1962,3.0,9.0
Japan,JPN,1963,3.0,9.0
Japan,JPN,1964,3.0,9.0
Japan,JPN,1965,3.0,9.0
Japan,JPN,1966,3.0,9.0
Japan,JPN,1967,3.0,9.0
Japan,JPN,1968,3.0,9.0
Japan,JPN,1969,3.0,9.0
Japan,JPN,1970,3.0,9.0
Japan,JPN,1971,3.0,9.0
Japan,JPN,1972,3.0,9.0
Japan,JPN,1973,3.0,9.0
Japan,JPN,1974,3.0,9.0
Japan,JPN,1975,3.0,9.0
Japan,JPN,1976,3.0,9.0
Japan,JPN,1977,3.0,9.0
Japan,JPN,1978,3.0,9.0
Japan,JPN,1979,3.0,9.0
Japan,JPN,1980,3.0,9.0
Japan,JPN,1981,3.0,9.0
Japan,JPN,1982,3.0,9.0
Japan,JPN,1983,3.0,9.0
Japan,JPN,1984,3.0,9.0
Japan,JPN,1985,3.0,9.0
Japan,JPN,1986,3.0,9.0
Japan,JPN,1987,3.0,9.0
Japan,JPN,1988,3.0,9.0
Japan,JPN,1989,3.0,9.0
Japan,JPN,1990,3.0,9.0
Japan,JPN,1991,3.0,9.0
Japan,JPN,1992,3.0,9.0
Japan,JPN,1993,3.0,9.0
Japan,JPN,1994,3.0,9.0
Japan,JPN,1995,3.0,9.0
Japan,JPN,1996,3.0,9.0
Japan,JPN,1997,3.0,9.0
Japan,JPN,1998,3.0,9.0
Japan,JPN,1999,3.0,9.0
Japan,JPN,2000,3.0,9.0
Japan,JPN,2001,3.0,9.0
Japan,JPN,2002,3.0,9.0
Japan,JPN,2003,3.0,9.0
Japan,JPN,2004,3.0,9.0
Japan,JPN,2005,3.0,9.0
Japan,JPN,2006,3.0,9.0
Japan,JPN,2007,3.0,9.0
Japan,JPN,2008,3.0,9.0
Japan,JPN,2009,3.0,9.0
Japan,JPN,2010,3.0,9.0
Japan,JPN,2011,3.0,9.0
Japan,JPN,2012,3.0,9.0
Japan,JPN,2013,3.0,9.0
Japan,JPN,2014,3.0,9.0
Japan,JPN,2015,3.0,9.0
Japan,JPN,2016,3.0,9.0
Japan,JPN,2017,3.0,9.0
Japan,JPN,2018,3.0,9.0
Japan,JPN,2019,3.0,9.0
Japan,JPN,2020,3.0,9.0
Japan,JPN,2021,3.0,9.0
Japan,JPN,2022,3.0,9.0
Japan,JPN,2023,3.0,9.0
Japan,JPN,2024,3.0,9.0
Japan,JPN,2025,3.0,9.0
Burma/Myanmar,MMR,1789,,
Burma/Myanmar,MMR,1790,,
Burma/Myanmar,MMR,1791,,
Burma/Myanmar,MMR,1792,,
Burma/Myanmar,MMR,1793,,
Burma/Myanmar,MMR,1794,,
Burma/Myanmar,MMR,1795,,
Burma/Myanmar,MMR,1796,,
Burma/Myanmar,MMR,1797,,
Burma/Myanmar,MMR,1798,,
Burma/Myanmar,MMR,1799,,
Burma/Myanmar,MMR,1800,,
Burma/Myanmar,MMR,1801,,
Burma/Myanmar,MMR,1802,,
Burma/Myanmar,MMR,1803,,
Burma/Myanmar,MMR,1804,,
Burma/Myanmar,MMR,1805,,
Burma/Myanmar,MMR,1806,,
Burma/Myanmar,MMR,1807,,
Burma/Myanmar,MMR,1808,,
Burma/Myanmar,MMR,1809,,
Burma/Myanmar,MMR,1810,,
Burma/Myanmar,MMR,1811,,
Burma/Myanmar,MMR,1812,,
Burma/Myanmar,MMR,1813,,
Burma/Myanmar,MMR,1814,,
Burma/Myanmar,MMR,1815,,
Burma/Myanmar,MMR,1816,,
Burma/Myanmar,MMR,1817,,
Burma/Myanmar,MMR,1818,,
Burma/Myanmar,MMR,1819,,
Burma/Myanmar,MMR,1820,,
Burma/Myanmar,MMR,1821,,
Burma/Myanmar,MMR,1822,,
Burma/Myanmar,MMR,1823,,
Burma/Myanmar,MMR,1824,,
Burma/Myanmar,MMR,1825,,
Burma/Myanmar,MMR,1826,,
Burma/Myanmar,MMR,1827,,
Burma/Myanmar,MMR,1828,,
Burma/Myanmar,MMR,1829,,
Burma/Myanmar,MMR,1830,,
Burma/Myanmar,MMR,1831,,
Burma/Myanmar,MMR,1832,,
Burma/Myanmar,MMR,1833,,
Burma/Myanmar,MMR,1834,,
Burma/Myanmar,MMR,1835,,
Burma/Myanmar,MMR,1836,,
Burma/Myanmar,MMR,1837,,
Burma/Myanmar,MMR,1838,,
Burma/Myanmar,MMR,1839,,
Burma/Myanmar,MMR,1840,,
Burma/Myanmar,MMR,1841,,
Burma/Myanmar,MMR,1842,,
Burma/Myanmar,MMR,1843,,
Burma/Myanmar,MMR,1844,,
Burma/Myanmar,MMR,1845,,
Burma/Myanmar,MMR,1846,,
Burma/Myanmar,MMR,1847,,
Burma/Myanmar,MMR,1848,,
Burma/Myanmar,MMR,1849,,
Burma/Myanmar,MMR,1850,,
Burma/Myanmar,MMR,1851,,
Burma/Myanmar,MMR,1852,,
Burma/Myanmar,MMR,1853,,
Burma/Myanmar,MMR,1854,,
Burma/Myanmar,MMR,1855,,
Burma/Myanmar,MMR,1856,,
Burma/Myanmar,MMR,1857,,
Burma/Myanmar,MMR,1858,,
Burma/Myanmar,MMR,1859,,
Burma/Myanmar,MMR,1860,,
Burma/Myanmar,MMR,1861,,
Burma/Myanmar,MMR,1862,,
Burma/Myanmar,MMR,1863,,
Burma/Myanmar,MMR,1864,,
Burma/Myanmar,MMR,1865,,
Burma/Myanmar,MMR,1866,,
Burma/Myanmar,MMR,1867,,
Burma/Myanmar,MMR,1868,,
Burma/Myanmar,MMR,1869,,
Burma/Myanmar,MMR,1870,,
Burma/Myanmar,MMR,1871,,
Burma/Myanmar,MMR,1872,,
Burma/Myanmar,MMR,1873,,
Burma/Myanmar,MMR,1874,,
Burma/Myanmar,MMR,1875,,
Burma/Myanmar,MMR,1876,,
Burma/Myanmar,MMR,1877,,
Burma/Myanmar,MMR,1878,,
Burma/Myanmar,MMR,1879,,
Burma/Myanmar,MMR,1880,,
Burma/Myanmar,MMR,1881,,
Burma/Myanmar,MMR,1882,,
Burma/Myanmar,MMR,1883,,
Burma/Myanmar,MMR,1884,,
Burma/Myanmar,MMR,1885,,
Burma/Myanmar,MMR,1886,,
Burma/Myanmar,MMR,1887,,
Burma/Myanmar,MMR,1888,,
Burma/Myanmar,MMR,1889,,
Burma/Myanmar,MMR,1890,,
Burma/Myanmar,MMR,1891,,
Burma/Myanmar,MMR,1892,,
Burma/Myanmar,MMR,1893,,
Burma/Myanmar,MMR,1894,,
Burma/Myanmar,MMR,1895,,
Burma/Myanmar,MMR,1896,,
Burma/Myanmar,MMR,1897,,
Burma/Myanmar,MMR,1898,,
Burma/Myanmar,MMR,1899,,
Burma/Myanmar,MMR,1900,0.0,0.0
Burma/Myanmar,MMR,1901,0.0,0.0
Burma/Myanmar,MMR,1902,0.0,0.0
Burma/Myanmar,MMR,1903,0.0,0.0
Burma/Myanmar,MMR,1904,0.0,0.0
Burma/Myanmar,MMR,1905,0.0,0.0
Burma/Myanmar,MMR,1906,0.0,0.0
Burma/Myanmar,MMR,1907,0.0,0.0
Burma/Myanmar,MMR,1908,0.0,0.0
Burma/Myanmar,MMR,1909,0.0,0.0
Burma/Myanmar,MMR,1910,0.0,0.0
Burma/Myanmar,MMR,1911,0.0,0.0
Burma/Myanmar,MMR,1912,0.0,0.0
Burma/Myanmar,MMR,1913,0.0,0.0
Burma/Myanmar,MMR,1914,0.0,0.0
Burma/Myanmar,MMR,1915,0.0,0.0
Burma/Myanmar,MMR,1916,0.0,0.0
Burma/Myanmar,MMR,1917,0.0,0.0
Burma/Myanmar,MMR,1918,0.0,0.0
Burma/Myanmar,MMR,1919,0.0,0.0
Burma/Myanmar,MMR,1920,0.0,0.0
Burma/Myanmar,MMR,1921,0.0,0.0
Burma/Myanmar,MMR,1922,0.0,0.0
Burma/Myanmar,MMR,1923,0.0,0.0
Burma/Myanmar,MMR,1924,0.0,0.0
Burma/Myanmar,MMR,1925,0.0,0.0
Burma/Myanmar,MMR,1926,0.0,0.0
Burma/Myanmar,MMR,1927,0.0,0.0
Burma/Myanmar,MMR,1928,0.0,0.0
Burma/Myanmar,MMR,1929,0.0,0.0
Burma/Myanmar,MMR,1930,0.0,0.0
Burma/Myanmar,MMR,1931,0.0,0.0
Burma/Myanmar,MMR,1932,0.0,0.0
Burma/Myanmar,MMR,1933,0.0,0.0
Burma/Myanmar,MMR,1934,0.0,0.0
Burma/Myanmar,MMR,1935,0.0,0.0
Burma/Myanmar,MMR,1936,0.0,0.0
Burma/Myanmar,MMR,1937,0.0,0.0
Burma/Myanmar,MMR,1938,0.0,0.0
Burma/Myanmar,MMR,1939,0.0,0.0
Burma/Myanmar,MMR,1940,0.0,0.0
Burma/Myanmar,MMR,1941,0.0,0.0
Burma/Myanmar,MMR,1942,0.0,0.0
Burma/Myanmar,MMR,1943,0.0,0.0
Burma/Myanmar,MMR,1944,0.0,0.0
Burma/Myanmar,MMR,1945,0.0,0.0
Burma/Myanmar,MMR,1946,0.0,0.0
Burma/Myanmar,MMR,1947,0.0,0.0
Burma/Myanmar,MMR,1948,0.0,0.0
Burma/Myanmar,MMR,1949,0.0,0.0
Burma/Myanmar,MMR,1950,0.0,0.0
Burma/Myanmar,MMR,1951,1.0,3.0
Burma/Myanmar,MMR,1952,1.0,3.0
Burma/Myanmar,MMR,1953,1.0,3.0
Burma/Myanmar,MMR,1954,1.0,3.0
Burma/Myanmar,MMR,1955,1.0,3.0
Burma/Myanmar,MMR,1956,1.0,3.0
Burma/Myanmar,MMR,1957,1.0,3.0
Burma/Myanmar,MMR,1958,1.0,3.0
Burma/Myanmar,MMR,1959,1.0,3.0
Burma/Myanmar,MMR,1960,1.0,3.0
Burma/Myanmar,MMR,1961,1.0,3.0
Burma/Myanmar,MMR,1962,0.0,0.0
Burma/Myanmar,MMR,1963,0.0,0.0
Burma/Myanmar,MMR,1964,0.0,0.0
Burma/Myanmar,MMR,1965,0.0,0.0
Burma/Myanmar,MMR,1966,0.0,0.0
Burma/Myanmar,MMR,1967,0.0,0.0
Burma/Myanmar,MMR,1968,0.0,0.0
Burma/Myanmar,MMR,1969,0.0,0.0
Burma/Myanmar,MMR,1970,0.0,0.0
Burma/Myanmar,MMR,1971,0.0,0.0
Burma/Myanmar,MMR,1972,0.0,0.0
Burma/Myanmar,MMR,1973,0.0,0.0
Burma/Myanmar,MMR,1974,0.0,0.0
Burma/Myanmar,MMR,1975,0.0,0.0
Burma/Myanmar,MMR,1976,0.0,0.0
Burma/Myanmar,MMR,1977,0.0,0.0
Burma/Myanmar,MMR,1978,0.0,0.0
Burma/Myanmar,MMR,1979,0.0,0.0
Burma/Myanmar,MMR,1980,0.0,0.0
Burma/Myanmar,MMR,1981,0.0,0.0
Burma/Myanmar,MMR,1982,0.0,0.0
Burma/Myanmar,MMR,1983,0.0,0.0
Burma/Myanmar,MMR,1984,0.0,0.0
Burma/Myanmar,MMR,1985,0.0,0.0
Burma/Myanmar,MMR,1986,0.0,0.0
Burma/Myanmar,MMR,1987,0.0,0.0
Burma/Myanmar,MMR,1988,0.0,0.0
Burma/Myanmar,MMR,1989,0.0,0.0
Burma/Myanmar,MMR,1990,0.0,0.0
Burma/Myanmar,MMR,1991,0.0,0.0
Burma/Myanmar,MMR,1992,0.0,0.0
Burma/Myanmar,MMR,1993,0.0,0.0
Burma/Myanmar,MMR,1994,0.0,0.0
Burma/Myanmar,MMR,1995,0.0,0.0
Burma/Myanmar,MMR,1996,0.0,0.0
Burma/Myanmar,MMR,1997,0.0,0.0
Burma/Myanmar,MMR,1998,0.0,0.0
Burma/Myanmar,MMR,1999,0.0,0.0
Burma/Myanmar,MMR,2000,0.0,0.0
Burma/Myanmar,MMR,2001,0.0,0.0
Burma/Myanmar,MMR,2002,0.0,0.0
Burma/Myanmar,MMR,2003,0.0,0.0
Burma/Myanmar,MMR,2004,0.0,0.0
Burma/Myanmar,MMR,2005,0.0,0.0
Burma/Myanmar,MMR,2006,0.0,0.0
Burma/Myanmar,MMR,2007,0.0,0.0
Burma/Myanmar,MMR,2008,0.0,0.0
Burma/Myanmar,MMR,2009,0.0,0.0
Burma/Myanmar,MMR,2010,0.0,0.0
Burma/Myanmar,MMR,2011,1.0,3.0
Burma/Myanmar,MMR,2012,1.0,3.0
Burma/Myanmar,MMR,2013,1.0,3.0
Burma/Myanmar,MMR,2014,1.0,3.0
Burma/Myanmar,MMR,2015,1.0,3.0
Burma/Myanmar,MMR,2016,1.0,3.0
Burma/Myanmar,MMR,2017,1.0,3.0
Burma/Myanmar,MMR,2018,1.0,3.0
Burma/Myanmar,MMR,2019,1.0,3.0
Burma/Myanmar,MMR,2020,1.0,3.0
Burma/Myanmar,MMR,2021,0.0,0.0
Burma/Myanmar,MMR,2022,0.0,0.0
Burma/Myanmar,MMR,2023,0.0,0.0
Burma/Myanmar,MMR,2024,0.0,0.0
Burma/Myanmar,MMR,2025,0.0,0.0
Russia,RUS,1789,,
Russia,RUS,1790,,
Russia,RUS,1791,,
Russia,RUS,1792,,
Russia,RUS,1793,,
Russia,RUS,1794,,
Russia,RUS,1795,,
Russia,RUS,1796,,
Russia,RUS,1797,,
Russia,RUS,1798,,
Russia,RUS,1799,,
Russia,RUS,1800,,
Russia,RUS,1801,,
Russia,RUS,1802,,
Russia,RUS,1803,,
Russia,RUS,1804,,
Russia,RUS,1805,,
Russia,RUS,1806,,
Russia,RUS,1807,,
Russia,RUS,1808,,
Russia,RUS,1809,,
Russia,RUS,1810,,
Russia,RUS,1811,,
Russia,RUS,1812,,
Russia,RUS,1813,,
Russia,RUS,1814,,
Russia,RUS,1815,,
Russia,RUS,1816,,
Russia,RUS,1817,,
Russia,RUS,1818,,
Russia,RUS,1819,,
Russia,RUS,1820,,
Russia,RUS,1821,,
Russia,RUS,1822,,
Russia,RUS,1823,,
Russia,RUS,1824,,
Russia,RUS,1825,,
Russia,RUS,1826,,
Russia,RUS,1827,,
Russia,RUS,1828,,
Russia,RUS,1829,,
Russia,RUS,1830,,
Russia,RUS,1831,,
Russia,RUS,1832,,
Russia,RUS,1833,,
Russia,RUS,1834,,
Russia,RUS,1835,,
Russia,RUS,1836,,
Russia,RUS,1837,,
Russia,RUS,1838,,
Russia,RUS,1839,,
Russia,RUS,1840,,
Russia,RUS,1841,,
Russia,RUS,1842,,
Russia,RUS,1843,,
Russia,RUS,1844,,
Russia,RUS,1845,,
Russia,RUS,1846,,
Russia,RUS,1847,,
Russia,RUS,1848,,
Russia,RUS,1849,,
Russia,RUS,1850,,
Russia,RUS,1851,,
Russia,RUS,1852,,
Russia,RUS,1853,,
Russia,RUS,1854,,
Russia,RUS,1855,,
Russia,RUS,1856,,
Russia,RUS,1857,,
Russia,RUS,1858,,
Russia,RUS,1859,,
Russia,RUS,1860,,
Russia,RUS,1861,,
Russia,RUS,1862,,
Russia,RUS,1863,,
Russia,RUS,1864,,
Russia,RUS,1865,,
Russia,RUS,1866,,
Russia,RUS,1867,,
Russia,RUS,1868,,
Russia,RUS,1869,,
Russia,RUS,1870,,
Russia,RUS,1871,,
Russia,RUS,1872,,
Russia,RUS,1873,,
Russia,RUS,1874,,
Russia,RUS,1875,,
Russia,RUS,1876,,
Russia,RUS,1877,,
Russia,RUS,1878,,
Russia,RUS,1879,,
Russia,RUS,1880,,
Russia,RUS,1881,,
Russia,RUS,1882,,
Russia,RUS,1883,,
Russia,RUS,1884,,
Russia,RUS,1885,,
Russia,RUS,1886,,
Russia,RUS,1887,,
Russia,RUS,1888,,
Russia,RUS,1889,,
Russia,RUS,1890,,
Russia,RUS,1891,,
Russia,RUS,1892,,
Russia,RUS,1893,,
Russia,RUS,1894,,
Russia,RUS,1895,,
Russia,RUS,1896,,
Russia,RUS,1897,,
Russia,RUS,1898,,
Russia,RUS,1899,,
Russia,RUS,1900,0.0,0.0
Russia,RUS,1901,0.0,0.0
Russia,RUS,1902,0.0,0.0
Russia,RUS,1903,0.0,0.0
Russia,RUS,1904,0.0,0.0
Russia,RUS,1905,0.0,0.0
Russia,RUS,1906,0.0,0.0
Russia,RUS,1907,0.0,0.0
Russia,RUS,1908,0.0,0.0
Russia,RUS,1909,0.0,0.0
Russia,RUS,1910,0.0,0.0
Russia,RUS,1911,0.0,0.0
Russia,RUS,1912,0.0,0.0
Russia,RUS,1913,0.0,0.0
Russia,RUS,1914,0.0,0.0
Russia,RUS,1915,0.0,0.0
Russia,RUS,1916,0.0,0.0
Russia,RUS,1917,1.0,3.0
Russia,RUS,1918,0.0,0.0
Russia,RUS,1919,0.0,0.0
Russia,RUS,1920,0.0,0.0
Russia,RUS,1921,0.0,0.0
Russia,RUS,1922,0.0,0.0
Russia,RUS,1923,0.0,0.0
Russia,RUS,1924,0.0,0.0
Russia,RUS,1925,0.0,0.0
Russia,RUS,1926,0.0,0.0
Russia,RUS,1927,0.0,0.0
Russia,RUS,1928,0.0,0.0
Russia,RUS,1929,0.0,0.0
Russia,RUS,1930,0.0,0.0
Russia,RUS,1931,0.0,0.0
Russia,RUS,1932,0.0,0.0
Russia,RUS,1933,0.0,0.0
Russia,RUS,1934,0.0,0.0
Russia,RUS,1935,0.0,0.0
Russia,RUS,1936,0.0,0.0
Russia,RUS,1937,0.0,0.0
Russia,RUS,1938,0.0,0.0
Russia,RUS,1939,0.0,0.0
Russia,RUS,1940,0.0,0.0
Russia,RUS,1941,0.0,0.0
Russia,RUS,1942,0.0,0.0
Russia,RUS,1943,0.0,0.0
Russia,RUS,1944,0.0,0.0
Russia,RUS,1945,0.0,0.0
Russia,RUS,1946,0.0,0.0
Russia,RUS,1947,0.0,0.0
Russia,RUS,1948,0.0,0.0
Russia,RUS,1949,0.0,0.0
Russia,RUS,1950,0.0,0.0
Russia,RUS,1951,0.0,0.0
Russia,RUS,1952,0.0,0.0
Russia,RUS,1953,0.0,0.0
Russia,RUS,1954,0.0,0.0
Russia,RUS,1955,0.0,0.0
Russia,RUS,1956,0.0,0.0
Russia,RUS,1957,0.0,0.0
Russia,RUS,1958,0.0,0.0
Russia,RUS,1959,0.0,0.0
Russia,RUS,1960,0.0,0.0
Russia,RUS,1961,0.0,0.0
Russia,RUS,1962,0.0,0.0
Russia,RUS,1963,0.0,0.0
Russia,RUS,1964,0.0,0.0
Russia,RUS,1965,0.0,0.0
Russia,RUS,1966,0.0,0.0
Russia,RUS,1967,0.0,0.0
Russia,RUS,1968,0.0,0.0
Russia,RUS,1969,0.0,0.0
Russia,RUS,1970,0.0,0.0
Russia,RUS,1971,0.0,0.0
Russia,RUS,1972,0.0,0.0
Russia,RUS,1973,0.0,0.0
Russia,RUS,1974,0.0,0.0
Russia,RUS,1975,0.0,0.0
Russia,RUS,1976,0.0,0.0
Russia,RUS,1977,0.0,0.0
Russia,RUS,1978,0.0,0.0
Russia,RUS,1979,0.0,0.0
Russia,RUS,1980,0.0,0.0
Russia,RUS,1981,0.0,0.0
Russia,RUS,1982,0.0,0.0
Russia,RUS,1983,0.0,0.0
Russia,RUS,1984,0.0,0.0
Russia,RUS,1985,0.0,0.0
Russia,RUS,1986,0.0,0.0
Russia,RUS,1987,0.0,0.0
Russia,RUS,1988,0.0,0.0
Russia,RUS,1989,0.0,0.0
Russia,RUS,1990,0.0,0.0
Russia,RUS,1991,1.0,3.0
Russia,RUS,1992,1.0,4.0
Russia,RUS,1993,1.0,4.0
Russia,RUS,1994,1.0,4.0
Russia,RUS,1995,1.0,4.0
Russia,RUS,1996,1.0,4.0
Russia,RUS,1997,1.0,4.0
Russia,RUS,1998,1.0,4.0
Russia,RUS,1999,1.0,4.0
Russia,RUS,2000,1.0,3.0
Russia,RUS,2001,1.0,3.0
Russia,RUS,2002,1.0,3.0
Russia,RUS,2003,1.0,3.0
Russia,RUS,2004,1.0,3.0
Russia,RUS,2005,1.0,3.0
Russia,RUS,2006,1.0,3.0
Russia,RUS,2007,1.0,3.0
Russia,RUS,2008,1.0,3.0
Russia,RUS,2009,1.0,3.0
Russia,RUS,2010,1.0,3.0
Russia,RUS,2011,1.0,3.0
Russia,RUS,2012,1.0,3.0
Russia,RUS,2013,1.0,3.0
Russia,RUS,2014,1.0,3.0
Russia,RUS,2015,1.0,3.0
Russia,RUS,2016,1.0,3.0
Russia,RUS,2017,1.0,3.0
Russia,RUS,2018,1.0,3.0
Russia,RUS,2019,1.0,3.0
Russia,RUS,2020,1.0,3.0
Russia,RUS,2021,1.0,3.0
Russia,RUS,2022,1.0,3.0
Russia,RUS,2023,1.0,3.0
Russia,RUS,2024,1.0,3.0
Russia,RUS,2025,1.0,3.0
Albania,ALB,1912,,
Albania,ALB,1913,,
Albania,ALB,1914,0.0,0.0
Albania,ALB,1915,0.0,0.0
Albania,ALB,1916,0.0,0.0
Albania,ALB,1917,0.0,0.0
Albania,ALB,1918,0.0,0.0
Albania,ALB,1919,0.0,0.0
Albania,ALB,1920,0.0,0.0
Albania,ALB,1921,1.0,3.0
Albania,ALB,1922,1.0,3.0
Albania,ALB,1923,1.0,3.0
Albania,ALB,1924,1.0,3.0
Albania,ALB,1925,1.0,3.0
Albania,ALB,1926,1.0,3.0
Albania,ALB,1927,1.0,3.0
Albania,ALB,1928,1.0,3.0
Albania,ALB,1929,0.0,0.0
Albania,ALB,1930,0.0,0.0
Albania,ALB,1931,0.0,0.0
Albania,ALB,1932,1.0,3.0
Albania,ALB,1933,1.0,3.0
Albania,ALB,1934,1.0,3.0
Albania,ALB,1935,1.0,3.0
Albania,ALB,1936,1.0,3.0
Albania,ALB,1937,1.0,3.0
Albania,ALB,1938,0.0,0.0
Albania,ALB,1939,0.0,0.0
Albania,ALB,1940,0.0,0.0
Albania,ALB,1941,0.0,0.0
Albania,ALB,1942,0.0,0.0
Albania,ALB,1943,0.0,0.0
Albania,ALB,1944,0.0,0.0
Albania,ALB,1945,0.0,0.0
Albania,ALB,1946,1.0,2.0
Albania,ALB,1947,1.0,2.0
Albania,ALB,1948,1.0,2.0
Albania,ALB,1949,0.0,1.0
Albania,ALB,1950,0.0,1.0
Albania,ALB,1951,0.0,1.0
Albania,ALB,1952,0.0,1.0
Albania,ALB,1953,0.0,1.0
Albania,ALB,1954,0.0,1.0
Albania,ALB,1955,0.0,1.0
Albania,ALB,1956,0.0,1.0
Albania,ALB,1957,0.0,1.0
Albania,ALB,1958,0.0,1.0
Albania,ALB,1959,0.0,1.0
Albania,ALB,1960,0.0,1.0
Albania,ALB,1961,0.0,1.0
Albania,ALB,1962,0.0,1.0
Albania,ALB,1963,0.0,1.0
Albania,ALB,1964,0.0,1.0
Albania,ALB,1965,0.0,1.0
Albania,ALB,1966,0.0,1.0
Albania,ALB,1967,0.0,1.0
Albania,ALB,1968,0.0,1.0
Albania,ALB,1969,0.0,1.0
Albania,ALB,1970,0.0,1.0
Albania,ALB,1971,0.0,1.0
Albania,ALB,1972,0.0,1.0
Albania,ALB,1973,0.0,1.0
Albania,ALB,1974,0.0,1.0
Albania,ALB,1975,0.0,1.0
Albania,ALB,1976,0.0,1.0
Albania,ALB,1977,0.0,1.0
Albania,ALB,1978,0.0,1.0
Albania,ALB,1979,0.0,1.0
Albania,ALB,1980,0.0,1.0
Albania,ALB,1981,0.0,1.0
Albania,ALB,1982,0.0,1.0
Albania,ALB,1983,0.0,1.0
Albania,ALB,1984,0.0,1.0
Albania,ALB,1985,0.0,1.0
Albania,ALB,1986,0.0,1.0
Albania,ALB,1987,0.0,1.0
Albania,ALB,1988,0.0,1.0
Albania,ALB,1989,0.0,1.0
Albania,ALB,1990,0.0,1.0
Albania,ALB,1991,1.0,3.0
Albania,ALB,1992,1.0,3.0
Albania,ALB,1993,1.0,3.0
Albania,ALB,1994,1.0,3.0
Albania,ALB,1995,1.0,3.0
Albania,ALB,1996,1.0,3.0
Albania,ALB,1997,1.0,3.0
Albania,ALB,1998,1.0,3.0
Albania,ALB,1999,1.0,3.0
Albania,ALB,2000,1.0,3.0
Albania,ALB,2001,1.0,3.0
Albania,ALB,2002,1.0,4.0
Albania,ALB,2003,1.0,4.0
Albania,ALB,2004,1.0,4.0
Albania,ALB,2005,2.0,5.0
Albania,ALB,2006,2.0,5.0
Albania,ALB,2007,2.0,5.0
Albania,ALB,2008,2.0,5.0
Albania,ALB,2009,2.0,5.0
Albania,ALB,2010,2.0,5.0
Albania,ALB,2011,2.0,5.0
Albania,ALB,2012,2.0,5.0
Albania,ALB,2013,2.0,5.0
Albania,ALB,2014,2.0,5.0
Albania,ALB,2015,2.0,5.0
Albania,ALB,2016,2.0,5.0
Albania,ALB,2017,2.0,5.0
Albania,ALB,2018,2.0,5.0
Albania,ALB,2019,2.0,5.0
Albania,ALB,2020,2.0,5.0
Albania,ALB,2021,2.0,5.0
Albania,ALB,2022,2.0,5.0
Albania,ALB,2023,2.0,5.0
Albania,ALB,2024,2.0,5.0
Albania,ALB,2025,1.0,4.0
Egypt,EGY,1789,,
Egypt,EGY,1790,,
Egypt,EGY,1791,,
Egypt,EGY,1792,,
Egypt,EGY,1793,,
Egypt,EGY,1794,,
Egypt,EGY,1795,,
Egypt,EGY,1796,,
Egypt,EGY,1797,,
Egypt,EGY,1798,,
Egypt,EGY,1799,,
Egypt,EGY,1800,,
Egypt,EGY,1801,,
Egypt,EGY,1802,,
Egypt,EGY,1803,,
Egypt,EGY,1804,,
Egypt,EGY,1805,,
Egypt,EGY,1806,,
Egypt,EGY,1807,,
Egypt,EGY,1808,,
Egypt,EGY,1809,,
Egypt,EGY,1810,,
Egypt,EGY,1811,,
Egypt,EGY,1812,,
Egypt,EGY,1813,,
Egypt,EGY,1814,,
Egypt,EGY,1815,,
Egypt,EGY,1816,,
Egypt,EGY,1817,,
Egypt,EGY,1818,,
Egypt,EGY,1819,,
Egypt,EGY,1820,,
Egypt,EGY,1821,,
Egypt,EGY,1822,,
Egypt,EGY,1823,,
Egypt,EGY,1824,,
Egypt,EGY,1825,,
Egypt,EGY,1826,,
Egypt,EGY,1827,,
Egypt,EGY,1828,,
Egypt,EGY,1829,,
Egypt,EGY,1830,,
Egypt,EGY,1831,,
Egypt,EGY,1832,,
Egypt,EGY,1833,,
Egypt,EGY,1834,,
Egypt,EGY,1835,,
Egypt,EGY,1836,,
Egypt,EGY,1837,,
Egypt,EGY,1838,,
Egypt,EGY,1839,,
Egypt,EGY,1840,,
Egypt,EGY,1841,,
Egypt,EGY,1842,,
Egypt,EGY,1843,,
Egypt,EGY,1844,,
Egypt,EGY,1845,,
Egypt,EGY,1846,,
Egypt,EGY,1847,,
Egypt,EGY,1848,,
Egypt,EGY,1849,,
Egypt,EGY,1850,,
Egypt,EGY,1851,,
Egypt,EGY,1852,,
Egypt,EGY,1853,,
Egypt,EGY,1854,,
Egypt,EGY,1855,,
Egypt,EGY,1856,,
Egypt,EGY,1857,,
Egypt,EGY,1858,,
Egypt,EGY,1859,,
Egypt,EGY,1860,,
Egypt,EGY,1861,,
Egypt,EGY,1862,,
Egypt,EGY,1863,,
Egypt,EGY,1864,,
Egypt,EGY,1865,,
Egypt,EGY,1866,,
Egypt,EGY,1867,,
Egypt,EGY,1868,,
Egypt,EGY,1869,,
Egypt,EGY,1870,,
Egypt,EGY,1871,,
Egypt,EGY,1872,,
Egypt,EGY,1873,,
Egypt,EGY,1874,,
Egypt,EGY,1875,,
Egypt,EGY,1876,,
Egypt,EGY,1877,,
Egypt,EGY,1878,,
Egypt,EGY,1879,,
Egypt,EGY,1880,,
Egypt,EGY,1881,,
Egypt,EGY,1882,,
Egypt,EGY,1883,,
Egypt,EGY,1884,,
Egypt,EGY,1885,,
Egypt,EGY,1886,,
Egypt,EGY,1887,,
Egypt,EGY,1888,,
Egypt,EGY,1889,,
Egypt,EGY,1890,,
Egypt,EGY,1891,,
Egypt,EGY,1892,,
Egypt,EGY,1893,,
Egypt,EGY,1894,,
Egypt,EGY,1895,,
Egypt,EGY,1896,,
Egypt,EGY,1897,,
Egypt,EGY,1898,,
Egypt,EGY,1899,,
Egypt,EGY,1900,0.0,0.0
Egypt,EGY,1901,0.0,0.0
Egypt,EGY,1902,0.0,0.0
Egypt,EGY,1903,0.0,0.0
Egypt,EGY,1904,0.0,0.0
Egypt,EGY,1905,0.0,0.0
Egypt,EGY,1906,0.0,0.0
Egypt,EGY,1907,0.0,0.0
Egypt,EGY,1908,0.0,0.0
Egypt,EGY,1909,0.0,0.0
Egypt,EGY,1910,0.0,0.0
Egypt,EGY,1911,0.0,0.0
Egypt,EGY,1912,0.0,0.0
Egypt,EGY,1913,0.0,0.0
Egypt,EGY,1914,0.0,0.0
Egypt,EGY,1915,0.0,0.0
Egypt,EGY,1916,0.0,0.0
Egypt,EGY,1917,0.0,0.0
Egypt,EGY,1918,0.0,0.0
Egypt,EGY,1919,0.0,0.0
Egypt,EGY,1920,0.0,0.0
Egypt,EGY,1921,0.0,0.0
Egypt,EGY,1922,0.0,0.0
Egypt,EGY,1923,0.0,0.0
Egypt,EGY,1924,0.0,0.0
Egypt,EGY,1925,0.0,0.0
Egypt,EGY,1926,0.0,0.0
Egypt,EGY,1927,0.0,0.0
Egypt,EGY,1928,0.0,0.0
Egypt,EGY,1929,0.0,0.0
Egypt,EGY,1930,0.0,0.0
Egypt,EGY,1931,0.0,0.0
Egypt,EGY,1932,0.0,0.0
Egypt,EGY,1933,0.0,0.0
Egypt,EGY,1934,0.0,0.0
Egypt,EGY,1935,0.0,0.0
Egypt,EGY,1936,0.0,0.0
Egypt,EGY,1937,0.0,0.0
Egypt,EGY,1938,0.0,0.0
Egypt,EGY,1939,0.0,0.0
Egypt,EGY,1940,0.0,0.0
Egypt,EGY,1941,0.0,0.0
Egypt,EGY,1942,0.0,0.0
Egypt,EGY,1943,0.0,0.0
Egypt,EGY,1944,0.0,0.0
Egypt,EGY,1945,1.0,3.0
Egypt,EGY,1946,1.0,3.0
Egypt,EGY,1947,1.0,3.0
Egypt,EGY,1948,1.0,3.0
Egypt,EGY,1949,1.0,3.0
Egypt,EGY,1950,1.0,3.0
Egypt,EGY,1951,1.0,3.0
Egypt,EGY,1952,1.0,3.0
Egypt,EGY,1953,0.0,0.0
Egypt,EGY,1954,0.0,0.0
Egypt,EGY,1955,0.0,0.0
Egypt,EGY,1956,0.0,0.0
Egypt,EGY,1957,0.0,0.0
Egypt,EGY,1958,0.0,0.0
Egypt,EGY,1959,0.0,0.0
Egypt,EGY,1960,0.0,0.0
Egypt,EGY,1961,0.0,0.0
Egypt,EGY,1962,0.0,0.0
Egypt,EGY,1963,0.0,0.0
Egypt,EGY,1964,0.0,0.0
Egypt,EGY,1965,0.0,0.0
Egypt,EGY,1966,0.0,0.0
Egypt,EGY,1967,0.0,0.0
Egypt,EGY,1968,0.0,0.0
Egypt,EGY,1969,0.0,0.0
Egypt,EGY,1970,0.0,0.0
Egypt,EGY,1971,0.0,0.0
Egypt,EGY,1972,0.0,0.0
Egypt,EGY,1973,0.0,0.0
Egypt,EGY,1974,0.0,0.0
Egypt,EGY,1975,0.0,0.0
Egypt,EGY,1976,1.0,3.0
Egypt,EGY,1977,1.0,3.0
Egypt,EGY,1978,1.0,3.0
Egypt,EGY,1979,1.0,3.0
Egypt,EGY,1980,1.0,3.0
Egypt,EGY,1981,1.0,3.0
Egypt,EGY,1982,1.0,3.0
Egypt,EGY,1983,1.0,3.0
Egypt,EGY,1984,1.0,3.0
Egypt,EGY,1985,1.0,3.0
Egypt,EGY,1986,1.0,3.0
Egypt,EGY,1987,1.0,3.0
Egypt,EGY,1988,1.0,3.0
Egypt,EGY,1989,1.0,3.0
Egypt,EGY,1990,1.0,3.0
Egypt,EGY,1991,1.0,3.0
Egypt,EGY,1992,1.0,3.0
Egypt,EGY,1993,1.0,2.0
Egypt,EGY,1994,1.0,2.0
Egypt,EGY,1995,1.0,2.0
Egypt,EGY,1996,1.0,2.0
Egypt,EGY,1997,1.0,2.0
Egypt,EGY,1998,1.0,2.0
Egypt,EGY,1999,1.0,2.0
Egypt,EGY,2000,1.0,2.0
Egypt,EGY,2001,1.0,2.0
Egypt,EGY,2002,1.0,2.0
Egypt,EGY,2003,1.0,2.0
Egypt,EGY,2004,1.0,2.0
Egypt,EGY,2005,1.0,3.0
Egypt,EGY,2006,1.0,3.0
Egypt,EGY,2007,1.0,3.0
Egypt,EGY,2008,1.0,3.0
Egypt,EGY,2009,1.0,3.0
Egypt,EGY,2010,1.0,3.0
Egypt,EGY,2011,1.0,3.0
Egypt,EGY,2012,1.0,3.0
Egypt,EGY,2013,0.0,0.0
Egypt,EGY,2014,1.0,3.0
Egypt,EGY,2015,1.0,3.0
Egypt,EGY,2016,1.0,3.0
Egypt,EGY,2017,1.0,3.0
Egypt,EGY,2018,1.0,2.0
Egypt,EGY,2019,1.0,2.0
Egypt,EGY,2020,1.0,2.0
Egypt,EGY,2021,1.0,2.0
Egypt,EGY,2022,1.0,2.0
Egypt,EGY,2023,1.0,3.0
Egypt,EGY,2024,1.0,3.0
Egypt,EGY,2025,1.0,3.0
Yemen,YEM,1789,,
Yemen,YEM,1790,,
Yemen,YEM,1791,,
Yemen,YEM,1792,,
Yemen,YEM,1793,,
Yemen,YEM,1794,,
Yemen,YEM,1795,,
Yemen,YEM,1796,,
Yemen,YEM,1797,,
Yemen,YEM,1798,,
Yemen,YEM,1799,,
Yemen,YEM,1800,,
Yemen,YEM,1801,,
Yemen,YEM,1802,,
Yemen,YEM,1803,,
Yemen,YEM,1804,,
Yemen,YEM,1805,,
Yemen,YEM,1806,,
Yemen,YEM,1807,,
Yemen,YEM,1808,,
Yemen,YEM,1809,,
Yemen,YEM,1810,,
Yemen,YEM,1811,,
Yemen,YEM,1812,,
Yemen,YEM,1813,,
Yemen,YEM,1814,,
Yemen,YEM,1815,,
Yemen,YEM,1816,,
Yemen,YEM,1817,,
Yemen,YEM,1818,,
Yemen,YEM,1819,,
Yemen,YEM,1820,,
Yemen,YEM,1821,,
Yemen,YEM,1822,,
Yemen,YEM,1823,,
Yemen,YEM,1824,,
Yemen,YEM,1825,,
Yemen,YEM,1826,,
Yemen,YEM,1827,,
Yemen,YEM,1828,,
Yemen,YEM,1829,,
Yemen,YEM,1830,,
Yemen,YEM,1831,,
Yemen,YEM,1832,,
Yemen,YEM,1833,,
Yemen,YEM,1834,,
Yemen,YEM,1835,,
Yemen,YEM,1836,,
Yemen,YEM,1837,,
Yemen,YEM,1838,,
Yemen,YEM,1839,,
Yemen,YEM,1840,,
Yemen,YEM,1841,,
Yemen,YEM,1842,,
Yemen,YEM,1843,,
Yemen,YEM,1844,,
Yemen,YEM,1845,,
Yemen,YEM,1846,,
Yemen,YEM,1847,,
Yemen,YEM,1848,,
Yemen,YEM,1849,,
Yemen,YEM,1850,,
Yemen,YEM,1918,0.0,0.0
Yemen,YEM,1919,0.0,0.0
Yemen,YEM,1920,0.0,0.0
Yemen,YEM,1921,0.0,0.0
Yemen,YEM,1922,0.0,0.0
Yemen,YEM,1923,0.0,0.0
Yemen,YEM,1924,0.0,0.0
Yemen,YEM,1925,0.0,0.0
Yemen,YEM,1926,0.0,0.0
Yemen,YEM,1927,0.0,0.0
Yemen,YEM,1928,0.0,0.0
Yemen,YEM,1929,0.0,0.0
Yemen,YEM,1930,0.0,0.0
Yemen,YEM,1931,0.0,0.0
Yemen,YEM,1932,0.0,0.0
Yemen,YEM,1933,0.0,0.0
Yemen,YEM,1934,0.0,0.0
Yemen,YEM,1935,0.0,0.0
Yemen,YEM,1936,0.0,0.0
Yemen,YEM,1937,0.0,0.0
Yemen,YEM,1938,0.0,0.0
Yemen,YEM,1939,0.0,0.0
Yemen,YEM,1940,0.0,0.0
Yemen,YEM,1941,0.0,0.0
Yemen,YEM,1942,0.0,0.0
Yemen,YEM,1943,0.0,0.0
Yemen,YEM,1944,0.0,0.0
Yemen,YEM,1945,0.0,0.0
Yemen,YEM,1946,0.0,0.0
Yemen,YEM,1947,0.0,0.0
Yemen,YEM,1948,0.0,0.0
Yemen,YEM,1949,0.0,0.0
Yemen,YEM,1950,0.0,0.0
Yemen,YEM,1951,0.0,0.0
Yemen,YEM,1952,0.0,0.0
Yemen,YEM,1953,0.0,0.0
Yemen,YEM,1954,0.0,0.0
Yemen,YEM,1955,0.0,0.0
Yemen,YEM,1956,0.0,0.0
Yemen,YEM,1957,0.0,0.0
Yemen,YEM,1958,0.0,0.0
Yemen,YEM,1959,0.0,0.0
Yemen,YEM,1960,0.0,0.0
Yemen,YEM,1961,0.0,0.0
Yemen,YEM,1962,0.0,0.0
Yemen,YEM,1963,0.0,0.0
Yemen,YEM,1964,0.0,0.0
Yemen,YEM,1965,0.0,0.0
Yemen,YEM,1966,0.0,0.0
Yemen,YEM,1967,0.0,0.0
Yemen,YEM,1968,0.0,0.0
Yemen,YEM,1969,0.0,0.0
Yemen,YEM,1970,0.0,0.0
Yemen,YEM,1971,0.0,0.0
Yemen,YEM,1972,0.0,0.0
Yemen,YEM,1973,0.0,0.0
Yemen,YEM,1974,0.0,0.0
Yemen,YEM,1975,0.0,0.0
Yemen,YEM,1976,0.0,0.0
Yemen,YEM,1977,0.0,0.0
Yemen,YEM,1978,0.0,0.0
Yemen,YEM,1979,0.0,0.0
Yemen,YEM,1980,0.0,0.0
Yemen,YEM,1981,0.0,0.0
Yemen,YEM,1982,0.0,0.0
Yemen,YEM,1983,0.0,0.0
Yemen,YEM,1984,0.0,0.0
Yemen,YEM,1985,0.0,0.0
Yemen,YEM,1986,0.0,0.0
Yemen,YEM,1987,0.0,0.0
Yemen,YEM,1988,1.0,2.0
Yemen,YEM,1989,1.0,2.0
Yemen,YEM,1990,1.0,2.0
Yemen,YEM,1991,1.0,2.0
Yemen,YEM,1992,1.0,2.0
Yemen,YEM,1993,1.0,3.0
Yemen,YEM,1994,1.0,3.0
Yemen,YEM,1995,1.0,3.0
Yemen,YEM,1996,1.0,3.0
Yemen,YEM,1997,1.0,3.0
Yemen,YEM,1998,1.0,3.0
Yemen,YEM,1999,1.0,3.0
Yemen,YEM,2000,1.0,3.0
Yemen,YEM,2001,1.0,3.0
Yemen,YEM,2002,1.0,3.0
Yemen,YEM,2003,1.0,3.0
Yemen,YEM,2004,1.0,3.0
Yemen,YEM,2005,1.0,3.0
Yemen,YEM,2006,1.0,3.0
Yemen,YEM,2007,1.0,3.0
Yemen,YEM,2008,1.0,3.0
Yemen,YEM,2009,1.0,3.0
Yemen,YEM,2010,1.0,3.0
Yemen,YEM,2011,1.0,3.0
Yemen,YEM,2012,1.0,3.0
Yemen,YEM,2013,1.0,3.0
Yemen,YEM,2014,1.0,3.0
Yemen,YEM,2015,1.0,3.0
Yemen,YEM,2016,0.0,0.0
Yemen,YEM,2017,0.0,0.0
Yemen,YEM,2018,0.0,0.0
Yemen,YEM,2019,0.0,0.0
Yemen,YEM,2020,0.0,0.0
Yemen,YEM,2021,0.0,0.0
Yemen,YEM,2022,0.0,0.0
Yemen,YEM,2023,0.0,0.0
Yemen,YEM,2024,0.0,0.0
Yemen,YEM,2025,0.0,0.0
Colombia,COL,1789,,
Colombia,COL,1790,,
Colombia,COL,1791,,
Colombia,COL,1792,,
Colombia,COL,1793,,
Colombia,COL,1794,,
Colombia,COL,1795,,
Colombia,COL,1796,,
Colombia,COL,1797,,
Colombia,COL,1798,,
Colombia,COL,1799,,
Colombia,COL,1800,,
Colombia,COL,1801,,
Colombia,COL,1802,,
Colombia,COL,1803,,
Colombia,COL,1804,,
Colombia,COL,1805,,
Colombia,COL,1806,,
Colombia,COL,1807,,
Colombia,COL,1808,,
Colombia,COL,1809,,
Colombia,COL,1810,,
Colombia,COL,1811,,
Colombia,COL,1812,,
Colombia,COL,1813,,
Colombia,COL,1814,,
Colombia,COL,1815,,
Colombia,COL,1816,,
Colombia,COL,1817,,
Colombia,COL,1818,,
Colombia,COL,1819,,
Colombia,COL,1820,,
Colombia,COL,1821,,
Colombia,COL,1822,,
Colombia,COL,1823,,
Colombia,COL,1824,,
Colombia,COL,1825,,
Colombia,COL,1826,,
Colombia,COL,1827,,
Colombia,COL,1828,,
Colombia,COL,1829,,
Colombia,COL,1830,,
Colombia,COL,1831,,
Colombia,COL,1832,,
Colombia,COL,1833,,
Colombia,COL,1834,,
Colombia,COL,1835,,
Colombia,COL,1836,,
Colombia,COL,1837,,
Colombia,COL,1838,,
Colombia,COL,1839,,
Colombia,COL,1840,,
Colombia,COL,1841,,
Colombia,COL,1842,,
Colombia,COL,1843,,
Colombia,COL,1844,,
Colombia,COL,1845,,
Colombia,COL,1846,,
Colombia,COL,1847,,
Colombia,COL,1848,,
Colombia,COL,1849,,
Colombia,COL,1850,,
Colombia,COL,1851,,
Colombia,COL,1852,,
Colombia,COL,1853,,
Colombia,COL,1854,,
Colombia,COL,1855,,
Colombia,COL,1856,,
Colombia,COL,1857,,
Colombia,COL,1858,,
Colombia,COL,1859,,
Colombia,COL,1860,,
Colombia,COL,1861,,
Colombia,COL,1862,,
Colombia,COL,1863,,
Colombia,COL,1864,,
Colombia,COL,1865,,
Colombia,COL,1866,,
Colombia,COL,1867,,
Colombia,COL,1868,,
Colombia,COL,1869,,
Colombia,COL,1870,,
Colombia,COL,1871,,
Colombia,COL,1872,,
Colombia,COL,1873,,
Colombia,COL,1874,,
Colombia,COL,1875,,
Colombia,COL,1876,,
Colombia,COL,1877,,
Colombia,COL,1878,,
Colombia,COL,1879,,
Colombia,COL,1880,,
Colombia,COL,1881,,
Colombia,COL,1882,,
Colombia,COL,1883,,
Colombia,COL,1884,,
Colombia,COL,1885,,
Colombia,COL,1886,,
Colombia,COL,1887,,
Colombia,COL,1888,,
Colombia,COL,1889,,
Colombia,COL,1890,,
Colombia,COL,1891,,
Colombia,COL,1892,,
Colombia,COL,1893,,
Colombia,COL,1894,,
Colombia,COL,1895,,
Colombia,COL,1896,,
Colombia,COL,1897,,
Colombia,COL,1898,,
Colombia,COL,1899,,
Colombia,COL,1900,0.0,0.0
Colombia,COL,1901,0.0,0.0
Colombia,COL,1902,0.0,0.0
Colombia,COL,1903,0.0,0.0
Colombia,COL,1904,0.0,0.0
Colombia,COL,1905,0.0,0.0
Colombia,COL,1906,0.0,0.0
Colombia,COL,1907,0.0,0.0
Colombia,COL,1908,0.0,0.0
Colombia,COL,1909,0.0,0.0
Colombia,COL,1910,0.0,0.0
Colombia,COL,1911,0.0,0.0
Colombia,COL,1912,0.0,0.0
Colombia,COL,1913,0.0,0.0
Colombia,COL,1914,1.0,3.0
Colombia,COL,1915,1.0,3.0
Colombia,COL,1916,1.0,3.0
Colombia,COL,1917,1.0,3.0
Colombia,COL,1918,1.0,3.0
Colombia,COL,1919,1.0,3.0
Colombia,COL,1920,1.0,3.0
Colombia,COL,1921,1.0,3.0
Colombia,COL,1922,1.0,3.0
Colombia,COL,1923,1.0,3.0
Colombia,COL,1924,1.0,3.0
Colombia,COL,1925,1.0,3.0
Colombia,COL,1926,1.0,3.0
Colombia,COL,1927,1.0,3.0
Colombia,COL,1928,1.0,3.0
Colombia,COL,1929,1.0,3.0
Colombia,COL,1930,1.0,3.0
Colombia,COL,1931,1.0,3.0
Colombia,COL,1932,1.0,3.0
Colombia,COL,1933,1.0,3.0
Colombia,COL,1934,1.0,3.0
Colombia,COL,1935,1.0,3.0
Colombia,COL,1936,1.0,3.0
Colombia,COL,1937,1.0,3.0
Colombia,COL,1938,1.0,3.0
Colombia,COL,1939,1.0,3.0
Colombia,COL,1940,1.0,3.0
Colombia,COL,1941,1.0,3.0
Colombia,COL,1942,1.0,3.0
Colombia,COL,1943,1.0,3.0
Colombia,COL,1944,1.0,3.0
Colombia,COL,1945,1.0,3.0
Colombia,COL,1946,1.0,3.0
Colombia,COL,1947,1.0,3.0
Colombia,COL,1948,1.0,3.0
Colombia,COL,1949,1.0,3.0
Colombia,COL,1950,1.0,3.0
Colombia,COL,1951,1.0,3.0
Colombia,COL,1952,1.0,3.0
Colombia,COL,1953,1.0,3.0
Colombia,COL,1954,1.0,3.0
Colombia,COL,1955,1.0,3.0
Colombia,COL,1956,1.0,3.0
Colombia,COL,1957,1.0,3.0
Colombia,COL,1958,1.0,3.0
Colombia,COL,1959,1.0,3.0
Colombia,COL,1960,1.0,3.0
Colombia,COL,1961,1.0,3.0
Colombia,COL,1962,1.0,3.0
Colombia,COL,1963,1.0,3.0
Colombia,COL,1964,1.0,3.0
Colombia,COL,1965,1.0,3.0
Colombia,COL,1966,1.0,3.0
Colombia,COL,1967,1.0,3.0
Colombia,COL,1968,1.0,3.0
Colombia,COL,1969,1.0,3.0
Colombia,COL,1970,1.0,3.0
Colombia,COL,1971,1.0,3.0
Colombia,COL,1972,1.0,3.0
Colombia,COL,1973,1.0,3.0
Colombia,COL,1974,1.0,3.0
Colombia,COL,1975,1.0,4.0
Colombia,COL,1976,1.0,4.0
Colombia,COL,1977,1.0,4.0
Colombia,COL,1978,1.0,3.0
Colombia,COL,1979,1.0,3.0
Colombia,COL,1980,1.0,3.0
Colombia,COL,1981,1.0,3.0
Colombia,COL,1982,1.0,3.0
Colombia,COL,1983,1.0,4.0
Colombia,COL,1984,1.0,4.0
Colombia,COL,1985,1.0,4.0
Colombia,COL,1986,1.0,4.0
Colombia,COL,1987,1.0,3.0
Colombia,COL,1988,1.0,3.0
Colombia,COL,1989,1.0,3.0
Colombia,COL,1990,1.0,4.0
Colombia,COL,1991,2.0,5.0
Colombia,COL,1992,2.0,5.0
Colombia,COL,1993,2.0,5.0
Colombia,COL,1994,2.0,5.0
Colombia,COL,1995,2.0,5.0
Colombia,COL,1996,2.0,6.0
Colombia,COL,1997,2.0,6.0
Colombia,COL,1998,2.0,5.0
Colombia,COL,1999,2.0,5.0
Colombia,COL,2000,2.0,5.0
Colombia,COL,2001,2.0,5.0
Colombia,COL,2002,2.0,5.0
Colombia,COL,2003,2.0,5.0
Colombia,COL,2004,2.0,5.0
Colombia,COL,2005,2.0,5.0
Colombia,COL,2006,2.0,6.0
Colombia,COL,2007,2.0,6.0
Colombia,COL,2008,2.0,6.0
Colombia,COL,2009,2.0,6.0
Colombia,COL,2010,2.0,6.0
Colombia,COL,2011,2.0,6.0
Colombia,COL,2012,2.0,6.0
Colombia,COL,2013,2.0,6.0
Colombia,COL,2014,2.0,6.0
Colombia,COL,2015,2.0,6.0
Colombia,COL,2016,2.0,6.0
Colombia,COL,2017,2.0,6.0
Colombia,COL,2018,2.0,6.0
Colombia,COL,2019,2.0,6.0
Colombia,COL,2020,2.0,6.0
Colombia,COL,2021,2.0,6.0
Colombia,COL,2022,2.0,6.0
Colombia,COL,2023,2.0,6.0
Colombia,COL,2024,2.0,6.0
Colombia,COL,2025,2.0,6.0
Poland,POL,1789,,
Poland,POL,1790,,
Poland,POL,1791,,
Poland,POL,1792,,
Poland,POL,1793,,
Poland,POL,1794,,
Poland,POL,1795,,
Poland,POL,1807,,
Poland,POL,1808,,
Poland,POL,1809,,
Poland,POL,1810,,
Poland,POL,1811,,
Poland,POL,1812,,
Poland,POL,1813,,
Poland,POL,1814,,
Poland,POL,1815,,
Poland,POL,1816,,
Poland,POL,1817,,
Poland,POL,1818,,
Poland,POL,1819,,
Poland,POL,1820,,
Poland,POL,1821,,
Poland,POL,1822,,
Poland,POL,1823,,
Poland,POL,1824,,
Poland,POL,1825,,
Poland,POL,1826,,
Poland,POL,1827,,
Poland,POL,1828,,
Poland,POL,1829,,
Poland,POL,1830,,
Poland,POL,1831,,
Poland,POL,1832,,
Poland,POL,1833,,
Poland,POL,1834,,
Poland,POL,1835,,
Poland,POL,1836,,
Poland,POL,1837,,
Poland,POL,1838,,
Poland,POL,1839,,
Poland,POL,1840,,
Poland,POL,1841,,
Poland,POL,1842,,
Poland,POL,1843,,
Poland,POL,1844,,
Poland,POL,1845,,
Poland,POL,1846,,
Poland,POL,1847,,
Poland,POL,1848,,
Poland,POL,1849,,
Poland,POL,1850,,
Poland,POL,1851,,
Poland,POL,1852,,
Poland,POL,1853,,
Poland,POL,1854,,
Poland,POL,1855,,
Poland,POL,1856,,
Poland,POL,1857,,
Poland,POL,1858,,
Poland,POL,1859,,
Poland,POL,1860,,
Poland,POL,1861,,
Poland,POL,1862,,
Poland,POL,1863,,
Poland,POL,1864,,
Poland,POL,1865,,
Poland,POL,1866,,
Poland,POL,1867,,
Poland,POL,1918,0.0,0.0
Poland,POL,1919,1.0,3.0
Poland,POL,1920,2.0,6.0
Poland,POL,1921,2.0,7.0
Poland,POL,1922,2.0,7.0
Poland,POL,1923,2.0,7.0
Poland,POL,1924,2.0,7.0
Poland,POL,1925,2.0,7.0
Poland,POL,1926,0.0,0.0
Poland,POL,1927,0.0,0.0
Poland,POL,1928,0.0,0.0
Poland,POL,1929,0.0,0.0
Poland,POL,1930,0.0,0.0
Poland,POL,1931,0.0,0.0
Poland,POL,1932,0.0,0.0
Poland,POL,1933,0.0,0.0
Poland,POL,1934,0.0,0.0
Poland,POL,1935,1.0,3.0
Poland,POL,1936,1.0,3.0
Poland,POL,1937,1.0,3.0
Poland,POL,1938,1.0,3.0
Poland,POL,1944,0.0,0.0
Poland,POL,1945,0.0,0.0
Poland,POL,1946,0.0,0.0
Poland,POL,1947,1.0,3.0
Poland,POL,1948,1.0,3.0
Poland,POL,1949,1.0,3.0
Poland,POL,1950,1.0,3.0
Poland,POL,1951,1.0,3.0
Poland,POL,1952,0.0,0.0
Poland,POL,1953,0.0,0.0
Poland,POL,1954,0.0,0.0
Poland,POL,1955,0.0,0.0
Poland,POL,1956,0.0,0.0
Poland,POL,1957,1.0,2.0
Poland,POL,1958,1.0,2.0
Poland,POL,1959,1.0,2.0
Poland,POL,1960,1.0,2.0
Poland,POL,1961,0.0,0.0
Poland,POL,1962,0.0,0.0
Poland,POL,1963,0.0,0.0
Poland,POL,1964,0.0,0.0
Poland,POL,1965,0.0,0.0
Poland,POL,1966,0.0,0.0
Poland,POL,1967,0.0,0.0
Poland,POL,1968,0.0,0.0
Poland,POL,1969,0.0,0.0
Poland,POL,1970,0.0,0.0
Poland,POL,1971,0.0,0.0
Poland,POL,1972,0.0,0.0
Poland,POL,1973,0.0,0.0
Poland,POL,1974,0.0,0.0
Poland,POL,1975,0.0,0.0
Poland,POL,1976,0.0,0.0
Poland,POL,1977,0.0,0.0
Poland,POL,1978,0.0,0.0
Poland,POL,1979,0.0,0.0
Poland,POL,1980,0.0,0.0
Poland,POL,1981,0.0,0.0
Poland,POL,1982,0.0,0.0
Poland,POL,1983,0.0,0.0
Poland,POL,1984,0.0,0.0
Poland,POL,1985,0.0,0.0
Poland,POL,1986,0.0,0.0
Poland,POL,1987,0.0,0.0
Poland,POL,1988,0.0,0.0
Poland,POL,1989,1.0,3.0
Poland,POL,1990,2.0,7.0
Poland,POL,1991,2.0,7.0
Poland,POL,1992,2.0,7.0
Poland,POL,1993,3.0,8.0
Poland,POL,1994,3.0,8.0
Poland,POL,1995,3.0,8.0
Poland,POL,1996,3.0,8.0
Poland,POL,1997,3.0,8.0
Poland,POL,1998,3.0,8.0
Poland,POL,1999,3.0,8.0
Poland,POL,2000,3.0,8.0
Poland,POL,2001,3.0,8.0
Poland,POL,2002,3.0,8.0
Poland,POL,2003,3.0,8.0
Poland,POL,2004,3.0,8.0
Poland,POL,2005,3.0,8.0
Poland,POL,2006,3.0,8.0
Poland,POL,2007,3.0,8.0
Poland,POL,2008,3.0,9.0
Poland,POL,2009,3.0,9.0
Poland,POL,2010,3.0,9.0
Poland,POL,2011,3.0,9.0
Poland,POL,2012,3.0,9.0
Poland,POL,2013,3.0,8.0
Poland,POL,2014,3.0,8.0
Poland,POL,2015,3.0,8.0
Poland,POL,2016,2.0,6.0
Poland,POL,2017,2.0,6.0
Poland,POL,2018,2.0,6.0
Poland,POL,2019,2.0,6.0
Poland,POL,2020,2.0,6.0
Poland,POL,2021,2.0,6.0
Poland,POL,2022,2.0,6.0
Poland,POL,2023,2.0,6.0
Poland,POL,2024,2.0,6.0
Poland,POL,2025,2.0,6.0
Brazil,BRA,1789,,
Brazil,BRA,1790,,
Brazil,BRA,1791,,
Brazil,BRA,1792,,
Brazil,BRA,1793,,
Brazil,BRA,1794,,
Brazil,BRA,1795,,
Brazil,BRA,1796,,
Brazil,BRA,1797,,
Brazil,BRA,1798,,
Brazil,BRA,1799,,
Brazil,BRA,1800,,
Brazil,BRA,1801,,
Brazil,BRA,1802,,
Brazil,BRA,1803,,
Brazil,BRA,1804,,
Brazil,BRA,1805,,
Brazil,BRA,1806,,
Brazil,BRA,1807,,
Brazil,BRA,1808,,
Brazil,BRA,1809,,
Brazil,BRA,1810,,
Brazil,BRA,1811,,
Brazil,BRA,1812,,
Brazil,BRA,1813,,
Brazil,BRA,1814,,
Brazil,BRA,1815,,
Brazil,BRA,1816,,
Brazil,BRA,1817,,
Brazil,BRA,1818,,
Brazil,BRA,1819,,
Brazil,BRA,1820,,
Brazil,BRA,1821,,
Brazil,BRA,1822,,
Brazil,BRA,1823,,
Brazil,BRA,1824,,
Brazil,BRA,1825,,
Brazil,BRA,1826,,
Brazil,BRA,1827,,
Brazil,BRA,1828,,
Brazil,BRA,1829,,
Brazil,BRA,1830,,
Brazil,BRA,1831,,
Brazil,BRA,1832,,
Brazil,BRA,1833,,
Brazil,BRA,1834,,
Brazil,BRA,1835,,
Brazil,BRA,1836,,
Brazil,BRA,1837,,
Brazil,BRA,1838,,
Brazil,BRA,1839,,
Brazil,BRA,1840,,
Brazil,BRA,1841,,
Brazil,BRA,1842,,
Brazil,BRA,1843,,
Brazil,BRA,1844,,
Brazil,BRA,1845,,
Brazil,BRA,1846,,
Brazil,BRA,1847,,
Brazil,BRA,1848,,
Brazil,BRA,1849,,
Brazil,BRA,1850,,
Brazil,BRA,1851,,
Brazil,BRA,1852,,
Brazil,BRA,1853,,
Brazil,BRA,1854,,
Brazil,BRA,1855,,
Brazil,BRA,1856,,
Brazil,BRA,1857,,
Brazil,BRA,1858,,
Brazil,BRA,1859,,
Brazil,BRA,1860,,
Brazil,BRA,1861,,
Brazil,BRA,1862,,
Brazil,BRA,1863,,
Brazil,BRA,1864,,
Brazil,BRA,1865,,
Brazil,BRA,1866,,
Brazil,BRA,1867,,
Brazil,BRA,1868,,
Brazil,BRA,1869,,
Brazil,BRA,1870,,
Brazil,BRA,1871,,
Brazil,BRA,1872,,
Brazil,BRA,1873,,
Brazil,BRA,1874,,
Brazil,BRA,1875,,
Brazil,BRA,1876,,
Brazil,BRA,1877,,
Brazil,BRA,1878,,
Brazil,BRA,1879,,
Brazil,BRA,1880,,
Brazil,BRA,1881,,
Brazil,BRA,1882,,
Brazil,BRA,1883,,
Brazil,BRA,1884,,
Brazil,BRA,1885,,
Brazil,BRA,1886,,
Brazil,BRA,1887,,
Brazil,BRA,1888,,
Brazil,BRA,1889,,
Brazil,BRA,1890,,
Brazil,BRA,1891,,
Brazil,BRA,1892,,
Brazil,BRA,1893,,
Brazil,BRA,1894,,
Brazil,BRA,1895,,
Brazil,BRA,1896,,
Brazil,BRA,1897,,
Brazil,BRA,1898,,
Brazil,BRA,1899,,
Brazil,BRA,1900,1.0,3.0
Brazil,BRA,1901,1.0,3.0
Brazil,BRA,1902,1.0,3.0
Brazil,BRA,1903,1.0,3.0
Brazil,BRA,1904,1.0,3.0
Brazil,BRA,1905,1.0,3.0
Brazil,BRA,1906,1.0,3.0
Brazil,BRA,1907,1.0,3.0
Brazil,BRA,1908,1.0,3.0
Brazil,BRA,1909,1.0,3.0
Brazil,BRA,1910,1.0,3.0
Brazil,BRA,1911,1.0,3.0
Brazil,BRA,1912,1.0,3.0
Brazil,BRA,1913,1.0,3.0
Brazil,BRA,1914,1.0,3.0
Brazil,BRA,1915,1.0,3.0
Brazil,BRA,1916,1.0,3.0
Brazil,BRA,1917,1.0,3.0
Brazil,BRA,1918,1.0,3.0
Brazil,BRA,1919,1.0,3.0
Brazil,BRA,1920,1.0,3.0
Brazil,BRA,1921,1.0,3.0
Brazil,BRA,1922,1.0,3.0
Brazil,BRA,1923,1.0,3.0
Brazil,BRA,1924,1.0,3.0
Brazil,BRA,1925,1.0,3.0
Brazil,BRA,1926,1.0,3.0
Brazil,BRA,1927,1.0,3.0
Brazil,BRA,1928,1.0,3.0
Brazil,BRA,1929,1.0,3.0
Brazil,BRA,1930,1.0,3.0
Brazil,BRA,1931,0.0,0.0
Brazil,BRA,1932,0.0,0.0
Brazil,BRA,1933,0.0,0.0
Brazil,BRA,1934,0.0,0.0
Brazil,BRA,1935,0.0,0.0
Brazil,BRA,1936,0.0,0.0
Brazil,BRA,1937,0.0,0.0
Brazil,BRA,1938,0.0,0.0
Brazil,BRA,1939,0.0,0.0
Brazil,BRA,1940,0.0,0.0
Brazil,BRA,1941,0.0,0.0
Brazil,BRA,1942,0.0,0.0
Brazil,BRA,1943,0.0,0.0
Brazil,BRA,1944,0.0,0.0
Brazil,BRA,1945,0.0,0.0
Brazil,BRA,1946,0.0,0.0
Brazil,BRA,1947,0.0,0.0
Brazil,BRA,1948,0.0,0.0
Brazil,BRA,1949,0.0,0.0
Brazil,BRA,1950,1.0,3.0
Brazil,BRA,1951,1.0,3.0
Brazil,BRA,1952,1.0,3.0
Brazil,BRA,1953,1.0,3.0
Brazil,BRA,1954,1.0,3.0
Brazil,BRA,1955,1.0,3.0
Brazil,BRA,1956,1.0,3.0
Brazil,BRA,1957,1.0,3.0
Brazil,BRA,1958,1.0,3.0
Brazil,BRA,1959,1.0,3.0
Brazil,BRA,1960,1.0,3.0
Brazil,BRA,1961,1.0,3.0
Brazil,BRA,1962,1.0,3.0
Brazil,BRA,1963,1.0,3.0
Brazil,BRA,1964,1.0,3.0
Brazil,BRA,1965,0.0,1.0
Brazil,BRA,1966,0.0,1.0
Brazil,BRA,1967,0.0,1.0
Brazil,BRA,1968,0.0,1.0
Brazil,BRA,1969,0.0,1.0
Brazil,BRA,1970,0.0,1.0
Brazil,BRA,1971,0.0,1.0
Brazil,BRA,1972,0.0,1.0
Brazil,BRA,1973,0.0,1.0
Brazil,BRA,1974,0.0,1.0
Brazil,BRA,1975,0.0,1.0
Brazil,BRA,1976,0.0,1.0
Brazil,BRA,1977,0.0,1.0
Brazil,BRA,1978,0.0,1.0
Brazil,BRA,1979,0.0,1.0
Brazil,BRA,1980,0.0,1.0
Brazil,BRA,1981,0.0,1.0
Brazil,BRA,1982,0.0,1.0
Brazil,BRA,1983,0.0,1.0
Brazil,BRA,1984,0.0,1.0
Brazil,BRA,1985,1.0,3.0
Brazil,BRA,1986,1.0,4.0
Brazil,BRA,1987,2.0,6.0
Brazil,BRA,1988,2.0,6.0
Brazil,BRA,1989,2.0,6.0
Brazil,BRA,1990,2.0,6.0
Brazil,BRA,1991,2.0,7.0
Brazil,BRA,1992,2.0,7.0
Brazil,BRA,1993,2.0,7.0
Brazil,BRA,1994,2.0,7.0
Brazil,BRA,1995,2.0,7.0
Brazil,BRA,1996,2.0,7.0
Brazil,BRA,1997,2.0,7.0
Brazil,BRA,1998,2.0,7.0
Brazil,BRA,1999,2.0,7.0
Brazil,BRA,2000,2.0,7.0
Brazil,BRA,2001,2.0,7.0
Brazil,BRA,2002,2.0,7.0
Brazil,BRA,2003,2.0,7.0
Brazil,BRA,2004,2.0,7.0
Brazil,BRA,2005,2.0,6.0
Brazil,BRA,2006,2.0,6.0
Brazil,BRA,2007,2.0,6.0
Brazil,BRA,2008,2.0,6.0
Brazil,BRA,2009,2.0,6.0
Brazil,BRA,2010,2.0,6.0
Brazil,BRA,2011,2.0,6.0
Brazil,BRA,2012,2.0,6.0
Brazil,BRA,2013,2.0,6.0
Brazil,BRA,2014,2.0,6.0
Brazil,BRA,2015,2.0,6.0
Brazil,BRA,2016,2.0,6.0
Brazil,BRA,2017,2.0,6.0
Brazil,BRA,2018,2.0,6.0
Brazil,BRA,2019,2.0,6.0
Brazil,BRA,2020,2.0,6.0
Brazil,BRA,2021,2.0,6.0
Brazil,BRA,2022,2.0,6.0
Brazil,BRA,2023,2.0,6.0
Brazil,BRA,2024,2.0,6.0
Brazil,BRA,2025,2.0,7.0
United States of America,USA,1789,,
United States of America,USA,1790,,
United States of America,USA,1791,,
United States of America,USA,1792,,
United States of America,USA,1793,,
United States of America,USA,1794,,
United States of America,USA,1795,,
United States of America,USA,1796,,
United States of America,USA,1797,,
United States of America,USA,1798,,
United States of America,USA,1799,,
United States of America,USA,1800,,
United States of America,USA,1801,,
United States of America,USA,1802,,
United States of America,USA,1803,,
United States of America,USA,1804,,
United States of America,USA,1805,,
United States of America,USA,1806,,
United States of America,USA,1807,,
United States of America,USA,1808,,
United States of America,USA,1809,,
United States of America,USA,1810,,
United States of America,USA,1811,,
United States of America,USA,1812,,
United States of America,USA,1813,,
United States of America,USA,1814,,
United States of America,USA,1815,,
United States of America,USA,1816,,
United States of America,USA,1817,,
United States of America,USA,1818,,
United States of America,USA,1819,,
United States of America,USA,1820,,
United States of America,USA,1821,,
United States of America,USA,1822,,
United States of America,USA,1823,,
United States of America,USA,1824,,
United States of America,USA,1825,,
United States of America,USA,1826,,
United States of America,USA,1827,,
United States of America,USA,1828,,
United States of America,USA,1829,,
United States of America,USA,1830,,
United States of America,USA,1831,,
United States of America,USA,1832,,
United States of America,USA,1833,,
United States of America,USA,1834,,
United States of America,USA,1835,,
United States of America,USA,1836,,
United States of America,USA,1837,,
United States of America,USA,1838,,
United States of America,USA,1839,,
United States of America,USA,1840,,
United States of America,USA,1841,,
United States of America,USA,1842,,
United States of America,USA,1843,,
United States of America,USA,1844,,
United States of America,USA,1845,,
United States of America,USA,1846,,
United States of America,USA,1847,,
United States of America,USA,1848,,
United States of America,USA,1849,,
United States of America,USA,1850,,
United States of America,USA,1851,,
United States of America,USA,1852,,
United States of America,USA,1853,,
United States of America,USA,1854,,
United States of America,USA,1855,,
United States of America,USA,1856,,
United States of America,USA,1857,,
United States of America,USA,1858,,
United States of America,USA,1859,,
United States of America,USA,1860,,
United States of America,USA,1861,,
United States of America,USA,1862,,
United States of America,USA,1863,,
United States of America,USA,1864,,
United States of America,USA,1865,,
United States of America,USA,1866,,
United States of America,USA,1867,,
United States of America,USA,1868,,
United States of America,USA,1869,,
United States of America,USA,1870,,
United States of America,USA,1871,,
United States of America,USA,1872,,
United States of America,USA,1873,,
United States of America,USA,1874,,
United States of America,USA,1875,,
United States of America,USA,1876,,
United States of America,USA,1877,,
United States of America,USA,1878,,
United States of America,USA,1879,,
United States of America,USA,1880,,
United States of America,USA,1881,,
United States of America,USA,1882,,
United States of America,USA,1883,,
United States of America,USA,1884,,
United States of America,USA,1885,,
United States of America,USA,1886,,
United States of America,USA,1887,,
United States of America,USA,1888,,
United States of America,USA,1889,,
United States of America,USA,1890,,
United States of America,USA,1891,,
United States of America,USA,1892,,
United States of America,USA,1893,,
United States of America,USA,1894,,
United States of America,USA,1895,,
United States of America,USA,1896,,
United States of America,USA,1897,,
United States of America,USA,1898,,
United States of America,USA,1899,,
United States of America,USA,1900,1.0,3.0
United States of America,USA,1901,1.0,3.0
United States of America,USA,1902,1.0,3.0
United States of America,USA,1903,1.0,3.0
United States of America,USA,1904,1.0,3.0
United States of America,USA,1905,1.0,3.0
United States of America,USA,1906,1.0,3.0
United States of America,USA,1907,1.0,3.0
United States of America,USA,1908,1.0,3.0
United States of America,USA,1909,1.0,3.0
United States of America,USA,1910,1.0,3.0
United States of America,USA,1911,1.0,3.0
United States of America,USA,1912,1.0,3.0
United States of America,USA,1913,1.0,3.0
United States of America,USA,1914,1.0,3.0
United States of America,USA,1915,1.0,3.0
United States of America,USA,1916,1.0,3.0
United States of America,USA,1917,1.0,3.0
United States of America,USA,1918,1.0,3.0
United States of America,USA,1919,1.0,3.0
United States of America,USA,1920,2.0,5.0
United States of America,USA,1921,2.0,5.0
United States of America,USA,1922,2.0,5.0
United States of America,USA,1923,2.0,5.0
United States of America,USA,1924,2.0,5.0
United States of America,USA,1925,2.0,5.0
United States of America,USA,1926,2.0,5.0
United States of America,USA,1927,2.0,5.0
United States of America,USA,1928,2.0,5.0
United States of America,USA,1929,2.0,5.0
United States of America,USA,1930,2.0,5.0
United States of America,USA,1931,2.0,5.0
United States of America,USA,1932,2.0,5.0
United States of America,USA,1933,2.0,5.0
United States of America,USA,1934,2.0,5.0
United States of America,USA,1935,2.0,5.0
United States of America,USA,1936,2.0,5.0
United States of America,USA,1937,2.0,6.0
United States of America,USA,1938,2.0,5.0
United States of America,USA,1939,2.0,5.0
United States of America,USA,1940,2.0,6.0
United States of America,USA,1941,2.0,6.0
United States of America,USA,1942,2.0,5.0
United States of America,USA,1943,2.0,5.0
United States of America,USA,1944,2.0,5.0
United States of America,USA,1945,2.0,6.0
United States of America,USA,1946,2.0,6.0
United States of America,USA,1947,2.0,6.0
United States of America,USA,1948,2.0,6.0
United States of America,USA,1949,2.0,6.0
United States of America,USA,1950,2.0,6.0
United States of America,USA,1951,2.0,6.0
United States of America,USA,1952,2.0,6.0
United States of America,USA,1953,2.0,6.0
United States of America,USA,1954,2.0,6.0
United States of America,USA,1955,2.0,6.0
United States of America,USA,1956,2.0,6.0
United States of America,USA,1957,2.0,6.0
United States of America,USA,1958,2.0,6.0
United States of America,USA,1959,2.0,6.0
United States of America,USA,1960,2.0,6.0
United States of America,USA,1961,2.0,6.0
United States of America,USA,1962,2.0,6.0
United States of America,USA,1963,2.0,6.0
United States of America,USA,1964,2.0,6.0
United States of America,USA,1965,2.0,7.0
United States of America,USA,1966,2.0,7.0
United States of America,USA,1967,2.0,7.0
United States of America,USA,1968,2.0,7.0
United States of America,USA,1969,3.0,8.0
United States of America,USA,1970,3.0,9.0
United States of America,USA,1971,3.0,9.0
United States of America,USA,1972,3.0,9.0
United States of America,USA,1973,3.0,9.0
United States of America,USA,1974,3.0,9.0
United States of America,USA,1975,3.0,9.0
United States of America,USA,1976,3.0,9.0
United States of America,USA,1977,3.0,9.0
United States of America,USA,1978,3.0,9.0
United States of America,USA,1979,3.0,9.0
United States of America,USA,1980,3.0,9.0
United States of America,USA,1981,3.0,9.0
United States of America,USA,1982,3.0,9.0
United States of America,USA,1983,3.0,9.0
United States of America,USA,1984,3.0,9.0
United States of America,USA,1985,3.0,9.0
United States of America,USA,1986,3.0,9.0
United States of America,USA,1987,3.0,9.0
United States of America,USA,1988,3.0,9.0
United States of America,USA,1989,3.0,9.0
United States of America,USA,1990,3.0,9.0
United States of America,USA,1991,3.0,9.0
United States of America,USA,1992,3.0,9.0
United States of America,USA,1993,3.0,9.0
United States of America,USA,1994,3.0,9.0
United States of America,USA,1995,3.0,9.0
United States of America,USA,1996,3.0,9.0
United States of America,USA,1997,3.0,9.0
United States of America,USA,1998,3.0,9.0
United States of America,USA,1999,3.0,9.0
United States of America,USA,2000,3.0,9.0
United States of America,USA,2001,3.0,9.0
United States of America,USA,2002,3.0,9.0
United States of America,USA,2003,3.0,9.0
United States of America,USA,2004,3.0,9.0
United States of America,USA,2005,3.0,9.0
United States of America,USA,2006,3.0,9.0
United States of America,USA,2007,3.0,9.0
United States of America,USA,2008,3.0,9.0
United States of America,USA,2009,3.0,9.0
United States of America,USA,2010,3.0,9.0
United States of America,USA,2011,3.0,9.0
United States of America,USA,2012,3.0,9.0
United States of America,USA,2013,3.0,9.0
United States of America,USA,2014,3.0,9.0
United States of America,USA,2015,3.0,9.0
United States of America,USA,2016,3.0,8.0
United States of America,USA,2017,3.0,9.0
United States of America,USA,2018,3.0,9.0
United States of America,USA,2019,3.0,9.0
United States of America,USA,2020,3.0,9.0
United States of America,USA,2021,3.0,9.0
United States of America,USA,2022,3.0,9.0
United States of America,USA,2023,3.0,9.0
United States of America,USA,2024,3.0,8.0
United States of America,USA,2025,2.0,7.0
Portugal,PRT,1789,,
Portugal,PRT,1790,,
Portugal,PRT,1791,,
Portugal,PRT,1792,,
Portugal,PRT,1793,,
Portugal,PRT,1794,,
Portugal,PRT,1795,,
Portugal,PRT,1796,,
Portugal,PRT,1797,,
Portugal,PRT,1798,,
Portugal,PRT,1799,,
Portugal,PRT,1800,,
Portugal,PRT,1801,,
Portugal,PRT,1802,,
Portugal,PRT,1803,,
Portugal,PRT,1804,,
Portugal,PRT,1805,,
Portugal,PRT,1806,,
Portugal,PRT,1807,,
Portugal,PRT,1808,,
Portugal,PRT,1809,,
Portugal,PRT,1810,,
Portugal,PRT,1811,,
Portugal,PRT,1812,,
Portugal,PRT,1813,,
Portugal,PRT,1814,,
Portugal,PRT,1815,,
Portugal,PRT,1816,,
Portugal,PRT,1817,,
Portugal,PRT,1818,,
Portugal,PRT,1819,,
Portugal,PRT,1820,,
Portugal,PRT,1821,,
Portugal,PRT,1822,,
Portugal,PRT,1823,,
Portugal,PRT,1824,,
Portugal,PRT,1825,,
Portugal,PRT,1826,,
Portugal,PRT,1827,,
Portugal,PRT,1828,,
Portugal,PRT,1829,,
Portugal,PRT,1830,,
Portugal,PRT,1831,,
Portugal,PRT,1832,,
Portugal,PRT,1833,,
Portugal,PRT,1834,,
Portugal,PRT,1835,,
Portugal,PRT,1836,,
Portugal,PRT,1837,,
Portugal,PRT,1838,,
Portugal,PRT,1839,,
Portugal,PRT,1840,,
Portugal,PRT,1841,,
Portugal,PRT,1842,,
Portugal,PRT,1843,,
Portugal,PRT,1844,,
Portugal,PRT,1845,,
Portugal,PRT,1846,,
Portugal,PRT,1847,,
Portugal,PRT,1848,,
Portugal,PRT,1849,,
Portugal,PRT,1850,,
Portugal,PRT,1851,,
Portugal,PRT,1852,,
Portugal,PRT,1853,,
Portugal,PRT,1854,,
Portugal,PRT,1855,,
Portugal,PRT,1856,,
Portugal,PRT,1857,,
Portugal,PRT,1858,,
Portugal,PRT,1859,,
Portugal,PRT,1860,,
Portugal,PRT,1861,,
Portugal,PRT,1862,,
Portugal,PRT,1863,,
Portugal,PRT,1864,,
Portugal,PRT,1865,,
Portugal,PRT,1866,,
Portugal,PRT,1867,,
Portugal,PRT,1868,,
Portugal,PRT,1869,,
Portugal,PRT,1870,,
Portugal,PRT,1871,,
Portugal,PRT,1872,,
Portugal,PRT,1873,,
Portugal,PRT,1874,,
Portugal,PRT,1875,,
Portugal,PRT,1876,,
Portugal,PRT,1877,,
Portugal,PRT,1878,,
Portugal,PRT,1879,,
Portugal,PRT,1880,,
Portugal,PRT,1881,,
Portugal,PRT,1882,,
Portugal,PRT,1883,,
Portugal,PRT,1884,,
Portugal,PRT,1885,,
Portugal,PRT,1886,,
Portugal,PRT,1887,,
Portugal,PRT,1888,,
Portugal,PRT,1889,,
Portugal,PRT,1890,,
Portugal,PRT,1891,,
Portugal,PRT,1892,,
Portugal,PRT,1893,,
Portugal,PRT,1894,,
Portugal,PRT,1895,,
Portugal,PRT,1896,,
Portugal,PRT,1897,,
Portugal,PRT,1898,,
Portugal,PRT,1899,,
Portugal,PRT,1900,0.0,0.0
Portugal,PRT,1901,0.0,0.0
Portugal,PRT,1902,0.0,0.0
Portugal,PRT,1903,0.0,0.0
Portugal,PRT,1904,0.0,0.0
Portugal,PRT,1905,0.0,0.0
Portugal,PRT,1906,0.0,0.0
Portugal,PRT,1907,0.0,0.0
Portugal,PRT,1908,0.0,0.0
Portugal,PRT,1909,0.0,0.0
Portugal,PRT,1910,0.0,0.0
Portugal,PRT,1911,1.0,3.0
Portugal,PRT,1912,1.0,3.0
Portugal,PRT,1913,1.0,3.0
Portugal,PRT,1914,1.0,3.0
Portugal,PRT,1915,1.0,3.0
Portugal,PRT,1916,1.0,3.0
Portugal,PRT,1917,0.0,0.0
Portugal,PRT,1918,1.0,3.0
Portugal,PRT,1919,1.0,3.0
Portugal,PRT,1920,1.0,3.0
Portugal,PRT,1921,1.0,3.0
Portugal,PRT,1922,1.0,3.0
Portugal,PRT,1923,1.0,3.0
Portugal,PRT,1924,1.0,3.0
Portugal,PRT,1925,1.0,3.0
Portugal,PRT,1926,0.0,0.0
Portugal,PRT,1927,0.0,0.0
Portugal,PRT,1928,0.0,0.0
Portugal,PRT,1929,0.0,0.0
Portugal,PRT,1930,0.0,0.0
Portugal,PRT,1931,0.0,0.0
Portugal,PRT,1932,0.0,0.0
Portugal,PRT,1933,0.0,0.0
Portugal,PRT,1934,0.0,0.0
Portugal,PRT,1935,0.0,0.0
Portugal,PRT,1936,0.0,0.0
Portugal,PRT,1937,0.0,0.0
Portugal,PRT,1938,0.0,0.0
Portugal,PRT,1939,0.0,0.0
Portugal,PRT,1940,0.0,0.0
Portugal,PRT,1941,0.0,0.0
Portugal,PRT,1942,0.0,1.0
Portugal,PRT,1943,0.0,1.0
Portugal,PRT,1944,0.0,1.0
Portugal,PRT,1945,0.0,1.0
Portugal,PRT,1946,0.0,1.0
Portugal,PRT,1947,0.0,1.0
Portugal,PRT,1948,0.0,1.0
Portugal,PRT,1949,1.0,2.0
Portugal,PRT,1950,1.0,2.0
Portugal,PRT,1951,0.0,1.0
Portugal,PRT,1952,0.0,1.0
Portugal,PRT,1953,0.0,1.0
Portugal,PRT,1954,0.0,1.0
Portugal,PRT,1955,0.0,1.0
Portugal,PRT,1956,0.0,1.0
Portugal,PRT,1957,0.0,1.0
Portugal,PRT,1958,1.0,2.0
Portugal,PRT,1959,1.0,2.0
Portugal,PRT,1960,1.0,2.0
Portugal,PRT,1961,0.0,1.0
Portugal,PRT,1962,0.0,1.0
Portugal,PRT,1963,0.0,1.0
Portugal,PRT,1964,0.0,1.0
Portugal,PRT,1965,0.0,1.0
Portugal,PRT,1966,0.0,0.0
Portugal,PRT,1967,0.0,0.0
Portugal,PRT,1968,0.0,0.0
Portugal,PRT,1969,0.0,0.0
Portugal,PRT,1970,0.0,0.0
Portugal,PRT,1971,0.0,0.0
Portugal,PRT,1972,0.0,0.0
Portugal,PRT,1973,0.0,0.0
Portugal,PRT,1974,0.0,0.0
Portugal,PRT,1975,0.0,0.0
Portugal,PRT,1976,2.0,5.0
Portugal,PRT,1977,3.0,9.0
Portugal,PRT,1978,3.0,9.0
Portugal,PRT,1979,3.0,9.0
Portugal,PRT,1980,3.0,9.0
Portugal,PRT,1981,3.0,9.0
Portugal,PRT,1982,3.0,9.0
Portugal,PRT,1983,3.0,9.0
Portugal,PRT,1984,3.0,9.0
Portugal,PRT,1985,3.0,9.0
Portugal,PRT,1986,3.0,9.0
Portugal,PRT,1987,3.0,9.0
Portugal,PRT,1988,3.0,9.0
Portugal,PRT,1989,3.0,9.0
Portugal,PRT,1990,3.0,9.0
Portugal,PRT,1991,3.0,9.0
Portugal,PRT,1992,3.0,9.0
Portugal,PRT,1993,3.0,9.0
Portugal,PRT,1994,3.0,9.0
Portugal,PRT,1995,3.0,9.0
Portugal,PRT,1996,3.0,9.0
Portugal,PRT,1997,3.0,9.0
Portugal,PRT,1998,3.0,9.0
Portugal,PRT,1999,3.0,9.0
Portugal,PRT,2000,3.0,9.0
Portugal,PRT,2001,3.0,9.0
Portugal,PRT,2002,3.0,9.0
Portugal,PRT,2003,3.0,9.0
Portugal,PRT,2004,3.0,9.0
Portugal,PRT,2005,3.0,9.0
Portugal,PRT,2006,3.0,9.0
Portugal,PRT,2007,3.0,9.0
Portugal,PRT,2008,3.0,9.0
Portugal,PRT,2009,3.0,9.0
Portugal,PRT,2010,3.0,9.0
Portugal,PRT,2011,3.0,9.0
Portugal,PRT,2012,3.0,9.0
Portugal,PRT,2013,3.0,9.0
Portugal,PRT,2014,3.0,9.0
Portugal,PRT,2015,3.0,9.0
Portugal,PRT,2016,3.0,9.0
Portugal,PRT,2017,3.0,9.0
Portugal,PRT,2018,3.0,9.0
Portugal,PRT,2019,3.0,9.0
Portugal,PRT,2020,3.0,9.0
Portugal,PRT,2021,3.0,8.0
Portugal,PRT,2022,3.0,8.0
Portugal,PRT,2023,2.0,7.0
Portugal,PRT,2024,2.0,7.0
Portugal,PRT,2025,2.0,6.0
El Salvador,SLV,1838,,
El Salvador,SLV,1839,,
El Salvador,SLV,1840,,
El Salvador,SLV,1841,,
El Salvador,SLV,1842,,
El Salvador,SLV,1843,,
El Salvador,SLV,1844,,
El Salvador,SLV,1845,,
El Salvador,SLV,1846,,
El Salvador,SLV,1847,,
El Salvador,SLV,1848,,
El Salvador,SLV,1849,,
El Salvador,SLV,1850,,
El Salvador,SLV,1851,,
El Salvador,SLV,1852,,
El Salvador,SLV,1853,,
El Salvador,SLV,1854,,
El Salvador,SLV,1855,,
El Salvador,SLV,1856,,
El Salvador,SLV,1857,,
El Salvador,SLV,1858,,
El Salvador,SLV,1859,,
El Salvador,SLV,1860,,
El Salvador,SLV,1861,,
El Salvador,SLV,1862,,
El Salvador,SLV,1863,,
El Salvador,SLV,1864,,
El Salvador,SLV,1865,,
El Salvador,SLV,1866,,
El Salvador,SLV,1867,,
El Salvador,SLV,1868,,
El Salvador,SLV,1869,,
El Salvador,SLV,1870,,
El Salvador,SLV,1871,,
El Salvador,SLV,1872,,
El Salvador,SLV,1873,,
El Salvador,SLV,1874,,
El Salvador,SLV,1875,,
El Salvador,SLV,1876,,
El Salvador,SLV,1877,,
El Salvador,SLV,1878,,
El Salvador,SLV,1879,,
El Salvador,SLV,1880,,
El Salvador,SLV,1881,,
El Salvador,SLV,1882,,
El Salvador,SLV,1883,,
El Salvador,SLV,1884,,
El Salvador,SLV,1885,,
El Salvador,SLV,1886,,
El Salvador,SLV,1887,,
El Salvador,SLV,1888,,
El Salvador,SLV,1889,,
El Salvador,SLV,1890,,
El Salvador,SLV,1891,,
El Salvador,SLV,1892,,
El Salvador,SLV,1893,,
El Salvador,SLV,1894,,
El Salvador,SLV,1895,,
El Salvador,SLV,1896,,
El Salvador,SLV,1897,,
El Salvador,SLV,1898,,
El Salvador,SLV,1899,,
El Salvador,SLV,1900,,
El Salvador,SLV,1901,,
El Salvador,SLV,1902,,
El Salvador,SLV,1903,0.0,1.0
El Salvador,SLV,1904,0.0,1.0
El Salvador,SLV,1905,0.0,1.0
El Salvador,SLV,1906,0.0,1.0
El Salvador,SLV,1907,1.0,2.0
El Salvador,SLV,1908,1.0,2.0
El Salvador,SLV,1909,1.0,2.0
El Salvador,SLV,1910,1.0,2.0
El Salvador,SLV,1911,1.0,2.0
El Salvador,SLV,1912,1.0,2.0
El Salvador,SLV,1913,1.0,2.0
El Salvador,SLV,1914,1.0,2.0
El Salvador,SLV,1915,0.0,0.0
El Salvador,SLV,1916,0.0,0.0
El Salvador,SLV,1917,0.0,0.0
El Salvador,SLV,1918,0.0,0.0
El Salvador,SLV,1919,1.0,2.0
El Salvador,SLV,1920,1.0,2.0
El Salvador,SLV,1921,1.0,2.0
El Salvador,SLV,1922,1.0,2.0
El Salvador,SLV,1923,1.0,2.0
El Salvador,SLV,1924,1.0,2.0
El Salvador,SLV,1925,1.0,2.0
El Salvador,SLV,1926,1.0,2.0
El Salvador,SLV,1927,0.0,1.0
El Salvador,SLV,1928,0.0,1.0
El Salvador,SLV,1929,0.0,1.0
El Salvador,SLV,1930,0.0,1.0
El Salvador,SLV,1931,1.0,3.0
El Salvador,SLV,1932,1.0,3.0
El Salvador,SLV,1933,1.0,3.0
El Salvador,SLV,1934,1.0,3.0
El Salvador,SLV,1935,0.0,1.0
El Salvador,SLV,1936,0.0,1.0
El Salvador,SLV,1937,0.0,1.0
El Salvador,SLV,1938,0.0,1.0
El Salvador,SLV,1939,0.0,1.0
El Salvador,SLV,1940,0.0,1.0
El Salvador,SLV,1941,0.0,1.0
El Salvador,SLV,1942,0.0,1.0
El Salvador,SLV,1943,0.0,1.0
El Salvador,SLV,1944,0.0,1.0
El Salvador,SLV,1945,0.0,1.0
El Salvador,SLV,1946,0.0,1.0
El Salvador,SLV,1947,0.0,1.0
El Salvador,SLV,1948,0.0,1.0
El Salvador,SLV,1949,0.0,0.0
El Salvador,SLV,1950,0.0,0.0
El Salvador,SLV,1951,0.0,0.0
El Salvador,SLV,1952,0.0,0.0
El Salvador,SLV,1953,0.0,0.0
El Salvador,SLV,1954,0.0,0.0
El Salvador,SLV,1955,0.0,0.0
El Salvador,SLV,1956,1.0,3.0
El Salvador,SLV,1957,1.0,3.0
El Salvador,SLV,1958,1.0,3.0
El Salvador,SLV,1959,1.0,3.0
El Salvador,SLV,1960,1.0,3.0
El Salvador,SLV,1961,1.0,3.0
El Salvador,SLV,1962,1.0,2.0
El Salvador,SLV,1963,1.0,2.0
El Salvador,SLV,1964,1.0,2.0
El Salvador,SLV,1965,1.0,2.0
El Salvador,SLV,1966,1.0,2.0
El Salvador,SLV,1967,1.0,3.0
El Salvador,SLV,1968,1.0,3.0
El Salvador,SLV,1969,1.0,3.0
El Salvador,SLV,1970,1.0,3.0
El Salvador,SLV,1971,1.0,3.0
El Salvador,SLV,1972,1.0,3.0
El Salvador,SLV,1973,1.0,3.0
El Salvador,SLV,1974,1.0,3.0
El Salvador,SLV,1975,1.0,3.0
El Salvador,SLV,1976,1.0,3.0
El Salvador,SLV,1977,1.0,3.0
El Salvador,SLV,1978,1.0,3.0
El Salvador,SLV,1979,1.0,3.0
El Salvador,SLV,1980,0.0,0.0
El Salvador,SLV,1981,0.0,0.0
El Salvador,SLV,1982,0.0,0.0
El Salvador,SLV,1983,0.0,0.0
El Salvador,SLV,1984,1.0,3.0
El Salvador,SLV,1985,1.0,3.0
El Salvador,SLV,1986,1.0,3.0
El Salvador,SLV,1987,1.0,3.0
El Salvador,SLV,1988,1.0,3.0
El Salvador,SLV,1989,1.0,3.0
El Salvador,SLV,1990,1.0,3.0
El Salvador,SLV,1991,1.0,3.0
El Salvador,SLV,1992,1.0,3.0
El Salvador,SLV,1993,1.0,3.0
El Salvador,SLV,1994,1.0,4.0
El Salvador,SLV,1995,1.0,4.0
El Salvador,SLV,1996,1.0,4.0
El Salvador,SLV,1997,1.0,4.0
El Salvador,SLV,1998,1.0,4.0
El Salvador,SLV,1999,2.0,5.0
El Salvador,SLV,2000,2.0,5.0
El Salvador,SLV,2001,2.0,5.0
El Salvador,SLV,2002,2.0,5.0
El Salvador,SLV,2003,2.0,5.0
El Salvador,SLV,2004,2.0,5.0
El Salvador,SLV,2005,2.0,5.0
El Salvador,SLV,2006,2.0,5.0
El Salvador,SLV,2007,2.0,5.0
El Salvador,SLV,2008,2.0,5.0
El Salvador,SLV,2009,2.0,6.0
El Salvador,SLV,2010,2.0,6.0
El Salvador,SLV,2011,2.0,6.0
El Salvador,SLV,2012,2.0,6.0
El Salvador,SLV,2013,2.0,6.0
El Salvador,SLV,2014,2.0,6.0
El Salvador,SLV,2015,2.0,6.0
El Salvador,SLV,2016,2.0,6.0
El Salvador,SLV,2017,2.0,6.0
El Salvador,SLV,2018,2.0,6.0
El Salvador,SLV,2019,2.0,6.0
El Salvador,SLV,2020,2.0,5.0
El Salvador,SLV,2021,1.0,3.0
El Salvador,SLV,2022,1.0,3.0
El Salvador,SLV,2023,1.0,3.0
El Salvador,SLV,2024,1.0,3.0
El Salvador,SLV,2025,1.0,3.0
South Yemen,YMD,1900,0.0,0.0
South Yemen,YMD,1901,0.0,0.0
South Yemen,YMD,1902,0.0,0.0
South Yemen,YMD,1903,0.0,0.0
South Yemen,YMD,1904,0.0,0.0
South Yemen,YMD,1905,0.0,0.0
South Yemen,YMD,1906,0.0,0.0
South Yemen,YMD,1907,0.0,0.0
South Yemen,YMD,1908,0.0,0.0
South Yemen,YMD,1909,0.0,0.0
South Yemen,YMD,1910,0.0,0.0
South Yemen,YMD,1911,0.0,0.0
South Yemen,YMD,1912,0.0,0.0
South Yemen,YMD,1913,0.0,0.0
South Yemen,YMD,1914,0.0,0.0
South Yemen,YMD,1915,0.0,0.0
South Yemen,YMD,1916,0.0,0.0
South Yemen,YMD,1917,0.0,0.0
South Yemen,YMD,1918,0.0,0.0
South Yemen,YMD,1919,0.0,0.0
South Yemen,YMD,1920,0.0,0.0
South Yemen,YMD,1921,0.0,0.0
South Yemen,YMD,1922,0.0,0.0
South Yemen,YMD,1923,0.0,0.0
South Yemen,YMD,1924,0.0,0.0
South Yemen,YMD,1925,0.0,0.0
South Yemen,YMD,1926,0.0,0.0
South Yemen,YMD,1927,0.0,0.0
South Yemen,YMD,1928,0.0,0.0
South Yemen,YMD,1929,0.0,0.0
South Yemen,YMD,1930,0.0,0.0
South Yemen,YMD,1931,0.0,0.0
South Yemen,YMD,1932,0.0,0.0
South Yemen,YMD,1933,0.0,0.0
South Yemen,YMD,1934,0.0,0.0
South Yemen,YMD,1935,0.0,0.0
South Yemen,YMD,1936,0.0,0.0
South Yemen,YMD,1937,0.0,0.0
South Yemen,YMD,1938,0.0,0.0
South Yemen,YMD,1939,0.0,0.0
South Yemen,YMD,1940,0.0,0.0
South Yemen,YMD,1941,0.0,0.0
South Yemen,YMD,1942,0.0,0.0
South Yemen,YMD,1943,0.0,0.0
South Yemen,YMD,1944,0.0,0.0
South Yemen,YMD,1945,0.0,0.0
South Yemen,YMD,1946,0.0,0.0
South Yemen,YMD,1947,0.0,0.0
South Yemen,YMD,1948,0.0,0.0
South Yemen,YMD,1949,0.0,0.0
South Yemen,YMD,1950,0.0,0.0
South Yemen,YMD,1951,0.0,0.0
South Yemen,YMD,1952,0.0,0.0
South Yemen,YMD,1953,0.0,0.0
South Yemen,YMD,1954,0.0,0.0
South Yemen,YMD,1955,0.0,0.0
South Yemen,YMD,1956,0.0,0.0
South Yemen,YMD,1957,0.0,0.0
South Yemen,YMD,1958,0.0,0.0
South Yemen,YMD,1959,0.0,0.0
South Yemen,YMD,1960,0.0,0.0
South Yemen,YMD,1961,0.0,0.0
South Yemen,YMD,1962,0.0,0.0
South Yemen,YMD,1963,0.0,0.0
South Yemen,YMD,1964,0.0,0.0
South Yemen,YMD,1965,0.0,0.0
South Yemen,YMD,1966,0.0,0.0
South Yemen,YMD,1967,0.0,0.0
South Yemen,YMD,1968,0.0,0.0
South Yemen,YMD,1969,0.0,0.0
South Yemen,YMD,1970,0.0,0.0
South Yemen,YMD,1971,0.0,0.0
South Yemen,YMD,1972,0.0,0.0
South Yemen,YMD,1973,0.0,0.0
South Yemen,YMD,1974,0.0,0.0
South Yemen,YMD,1975,0.0,0.0
South Yemen,YMD,1976,0.0,0.0
South Yemen,YMD,1977,0.0,0.0
South Yemen,YMD,1978,0.0,0.0
South Yemen,YMD,1979,0.0,0.0
South Yemen,YMD,1980,0.0,0.0
South Yemen,YMD,1981,0.0,0.0
South Yemen,YMD,1982,0.0,0.0
South Yemen,YMD,1983,0.0,0.0
South Yemen,YMD,1984,0.0,0.0
South Yemen,YMD,1985,0.0,0.0
South Yemen,YMD,1986,0.0,0.0
South Yemen,YMD,1987,0.0,0.0
South Yemen,YMD,1988,0.0,0.0
South Yemen,YMD,1989,0.0,0.0
South Yemen,YMD,1990,0.0,0.0
Bangladesh,BGD,1971,0.0,0.0
Bangladesh,BGD,1972,0.0,0.0
Bangladesh,BGD,1973,1.0,3.0
Bangladesh,BGD,1974,1.0,3.0
Bangladesh,BGD,1975,1.0,3.0
Bangladesh,BGD,1976,0.0,0.0
Bangladesh,BGD,1977,0.0,0.0
Bangladesh,BGD,1978,1.0,3.0
Bangladesh,BGD,1979,1.0,3.0
Bangladesh,BGD,1980,1.0,3.0
Bangladesh,BGD,1981,1.0,3.0
Bangladesh,BGD,1982,1.0,3.0
Bangladesh,BGD,1983,0.0,0.0
Bangladesh,BGD,1984,0.0,0.0
Bangladesh,BGD,1985,0.0,0.0
Bangladesh,BGD,1986,1.0,3.0
Bangladesh,BGD,1987,1.0,3.0
Bangladesh,BGD,1988,1.0,3.0
Bangladesh,BGD,1989,1.0,3.0
Bangladesh,BGD,1990,1.0,3.0
Bangladesh,BGD,1991,1.0,4.0
Bangladesh,BGD,1992,2.0,5.0
Bangladesh,BGD,1993,2.0,5.0
Bangladesh,BGD,1994,2.0,5.0
Bangladesh,BGD,1995,2.0,5.0
Bangladesh,BGD,1996,2.0,5.0
Bangladesh,BGD,1997,2.0,5.0
Bangladesh,BGD,1998,2.0,5.0
Bangladesh,BGD,1999,2.0,5.0
Bangladesh,BGD,2000,2.0,5.0
Bangladesh,BGD,2001,2.0,5.0
Bangladesh,BGD,2002,1.0,4.0
Bangladesh,BGD,2003,1.0,4.0
Bangladesh,BGD,2004,1.0,4.0
Bangladesh,BGD,2005,1.0,4.0
Bangladesh,BGD,2006,1.0,3.0
Bangladesh,BGD,2007,0.0,0.0
Bangladesh,BGD,2008,1.0,3.0
Bangladesh,BGD,2009,1.0,3.0
Bangladesh,BGD,2010,1.0,3.0
Bangladesh,BGD,2011,1.0,3.0
Bangladesh,BGD,2012,1.0,3.0
Bangladesh,BGD,2013,1.0,3.0
Bangladesh,BGD,2014,1.0,3.0
Bangladesh,BGD,2015,1.0,3.0
Bangladesh,BGD,2016,1.0,3.0
Bangladesh,BGD,2017,1.0,3.0
Bangladesh,BGD,2018,1.0,3.0
Bangladesh,BGD,2019,1.0,3.0
Bangladesh,BGD,2020,1.0,3.0
Bangladesh,BGD,2021,1.0,3.0
Bangladesh,BGD,2022,1.0,3.0
Bangladesh,BGD,2023,1.0,3.0
Bangladesh,BGD,2024,1.0,3.0
Bangladesh,BGD,2025,0.0,0.0
Bolivia,BOL,1825,,
Bolivia,BOL,1826,,
Bolivia,BOL,1827,,
Bolivia,BOL,1828,,
Bolivia,BOL,1829,,
Bolivia,BOL,1830,,
Bolivia,BOL,1831,,
Bolivia,BOL,1832,,
Bolivia,BOL,1833,,
Bolivia,BOL,1834,,
Bolivia,BOL,1835,,
Bolivia,BOL,1836,,
Bolivia,BOL,1837,,
Bolivia,BOL,1838,,
Bolivia,BOL,1839,,
Bolivia,BOL,1840,,
Bolivia,BOL,1841,,
Bolivia,BOL,1842,,
Bolivia,BOL,1843,,
Bolivia,BOL,1844,,
Bolivia,BOL,1845,,
Bolivia,BOL,1846,,
Bolivia,BOL,1847,,
Bolivia,BOL,1848,,
Bolivia,BOL,1849,,
Bolivia,BOL,1850,,
Bolivia,BOL,1851,,
Bolivia,BOL,1852,,
Bolivia,BOL,1853,,
Bolivia,BOL,1854,,
Bolivia,BOL,1855,,
Bolivia,BOL,1856,,
Bolivia,BOL,1857,,
Bolivia,BOL,1858,,
Bolivia,BOL,1859,,
Bolivia,BOL,1860,,
Bolivia,BOL,1861,,
Bolivia,BOL,1862,,
Bolivia,BOL,1863,,
Bolivia,BOL,1864,,
Bolivia,BOL,1865,,
Bolivia,BOL,1866,,
Bolivia,BOL,1867,,
Bolivia,BOL,1868,,
Bolivia,BOL,1869,,
Bolivia,BOL,1870,,
Bolivia,BOL,1871,,
Bolivia,BOL,1872,,
Bolivia,BOL,1873,,
Bolivia,BOL,1874,,
Bolivia,BOL,1875,,
Bolivia,BOL,1876,,
Bolivia,BOL,1877,,
Bolivia,BOL,1878,,
Bolivia,BOL,1879,,
Bolivia,BOL,1880,,
Bolivia,BOL,1881,,
Bolivia,BOL,1882,,
Bolivia,BOL,1883,,
Bolivia,BOL,1884,,
Bolivia,BOL,1885,,
Bolivia,BOL,1886,,
Bolivia,BOL,1887,,
Bolivia,BOL,1888,,
Bolivia,BOL,1889,,
Bolivia,BOL,1890,,
Bolivia,BOL,1891,,
Bolivia,BOL,1892,,
Bolivia,BOL,1893,,
Bolivia,BOL,1894,,
Bolivia,BOL,1895,,
Bolivia,BOL,1896,,
Bolivia,BOL,1897,,
Bolivia,BOL,1898,,
Bolivia,BOL,1899,,
Bolivia,BOL,1900,1.0,3.0
Bolivia,BOL,1901,1.0,3.0
Bolivia,BOL,1902,1.0,3.0
Bolivia,BOL,1903,1.0,3.0
Bolivia,BOL,1904,1.0,3.0
Bolivia,BOL,1905,1.0,3.0
Bolivia,BOL,1906,1.0,3.0
Bolivia,BOL,1907,1.0,3.0
Bolivia,BOL,1908,1.0,3.0
Bolivia,BOL,1909,1.0,3.0
Bolivia,BOL,1910,1.0,3.0
Bolivia,BOL,1911,1.0,3.0
Bolivia,BOL,1912,1.0,3.0
Bolivia,BOL,1913,1.0,3.0
Bolivia,BOL,1914,1.0,3.0
Bolivia,BOL,1915,1.0,3.0
Bolivia,BOL,1916,1.0,2.0
Bolivia,BOL,1917,1.0,2.0
Bolivia,BOL,1918,1.0,3.0
Bolivia,BOL,1919,1.0,3.0
Bolivia,BOL,1920,1.0,3.0
Bolivia,BOL,1921,1.0,3.0
Bolivia,BOL,1922,1.0,3.0
Bolivia,BOL,1923,1.0,3.0
Bolivia,BOL,1924,1.0,3.0
Bolivia,BOL,1925,1.0,3.0
Bolivia,BOL,1926,1.0,3.0
Bolivia,BOL,1927,1.0,3.0
Bolivia,BOL,1928,1.0,3.0
Bolivia,BOL,1929,1.0,3.0
Bolivia,BOL,1930,1.0,3.0
Bolivia,BOL,1931,1.0,3.0
Bolivia,BOL,1932,1.0,3.0
Bolivia,BOL,1933,1.0,3.0
Bolivia,BOL,1934,1.0,3.0
Bolivia,BOL,1935,0.0,0.0
Bolivia,BOL,1936,0.0,0.0
Bolivia,BOL,1937,0.0,0.0
Bolivia,BOL,1938,1.0,3.0
Bolivia,BOL,1939,1.0,3.0
Bolivia,BOL,1940,1.0,3.0
Bolivia,BOL,1941,1.0,3.0
Bolivia,BOL,1942,1.0,3.0
Bolivia,BOL,1943,1.0,3.0
Bolivia,BOL,1944,0.0,0.0
Bolivia,BOL,1945,0.0,0.0
Bolivia,BOL,1946,0.0,0.0
Bolivia,BOL,1947,1.0,3.0
Bolivia,BOL,1948,1.0,3.0
Bolivia,BOL,1949,0.0,0.0
Bolivia,BOL,1950,0.0,0.0
Bolivia,BOL,1951,1.0,3.0
Bolivia,BOL,1952,1.0,3.0
Bolivia,BOL,1953,1.0,3.0
Bolivia,BOL,1954,1.0,3.0
Bolivia,BOL,1955,1.0,3.0
Bolivia,BOL,1956,1.0,3.0
Bolivia,BOL,1957,1.0,3.0
Bolivia,BOL,1958,1.0,3.0
Bolivia,BOL,1959,1.0,3.0
Bolivia,BOL,1960,1.0,3.0
Bolivia,BOL,1961,1.0,3.0
Bolivia,BOL,1962,1.0,3.0
Bolivia,BOL,1963,1.0,3.0
Bolivia,BOL,1964,1.0,3.0
Bolivia,BOL,1965,0.0,0.0
Bolivia,BOL,1966,1.0,3.0
Bolivia,BOL,1967,1.0,3.0
Bolivia,BOL,1968,1.0,3.0
Bolivia,BOL,1969,1.0,3.0
Bolivia,BOL,1970,0.0,0.0
Bolivia,BOL,1971,0.0,0.0
Bolivia,BOL,1972,0.0,0.0
Bolivia,BOL,1973,0.0,0.0
Bolivia,BOL,1974,0.0,0.0
Bolivia,BOL,1975,0.0,0.0
Bolivia,BOL,1976,0.0,0.0
Bolivia,BOL,1977,0.0,0.0
Bolivia,BOL,1978,1.0,3.0
Bolivia,BOL,1979,1.0,3.0
Bolivia,BOL,1980,1.0,3.0
Bolivia,BOL,1981,0.0,0.0
Bolivia,BOL,1982,0.0,0.0
Bolivia,BOL,1983,0.0,0.0
Bolivia,BOL,1984,0.0,0.0
Bolivia,BOL,1985,1.0,4.0
Bolivia,BOL,1986,2.0,6.0
Bolivia,BOL,1987,2.0,6.0
Bolivia,BOL,1988,2.0,6.0
Bolivia,BOL,1989,2.0,6.0
Bolivia,BOL,1990,2.0,6.0
Bolivia,BOL,1991,2.0,6.0
Bolivia,BOL,1992,2.0,6.0
Bolivia,BOL,1993,2.0,6.0
Bolivia,BOL,1994,2.0,6.0
Bolivia,BOL,1995,2.0,6.0
Bolivia,BOL,1996,2.0,6.0
Bolivia,BOL,1997,2.0,6.0
Bolivia,BOL,1998,2.0,6.0
Bolivia,BOL,1999,2.0,6.0
Bolivia,BOL,2000,2.0,6.0
Bolivia,BOL,2001,2.0,6.0
Bolivia,BOL,2002,2.0,6.0
Bolivia,BOL,2003,2.0,6.0
Bolivia,BOL,2004,2.0,6.0
Bolivia,BOL,2005,2.0,6.0
Bolivia,BOL,2006,2.0,6.0
Bolivia,BOL,2007,2.0,6.0
Bolivia,BOL,2008,2.0,6.0
Bolivia,BOL,2009,2.0,6.0
Bolivia,BOL,2010,2.0,6.0
Bolivia,BOL,2011,2.0,6.0
Bolivia,BOL,2012,2.0,6.0
Bolivia,BOL,2013,2.0,6.0
Bolivia,BOL,2014,2.0,6.0
Bolivia,BOL,2015,2.0,6.0
Bolivia,BOL,2016,2.0,6.0
Bolivia,BOL,2017,2.0,6.0
Bolivia,BOL,2018,2.0,6.0
Bolivia,BOL,2019,1.0,4.0
Bolivia,BOL,2020,1.0,3.0
Bolivia,BOL,2021,2.0,6.0
Bolivia,BOL,2022,2.0,6.0
Bolivia,BOL,2023,2.0,6.0
Bolivia,BOL,2024,2.0,6.0
Bolivia,BOL,2025,2.0,6.0
Haiti,HTI,1789,,
Haiti,HTI,1790,,
Haiti,HTI,1791,,
Haiti,HTI,1792,,
Haiti,HTI,1793,,
Haiti,HTI,1794,,
Haiti,HTI,1795,,
Haiti,HTI,1796,,
Haiti,HTI,1797,,
Haiti,HTI,1798,,
Haiti,HTI,1799,,
Haiti,HTI,1800,,
Haiti,HTI,1801,,
Haiti,HTI,1802,,
Haiti,HTI,1803,,
Haiti,HTI,1804,,
Haiti,HTI,1805,,
Haiti,HTI,1806,,
Haiti,HTI,1807,,
Haiti,HTI,1808,,
Haiti,HTI,1809,,
Haiti,HTI,1810,,
Haiti,HTI,1811,,
Haiti,HTI,1812,,
Haiti,HTI,1813,,
Haiti,HTI,1814,,
Haiti,HTI,1815,,
Haiti,HTI,1816,,
Haiti,HTI,1817,,
Haiti,HTI,1818,,
Haiti,HTI,1819,,
Haiti,HTI,1820,,
Haiti,HTI,1821,,
Haiti,HTI,1822,,
Haiti,HTI,1823,,
Haiti,HTI,1824,,
Haiti,HTI,1825,,
Haiti,HTI,1826,,
Haiti,HTI,1827,,
Haiti,HTI,1828,,
Haiti,HTI,1829,,
Haiti,HTI,1830,,
Haiti,HTI,1831,,
Haiti,HTI,1832,,
Haiti,HTI,1833,,
Haiti,HTI,1834,,
Haiti,HTI,1835,,
Haiti,HTI,1836,,
Haiti,HTI,1837,,
Haiti,HTI,1838,,
Haiti,HTI,1839,,
Haiti,HTI,1840,,
Haiti,HTI,1841,,
Haiti,HTI,1842,,
Haiti,HTI,1843,,
Haiti,HTI,1844,,
Haiti,HTI,1845,,
Haiti,HTI,1846,,
Haiti,HTI,1847,,
Haiti,HTI,1848,,
Haiti,HTI,1849,,
Haiti,HTI,1850,,
Haiti,HTI,1851,,
Haiti,HTI,1852,,
Haiti,HTI,1853,,
Haiti,HTI,1854,,
Haiti,HTI,1855,,
Haiti,HTI,1856,,
Haiti,HTI,1857,,
Haiti,HTI,1858,,
Haiti,HTI,1859,,
Haiti,HTI,1860,,
Haiti,HTI,1861,,
Haiti,HTI,1862,,
Haiti,HTI,1863,,
Haiti,HTI,1864,,
Haiti,HTI,1865,,
Haiti,HTI,1866,,
Haiti,HTI,1867,,
Haiti,HTI,1868,,
Haiti,HTI,1869,,
Haiti,HTI,1870,,
Haiti,HTI,1871,,
Haiti,HTI,1872,,
Haiti,HTI,1873,,
Haiti,HTI,1874,,
Haiti,HTI,1875,,
Haiti,HTI,1876,,
Haiti,HTI,1877,,
Haiti,HTI,1878,,
Haiti,HTI,1879,,
Haiti,HTI,1880,,
Haiti,HTI,1881,,
Haiti,HTI,1882,,
Haiti,HTI,1883,,
Haiti,HTI,1884,,
Haiti,HTI,1885,,
Haiti,HTI,1886,,
Haiti,HTI,1887,,
Haiti,HTI,1888,,
Haiti,HTI,1889,,
Haiti,HTI,1890,,
Haiti,HTI,1891,,
Haiti,HTI,1892,,
Haiti,HTI,1893,,
Haiti,HTI,1894,,
Haiti,HTI,1895,,
Haiti,HTI,1896,,
Haiti,HTI,1897,,
Haiti,HTI,1898,,
Haiti,HTI,1899,,
Haiti,HTI,1900,0.0,0.0
Haiti,HTI,1901,0.0,0.0
Haiti,HTI,1902,0.0,0.0
Haiti,HTI,1903,0.0,0.0
Haiti,HTI,1904,0.0,0.0
Haiti,HTI,1905,0.0,0.0
Haiti,HTI,1906,0.0,0.0
Haiti,HTI,1907,0.0,0.0
Haiti,HTI,1908,0.0,0.0
Haiti,HTI,1909,0.0,0.0
Haiti,HTI,1910,0.0,0.0
Haiti,HTI,1911,0.0,0.0
Haiti,HTI,1912,1.0,3.0
Haiti,HTI,1913,1.0,3.0
Haiti,HTI,1914,1.0,3.0
Haiti,HTI,1915,0.0,1.0
Haiti,HTI,1916,1.0,3.0
Haiti,HTI,1917,1.0,3.0
Haiti,HTI,1918,0.0,0.0
Haiti,HTI,1919,0.0,0.0
Haiti,HTI,1920,0.0,0.0
Haiti,HTI,1921,0.0,0.0
Haiti,HTI,1922,0.0,0.0
Haiti,HTI,1923,0.0,0.0
Haiti,HTI,1924,0.0,0.0
Haiti,HTI,1925,0.0,0.0
Haiti,HTI,1926,0.0,0.0
Haiti,HTI,1927,0.0,0.0
Haiti,HTI,1928,0.0,0.0
Haiti,HTI,1929,0.0,0.0
Haiti,HTI,1930,1.0,3.0
Haiti,HTI,1931,1.0,3.0
Haiti,HTI,1932,1.0,3.0
Haiti,HTI,1933,1.0,3.0
Haiti,HTI,1934,1.0,3.0
Haiti,HTI,1935,1.0,3.0
Haiti,HTI,1936,1.0,3.0
Haiti,HTI,1937,1.0,3.0
Haiti,HTI,1938,1.0,3.0
Haiti,HTI,1939,1.0,3.0
Haiti,HTI,1940,1.0,3.0
Haiti,HTI,1941,1.0,3.0
Haiti,HTI,1942,1.0,3.0
Haiti,HTI,1943,1.0,3.0
Haiti,HTI,1944,1.0,3.0
Haiti,HTI,1945,1.0,3.0
Haiti,HTI,1946,1.0,3.0
Haiti,HTI,1947,1.0,3.0
Haiti,HTI,1948,1.0,3.0
Haiti,HTI,1949,1.0,3.0
Haiti,HTI,1950,1.0,3.0
Haiti,HTI,1951,1.0,3.0
Haiti,HTI,1952,1.0,3.0
Haiti,HTI,1953,1.0,3.0
Haiti,HTI,1954,1.0,3.0
Haiti,HTI,1955,1.0,3.0
Haiti,HTI,1956,1.0,3.0
Haiti,HTI,1957,1.0,2.0
Haiti,HTI,1958,1.0,2.0
Haiti,HTI,1959,1.0,2.0
Haiti,HTI,1960,1.0,2.0
Haiti,HTI,1961,0.0,1.0
Haiti,HTI,1962,0.0,1.0
Haiti,HTI,1963,0.0,1.0
Haiti,HTI,1964,0.0,0.0
Haiti,HTI,1965,0.0,0.0
Haiti,HTI,1966,0.0,0.0
Haiti,HTI,1967,0.0,0.0
Haiti,HTI,1968,0.0,0.0
Haiti,HTI,1969,0.0,0.0
Haiti,HTI,1970,0.0,0.0
Haiti,HTI,1971,0.0,0.0
Haiti,HTI,1972,0.0,0.0
Haiti,HTI,1973,0.0,1.0
Haiti,HTI,1974,0.0,1.0
Haiti,HTI,1975,0.0,1.0
Haiti,HTI,1976,0.0,1.0
Haiti,HTI,1977,0.0,1.0
Haiti,HTI,1978,0.0,1.0
Haiti,HTI,1979,0.0,1.0
Haiti,HTI,1980,0.0,1.0
Haiti,HTI,1981,0.0,1.0
Haiti,HTI,1982,0.0,1.0
Haiti,HTI,1983,0.0,1.0
Haiti,HTI,1984,0.0,1.0
Haiti,HTI,1985,0.0,1.0
Haiti,HTI,1986,0.0,1.0
Haiti,HTI,1987,1.0,3.0
Haiti,HTI,1988,1.0,3.0
Haiti,HTI,1989,0.0,0.0
Haiti,HTI,1990,1.0,3.0
Haiti,HTI,1991,1.0,3.0
Haiti,HTI,1992,0.0,0.0
Haiti,HTI,1993,0.0,1.0
Haiti,HTI,1994,0.0,1.0
Haiti,HTI,1995,1.0,3.0
Haiti,HTI,1996,1.0,3.0
Haiti,HTI,1997,1.0,3.0
Haiti,HTI,1998,1.0,3.0
Haiti,HTI,1999,1.0,3.0
Haiti,HTI,2000,1.0,3.0
Haiti,HTI,2001,1.0,3.0
Haiti,HTI,2002,1.0,3.0
Haiti,HTI,2003,1.0,3.0
Haiti,HTI,2004,1.0,3.0
Haiti,HTI,2005,0.0,0.0
Haiti,HTI,2006,1.0,3.0
Haiti,HTI,2007,1.0,4.0
Haiti,HTI,2008,1.0,4.0
Haiti,HTI,2009,1.0,4.0
Haiti,HTI,2010,1.0,3.0
Haiti,HTI,2011,1.0,3.0
Haiti,HTI,2012,1.0,3.0
Haiti,HTI,2013,1.0,3.0
Haiti,HTI,2014,1.0,3.0
Haiti,HTI,2015,1.0,3.0
Haiti,HTI,2016,1.0,3.0
Haiti,HTI,2017,1.0,3.0
Haiti,HTI,2018,1.0,3.0
Haiti,HTI,2019,1.0,3.0
Haiti,HTI,2020,1.0,3.0
Haiti,HTI,2021,1.0,3.0
Haiti,HTI,2022,0.0,0.0
Haiti,HTI,2023,0.0,0.0
Haiti,HTI,2024,0.0,0.0
Haiti,HTI,2025,0.0,0.0
Honduras,HND,1838,,
Honduras,HND,1839,,
Honduras,HND,1840,,
Honduras,HND,1841,,
Honduras,HND,1842,,
Honduras,HND,1843,,
Honduras,HND,1844,,
Honduras,HND,1845,,
Honduras,HND,1846,,
Honduras,HND,1847,,
Honduras,HND,1848,,
Honduras,HND,1849,,
Honduras,HND,1850,,
Honduras,HND,1851,,
Honduras,HND,1852,,
Honduras,HND,1853,,
Honduras,HND,1854,,
Honduras,HND,1855,,
Honduras,HND,1856,,
Honduras,HND,1857,,
Honduras,HND,1858,,
Honduras,HND,1859,,
Honduras,HND,1860,,
Honduras,HND,1861,,
Honduras,HND,1862,,
Honduras,HND,1863,,
Honduras,HND,1864,,
Honduras,HND,1865,,
Honduras,HND,1866,,
Honduras,HND,1867,,
Honduras,HND,1868,,
Honduras,HND,1869,,
Honduras,HND,1870,,
Honduras,HND,1871,,
Honduras,HND,1872,,
Honduras,HND,1873,,
Honduras,HND,1874,,
Honduras,HND,1875,,
Honduras,HND,1876,,
Honduras,HND,1877,,
Honduras,HND,1878,,
Honduras,HND,1879,,
Honduras,HND,1880,,
Honduras,HND,1881,,
Honduras,HND,1882,,
Honduras,HND,1883,,
Honduras,HND,1884,,
Honduras,HND,1885,,
Honduras,HND,1886,,
Honduras,HND,1887,,
Honduras,HND,1888,,
Honduras,HND,1889,,
Honduras,HND,1890,,
Honduras,HND,1891,,
Honduras,HND,1892,,
Honduras,HND,1893,,
Honduras,HND,1894,,
Honduras,HND,1895,,
Honduras,HND,1896,,
Honduras,HND,1897,,
Honduras,HND,1898,,
Honduras,HND,1899,,
Honduras,HND,1900,1.0,3.0
Honduras,HND,1901,1.0,3.0
Honduras,HND,1902,1.0,3.0
Honduras,HND,1903,1.0,3.0
Honduras,HND,1904,1.0,3.0
Honduras,HND,1905,1.0,3.0
Honduras,HND,1906,1.0,3.0
Honduras,HND,1907,1.0,3.0
Honduras,HND,1908,0.0,0.0
Honduras,HND,1909,0.0,0.0
Honduras,HND,1910,0.0,0.0
Honduras,HND,1911,0.0,0.0
Honduras,HND,1912,1.0,3.0
Honduras,HND,1913,1.0,3.0
Honduras,HND,1914,1.0,3.0
Honduras,HND,1915,1.0,3.0
Honduras,HND,1916,1.0,3.0
Honduras,HND,1917,1.0,3.0
Honduras,HND,1918,1.0,3.0
Honduras,HND,1919,1.0,3.0
Honduras,HND,1920,1.0,3.0
Honduras,HND,1921,,
Honduras,HND,1922,,
Honduras,HND,1923,,
Honduras,HND,1924,,
Honduras,HND,1925,,
Honduras,HND,1926,,
Honduras,HND,1927,,
Honduras,HND,1928,,
Honduras,HND,1929,,
Honduras,HND,1930,,
Honduras,HND,1931,,
Honduras,HND,1932,,
Honduras,HND,1933,,
Honduras,HND,1934,,
Honduras,HND,1935,,
Honduras,HND,1936,,
Honduras,HND,1937,,
Honduras,HND,1938,,
Honduras,HND,1939,,
Honduras,HND,1940,,
Honduras,HND,1941,,
Honduras,HND,1942,,
Honduras,HND,1943,,
Honduras,HND,1944,,
Honduras,HND,1945,1.0,2.0
Honduras,HND,1946,1.0,2.0
Honduras,HND,1947,1.0,2.0
Honduras,HND,1948,1.0,3.0
Honduras,HND,1949,1.0,3.0
Honduras,HND,1950,1.0,3.0
Honduras,HND,1951,1.0,3.0
Honduras,HND,1952,1.0,3.0
Honduras,HND,1953,1.0,3.0
Honduras,HND,1954,1.0,3.0
Honduras,HND,1955,0.0,0.0
Honduras,HND,1956,0.0,1.0
Honduras,HND,1957,1.0,3.0
Honduras,HND,1958,0.0,0.0
Honduras,HND,1959,0.0,0.0
Honduras,HND,1960,0.0,0.0
Honduras,HND,1961,0.0,0.0
Honduras,HND,1962,0.0,0.0
Honduras,HND,1963,0.0,0.0
Honduras,HND,1964,0.0,0.0
Honduras,HND,1965,1.0,3.0
Honduras,HND,1966,0.0,0.0
Honduras,HND,1967,0.0,0.0
Honduras,HND,1968,0.0,0.0
Honduras,HND,1969,0.0,0.0
Honduras,HND,1970,0.0,0.0
Honduras,HND,1971,1.0,3.0
Honduras,HND,1972,1.0,3.0
Honduras,HND,1973,0.0,0.0
Honduras,HND,1974,0.0,0.0
Honduras,HND,1975,0.0,0.0
Honduras,HND,1976,0.0,0.0
Honduras,HND,1977,0.0,0.0
Honduras,HND,1978,0.0,0.0
Honduras,HND,1979,0.0,0.0
Honduras,HND,1980,0.0,0.0
Honduras,HND,1981,1.0,3.0
Honduras,HND,1982,1.0,3.0
Honduras,HND,1983,1.0,3.0
Honduras,HND,1984,1.0,3.0
Honduras,HND,1985,1.0,3.0
Honduras,HND,1986,1.0,3.0
Honduras,HND,1987,1.0,3.0
Honduras,HND,1988,1.0,3.0
Honduras,HND,1989,1.0,3.0
Honduras,HND,1990,1.0,4.0
Honduras,HND,1991,1.0,4.0
Honduras,HND,1992,1.0,4.0
Honduras,HND,1993,1.0,4.0
Honduras,HND,1994,2.0,5.0
Honduras,HND,1995,2.0,5.0
Honduras,HND,1996,2.0,5.0
Honduras,HND,1997,2.0,5.0
Honduras,HND,1998,2.0,5.0
Honduras,HND,1999,2.0,5.0
Honduras,HND,2000,2.0,5.0
Honduras,HND,2001,2.0,5.0
Honduras,HND,2002,2.0,5.0
Honduras,HND,2003,2.0,5.0
Honduras,HND,2004,2.0,5.0
Honduras,HND,2005,2.0,5.0
Honduras,HND,2006,2.0,5.0
Honduras,HND,2007,2.0,5.0
Honduras,HND,2008,2.0,5.0
Honduras,HND,2009,1.0,3.0
Honduras,HND,2010,1.0,3.0
Honduras,HND,2011,1.0,3.0
Honduras,HND,2012,1.0,3.0
Honduras,HND,2013,1.0,3.0
Honduras,HND,2014,1.0,3.0
Honduras,HND,2015,1.0,3.0
Honduras,HND,2016,1.0,3.0
Honduras,HND,2017,1.0,3.0
Honduras,HND,2018,1.0,3.0
Honduras,HND,2019,1.0,3.0
Honduras,HND,2020,1.0,3.0
Honduras,HND,2021,1.0,3.0
Honduras,HND,2022,2.0,5.0
Honduras,HND,2023,2.0,5.0
Honduras,HND,2024,2.0,5.0
Honduras,HND,2025,2.0,5.0
Mali,MLI,1900,0.0,0.0
Mali,MLI,1901,0.0,0.0
Mali,MLI,1902,0.0,0.0
Mali,MLI,1903,0.0,0.0
Mali,MLI,1904,0.0,0.0
Mali,MLI,1905,0.0,0.0
Mali,MLI,1906,0.0,0.0
Mali,MLI,1907,0.0,0.0
Mali,MLI,1908,0.0,0.0
Mali,MLI,1909,0.0,0.0
Mali,MLI,1910,0.0,0.0
Mali,MLI,1911,0.0,0.0
Mali,MLI,1912,0.0,0.0
Mali,MLI,1913,0.0,0.0
Mali,MLI,1914,0.0,0.0
Mali,MLI,1915,0.0,0.0
Mali,MLI,1916,0.0,0.0
Mali,MLI,1917,0.0,0.0
Mali,MLI,1918,0.0,0.0
Mali,MLI,1919,0.0,0.0
Mali,MLI,1920,0.0,0.0
Mali,MLI,1921,0.0,0.0
Mali,MLI,1922,0.0,0.0
Mali,MLI,1923,0.0,0.0
Mali,MLI,1924,0.0,0.0
Mali,MLI,1925,0.0,0.0
Mali,MLI,1926,0.0,0.0
Mali,MLI,1927,0.0,0.0
Mali,MLI,1928,0.0,0.0
Mali,MLI,1929,0.0,0.0
Mali,MLI,1930,0.0,0.0
Mali,MLI,1931,0.0,0.0
Mali,MLI,1932,0.0,0.0
Mali,MLI,1933,0.0,0.0
Mali,MLI,1934,0.0,0.0
Mali,MLI,1935,0.0,0.0
Mali,MLI,1936,0.0,0.0
Mali,MLI,1937,0.0,0.0
Mali,MLI,1938,0.0,0.0
Mali,MLI,1939,0.0,0.0
Mali,MLI,1940,0.0,0.0
Mali,MLI,1941,0.0,0.0
Mali,MLI,1942,0.0,0.0
Mali,MLI,1943,0.0,0.0
Mali,MLI,1944,0.0,0.0
Mali,MLI,1945,0.0,0.0
Mali,MLI,1946,0.0,0.0
Mali,MLI,1947,0.0,0.0
Mali,MLI,1948,0.0,0.0
Mali,MLI,1949,0.0,0.0
Mali,MLI,1950,0.0,0.0
Mali,MLI,1951,0.0,0.0
Mali,MLI,1952,0.0,0.0
Mali,MLI,1953,0.0,0.0
Mali,MLI,1954,0.0,0.0
Mali,MLI,1955,0.0,0.0
Mali,MLI,1956,0.0,0.0
Mali,MLI,1957,0.0,0.0
Mali,MLI,1958,0.0,0.0
Mali,MLI,1959,0.0,0.0
Mali,MLI,1960,1.0,3.0
Mali,MLI,1961,1.0,3.0
Mali,MLI,1962,1.0,3.0
Mali,MLI,1963,1.0,3.0
Mali,MLI,1964,1.0,3.0
Mali,MLI,1965,1.0,3.0
Mali,MLI,1966,1.0,3.0
Mali,MLI,1967,1.0,3.0
Mali,MLI,1968,0.0,0.0
Mali,MLI,1969,0.0,0.0
Mali,MLI,1970,0.0,0.0
Mali,MLI,1971,0.0,0.0
Mali,MLI,1972,0.0,0.0
Mali,MLI,1973,0.0,0.0
Mali,MLI,1974,0.0,0.0
Mali,MLI,1975,0.0,0.0
Mali,MLI,1976,0.0,0.0
Mali,MLI,1977,0.0,0.0
Mali,MLI,1978,0.0,0.0
Mali,MLI,1979,0.0,1.0
Mali,MLI,1980,0.0,1.0
Mali,MLI,1981,0.0,1.0
Mali,MLI,1982,0.0,1.0
Mali,MLI,1983,0.0,1.0
Mali,MLI,1984,0.0,1.0
Mali,MLI,1985,0.0,0.0
Mali,MLI,1986,0.0,0.0
Mali,MLI,1987,0.0,0.0
Mali,MLI,1988,0.0,0.0
Mali,MLI,1989,0.0,0.0
Mali,MLI,1990,0.0,0.0
Mali,MLI,1991,0.0,0.0
Mali,MLI,1992,1.0,4.0
Mali,MLI,1993,2.0,6.0
Mali,MLI,1994,2.0,6.0
Mali,MLI,1995,2.0,6.0
Mali,MLI,1996,2.0,6.0
Mali,MLI,1997,2.0,5.0
Mali,MLI,1998,2.0,5.0
Mali,MLI,1999,2.0,5.0
Mali,MLI,2000,2.0,5.0
Mali,MLI,2001,2.0,5.0
Mali,MLI,2002,2.0,6.0
Mali,MLI,2003,2.0,6.0
Mali,MLI,2004,2.0,6.0
Mali,MLI,2005,2.0,6.0
Mali,MLI,2006,2.0,6.0
Mali,MLI,2007,2.0,6.0
Mali,MLI,2008,2.0,6.0
Mali,MLI,2009,2.0,6.0
Mali,MLI,2010,2.0,6.0
Mali,MLI,2011,2.0,6.0
Mali,MLI,2012,1.0,3.0
Mali,MLI,2013,1.0,3.0
Mali,MLI,2014,2.0,5.0
Mali,MLI,2015,2.0,5.0
Mali,MLI,2016,2.0,5.0
Mali,MLI,2017,2.0,5.0
Mali,MLI,2018,1.0,4.0
Mali,MLI,2019,1.0,4.0
Mali,MLI,2020,1.0,3.0
Mali,MLI,2021,0.0,0.0
Mali,MLI,2022,0.0,0.0
Mali,MLI,2023,0.0,0.0
Mali,MLI,2024,0.0,0.0
Mali,MLI,2025,0.0,0.0
Pakistan,PAK,1947,0.0,0.0
Pakistan,PAK,1948,0.0,0.0
Pakistan,PAK,1949,0.0,0.0
Pakistan,PAK,1950,0.0,0.0
Pakistan,PAK,1951,0.0,0.0
Pakistan,PAK,1952,0.0,0.0
Pakistan,PAK,1953,0.0,0.0
Pakistan,PAK,1954,0.0,0.0
Pakistan,PAK,1955,0.0,0.0
Pakistan,PAK,1956,0.0,0.0
Pakistan,PAK,1957,0.0,0.0
Pakistan,PAK,1958,0.0,0.0
Pakistan,PAK,1959,0.0,0.0
Pakistan,PAK,1960,0.0,0.0
Pakistan,PAK,1961,0.0,0.0
Pakistan,PAK,1962,0.0,0.0
Pakistan,PAK,1963,0.0,0.0
Pakistan,PAK,1964,0.0,0.0
Pakistan,PAK,1965,0.0,0.0
Pakistan,PAK,1966,0.0,0.0
Pakistan,PAK,1967,0.0,0.0
Pakistan,PAK,1968,0.0,0.0
Pakistan,PAK,1969,0.0,0.0
Pakistan,PAK,1970,0.0,0.0
Pakistan,PAK,1971,0.0,0.0
Pakistan,PAK,1972,0.0,0.0
Pakistan,PAK,1973,0.0,0.0
Pakistan,PAK,1974,0.0,0.0
Pakistan,PAK,1975,0.0,0.0
Pakistan,PAK,1976,0.0,0.0
Pakistan,PAK,1977,1.0,3.0
Pakistan,PAK,1978,0.0,0.0
Pakistan,PAK,1979,0.0,0.0
Pakistan,PAK,1980,0.0,0.0
Pakistan,PAK,1981,0.0,0.0
Pakistan,PAK,1982,0.0,0.0
Pakistan,PAK,1983,0.0,0.0
Pakistan,PAK,1984,0.0,0.0
Pakistan,PAK,1985,1.0,2.0
Pakistan,PAK,1986,1.0,2.0
Pakistan,PAK,1987,1.0,2.0
Pakistan,PAK,1988,1.0,3.0
Pakistan,PAK,1989,1.0,3.0
Pakistan,PAK,1990,1.0,3.0
Pakistan,PAK,1991,1.0,3.0
Pakistan,PAK,1992,1.0,3.0
Pakistan,PAK,1993,1.0,3.0
Pakistan,PAK,1994,1.0,3.0
Pakistan,PAK,1995,1.0,3.0
Pakistan,PAK,1996,1.0,3.0
Pakistan,PAK,1997,1.0,3.0
Pakistan,PAK,1998,1.0,3.0
Pakistan,PAK,1999,0.0,0.0
Pakistan,PAK,2000,0.0,0.0
Pakistan,PAK,2001,0.0,0.0
Pakistan,PAK,2002,1.0,3.0
Pakistan,PAK,2003,1.0,3.0
Pakistan,PAK,2004,1.0,3.0
Pakistan,PAK,2005,1.0,3.0
Pakistan,PAK,2006,1.0,3.0
Pakistan,PAK,2007,1.0,3.0
Pakistan,PAK,2008,1.0,3.0
Pakistan,PAK,2009,1.0,4.0
Pakistan,PAK,2010,1.0,4.0
Pakistan,PAK,2011,1.0,4.0
Pakistan,PAK,2012,1.0,4.0
Pakistan,PAK,2013,1.0,4.0
Pakistan,PAK,2014,1.0,4.0
Pakistan,PAK,2015,1.0,3.0
Pakistan,PAK,2016,1.0,3.0
Pakistan,PAK,2017,1.0,3.0
Pakistan,PAK,2018,1.0,3.0
Pakistan,PAK,2019,1.0,3.0
Pakistan,PAK,2020,1.0,3.0
Pakistan,PAK,2021,1.0,3.0
Pakistan,PAK,2022,1.0,3.0
Pakistan,PAK,2023,1.0,3.0
Pakistan,PAK,2024,1.0,3.0
Pakistan,PAK,2025,1.0,3.0
Peru,PER,1789,,
Peru,PER,1790,,
Peru,PER,1791,,
Peru,PER,1792,,
Peru,PER,1793,,
Peru,PER,1794,,
Peru,PER,1795,,
Peru,PER,1796,,
Peru,PER,1797,,
Peru,PER,1798,,
Peru,PER,1799,,
Peru,PER,1800,,
Peru,PER,1801,,
Peru,PER,1802,,
Peru,PER,1803,,
Peru,PER,1804,,
Peru,PER,1805,,
Peru,PER,1806,,
Peru,PER,1807,,
Peru,PER,1808,,
Peru,PER,1809,,
Peru,PER,1810,,
Peru,PER,1811,,
Peru,PER,1812,,
Peru,PER,1813,,
Peru,PER,1814,,
Peru,PER,1815,,
Peru,PER,1816,,
Peru,PER,1817,,
Peru,PER,1818,,
Peru,PER,1819,,
Peru,PER,1820,,
Peru,PER,1821,,
Peru,PER,1822,,
Peru,PER,1823,,
Peru,PER,1824,,
Peru,PER,1825,,
Peru,PER,1826,,
Peru,PER,1827,,
Peru,PER,1828,,
Peru,PER,1829,,
Peru,PER,1830,,
Peru,PER,1831,,
Peru,PER,1832,,
Peru,PER,1833,,
Peru,PER,1834,,
Peru,PER,1835,,
Peru,PER,1836,,
Peru,PER,1837,,
Peru,PER,1838,,
Peru,PER,1839,,
Peru,PER,1840,,
Peru,PER,1841,,
Peru,PER,1842,,
Peru,PER,1843,,
Peru,PER,1844,,
Peru,PER,1845,,
Peru,PER,1846,,
Peru,PER,1847,,
Peru,PER,1848,,
Peru,PER,1849,,
Peru,PER,1850,,
Peru,PER,1851,,
Peru,PER,1852,,
Peru,PER,1853,,
Peru,PER,1854,,
Peru,PER,1855,,
Peru,PER,1856,,
Peru,PER,1857,,
Peru,PER,1858,,
Peru,PER,1859,,
Peru,PER,1860,,
Peru,PER,1861,,
Peru,PER,1862,,
Peru,PER,1863,,
Peru,PER,1864,,
Peru,PER,1865,,
Peru,PER,1866,,
Peru,PER,1867,,
Peru,PER,1868,,
Peru,PER,1869,,
Peru,PER,1870,,
Peru,PER,1871,,
Peru,PER,1872,,
Peru,PER,1873,,
Peru,PER,1874,,
Peru,PER,1875,,
Peru,PER,1876,,
Peru,PER,1877,,
Peru,PER,1878,,
Peru,PER,1879,,
Peru,PER,1880,,
Peru,PER,1881,,
Peru,PER,1882,,
Peru,PER,1883,,
Peru,PER,1884,,
Peru,PER,1885,,
Peru,PER,1886,,
Peru,PER,1887,,
Peru,PER,1888,,
Peru,PER,1889,,
Peru,PER,1890,,
Peru,PER,1891,,
Peru,PER,1892,,
Peru,PER,1893,,
Peru,PER,1894,,
Peru,PER,1895,,
Peru,PER,1896,,
Peru,PER,1897,,
Peru,PER,1898,,
Peru,PER,1899,,
Peru,PER,1900,1.0,3.0
Peru,PER,1901,1.0,3.0
Peru,PER,1902,1.0,3.0
Peru,PER,1903,1.0,3.0
Peru,PER,1904,1.0,3.0
Peru,PER,1905,1.0,3.0
Peru,PER,1906,1.0,3.0
Peru,PER,1907,1.0,3.0
Peru,PER,1908,1.0,3.0
Peru,PER,1909,1.0,3.0
Peru,PER,1910,1.0,3.0
Peru,PER,1911,1.0,3.0
Peru,PER,1912,1.0,3.0
Peru,PER,1913,1.0,3.0
Peru,PER,1914,1.0,3.0
Peru,PER,1915,1.0,3.0
Peru,PER,1916,1.0,3.0
Peru,PER,1917,1.0,3.0
Peru,PER,1918,1.0,3.0
Peru,PER,1919,1.0,3.0
Peru,PER,1920,1.0,3.0
Peru,PER,1921,1.0,3.0
Peru,PER,1922,1.0,3.0
Peru,PER,1923,1.0,3.0
Peru,PER,1924,1.0,3.0
Peru,PER,1925,1.0,3.0
Peru,PER,1926,1.0,3.0
Peru,PER,1927,1.0,3.0
Peru,PER,1928,1.0,3.0
Peru,PER,1929,1.0,3.0
Peru,PER,1930,0.0,0.0
Peru,PER,1931,1.0,3.0
Peru,PER,1932,1.0,3.0
Peru,PER,1933,0.0,0.0
Peru,PER,1934,0.0,0.0
Peru,PER,1935,0.0,0.0
Peru,PER,1936,0.0,0.0
Peru,PER,1937,0.0,0.0
Peru,PER,1938,0.0,0.0
Peru,PER,1939,1.0,3.0
Peru,PER,1940,1.0,3.0
Peru,PER,1941,1.0,3.0
Peru,PER,1942,1.0,3.0
Peru,PER,1943,1.0,3.0
Peru,PER,1944,1.0,3.0
Peru,PER,1945,1.0,3.0
Peru,PER,1946,1.0,3.0
Peru,PER,1947,1.0,3.0
Peru,PER,1948,1.0,3.0
Peru,PER,1949,0.0,0.0
Peru,PER,1950,0.0,0.0
Peru,PER,1951,0.0,0.0
Peru,PER,1952,0.0,0.0
Peru,PER,1953,0.0,0.0
Peru,PER,1954,0.0,0.0
Peru,PER,1955,0.0,0.0
Peru,PER,1956,1.0,3.0
Peru,PER,1957,1.0,3.0
Peru,PER,1958,1.0,3.0
Peru,PER,1959,1.0,3.0
Peru,PER,1960,1.0,3.0
Peru,PER,1961,1.0,3.0
Peru,PER,1962,1.0,3.0
Peru,PER,1963,1.0,3.0
Peru,PER,1964,1.0,3.0
Peru,PER,1965,1.0,3.0
Peru,PER,1966,1.0,3.0
Peru,PER,1967,1.0,3.0
Peru,PER,1968,1.0,3.0
Peru,PER,1969,0.0,0.0
Peru,PER,1970,0.0,0.0
Peru,PER,1971,0.0,0.0
Peru,PER,1972,0.0,0.0
Peru,PER,1973,0.0,0.0
Peru,PER,1974,0.0,0.0
Peru,PER,1975,0.0,0.0
Peru,PER,1976,0.0,0.0
Peru,PER,1977,0.0,0.0
Peru,PER,1978,0.0,0.0
Peru,PER,1979,0.0,0.0
Peru,PER,1980,1.0,3.0
Peru,PER,1981,2.0,6.0
Peru,PER,1982,2.0,6.0
Peru,PER,1983,2.0,6.0
Peru,PER,1984,2.0,6.0
Peru,PER,1985,2.0,6.0
Peru,PER,1986,2.0,6.0
Peru,PER,1987,2.0,6.0
Peru,PER,1988,2.0,6.0
Peru,PER,1989,2.0,6.0
Peru,PER,1990,2.0,6.0
Peru,PER,1991,2.0,6.0
Peru,PER,1992,0.0,0.0
Peru,PER,1993,0.0,0.0
Peru,PER,1994,0.0,0.0
Peru,PER,1995,1.0,3.0
Peru,PER,1996,1.0,3.0
Peru,PER,1997,1.0,3.0
Peru,PER,1998,1.0,3.0
Peru,PER,1999,1.0,3.0
Peru,PER,2000,1.0,3.0
Peru,PER,2001,2.0,6.0
Peru,PER,2002,2.0,6.0
Peru,PER,2003,2.0,6.0
Peru,PER,2004,2.0,6.0
Peru,PER,2005,2.0,6.0
Peru,PER,2006,2.0,6.0
Peru,PER,2007,2.0,6.0
Peru,PER,2008,2.0,6.0
Peru,PER,2009,2.0,6.0
Peru,PER,2010,2.0,6.0
Peru,PER,2011,2.0,6.0
Peru,PER,2012,2.0,6.0
Peru,PER,2013,2.0,6.0
Peru,PER,2014,2.0,6.0
Peru,PER,2015,2.0,6.0
Peru,PER,2016,2.0,6.0
Peru,PER,2017,2.0,6.0
Peru,PER,2018,2.0,6.0
Peru,PER,2019,2.0,6.0
Peru,PER,2020,2.0,6.0
Peru,PER,2021,2.0,6.0
Peru,PER,2022,2.0,6.0
Peru,PER,2023,2.0,6.0
Peru,PER,2024,2.0,6.0
Peru,PER,2025,2.0,6.0
Senegal,SEN,1904,0.0,0.0
Senegal,SEN,1905,0.0,0.0
Senegal,SEN,1906,0.0,0.0
Senegal,SEN,1907,0.0,0.0
Senegal,SEN,1908,0.0,0.0
Senegal,SEN,1909,0.0,0.0
Senegal,SEN,1910,0.0,0.0
Senegal,SEN,1911,0.0,0.0
Senegal,SEN,1912,0.0,0.0
Senegal,SEN,1913,0.0,0.0
Senegal,SEN,1914,0.0,0.0
Senegal,SEN,1915,0.0,0.0
Senegal,SEN,1916,0.0,0.0
Senegal,SEN,1917,0.0,0.0
Senegal,SEN,1918,0.0,0.0
Senegal,SEN,1919,0.0,0.0
Senegal,SEN,1920,0.0,0.0
Senegal,SEN,1921,0.0,0.0
Senegal,SEN,1922,0.0,0.0
Senegal,SEN,1923,0.0,0.0
Senegal,SEN,1924,0.0,0.0
Senegal,SEN,1925,0.0,0.0
Senegal,SEN,1926,0.0,0.0
Senegal,SEN,1927,0.0,0.0
Senegal,SEN,1928,0.0,0.0
Senegal,SEN,1929,0.0,0.0
Senegal,SEN,1930,0.0,0.0
Senegal,SEN,1931,0.0,0.0
Senegal,SEN,1932,0.0,0.0
Senegal,SEN,1933,0.0,0.0
Senegal,SEN,1934,0.0,0.0
Senegal,SEN,1935,0.0,0.0
Senegal,SEN,1936,0.0,0.0
Senegal,SEN,1937,0.0,0.0
Senegal,SEN,1938,0.0,0.0
Senegal,SEN,1939,0.0,0.0
Senegal,SEN,1940,0.0,0.0
Senegal,SEN,1941,0.0,0.0
Senegal,SEN,1942,0.0,0.0
Senegal,SEN,1943,0.0,0.0
Senegal,SEN,1944,0.0,0.0
Senegal,SEN,1945,0.0,0.0
Senegal,SEN,1946,0.0,0.0
Senegal,SEN,1947,0.0,0.0
Senegal,SEN,1948,0.0,0.0
Senegal,SEN,1949,0.0,0.0
Senegal,SEN,1950,0.0,0.0
Senegal,SEN,1951,0.0,0.0
Senegal,SEN,1952,0.0,0.0
Senegal,SEN,1953,0.0,0.0
Senegal,SEN,1954,0.0,0.0
Senegal,SEN,1955,0.0,0.0
Senegal,SEN,1956,0.0,0.0
Senegal,SEN,1957,0.0,0.0
Senegal,SEN,1958,0.0,0.0
Senegal,SEN,1959,0.0,0.0
Senegal,SEN,1960,1.0,3.0
Senegal,SEN,1961,1.0,3.0
Senegal,SEN,1962,1.0,3.0
Senegal,SEN,1963,1.0,3.0
Senegal,SEN,1964,1.0,3.0
Senegal,SEN,1965,1.0,3.0
Senegal,SEN,1966,1.0,3.0
Senegal,SEN,1967,1.0,3.0
Senegal,SEN,1968,1.0,3.0
Senegal,SEN,1969,1.0,3.0
Senegal,SEN,1970,1.0,3.0
Senegal,SEN,1971,1.0,3.0
Senegal,SEN,1972,1.0,3.0
Senegal,SEN,1973,1.0,3.0
Senegal,SEN,1974,1.0,3.0
Senegal,SEN,1975,1.0,3.0
Senegal,SEN,1976,1.0,3.0
Senegal,SEN,1977,1.0,3.0
Senegal,SEN,1978,1.0,3.0
Senegal,SEN,1979,1.0,3.0
Senegal,SEN,1980,1.0,3.0
Senegal,SEN,1981,1.0,3.0
Senegal,SEN,1982,1.0,4.0
Senegal,SEN,1983,1.0,4.0
Senegal,SEN,1984,1.0,4.0
Senegal,SEN,1985,1.0,4.0
Senegal,SEN,1986,1.0,4.0
Senegal,SEN,1987,1.0,4.0
Senegal,SEN,1988,1.0,4.0
Senegal,SEN,1989,1.0,4.0
Senegal,SEN,1990,2.0,5.0
Senegal,SEN,1991,2.0,5.0
Senegal,SEN,1992,2.0,5.0
Senegal,SEN,1993,2.0,6.0
Senegal,SEN,1994,2.0,6.0
Senegal,SEN,1995,2.0,6.0
Senegal,SEN,1996,2.0,6.0
Senegal,SEN,1997,2.0,6.0
Senegal,SEN,1998,2.0,6.0
Senegal,SEN,1999,2.0,6.0
Senegal,SEN,2000,2.0,6.0
Senegal,SEN,2001,2.0,6.0
Senegal,SEN,2002,2.0,7.0
Senegal,SEN,2003,2.0,7.0
Senegal,SEN,2004,2.0,7.0
Senegal,SEN,2005,2.0,7.0
Senegal,SEN,2006,2.0,7.0
Senegal,SEN,2007,2.0,7.0
Senegal,SEN,2008,2.0,7.0
Senegal,SEN,2009,2.0,7.0
Senegal,SEN,2010,2.0,7.0
Senegal,SEN,2011,2.0,7.0
Senegal,SEN,2012,2.0,7.0
Senegal,SEN,2013,2.0,7.0
Senegal,SEN,2014,2.0,7.0
Senegal,SEN,2015,2.0,7.0
Senegal,SEN,2016,2.0,7.0
Senegal,SEN,2017,2.0,7.0
Senegal,SEN,2018,2.0,7.0
Senegal,SEN,2019,2.0,6.0
Senegal,SEN,2020,2.0,7.0
Senegal,SEN,2021,2.0,7.0
Senegal,SEN,2022,2.0,7.0
Senegal,SEN,2023,2.0,6.0
Senegal,SEN,2024,2.0,6.0
Senegal,SEN,2025,2.0,6.0
South Sudan,SSD,2011,0.0,0.0
South Sudan,SSD,2012,0.0,0.0
South Sudan,SSD,2013,0.0,0.0
South Sudan,SSD,2014,0.0,0.0
South Sudan,SSD,2015,0.0,0.0
South Sudan,SSD,2016,0.0,0.0
South Sudan,SSD,2017,0.0,0.0
South Sudan,SSD,2018,0.0,0.0
South Sudan,SSD,2019,0.0,0.0
South Sudan,SSD,2020,0.0,0.0
South Sudan,SSD,2021,0.0,0.0
South Sudan,SSD,2022,0.0,0.0
South Sudan,SSD,2023,0.0,0.0
South Sudan,SSD,2024,0.0,0.0
South Sudan,SSD,2025,0.0,0.0
Sudan,SDN,1900,0.0,0.0
Sudan,SDN,1901,0.0,0.0
Sudan,SDN,1902,0.0,0.0
Sudan,SDN,1903,0.0,0.0
Sudan,SDN,1904,0.0,0.0
Sudan,SDN,1905,0.0,0.0
Sudan,SDN,1906,0.0,0.0
Sudan,SDN,1907,0.0,0.0
Sudan,SDN,1908,0.0,0.0
Sudan,SDN,1909,0.0,0.0
Sudan,SDN,1910,0.0,0.0
Sudan,SDN,1911,0.0,0.0
Sudan,SDN,1912,0.0,0.0
Sudan,SDN,1913,0.0,0.0
Sudan,SDN,1914,0.0,0.0
Sudan,SDN,1915,0.0,0.0
Sudan,SDN,1916,0.0,0.0
Sudan,SDN,1917,0.0,0.0
Sudan,SDN,1918,0.0,0.0
Sudan,SDN,1919,0.0,0.0
Sudan,SDN,1920,0.0,0.0
Sudan,SDN,1921,0.0,0.0
Sudan,SDN,1922,0.0,0.0
Sudan,SDN,1923,0.0,0.0
Sudan,SDN,1924,0.0,0.0
Sudan,SDN,1925,0.0,0.0
Sudan,SDN,1926,0.0,0.0
Sudan,SDN,1927,0.0,0.0
Sudan,SDN,1928,0.0,0.0
Sudan,SDN,1929,0.0,0.0
Sudan,SDN,1930,0.0,0.0
Sudan,SDN,1931,0.0,0.0
Sudan,SDN,1932,0.0,0.0
Sudan,SDN,1933,0.0,0.0
Sudan,SDN,1934,0.0,0.0
Sudan,SDN,1935,0.0,0.0
Sudan,SDN,1936,0.0,0.0
Sudan,SDN,1937,0.0,0.0
Sudan,SDN,1938,0.0,0.0
Sudan,SDN,1939,0.0,0.0
Sudan,SDN,1940,0.0,0.0
Sudan,SDN,1941,0.0,0.0
Sudan,SDN,1942,0.0,0.0
Sudan,SDN,1943,0.0,0.0
Sudan,SDN,1944,0.0,0.0
Sudan,SDN,1945,0.0,0.0
Sudan,SDN,1946,0.0,0.0
Sudan,SDN,1947,0.0,0.0
Sudan,SDN,1948,0.0,0.0
Sudan,SDN,1949,0.0,0.0
Sudan,SDN,1950,0.0,0.0
Sudan,SDN,1951,0.0,0.0
Sudan,SDN,1952,0.0,0.0
Sudan,SDN,1953,0.0,0.0
Sudan,SDN,1954,1.0,2.0
Sudan,SDN,1955,1.0,2.0
Sudan,SDN,1956,1.0,2.0
Sudan,SDN,1957,1.0,2.0
Sudan,SDN,1958,0.0,0.0
Sudan,SDN,1959,0.0,0.0
Sudan,SDN,1960,0.0,0.0
Sudan,SDN,1961,0.0,0.0
Sudan,SDN,1962,0.0,0.0
Sudan,SDN,1963,0.0,0.0
Sudan,SDN,1964,0.0,0.0
Sudan,SDN,1965,1.0,3.0
Sudan,SDN,1966,0.0,0.0
Sudan,SDN,1967,0.0,0.0
Sudan,SDN,1968,1.0,3.0
Sudan,SDN,1969,0.0,0.0
Sudan,SDN,1970,0.0,0.0
Sudan,SDN,1971,1.0,2.0
Sudan,SDN,1972,1.0,2.0
Sudan,SDN,1973,1.0,2.0
Sudan,SDN,1974,1.0,2.0
Sudan,SDN,1975,1.0,2.0
Sudan,SDN,1976,1.0,2.0
Sudan,SDN,1977,1.0,2.0
Sudan,SDN,1978,1.0,2.0
Sudan,SDN,1979,1.0,2.0
Sudan,SDN,1980,1.0,2.0
Sudan,SDN,1981,1.0,2.0
Sudan,SDN,1982,1.0,2.0
Sudan,SDN,1983,1.0,3.0
Sudan,SDN,1984,1.0,3.0
Sudan,SDN,1985,0.0,0.0
Sudan,SDN,1986,1.0,3.0
Sudan,SDN,1987,1.0,3.0
Sudan,SDN,1988,1.0,3.0
Sudan,SDN,1989,0.0,0.0
Sudan,SDN,1990,0.0,0.0
Sudan,SDN,1991,0.0,0.0
Sudan,SDN,1992,0.0,0.0
Sudan,SDN,1993,0.0,0.0
Sudan,SDN,1994,0.0,0.0
Sudan,SDN,1995,0.0,0.0
Sudan,SDN,1996,1.0,3.0
Sudan,SDN,1997,1.0,3.0
Sudan,SDN,1998,1.0,3.0
Sudan,SDN,1999,1.0,3.0
Sudan,SDN,2000,1.0,3.0
Sudan,SDN,2001,1.0,3.0
Sudan,SDN,2002,1.0,3.0
Sudan,SDN,2003,1.0,3.0
Sudan,SDN,2004,1.0,3.0
Sudan,SDN,2005,1.0,3.0
Sudan,SDN,2006,1.0,3.0
Sudan,SDN,2007,1.0,3.0
Sudan,SDN,2008,1.0,3.0
Sudan,SDN,2009,1.0,3.0
Sudan,SDN,2010,1.0,3.0
Sudan,SDN,2011,1.0,3.0
Sudan,SDN,2012,1.0,3.0
Sudan,SDN,2013,1.0,3.0
Sudan,SDN,2014,1.0,3.0
Sudan,SDN,2015,1.0,3.0
Sudan,SDN,2016,1.0,3.0
Sudan,SDN,2017,1.0,3.0
Sudan,SDN,2018,1.0,3.0
Sudan,SDN,2019,1.0,3.0
Sudan,SDN,2020,0.0,0.0
Sudan,SDN,2021,0.0,0.0
Sudan,SDN,2022,0.0,0.0
Sudan,SDN,2023,0.0,0.0
Sudan,SDN,2024,0.0,0.0
Sudan,SDN,2025,0.0,0.0
Vietnam,VNM,1945,0.0,0.0
Vietnam,VNM,1946,1.0,3.0
Vietnam,VNM,1947,1.0,3.0
Vietnam,VNM,1948,1.0,3.0
Vietnam,VNM,1949,1.0,3.0
Vietnam,VNM,1950,1.0,3.0
Vietnam,VNM,1951,1.0,3.0
Vietnam,VNM,1952,1.0,3.0
Vietnam,VNM,1953,1.0,3.0
Vietnam,VNM,1954,1.0,3.0
Vietnam,VNM,1955,1.0,3.0
Vietnam,VNM,1956,1.0,3.0
Vietnam,VNM,1957,1.0,3.0
Vietnam,VNM,1958,1.0,3.0
Vietnam,VNM,1959,1.0,3.0
Vietnam,VNM,1960,1.0,3.0
Vietnam,VNM,1961,1.0,3.0
Vietnam,VNM,1962,1.0,3.0
Vietnam,VNM,1963,1.0,3.0
Vietnam,VNM,1964,1.0,3.0
Vietnam,VNM,1965,1.0,3.0
Vietnam,VNM,1966,1.0,3.0
Vietnam,VNM,1967,1.0,3.0
Vietnam,VNM,1968,1.0,3.0
Vietnam,VNM,1969,1.0,3.0
Vietnam,VNM,1970,1.0,3.0
Vietnam,VNM,1971,1.0,3.0
Vietnam,VNM,1972,1.0,3.0
Vietnam,VNM,1973,1.0,3.0
Vietnam,VNM,1974,1.0,3.0
Vietnam,VNM,1975,1.0,3.0
Vietnam,VNM,1976,1.0,3.0
Vietnam,VNM,1977,0.0,0.0
Vietnam,VNM,1978,0.0,0.0
Vietnam,VNM,1979,0.0,0.0
Vietnam,VNM,1980,0.0,0.0
Vietnam,VNM,1981,0.0,0.0
Vietnam,VNM,1982,0.0,0.0
Vietnam,VNM,1983,0.0,0.0
Vietnam,VNM,1984,0.0,0.0
Vietnam,VNM,1985,0.0,0.0
Vietnam,VNM,1986,0.0,0.0
Vietnam,VNM,1987,0.0,0.0
Vietnam,VNM,1988,0.0,0.0
Vietnam,VNM,1989,0.0,0.0
Vietnam,VNM,1990,0.0,0.0
Vietnam,VNM,1991,0.0,0.0
Vietnam,VNM,1992,0.0,0.0
Vietnam,VNM,1993,0.0,0.0
Vietnam,VNM,1994,0.0,0.0
Vietnam,VNM,1995,0.0,0.0
Vietnam,VNM,1996,0.0,0.0
Vietnam,VNM,1997,0.0,0.0
Vietnam,VNM,1998,0.0,0.0
Vietnam,VNM,1999,0.0,0.0
Vietnam,VNM,2000,0.0,0.0
Vietnam,VNM,2001,0.0,0.0
Vietnam,VNM,2002,0.0,0.0
Vietnam,VNM,2003,0.0,0.0
Vietnam,VNM,2004,0.0,0.0
Vietnam,VNM,2005,0.0,0.0
Vietnam,VNM,2006,0.0,0.0
Vietnam,VNM,2007,0.0,0.0
Vietnam,VNM,2008,0.0,0.0
Vietnam,VNM,2009,0.0,0.0
Vietnam,VNM,2010,0.0,0.0
Vietnam,VNM,2011,0.0,0.0
Vietnam,VNM,2012,0.0,0.0
Vietnam,VNM,2013,0.0,0.0
Vietnam,VNM,2014,0.0,0.0
Vietnam,VNM,2015,0.0,0.0
Vietnam,VNM,2016,0.0,0.0
Vietnam,VNM,2017,0.0,0.0
Vietnam,VNM,2018,1.0,2.0
Vietnam,VNM,2019,1.0,2.0
Vietnam,VNM,2020,1.0,2.0
Vietnam,VNM,2021,0.0,0.0
Vietnam,VNM,2022,0.0,0.0
Vietnam,VNM,2023,0.0,0.0
Vietnam,VNM,2024,0.0,0.0
Vietnam,VNM,2025,0.0,0.0
Republic of Vietnam,VDR,1802,,
Republic of Vietnam,VDR,1803,,
Republic of Vietnam,VDR,1804,,
Republic of Vietnam,VDR,1805,,
Republic of Vietnam,VDR,1806,,
Republic of Vietnam,VDR,1807,,
Republic of Vietnam,VDR,1808,,
Republic of Vietnam,VDR,1809,,
Republic of Vietnam,VDR,1810,,
Republic of Vietnam,VDR,1811,,
Republic of Vietnam,VDR,1812,,
Republic of Vietnam,VDR,1813,,
Republic of Vietnam,VDR,1814,,
Republic of Vietnam,VDR,1815,,
Republic of Vietnam,VDR,1816,,
Republic of Vietnam,VDR,1817,,
Republic of Vietnam,VDR,1818,,
Republic of Vietnam,VDR,1819,,
Republic of Vietnam,VDR,1820,,
Republic of Vietnam,VDR,1821,,
Republic of Vietnam,VDR,1822,,
Republic of Vietnam,VDR,1823,,
Republic of Vietnam,VDR,1824,,
Republic of Vietnam,VDR,1825,,
Republic of Vietnam,VDR,1826,,
Republic of Vietnam,VDR,1827,,
Republic of Vietnam,VDR,1828,,
Republic of Vietnam,VDR,1829,,
Republic of Vietnam,VDR,1830,,
Republic of Vietnam,VDR,1831,,
Republic of Vietnam,VDR,1832,,
Republic of Vietnam,VDR,1833,,
Republic of Vietnam,VDR,1834,,
Republic of Vietnam,VDR,1835,,
Republic of Vietnam,VDR,1836,,
Republic of Vietnam,VDR,1837,,
Republic of Vietnam,VDR,1838,,
Republic of Vietnam,VDR,1839,,
Republic of Vietnam,VDR,1840,,
Republic of Vietnam,VDR,1841,,
Republic of Vietnam,VDR,1842,,
Republic of Vietnam,VDR,1843,,
Republic of Vietnam,VDR,1844,,
Republic of Vietnam,VDR,1845,,
Republic of Vietnam,VDR,1846,,
Republic of Vietnam,VDR,1847,,
Republic of Vietnam,VDR,1848,,
Republic of Vietnam,VDR,1849,,
Republic of Vietnam,VDR,1850,,
Republic of Vietnam,VDR,1851,,
Republic of Vietnam,VDR,1852,,
Republic of Vietnam,VDR,1853,,
Republic of Vietnam,VDR,1854,,
Republic of Vietnam,VDR,1855,,
Republic of Vietnam,VDR,1856,,
Republic of Vietnam,VDR,1857,,
Republic of Vietnam,VDR,1858,,
Republic of Vietnam,VDR,1859,,
Republic of Vietnam,VDR,1860,,
Republic of Vietnam,VDR,1861,,
Republic of Vietnam,VDR,1862,,
Republic of Vietnam,VDR,1863,,
Republic of Vietnam,VDR,1864,,
Republic of Vietnam,VDR,1865,,
Republic of Vietnam,VDR,1866,,
Republic of Vietnam,VDR,1867,,
Republic of Vietnam,VDR,1868,,
Republic of Vietnam,VDR,1869,,
Republic of Vietnam,VDR,1870,,
Republic of Vietnam,VDR,1871,,
Republic of Vietnam,VDR,1872,,
Republic of Vietnam,VDR,1873,,
Republic of Vietnam,VDR,1874,,
Republic of Vietnam,VDR,1875,,
Republic of Vietnam,VDR,1876,,
Republic of Vietnam,VDR,1877,,
Republic of Vietnam,VDR,1878,,
Republic of Vietnam,VDR,1879,,
Republic of Vietnam,VDR,1880,,
Republic of Vietnam,VDR,1881,,
Republic of Vietnam,VDR,1882,,
Republic of Vietnam,VDR,1883,,
Republic of Vietnam,VDR,1884,,
Republic of Vietnam,VDR,1885,,
Republic of Vietnam,VDR,1886,,
Republic of Vietnam,VDR,1887,,
Republic of Vietnam,VDR,1888,,
Republic of Vietnam,VDR,1889,,
Republic of Vietnam,VDR,1890,,
Republic of Vietnam,VDR,1891,,
Republic of Vietnam,VDR,1892,,
Republic of Vietnam,VDR,1893,,
Republic of Vietnam,VDR,1894,,
Republic of Vietnam,VDR,1895,,
Republic of Vietnam,VDR,1896,,
Republic of Vietnam,VDR,1897,,
Republic of Vietnam,VDR,1898,,
Republic of Vietnam,VDR,1899,,
Republic of Vietnam,VDR,1900,,
Republic of Vietnam,VDR,1901,,
Republic of Vietnam,VDR,1902,0.0,0.0
Republic of Vietnam,VDR,1903,0.0,0.0
Republic of Vietnam,VDR,1904,0.0,0.0
Republic of Vietnam,VDR,1905,0.0,0.0
Republic of Vietnam,VDR,1906,0.0,0.0
Republic of Vietnam,VDR,1907,0.0,0.0
Republic of Vietnam,VDR,1908,0.0,0.0
Republic of Vietnam,VDR,1909,0.0,0.0
Republic of Vietnam,VDR,1910,0.0,0.0
Republic of Vietnam,VDR,1911,0.0,0.0
Republic of Vietnam,VDR,1912,0.0,0.0
Republic of Vietnam,VDR,1913,0.0,0.0
Republic of Vietnam,VDR,1914,0.0,0.0
Republic of Vietnam,VDR,1915,0.0,0.0
Republic of Vietnam,VDR,1916,0.0,0.0
Republic of Vietnam,VDR,1917,0.0,0.0
Republic of Vietnam,VDR,1918,0.0,0.0
Republic of Vietnam,VDR,1919,0.0,0.0
Republic of Vietnam,VDR,1920,0.0,0.0
Republic of Vietnam,VDR,1921,0.0,0.0
Republic of Vietnam,VDR,1922,0.0,0.0
Republic of Vietnam,VDR,1923,0.0,0.0
Republic of Vietnam,VDR,1924,0.0,0.0
Republic of Vietnam,VDR,1925,0.0,0.0
Republic of Vietnam,VDR,1926,0.0,0.0
Republic of Vietnam,VDR,1927,0.0,0.0
Republic of Vietnam,VDR,1928,0.0,0.0
Republic of Vietnam,VDR,1929,0.0,0.0
Republic of Vietnam,VDR,1930,0.0,0.0
Republic of Vietnam,VDR,1931,0.0,0.0
Republic of Vietnam,VDR,1932,0.0,0.0
Republic of Vietnam,VDR,1933,0.0,0.0
Republic of Vietnam,VDR,1934,0.0,0.0
Republic of Vietnam,VDR,1935,0.0,0.0
Republic of Vietnam,VDR,1936,0.0,0.0
Republic of Vietnam,VDR,1937,0.0,0.0
Republic of Vietnam,VDR,1938,0.0,0.0
Republic of Vietnam,VDR,1939,0.0,0.0
Republic of Vietnam,VDR,1940,0.0,0.0
Republic of Vietnam,VDR,1941,0.0,0.0
Republic of Vietnam,VDR,1942,0.0,0.0
Republic of Vietnam,VDR,1943,0.0,0.0
Republic of Vietnam,VDR,1944,0.0,0.0
Republic of Vietnam,VDR,1945,0.0,0.0
Republic of Vietnam,VDR,1946,0.0,0.0
Republic of Vietnam,VDR,1947,0.0,0.0
Republic of Vietnam,VDR,1948,0.0,0.0
Republic of Vietnam,VDR,1949,0.0,0.0
Republic of Vietnam,VDR,1950,0.0,0.0
Republic of Vietnam,VDR,1951,0.0,0.0
Republic of Vietnam,VDR,1952,0.0,0.0
Republic of Vietnam,VDR,1953,0.0,0.0
Republic of Vietnam,VDR,1954,0.0,0.0
Republic of Vietnam,VDR,1955,1.0,3.0
Republic of Vietnam,VDR,1956,1.0,3.0
Republic of Vietnam,VDR,1957,1.0,3.0
Republic of Vietnam,VDR,1958,1.0,3.0
Republic of Vietnam,VDR,1959,1.0,3.0
Republic of Vietnam,VDR,1960,1.0,3.0
Republic of Vietnam,VDR,1961,1.0,3.0
Republic of Vietnam,VDR,1962,1.0,3.0
Republic of Vietnam,VDR,1963,1.0,3.0
Republic of Vietnam,VDR,1964,0.0,0.0
Republic of Vietnam,VDR,1965,0.0,0.0
Republic of Vietnam,VDR,1966,0.0,0.0
Republic of Vietnam,VDR,1967,1.0,3.0
Republic of Vietnam,VDR,1968,1.0,3.0
Republic of Vietnam,VDR,1969,1.0,3.0
Republic of Vietnam,VDR,1970,1.0,3.0
Republic of Vietnam,VDR,1971,1.0,3.0
Republic of Vietnam,VDR,1972,1.0,3.0
Republic of Vietnam,VDR,1973,1.0,3.0
Republic of Vietnam,VDR,1974,1.0,3.0
Republic of Vietnam,VDR,1975,1.0,3.0
Afghanistan,AFG,1789,,
Afghanistan,AFG,1790,,
Afghanistan,AFG,1791,,
Afghanistan,AFG,1792,,
Afghanistan,AFG,1793,,
Afghanistan,AFG,1794,,
Afghanistan,AFG,1795,,
Afghanistan,AFG,1796,,
Afghanistan,AFG,1797,,
Afghanistan,AFG,1798,,
Afghanistan,AFG,1799,,
Afghanistan,AFG,1800,,
Afghanistan,AFG,1801,,
Afghanistan,AFG,1802,,
Afghanistan,AFG,1803,,
Afghanistan,AFG,1804,,
Afghanistan,AFG,1805,,
Afghanistan,AFG,1806,,
Afghanistan,AFG,1807,,
Afghanistan,AFG,1808,,
Afghanistan,AFG,1809,,
Afghanistan,AFG,1810,,
Afghanistan,AFG,1811,,
Afghanistan,AFG,1812,,
Afghanistan,AFG,1813,,
Afghanistan,AFG,1814,,
Afghanistan,AFG,1815,,
Afghanistan,AFG,1816,,
Afghanistan,AFG,1817,,
Afghanistan,AFG,1818,,
Afghanistan,AFG,1819,,
Afghanistan,AFG,1820,,
Afghanistan,AFG,1821,,
Afghanistan,AFG,1822,,
Afghanistan,AFG,1823,,
Afghanistan,AFG,1824,,
Afghanistan,AFG,1825,,
Afghanistan,AFG,1826,,
Afghanistan,AFG,1827,,
Afghanistan,AFG,1828,,
Afghanistan,AFG,1829,,
Afghanistan,AFG,1830,,
Afghanistan,AFG,1831,,
Afghanistan,AFG,1832,,
Afghanistan,AFG,1833,,
Afghanistan,AFG,1834,,
Afghanistan,AFG,1835,,
Afghanistan,AFG,1836,,
Afghanistan,AFG,1837,,
Afghanistan,AFG,1838,,
Afghanistan,AFG,1839,,
Afghanistan,AFG,1840,,
Afghanistan,AFG,1841,,
Afghanistan,AFG,1842,,
Afghanistan,AFG,1843,,
Afghanistan,AFG,1844,,
Afghanistan,AFG,1845,,
Afghanistan,AFG,1846,,
Afghanistan,AFG,1847,,
Afghanistan,AFG,1848,,
Afghanistan,AFG,1849,,
Afghanistan,AFG,1850,,
Afghanistan,AFG,1851,,
Afghanistan,AFG,1852,,
Afghanistan,AFG,1853,,
Afghanistan,AFG,1854,,
Afghanistan,AFG,1855,,
Afghanistan,AFG,1856,,
Afghanistan,AFG,1857,,
Afghanistan,AFG,1858,,
Afghanistan,AFG,1859,,
Afghanistan,AFG,1860,,
Afghanistan,AFG,1861,,
Afghanistan,AFG,1862,,
Afghanistan,AFG,1863,,
Afghanistan,AFG,1864,,
Afghanistan,AFG,1865,,
Afghanistan,AFG,1866,,
Afghanistan,AFG,1867,,
Afghanistan,AFG,1868,,
Afghanistan,AFG,1869,,
Afghanistan,AFG,1870,,
Afghanistan,AFG,1871,,
Afghanistan,AFG,1872,,
Afghanistan,AFG,1873,,
Afghanistan,AFG,1874,,
Afghanistan,AFG,1875,,
Afghanistan,AFG,1876,,
Afghanistan,AFG,1877,,
Afghanistan,AFG,1878,,
Afghanistan,AFG,1879,,
Afghanistan,AFG,1880,,
Afghanistan,AFG,1881,,
Afghanistan,AFG,1882,,
Afghanistan,AFG,1883,,
Afghanistan,AFG,1884,,
Afghanistan,AFG,1885,,
Afghanistan,AFG,1886,,
Afghanistan,AFG,1887,,
Afghanistan,AFG,1888,,
Afghanistan,AFG,1889,,
Afghanistan,AFG,1890,,
Afghanistan,AFG,1891,,
Afghanistan,AFG,1892,,
Afghanistan,AFG,1893,,
Afghanistan,AFG,1894,,
Afghanistan,AFG,1895,,
Afghanistan,AFG,1896,,
Afghanistan,AFG,1897,,
Afghanistan,AFG,1898,,
Afghanistan,AFG,1899,,
Afghanistan,AFG,1900,0.0,0.0
Afghanistan,AFG,1901,0.0,0.0
Afghanistan,AFG,1902,0.0,0.0
Afghanistan,AFG,1903,0.0,0.0
Afghanistan,AFG,1904,0.0,0.0
Afghanistan,AFG,1905,0.0,0.0
Afghanistan,AFG,1906,0.0,0.0
Afghanistan,AFG,1907,0.0,0.0
Afghanistan,AFG,1908,0.0,0.0
Afghanistan,AFG,1909,0.0,0.0
Afghanistan,AFG,1910,0.0,0.0
Afghanistan,AFG,1911,0.0,0.0
Afghanistan,AFG,1912,0.0,0.0
Afghanistan,AFG,1913,0.0,0.0
Afghanistan,AFG,1914,0.0,0.0
Afghanistan,AFG,1915,0.0,0.0
Afghanistan,AFG,1916,0.0,0.0
Afghanistan,AFG,1917,0.0,0.0
Afghanistan,AFG,1918,0.0,0.0
Afghanistan,AFG,1919,0.0,0.0
Afghanistan,AFG,1920,0.0,0.0
Afghanistan,AFG,1921,0.0,0.0
Afghanistan,AFG,1922,0.0,0.0
Afghanistan,AFG,1923,0.0,0.0
Afghanistan,AFG,1924,0.0,0.0
Afghanistan,AFG,1925,0.0,0.0
Afghanistan,AFG,1926,0.0,0.0
Afghanistan,AFG,1927,0.0,0.0
Afghanistan,AFG,1928,0.0,0.0
Afghanistan,AFG,1929,0.0,0.0
Afghanistan,AFG,1930,0.0,0.0
Afghanistan,AFG,1931,0.0,0.0
Afghanistan,AFG,1932,0.0,0.0
Afghanistan,AFG,1933,0.0,0.0
Afghanistan,AFG,1934,0.0,0.0
Afghanistan,AFG,1935,0.0,0.0
Afghanistan,AFG,1936,0.0,0.0
Afghanistan,AFG,1937,0.0,0.0
Afghanistan,AFG,1938,0.0,0.0
Afghanistan,AFG,1939,0.0,0.0
Afghanistan,AFG,1940,0.0,0.0
Afghanistan,AFG,1941,0.0,0.0
Afghanistan,AFG,1942,0.0,0.0
Afghanistan,AFG,1943,0.0,0.0
Afghanistan,AFG,1944,0.0,0.0
Afghanistan,AFG,1945,0.0,0.0
Afghanistan,AFG,1946,0.0,0.0
Afghanistan,AFG,1947,0.0,0.0
Afghanistan,AFG,1948,0.0,0.0
Afghanistan,AFG,1949,0.0,0.0
Afghanistan,AFG,1950,0.0,0.0
Afghanistan,AFG,1951,0.0,0.0
Afghanistan,AFG,1952,0.0,0.0
Afghanistan,AFG,1953,0.0,0.0
Afghanistan,AFG,1954,0.0,0.0
Afghanistan,AFG,1955,0.0,0.0
Afghanistan,AFG,1956,0.0,0.0
Afghanistan,AFG,1957,0.0,0.0
Afghanistan,AFG,1958,0.0,0.0
Afghanistan,AFG,1959,0.0,0.0
Afghanistan,AFG,1960,0.0,0.0
Afghanistan,AFG,1961,0.0,0.0
Afghanistan,AFG,1962,0.0,0.0
Afghanistan,AFG,1963,0.0,0.0
Afghanistan,AFG,1964,0.0,0.0
Afghanistan,AFG,1965,0.0,0.0
Afghanistan,AFG,1966,0.0,0.0
Afghanistan,AFG,1967,0.0,0.0
Afghanistan,AFG,1968,0.0,0.0
Afghanistan,AFG,1969,0.0,0.0
Afghanistan,AFG,1970,0.0,0.0
Afghanistan,AFG,1971,0.0,0.0
Afghanistan,AFG,1972,0.0,0.0
Afghanistan,AFG,1973,0.0,0.0
Afghanistan,AFG,1974,0.0,0.0
Afghanistan,AFG,1975,0.0,0.0
Afghanistan,AFG,1976,0.0,0.0
Afghanistan,AFG,1977,0.0,0.0
Afghanistan,AFG,1978,0.0,0.0
Afghanistan,AFG,1979,0.0,0.0
Afghanistan,AFG,1980,0.0,0.0
Afghanistan,AFG,1981,0.0,0.0
Afghanistan,AFG,1982,0.0,0.0
Afghanistan,AFG,1983,0.0,0.0
Afghanistan,AFG,1984,0.0,0.0
Afghanistan,AFG,1985,0.0,0.0
Afghanistan,AFG,1986,0.0,0.0
Afghanistan,AFG,1987,0.0,0.0
Afghanistan,AFG,1988,0.0,0.0
Afghanistan,AFG,1989,0.0,0.0
Afghanistan,AFG,1990,0.0,0.0
Afghanistan,AFG,1991,0.0,0.0
Afghanistan,AFG,1992,0.0,0.0
Afghanistan,AFG,1993,0.0,0.0
Afghanistan,AFG,1994,0.0,0.0
Afghanistan,AFG,1995,0.0,0.0
Afghanistan,AFG,1996,0.0,0.0
Afghanistan,AFG,1997,0.0,0.0
Afghanistan,AFG,1998,0.0,0.0
Afghanistan,AFG,1999,0.0,0.0
Afghanistan,AFG,2000,0.0,0.0
Afghanistan,AFG,2001,0.0,0.0
Afghanistan,AFG,2002,0.0,0.0
Afghanistan,AFG,2003,0.0,0.0
Afghanistan,AFG,2004,1.0,3.0
Afghanistan,AFG,2005,1.0,3.0
Afghanistan,AFG,2006,1.0,3.0
Afghanistan,AFG,2007,1.0,3.0
Afghanistan,AFG,2008,1.0,3.0
Afghanistan,AFG,2009,1.0,3.0
Afghanistan,AFG,2010,1.0,3.0
Afghanistan,AFG,2011,1.0,3.0
Afghanistan,AFG,2012,1.0,3.0
Afghanistan,AFG,2013,1.0,3.0
Afghanistan,AFG,2014,1.0,3.0
Afghanistan,AFG,2015,1.0,3.0
Afghanistan,AFG,2016,1.0,3.0
Afghanistan,AFG,2017,1.0,3.0
Afghanistan,AFG,2018,1.0,3.0
Afghanistan,AFG,2019,1.0,3.0
Afghanistan,AFG,2020,1.0,3.0
Afghanistan,AFG,2021,1.0,3.0
Afghanistan,AFG,2022,0.0,0.0
Afghanistan,AFG,2023,0.0,0.0
Afghanistan,AFG,2024,0.0,0.0
Afghanistan,AFG,2025,0.0,0.0
Argentina,ARG,1789,,
Argentina,ARG,1790,,
Argentina,ARG,1791,,
Argentina,ARG,1792,,
Argentina,ARG,1793,,
Argentina,ARG,1794,,
Argentina,ARG,1795,,
Argentina,ARG,1796,,
Argentina,ARG,1797,,
Argentina,ARG,1798,,
Argentina,ARG,1799,,
Argentina,ARG,1800,,
Argentina,ARG,1801,,
Argentina,ARG,1802,,
Argentina,ARG,1803,,
Argentina,ARG,1804,,
Argentina,ARG,1805,,
Argentina,ARG,1806,,
Argentina,ARG,1807,,
Argentina,ARG,1808,,
Argentina,ARG,1809,,
Argentina,ARG,1810,,
Argentina,ARG,1811,,
Argentina,ARG,1812,,
Argentina,ARG,1813,,
Argentina,ARG,1814,,
Argentina,ARG,1815,,
Argentina,ARG,1816,,
Argentina,ARG,1817,,
Argentina,ARG,1818,,
Argentina,ARG,1819,,
Argentina,ARG,1820,,
Argentina,ARG,1821,,
Argentina,ARG,1822,,
Argentina,ARG,1823,,
Argentina,ARG,1824,,
Argentina,ARG,1825,,
Argentina,ARG,1826,,
Argentina,ARG,1827,,
Argentina,ARG,1828,,
Argentina,ARG,1829,,
Argentina,ARG,1830,,
Argentina,ARG,1831,,
Argentina,ARG,1832,,
Argentina,ARG,1833,,
Argentina,ARG,1834,,
Argentina,ARG,1835,,
Argentina,ARG,1836,,
Argentina,ARG,1837,,
Argentina,ARG,1838,,
Argentina,ARG,1839,,
Argentina,ARG,1840,,
Argentina,ARG,1841,,
Argentina,ARG,1842,,
Argentina,ARG,1843,,
Argentina,ARG,1844,,
Argentina,ARG,1845,,
Argentina,ARG,1846,,
Argentina,ARG,1847,,
Argentina,ARG,1848,,
Argentina,ARG,1849,,
Argentina,ARG,1850,,
Argentina,ARG,1851,,
Argentina,ARG,1852,,
Argentina,ARG,1853,,
Argentina,ARG,1854,,
Argentina,ARG,1855,,
Argentina,ARG,1856,,
Argentina,ARG,1857,,
Argentina,ARG,1858,,
Argentina,ARG,1859,,
Argentina,ARG,1860,,
Argentina,ARG,1861,,
Argentina,ARG,1862,,
Argentina,ARG,1863,,
Argentina,ARG,1864,,
Argentina,ARG,1865,,
Argentina,ARG,1866,,
Argentina,ARG,1867,,
Argentina,ARG,1868,,
Argentina,ARG,1869,,
Argentina,ARG,1870,,
Argentina,ARG,1871,,
Argentina,ARG,1872,,
Argentina,ARG,1873,,
Argentina,ARG,1874,,
Argentina,ARG,1875,,
Argentina,ARG,1876,,
Argentina,ARG,1877,,
Argentina,ARG,1878,,
Argentina,ARG,1879,,
Argentina,ARG,1880,,
Argentina,ARG,1881,,
Argentina,ARG,1882,,
Argentina,ARG,1883,,
Argentina,ARG,1884,,
Argentina,ARG,1885,,
Argentina,ARG,1886,,
Argentina,ARG,1887,,
Argentina,ARG,1888,,
Argentina,ARG,1889,,
Argentina,ARG,1890,,
Argentina,ARG,1891,,
Argentina,ARG,1892,,
Argentina,ARG,1893,,
Argentina,ARG,1894,,
Argentina,ARG,1895,,
Argentina,ARG,1896,,
Argentina,ARG,1897,,
Argentina,ARG,1898,,
Argentina,ARG,1899,,
Argentina,ARG,1900,1.0,3.0
Argentina,ARG,1901,1.0,3.0
Argentina,ARG,1902,1.0,3.0
Argentina,ARG,1903,1.0,3.0
Argentina,ARG,1904,1.0,3.0
Argentina,ARG,1905,1.0,3.0
Argentina,ARG,1906,1.0,3.0
Argentina,ARG,1907,1.0,3.0
Argentina,ARG,1908,1.0,3.0
Argentina,ARG,1909,1.0,3.0
Argentina,ARG,1910,1.0,3.0
Argentina,ARG,1911,1.0,3.0
Argentina,ARG,1912,1.0,3.0
Argentina,ARG,1913,1.0,3.0
Argentina,ARG,1914,1.0,3.0
Argentina,ARG,1915,1.0,3.0
Argentina,ARG,1916,1.0,3.0
Argentina,ARG,1917,1.0,4.0
Argentina,ARG,1918,1.0,4.0
Argentina,ARG,1919,1.0,4.0
Argentina,ARG,1920,1.0,4.0
Argentina,ARG,1921,1.0,4.0
Argentina,ARG,1922,1.0,4.0
Argentina,ARG,1923,1.0,4.0
Argentina,ARG,1924,1.0,4.0
Argentina,ARG,1925,1.0,4.0
Argentina,ARG,1926,1.0,4.0
Argentina,ARG,1927,1.0,4.0
Argentina,ARG,1928,1.0,4.0
Argentina,ARG,1929,1.0,4.0
Argentina,ARG,1930,1.0,3.0
Argentina,ARG,1931,1.0,3.0
Argentina,ARG,1932,1.0,3.0
Argentina,ARG,1933,1.0,3.0
Argentina,ARG,1934,1.0,3.0
Argentina,ARG,1935,1.0,3.0
Argentina,ARG,1936,1.0,3.0
Argentina,ARG,1937,1.0,3.0
Argentina,ARG,1938,1.0,3.0
Argentina,ARG,1939,1.0,3.0
Argentina,ARG,1940,1.0,3.0
Argentina,ARG,1941,1.0,3.0
Argentina,ARG,1942,1.0,3.0
Argentina,ARG,1943,1.0,3.0
Argentina,ARG,1944,0.0,0.0
Argentina,ARG,1945,0.0,0.0
Argentina,ARG,1946,1.0,3.0
Argentina,ARG,1947,1.0,3.0
Argentina,ARG,1948,1.0,3.0
Argentina,ARG,1949,1.0,3.0
Argentina,ARG,1950,1.0,3.0
Argentina,ARG,1951,1.0,3.0
Argentina,ARG,1952,1.0,3.0
Argentina,ARG,1953,1.0,3.0
Argentina,ARG,1954,1.0,3.0
Argentina,ARG,1955,1.0,3.0
Argentina,ARG,1956,0.0,0.0
Argentina,ARG,1957,0.0,1.0
Argentina,ARG,1958,1.0,3.0
Argentina,ARG,1959,1.0,4.0
Argentina,ARG,1960,1.0,4.0
Argentina,ARG,1961,1.0,4.0
Argentina,ARG,1962,1.0,3.0
Argentina,ARG,1963,1.0,3.0
Argentina,ARG,1964,2.0,5.0
Argentina,ARG,1965,2.0,5.0
Argentina,ARG,1966,1.0,3.0
Argentina,ARG,1967,0.0,0.0
Argentina,ARG,1968,0.0,0.0
Argentina,ARG,1969,0.0,0.0
Argentina,ARG,1970,0.0,0.0
Argentina,ARG,1971,0.0,0.0
Argentina,ARG,1972,0.0,0.0
Argentina,ARG,1973,1.0,4.0
Argentina,ARG,1974,2.0,5.0
Argentina,ARG,1975,2.0,5.0
Argentina,ARG,1976,1.0,3.0
Argentina,ARG,1977,0.0,0.0
Argentina,ARG,1978,0.0,0.0
Argentina,ARG,1979,0.0,0.0
Argentina,ARG,1980,0.0,0.0
Argentina,ARG,1981,0.0,0.0
Argentina,ARG,1982,0.0,0.0
Argentina,ARG,1983,1.0,3.0
Argentina,ARG,1984,2.0,7.0
Argentina,ARG,1985,2.0,7.0
Argentina,ARG,1986,2.0,7.0
Argentina,ARG,1987,2.0,7.0
Argentina,ARG,1988,2.0,7.0
Argentina,ARG,1989,2.0,7.0
Argentina,ARG,1990,2.0,6.0
Argentina,ARG,1991,2.0,6.0
Argentina,ARG,1992,2.0,6.0
Argentina,ARG,1993,2.0,6.0
Argentina,ARG,1994,2.0,6.0
Argentina,ARG,1995,2.0,6.0
Argentina,ARG,1996,2.0,6.0
Argentina,ARG,1997,2.0,6.0
Argentina,ARG,1998,2.0,6.0
Argentina,ARG,1999,2.0,7.0
Argentina,ARG,2000,2.0,7.0
Argentina,ARG,2001,2.0,7.0
Argentina,ARG,2002,2.0,6.0
Argentina,ARG,2003,2.0,6.0
Argentina,ARG,2004,2.0,6.0
Argentina,ARG,2005,2.0,6.0
Argentina,ARG,2006,2.0,6.0
Argentina,ARG,2007,2.0,6.0
Argentina,ARG,2008,2.0,6.0
Argentina,ARG,2009,2.0,6.0
Argentina,ARG,2010,2.0,6.0
Argentina,ARG,2011,2.0,6.0
Argentina,ARG,2012,2.0,6.0
Argentina,ARG,2013,2.0,6.0
Argentina,ARG,2014,2.0,6.0
Argentina,ARG,2015,2.0,6.0
Argentina,ARG,2016,2.0,6.0
Argentina,ARG,2017,2.0,6.0
Argentina,ARG,2018,2.0,6.0
Argentina,ARG,2019,2.0,6.0
Argentina,ARG,2020,2.0,6.0
Argentina,ARG,2021,2.0,6.0
Argentina,ARG,2022,2.0,6.0
Argentina,ARG,2023,2.0,6.0
Argentina,ARG,2024,2.0,6.0
Argentina,ARG,2025,2.0,6.0
Ethiopia,ETH,1789,,
Ethiopia,ETH,1790,,
Ethiopia,ETH,1791,,
Ethiopia,ETH,1792,,
Ethiopia,ETH,1793,,
Ethiopia,ETH,1794,,
Ethiopia,ETH,1795,,
Ethiopia,ETH,1796,,
Ethiopia,ETH,1797,,
Ethiopia,ETH,1798,,
Ethiopia,ETH,1799,,
Ethiopia,ETH,1800,,
Ethiopia,ETH,1801,,
Ethiopia,ETH,1802,,
Ethiopia,ETH,1803,,
Ethiopia,ETH,1804,,
Ethiopia,ETH,1805,,
Ethiopia,ETH,1806,,
Ethiopia,ETH,1807,,
Ethiopia,ETH,1808,,
Ethiopia,ETH,1809,,
Ethiopia,ETH,1810,,
Ethiopia,ETH,1811,,
Ethiopia,ETH,1812,,
Ethiopia,ETH,1813,,
Ethiopia,ETH,1814,,
Ethiopia,ETH,1815,,
Ethiopia,ETH,1816,,
Ethiopia,ETH,1817,,
Ethiopia,ETH,1818,,
Ethiopia,ETH,1819,,
Ethiopia,ETH,1820,,
Ethiopia,ETH,1821,,
Ethiopia,ETH,1822,,
Ethiopia,ETH,1823,,
Ethiopia,ETH,1824,,
Ethiopia,ETH,1825,,
Ethiopia,ETH,1826,,
Ethiopia,ETH,1827,,
Ethiopia,ETH,1828,,
Ethiopia,ETH,1829,,
Ethiopia,ETH,1830,,
Ethiopia,ETH,1831,,
Ethiopia,ETH,1832,,
Ethiopia,ETH,1833,,
Ethiopia,ETH,1834,,
Ethiopia,ETH,1835,,
Ethiopia,ETH,1836,,
Ethiopia,ETH,1837,,
Ethiopia,ETH,1838,,
Ethiopia,ETH,1839,,
Ethiopia,ETH,1840,,
Ethiopia,ETH,1841,,
Ethiopia,ETH,1842,,
Ethiopia,ETH,1843,,
Ethiopia,ETH,1844,,
Ethiopia,ETH,1845,,
Ethiopia,ETH,1846,,
Ethiopia,ETH,1847,,
Ethiopia,ETH,1848,,
Ethiopia,ETH,1849,,
Ethiopia,ETH,1850,,
Ethiopia,ETH,1851,,
Ethiopia,ETH,1852,,
Ethiopia,ETH,1853,,
Ethiopia,ETH,1854,,
Ethiopia,ETH,1855,,
Ethiopia,ETH,1856,,
Ethiopia,ETH,1857,,
Ethiopia,ETH,1858,,
Ethiopia,ETH,1859,,
Ethiopia,ETH,1860,,
Ethiopia,ETH,1861,,
Ethiopia,ETH,1862,,
Ethiopia,ETH,1863,,
Ethiopia,ETH,1864,,
Ethiopia,ETH,1865,,
Ethiopia,ETH,1866,,
Ethiopia,ETH,1867,,
Ethiopia,ETH,1868,,
Ethiopia,ETH,1869,,
Ethiopia,ETH,1870,,
Ethiopia,ETH,1871,,
Ethiopia,ETH,1872,,
Ethiopia,ETH,1873,,
Ethiopia,ETH,1874,,
Ethiopia,ETH,1875,,
Ethiopia,ETH,1876,,
Ethiopia,ETH,1877,,
Ethiopia,ETH,1878,,
Ethiopia,ETH,1879,,
Ethiopia,ETH,1880,,
Ethiopia,ETH,1881,,
Ethiopia,ETH,1882,,
Ethiopia,ETH,1883,,
Ethiopia,ETH,1884,,
Ethiopia,ETH,1885,,
Ethiopia,ETH,1886,,
Ethiopia,ETH,1887,,
Ethiopia,ETH,1888,,
Ethiopia,ETH,1889,,
Ethiopia,ETH,1890,,
Ethiopia,ETH,1891,,
Ethiopia,ETH,1892,,
Ethiopia,ETH,1893,,
Ethiopia,ETH,1894,,
Ethiopia,ETH,1895,,
Ethiopia,ETH,1896,,
Ethiopia,ETH,1897,,
Ethiopia,ETH,1898,,
Ethiopia,ETH,1899,,
Ethiopia,ETH,1900,0.0,0.0
Ethiopia,ETH,1901,0.0,0.0
Ethiopia,ETH,1902,0.0,0.0
Ethiopia,ETH,1903,0.0,0.0
Ethiopia,ETH,1904,0.0,0.0
Ethiopia,ETH,1905,0.0,0.0
Ethiopia,ETH,1906,0.0,0.0
Ethiopia,ETH,1907,0.0,0.0
Ethiopia,ETH,1908,0.0,0.0
Ethiopia,ETH,1909,0.0,0.0
Ethiopia,ETH,1910,0.0,0.0
Ethiopia,ETH,1911,0.0,0.0
Ethiopia,ETH,1912,0.0,0.0
Ethiopia,ETH,1913,0.0,0.0
Ethiopia,ETH,1914,0.0,0.0
Ethiopia,ETH,1915,0.0,0.0
Ethiopia,ETH,1916,0.0,0.0
Ethiopia,ETH,1917,0.0,0.0
Ethiopia,ETH,1918,0.0,0.0
Ethiopia,ETH,1919,0.0,0.0
Ethiopia,ETH,1920,0.0,0.0
Ethiopia,ETH,1921,0.0,0.0
Ethiopia,ETH,1922,0.0,0.0
Ethiopia,ETH,1923,0.0,0.0
Ethiopia,ETH,1924,0.0,0.0
Ethiopia,ETH,1925,0.0,0.0
Ethiopia,ETH,1926,0.0,0.0
Ethiopia,ETH,1927,0.0,0.0
Ethiopia,ETH,1928,0.0,0.0
Ethiopia,ETH,1929,0.0,0.0
Ethiopia,ETH,1930,0.0,0.0
Ethiopia,ETH,1931,0.0,0.0
Ethiopia,ETH,1932,0.0,0.0
Ethiopia,ETH,1933,0.0,0.0
Ethiopia,ETH,1934,0.0,0.0
Ethiopia,ETH,1935,0.0,0.0
Ethiopia,ETH,1936,0.0,0.0
Ethiopia,ETH,1937,0.0,0.0
Ethiopia,ETH,1938,0.0,0.0
Ethiopia,ETH,1939,0.0,0.0
Ethiopia,ETH,1940,0.0,0.0
Ethiopia,ETH,1941,0.0,0.0
Ethiopia,ETH,1942,0.0,0.0
Ethiopia,ETH,1943,0.0,0.0
Ethiopia,ETH,1944,0.0,0.0
Ethiopia,ETH,1945,0.0,0.0
Ethiopia,ETH,1946,0.0,0.0
Ethiopia,ETH,1947,0.0,0.0
Ethiopia,ETH,1948,0.0,0.0
Ethiopia,ETH,1949,0.0,0.0
Ethiopia,ETH,1950,0.0,0.0
Ethiopia,ETH,1951,0.0,0.0
Ethiopia,ETH,1952,0.0,0.0
Ethiopia,ETH,1953,0.0,0.0
Ethiopia,ETH,1954,0.0,0.0
Ethiopia,ETH,1955,0.0,0.0
Ethiopia,ETH,1956,0.0,0.0
Ethiopia,ETH,1957,0.0,0.0
Ethiopia,ETH,1958,0.0,0.0
Ethiopia,ETH,1959,0.0,0.0
Ethiopia,ETH,1960,0.0,0.0
Ethiopia,ETH,1961,0.0,0.0
Ethiopia,ETH,1962,0.0,0.0
Ethiopia,ETH,1963,0.0,0.0
Ethiopia,ETH,1964,0.0,0.0
Ethiopia,ETH,1965,0.0,0.0
Ethiopia,ETH,1966,0.0,0.0
Ethiopia,ETH,1967,0.0,0.0
Ethiopia,ETH,1968,0.0,0.0
Ethiopia,ETH,1969,0.0,0.0
Ethiopia,ETH,1970,0.0,0.0
Ethiopia,ETH,1971,0.0,0.0
Ethiopia,ETH,1972,0.0,0.0
Ethiopia,ETH,1973,0.0,0.0
Ethiopia,ETH,1974,0.0,0.0
Ethiopia,ETH,1975,0.0,0.0
Ethiopia,ETH,1976,0.0,0.0
Ethiopia,ETH,1977,0.0,0.0
Ethiopia,ETH,1978,0.0,0.0
Ethiopia,ETH,1979,0.0,0.0
Ethiopia,ETH,1980,0.0,0.0
Ethiopia,ETH,1981,0.0,0.0
Ethiopia,ETH,1982,0.0,0.0
Ethiopia,ETH,1983,0.0,0.0
Ethiopia,ETH,1984,0.0,0.0
Ethiopia,ETH,1985,0.0,0.0
Ethiopia,ETH,1986,0.0,0.0
Ethiopia,ETH,1987,0.0,0.0
Ethiopia,ETH,1988,0.0,0.0
Ethiopia,ETH,1989,0.0,0.0
Ethiopia,ETH,1990,0.0,0.0
Ethiopia,ETH,1991,0.0,0.0
Ethiopia,ETH,1992,0.0,0.0
Ethiopia,ETH,1993,0.0,0.0
Ethiopia,ETH,1994,1.0,3.0
Ethiopia,ETH,1995,1.0,3.0
Ethiopia,ETH,1996,1.0,3.0
Ethiopia,ETH,1997,1.0,3.0
Ethiopia,ETH,1998,1.0,3.0
Ethiopia,ETH,1999,1.0,3.0
Ethiopia,ETH,2000,1.0,3.0
Ethiopia,ETH,2001,1.0,3.0
Ethiopia,ETH,2002,1.0,3.0
Ethiopia,ETH,2003,1.0,3.0
Ethiopia,ETH,2004,1.0,3.0
Ethiopia,ETH,2005,1.0,3.0
Ethiopia,ETH,2006,1.0,3.0
Ethiopia,ETH,2007,1.0,3.0
Ethiopia,ETH,2008,1.0,3.0
Ethiopia,ETH,2009,1.0,3.0
Ethiopia,ETH,2010,1.0,3.0
Ethiopia,ETH,2011,1.0,3.0
Ethiopia,ETH,2012,1.0,3.0
Ethiopia,ETH,2013,1.0,3.0
Ethiopia,ETH,2014,1.0,3.0
Ethiopia,ETH,2015,1.0,3.0
Ethiopia,ETH,2016,1.0,3.0
Ethiopia,ETH,2017,1.0,3.0
Ethiopia,ETH,2018,1.0,3.0
Ethiopia,ETH,2019,1.0,3.0
Ethiopia,ETH,2020,1.0,3.0
Ethiopia,ETH,2021,1.0,3.0
Ethiopia,ETH,2022,1.0,3.0
Ethiopia,ETH,2023,1.0,3.0
Ethiopia,ETH,2024,1.0,3.0
Ethiopia,ETH,2025,1.0,3.0
India,IND,1789,,
India,IND,1790,,
India,IND,1791,,
India,IND,1792,,
India,IND,1793,,
India,IND,1794,,
India,IND,1795,,
India,IND,1796,,
India,IND,1797,,
India,IND,1798,,
India,IND,1799,,
India,IND,1800,,
India,IND,1801,,
India,IND,1802,,
India,IND,1803,,
India,IND,1804,,
India,IND,1805,,
India,IND,1806,,
India,IND,1807,,
India,IND,1808,,
India,IND,1809,,
India,IND,1810,,
India,IND,1811,,
India,IND,1812,,
India,IND,1813,,
India,IND,1814,,
India,IND,1815,,
India,IND,1816,,
India,IND,1817,,
India,IND,1818,,
India,IND,1819,,
India,IND,1820,,
India,IND,1821,,
India,IND,1822,,
India,IND,1823,,
India,IND,1824,,
India,IND,1825,,
India,IND,1826,,
India,IND,1827,,
India,IND,1828,,
India,IND,1829,,
India,IND,1830,,
India,IND,1831,,
India,IND,1832,,
India,IND,1833,,
India,IND,1834,,
India,IND,1835,,
India,IND,1836,,
India,IND,1837,,
India,IND,1838,,
India,IND,1839,,
India,IND,1840,,
India,IND,1841,,
India,IND,1842,,
India,IND,1843,,
India,IND,1844,,
India,IND,1845,,
India,IND,1846,,
India,IND,1847,,
India,IND,1848,,
India,IND,1849,,
India,IND,1850,,
India,IND,1851,,
India,IND,1852,,
India,IND,1853,,
India,IND,1854,,
India,IND,1855,,
India,IND,1856,,
India,IND,1857,,
India,IND,1858,,
India,IND,1859,,
India,IND,1860,,
India,IND,1861,,
India,IND,1862,,
India,IND,1863,,
India,IND,1864,,
India,IND,1865,,
India,IND,1866,,
India,IND,1867,,
India,IND,1868,,
India,IND,1869,,
India,IND,1870,,
India,IND,1871,,
India,IND,1872,,
India,IND,1873,,
India,IND,1874,,
India,IND,1875,,
India,IND,1876,,
India,IND,1877,,
India,IND,1878,,
India,IND,1879,,
India,IND,1880,,
India,IND,1881,,
India,IND,1882,,
India,IND,1883,,
India,IND,1884,,
India,IND,1885,,
India,IND,1886,,
India,IND,1887,,
India,IND,1888,,
India,IND,1889,,
India,IND,1890,,
India,IND,1891,,
India,IND,1892,,
India,IND,1893,,
India,IND,1894,,
India,IND,1895,,
India,IND,1896,,
India,IND,1897,,
India,IND,1898,,
India,IND,1899,,
India,IND,1900,0.0,0.0
India,IND,1901,0.0,0.0
India,IND,1902,0.0,0.0
India,IND,1903,0.0,0.0
India,IND,1904,0.0,0.0
India,IND,1905,0.0,0.0
India,IND,1906,0.0,0.0
India,IND,1907,0.0,0.0
India,IND,1908,0.0,0.0
India,IND,1909,0.0,0.0
India,IND,1910,0.0,0.0
India,IND,1911,0.0,0.0
India,IND,1912,0.0,0.0
India,IND,1913,0.0,0.0
India,IND,1914,0.0,0.0
India,IND,1915,0.0,0.0
India,IND,1916,0.0,0.0
India,IND,1917,0.0,0.0
India,IND,1918,0.0,0.0
India,IND,1919,0.0,0.0
India,IND,1920,0.0,0.0
India,IND,1921,0.0,0.0
India,IND,1922,0.0,0.0
India,IND,1923,0.0,0.0
India,IND,1924,0.0,0.0
India,IND,1925,0.0,0.0
India,IND,1926,0.0,0.0
India,IND,1927,0.0,0.0
India,IND,1928,0.0,0.0
India,IND,1929,0.0,0.0
India,IND,1930,0.0,0.0
India,IND,1931,0.0,0.0
India,IND,1932,0.0,0.0
India,IND,1933,0.0,0.0
India,IND,1934,0.0,0.0
India,IND,1935,0.0,0.0
India,IND,1936,0.0,0.0
India,IND,1937,0.0,0.0
India,IND,1938,0.0,0.0
India,IND,1939,0.0,0.0
India,IND,1940,0.0,0.0
India,IND,1941,0.0,0.0
India,IND,1942,0.0,0.0
India,IND,1943,0.0,0.0
India,IND,1944,0.0,0.0
India,IND,1945,0.0,0.0
India,IND,1946,1.0,3.0
India,IND,1947,1.0,3.0
India,IND,1948,0.0,0.0
India,IND,1949,0.0,0.0
India,IND,1950,0.0,0.0
India,IND,1951,1.0,3.0
India,IND,1952,2.0,6.0
India,IND,1953,2.0,6.0
India,IND,1954,2.0,6.0
India,IND,1955,2.0,6.0
India,IND,1956,2.0,6.0
India,IND,1957,2.0,6.0
India,IND,1958,2.0,6.0
India,IND,1959,2.0,6.0
India,IND,1960,2.0,6.0
India,IND,1961,2.0,6.0
India,IND,1962,2.0,6.0
India,IND,1963,2.0,6.0
India,IND,1964,2.0,6.0
India,IND,1965,2.0,6.0
India,IND,1966,2.0,6.0
India,IND,1967,2.0,6.0
India,IND,1968,2.0,6.0
India,IND,1969,2.0,6.0
India,IND,1970,2.0,6.0
India,IND,1971,2.0,6.0
India,IND,1972,2.0,6.0
India,IND,1973,2.0,6.0
India,IND,1974,2.0,6.0
India,IND,1975,1.0,3.0
India,IND,1976,1.0,3.0
India,IND,1977,1.0,4.0
India,IND,1978,2.0,6.0
India,IND,1979,2.0,6.0
India,IND,1980,2.0,6.0
India,IND,1981,2.0,6.0
India,IND,1982,2.0,6.0
India,IND,1983,2.0,6.0
India,IND,1984,2.0,6.0
India,IND,1985,2.0,6.0
India,IND,1986,2.0,6.0
India,IND,1987,2.0,6.0
India,IND,1988,2.0,6.0
India,IND,1989,2.0,6.0
India,IND,1990,2.0,6.0
India,IND,1991,2.0,6.0
India,IND,1992,2.0,6.0
India,IND,1993,2.0,6.0
India,IND,1994,2.0,6.0
India,IND,1995,2.0,6.0
India,IND,1996,2.0,6.0
India,IND,1997,2.0,6.0
India,IND,1998,2.0,6.0
India,IND,1999,2.0,6.0
India,IND,2000,2.0,6.0
India,IND,2001,2.0,6.0
India,IND,2002,2.0,6.0
India,IND,2003,2.0,6.0
India,IND,2004,2.0,6.0
India,IND,2005,2.0,6.0
India,IND,2006,2.0,6.0
India,IND,2007,2.0,6.0
India,IND,2008,2.0,6.0
India,IND,2009,2.0,6.0
India,IND,2010,2.0,6.0
India,IND,2011,2.0,6.0
India,IND,2012,2.0,6.0
India,IND,2013,2.0,6.0
India,IND,2014,2.0,6.0
India,IND,2015,2.0,5.0
India,IND,2016,2.0,5.0
India,IND,2017,1.0,4.0
India,IND,2018,1.0,4.0
India,IND,2019,1.0,3.0
India,IND,2020,1.0,3.0
India,IND,2021,1.0,3.0
India,IND,2022,1.0,3.0
India,IND,2023,1.0,3.0
India,IND,2024,1.0,3.0
India,IND,2025,1.0,3.0
Kenya,KEN,1900,0.0,0.0
Kenya,KEN,1901,0.0,0.0
Kenya,KEN,1902,0.0,0.0
Kenya,KEN,1903,0.0,0.0
Kenya,KEN,1904,0.0,0.0
Kenya,KEN,1905,0.0,0.0
Kenya,KEN,1906,0.0,0.0
Kenya,KEN,1907,0.0,0.0
Kenya,KEN,1908,0.0,0.0
Kenya,KEN,1909,0.0,0.0
Kenya,KEN,1910,0.0,0.0
Kenya,KEN,1911,0.0,0.0
Kenya,KEN,1912,0.0,0.0
Kenya,KEN,1913,0.0,0.0
Kenya,KEN,1914,0.0,0.0
Kenya,KEN,1915,0.0,0.0
Kenya,KEN,1916,0.0,0.0
Kenya,KEN,1917,0.0,0.0
Kenya,KEN,1918,0.0,0.0
Kenya,KEN,1919,0.0,0.0
Kenya,KEN,1920,0.0,0.0
Kenya,KEN,1921,0.0,0.0
Kenya,KEN,1922,0.0,0.0
Kenya,KEN,1923,0.0,0.0
Kenya,KEN,1924,0.0,0.0
Kenya,KEN,1925,0.0,0.0
Kenya,KEN,1926,0.0,0.0
Kenya,KEN,1927,0.0,0.0
Kenya,KEN,1928,0.0,0.0
Kenya,KEN,1929,0.0,0.0
Kenya,KEN,1930,0.0,0.0
Kenya,KEN,1931,0.0,0.0
Kenya,KEN,1932,0.0,0.0
Kenya,KEN,1933,0.0,0.0
Kenya,KEN,1934,0.0,0.0
Kenya,KEN,1935,0.0,0.0
Kenya,KEN,1936,0.0,0.0
Kenya,KEN,1937,0.0,0.0
Kenya,KEN,1938,0.0,0.0
Kenya,KEN,1939,0.0,0.0
Kenya,KEN,1940,0.0,0.0
Kenya,KEN,1941,0.0,0.0
Kenya,KEN,1942,0.0,0.0
Kenya,KEN,1943,0.0,0.0
Kenya,KEN,1944,0.0,0.0
Kenya,KEN,1945,0.0,0.0
Kenya,KEN,1946,0.0,0.0
Kenya,KEN,1947,0.0,0.0
Kenya,KEN,1948,0.0,0.0
Kenya,KEN,1949,0.0,0.0
Kenya,KEN,1950,0.0,0.0
Kenya,KEN,1951,0.0,0.0
Kenya,KEN,1952,0.0,0.0
Kenya,KEN,1953,0.0,0.0
Kenya,KEN,1954,0.0,0.0
Kenya,KEN,1955,0.0,0.0
Kenya,KEN,1956,0.0,0.0
Kenya,KEN,1957,0.0,0.0
Kenya,KEN,1958,0.0,0.0
Kenya,KEN,1959,0.0,0.0
Kenya,KEN,1960,0.0,0.0
Kenya,KEN,1961,0.0,0.0
Kenya,KEN,1962,0.0,0.0
Kenya,KEN,1963,1.0,3.0
Kenya,KEN,1964,1.0,3.0
Kenya,KEN,1965,1.0,3.0
Kenya,KEN,1966,1.0,3.0
Kenya,KEN,1967,1.0,3.0
Kenya,KEN,1968,1.0,3.0
Kenya,KEN,1969,1.0,3.0
Kenya,KEN,1970,1.0,3.0
Kenya,KEN,1971,1.0,3.0
Kenya,KEN,1972,1.0,3.0
Kenya,KEN,1973,1.0,3.0
Kenya,KEN,1974,1.0,3.0
Kenya,KEN,1975,1.0,3.0
Kenya,KEN,1976,1.0,3.0
Kenya,KEN,1977,1.0,3.0
Kenya,KEN,1978,1.0,3.0
Kenya,KEN,1979,1.0,2.0
Kenya,KEN,1980,1.0,2.0
Kenya,KEN,1981,1.0,2.0
Kenya,KEN,1982,1.0,2.0
Kenya,KEN,1983,1.0,3.0
Kenya,KEN,1984,1.0,3.0
Kenya,KEN,1985,1.0,3.0
Kenya,KEN,1986,1.0,3.0
Kenya,KEN,1987,1.0,3.0
Kenya,KEN,1988,1.0,3.0
Kenya,KEN,1989,1.0,3.0
Kenya,KEN,1990,1.0,3.0
Kenya,KEN,1991,1.0,3.0
Kenya,KEN,1992,1.0,3.0
Kenya,KEN,1993,1.0,3.0
Kenya,KEN,1994,1.0,3.0
Kenya,KEN,1995,1.0,3.0
Kenya,KEN,1996,1.0,3.0
Kenya,KEN,1997,1.0,3.0
Kenya,KEN,1998,1.0,3.0
Kenya,KEN,1999,1.0,3.0
Kenya,KEN,2000,1.0,3.0
Kenya,KEN,2001,1.0,3.0
Kenya,KEN,2002,1.0,3.0
Kenya,KEN,2003,2.0,5.0
Kenya,KEN,2004,2.0,5.0
Kenya,KEN,2005,2.0,5.0
Kenya,KEN,2006,2.0,5.0
Kenya,KEN,2007,1.0,3.0
Kenya,KEN,2008,1.0,3.0
Kenya,KEN,2009,1.0,3.0
Kenya,KEN,2010,1.0,3.0
Kenya,KEN,2011,1.0,3.0
Kenya,KEN,2012,1.0,3.0
Kenya,KEN,2013,2.0,5.0
Kenya,KEN,2014,2.0,5.0
Kenya,KEN,2015,2.0,5.0
Kenya,KEN,2016,2.0,5.0
Kenya,KEN,2017,1.0,4.0
Kenya,KEN,2018,1.0,4.0
Kenya,KEN,2019,1.0,4.0
Kenya,KEN,2020,1.0,4.0
Kenya,KEN,2021,1.0,4.0
Kenya,KEN,2022,2.0,5.0
Kenya,KEN,2023,2.0,6.0
Kenya,KEN,2024,2.0,5.0
Kenya,KEN,2025,2.0,5.0
North Korea,PRK,1945,0.0,0.0
North Korea,PRK,1946,0.0,0.0
North Korea,PRK,1947,0.0,0.0
North Korea,PRK,1948,0.0,0.0
North Korea,PRK,1949,0.0,0.0
North Korea,PRK,1950,0.0,0.0
North Korea,PRK,1951,0.0,0.0
North Korea,PRK,1952,0.0,0.0
North Korea,PRK,1953,0.0,0.0
North Korea,PRK,1954,0.0,0.0
North Korea,PRK,1955,0.0,0.0
North Korea,PRK,1956,0.0,0.0
North Korea,PRK,1957,0.0,0.0
North Korea,PRK,1958,0.0,0.0
North Korea,PRK,1959,0.0,0.0
North Korea,PRK,1960,0.0,0.0
North Korea,PRK,1961,0.0,0.0
North Korea,PRK,1962,0.0,0.0
North Korea,PRK,1963,0.0,0.0
North Korea,PRK,1964,0.0,0.0
North Korea,PRK,1965,0.0,0.0
North Korea,PRK,1966,0.0,0.0
North Korea,PRK,1967,0.0,0.0
North Korea,PRK,1968,0.0,0.0
North Korea,PRK,1969,0.0,0.0
North Korea,PRK,1970,0.0,0.0
North Korea,PRK,1971,0.0,0.0
North Korea,PRK,1972,0.0,0.0
North Korea,PRK,1973,0.0,0.0
North Korea,PRK,1974,0.0,0.0
North Korea,PRK,1975,0.0,0.0
North Korea,PRK,1976,0.0,0.0
North Korea,PRK,1977,0.0,0.0
North Korea,PRK,1978,0.0,0.0
North Korea,PRK,1979,0.0,0.0
North Korea,PRK,1980,0.0,0.0
North Korea,PRK,1981,0.0,0.0
North Korea,PRK,1982,0.0,0.0
North Korea,PRK,1983,0.0,0.0
North Korea,PRK,1984,0.0,0.0
North Korea,PRK,1985,0.0,0.0
North Korea,PRK,1986,0.0,0.0
North Korea,PRK,1987,0.0,0.0
North Korea,PRK,1988,0.0,0.0
North Korea,PRK,1989,0.0,0.0
North Korea,PRK,1990,0.0,0.0
North Korea,PRK,1991,0.0,0.0
North Korea,PRK,1992,0.0,0.0
North Korea,PRK,1993,0.0,0.0
North Korea,PRK,1994,0.0,0.0
North Korea,PRK,1995,0.0,0.0
North Korea,PRK,1996,0.0,0.0
North Korea,PRK,1997,0.0,0.0
North Korea,PRK,1998,0.0,0.0
North Korea,PRK,1999,0.0,0.0
North Korea,PRK,2000,0.0,0.0
North Korea,PRK,2001,0.0,0.0
North Korea,PRK,2002,0.0,0.0
North Korea,PRK,2003,0.0,0.0
North Korea,PRK,2004,0.0,0.0
North Korea,PRK,2005,0.0,0.0
North Korea,PRK,2006,0.0,0.0
North Korea,PRK,2007,0.0,0.0
North Korea,PRK,2008,0.0,0.0
North Korea,PRK,2009,0.0,0.0
North Korea,PRK,2010,0.0,0.0
North Korea,PRK,2011,0.0,0.0
North Korea,PRK,2012,0.0,0.0
North Korea,PRK,2013,0.0,0.0
North Korea,PRK,2014,0.0,0.0
North Korea,PRK,2015,0.0,0.0
North Korea,PRK,2016,0.0,0.0
North Korea,PRK,2017,0.0,0.0
North Korea,PRK,2018,0.0,0.0
North Korea,PRK,2019,0.0,0.0
North Korea,PRK,2020,0.0,0.0
North Korea,PRK,2021,0.0,0.0
North Korea,PRK,2022,0.0,0.0
North Korea,PRK,2023,0.0,0.0
North Korea,PRK,2024,0.0,0.0
North Korea,PRK,2025,0.0,0.0
South Korea,KOR,1789,,
South Korea,KOR,1790,,
South Korea,KOR,1791,,
South Korea,KOR,1792,,
South Korea,KOR,1793,,
South Korea,KOR,1794,,
South Korea,KOR,1795,,
South Korea,KOR,1796,,
South Korea,KOR,1797,,
South Korea,KOR,1798,,
South Korea,KOR,1799,,
South Korea,KOR,1800,,
South Korea,KOR,1801,,
South Korea,KOR,1802,,
South Korea,KOR,1803,,
South Korea,KOR,1804,,
South Korea,KOR,1805,,
South Korea,KOR,1806,,
South Korea,KOR,1807,,
South Korea,KOR,1808,,
South Korea,KOR,1809,,
South Korea,KOR,1810,,
South Korea,KOR,1811,,
South Korea,KOR,1812,,
South Korea,KOR,1813,,
South Korea,KOR,1814,,
South Korea,KOR,1815,,
South Korea,KOR,1816,,
South Korea,KOR,1817,,
South Korea,KOR,1818,,
South Korea,KOR,1819,,
South Korea,KOR,1820,,
South Korea,KOR,1821,,
South Korea,KOR,1822,,
South Korea,KOR,1823,,
South Korea,KOR,1824,,
South Korea,KOR,1825,,
South Korea,KOR,1826,,
South Korea,KOR,1827,,
South Korea,KOR,1828,,
South Korea,KOR,1829,,
South Korea,KOR,1830,,
South Korea,KOR,1831,,
South Korea,KOR,1832,,
South Korea,KOR,1833,,
South Korea,KOR,1834,,
South Korea,KOR,1835,,
South Korea,KOR,1836,,
South Korea,KOR,1837,,
South Korea,KOR,1838,,
South Korea,KOR,1839,,
South Korea,KOR,1840,,
South Korea,KOR,1841,,
South Korea,KOR,1842,,
South Korea,KOR,1843,,
South Korea,KOR,1844,,
South Korea,KOR,1845,,
South Korea,KOR,1846,,
South Korea,KOR,1847,,
South Korea,KOR,1848,,
South Korea,KOR,1849,,
South Korea,KOR,1850,,
South Korea,KOR,1851,,
South Korea,KOR,1852,,
South Korea,KOR,1853,,
South Korea,KOR,1854,,
South Korea,KOR,1855,,
South Korea,KOR,1856,,
South Korea,KOR,1857,,
South Korea,KOR,1858,,
South Korea,KOR,1859,,
South Korea,KOR,1860,,
South Korea,KOR,1861,,
South Korea,KOR,1862,,
South Korea,KOR,1863,,
South Korea,KOR,1864,,
South Korea,KOR,1865,,
South Korea,KOR,1866,,
South Korea,KOR,1867,,
South Korea,KOR,1868,,
South Korea,KOR,1869,,
South Korea,KOR,1870,,
South Korea,KOR,1871,,
South Korea,KOR,1872,,
South Korea,KOR,1873,,
South Korea,KOR,1874,,
South Korea,KOR,1875,,
South Korea,KOR,1876,,
South Korea,KOR,1877,,
South Korea,KOR,1878,,
South Korea,KOR,1879,,
South Korea,KOR,1880,,
South Korea,KOR,1881,,
South Korea,KOR,1882,,
South Korea,KOR,1883,,
South Korea,KOR,1884,,
South Korea,KOR,1885,,
South Korea,KOR,1886,,
South Korea,KOR,1887,,
South Korea,KOR,1888,,
South Korea,KOR,1889,,
South Korea,KOR,1890,,
South Korea,KOR,1891,,
South Korea,KOR,1892,,
South Korea,KOR,1893,,
South Korea,KOR,1894,,
South Korea,KOR,1895,,
South Korea,KOR,1896,,
South Korea,KOR,1897,,
South Korea,KOR,1898,,
South Korea,KOR,1899,,
South Korea,KOR,1900,0.0,0.0
South Korea,KOR,1901,0.0,0.0
South Korea,KOR,1902,0.0,0.0
South Korea,KOR,1903,0.0,0.0
South Korea,KOR,1904,0.0,0.0
South Korea,KOR,1905,0.0,0.0
South Korea,KOR,1906,0.0,0.0
South Korea,KOR,1907,0.0,0.0
South Korea,KOR,1908,0.0,0.0
South Korea,KOR,1909,0.0,0.0
South Korea,KOR,1910,0.0,0.0
South Korea,KOR,1911,0.0,0.0
South Korea,KOR,1912,0.0,0.0
South Korea,KOR,1913,0.0,0.0
South Korea,KOR,1914,0.0,0.0
South Korea,KOR,1915,0.0,0.0
South Korea,KOR,1916,0.0,0.0
South Korea,KOR,1917,0.0,0.0
South Korea,KOR,1918,0.0,0.0
South Korea,KOR,1919,0.0,0.0
South Korea,KOR,1920,0.0,0.0
South Korea,KOR,1921,0.0,0.0
South Korea,KOR,1922,0.0,0.0
South Korea,KOR,1923,0.0,0.0
South Korea,KOR,1924,0.0,0.0
South Korea,KOR,1925,0.0,0.0
South Korea,KOR,1926,0.0,0.0
South Korea,KOR,1927,0.0,0.0
South Korea,KOR,1928,0.0,0.0
South Korea,KOR,1929,0.0,0.0
South Korea,KOR,1930,0.0,0.0
South Korea,KOR,1931,0.0,0.0
South Korea,KOR,1932,0.0,0.0
South Korea,KOR,1933,0.0,0.0
South Korea,KOR,1934,0.0,0.0
South Korea,KOR,1935,0.0,0.0
South Korea,KOR,1936,0.0,0.0
South Korea,KOR,1937,0.0,0.0
South Korea,KOR,1938,0.0,0.0
South Korea,KOR,1939,0.0,0.0
South Korea,KOR,1940,0.0,0.0
South Korea,KOR,1941,0.0,0.0
South Korea,KOR,1942,0.0,0.0
South Korea,KOR,1943,0.0,0.0
South Korea,KOR,1944,0.0,0.0
South Korea,KOR,1945,0.0,0.0
South Korea,KOR,1946,0.0,0.0
South Korea,KOR,1947,0.0,0.0
South Korea,KOR,1948,1.0,3.0
South Korea,KOR,1949,1.0,3.0
South Korea,KOR,1950,1.0,3.0
South Korea,KOR,1951,1.0,3.0
South Korea,KOR,1952,1.0,3.0
South Korea,KOR,1953,1.0,3.0
South Korea,KOR,1954,1.0,3.0
South Korea,KOR,1955,1.0,3.0
South Korea,KOR,1956,1.0,3.0
South Korea,KOR,1957,1.0,3.0
South Korea,KOR,1958,1.0,3.0
South Korea,KOR,1959,1.0,3.0
South Korea,KOR,1960,1.0,3.0
South Korea,KOR,1961,1.0,3.0
South Korea,KOR,1962,1.0,3.0
South Korea,KOR,1963,1.0,3.0
South Korea,KOR,1964,1.0,3.0
South Korea,KOR,1965,1.0,3.0
South Korea,KOR,1966,1.0,3.0
South Korea,KOR,1967,1.0,3.0
South Korea,KOR,1968,1.0,3.0
South Korea,KOR,1969,1.0,3.0
South Korea,KOR,1970,1.0,3.0
South Korea,KOR,1971,1.0,3.0
South Korea,KOR,1972,1.0,3.0
South Korea,KOR,1973,1.0,3.0
South Korea,KOR,1974,1.0,3.0
South Korea,KOR,1975,1.0,3.0
South Korea,KOR,1976,1.0,3.0
South Korea,KOR,1977,1.0,3.0
South Korea,KOR,1978,1.0,3.0
South Korea,KOR,1979,1.0,3.0
South Korea,KOR,1980,1.0,3.0
South Korea,KOR,1981,1.0,3.0
South Korea,KOR,1982,1.0,3.0
South Korea,KOR,1983,1.0,3.0
South Korea,KOR,1984,1.0,3.0
South Korea,KOR,1985,1.0,3.0
South Korea,KOR,1986,1.0,3.0
South Korea,KOR,1987,1.0,3.0
South Korea,KOR,1988,2.0,6.0
South Korea,KOR,1989,2.0,6.0
South Korea,KOR,1990,2.0,7.0
South Korea,KOR,1991,2.0,7.0
South Korea,KOR,1992,2.0,7.0
South Korea,KOR,1993,3.0,8.0
South Korea,KOR,1994,3.0,8.0
South Korea,KOR,1995,3.0,8.0
South Korea,KOR,1996,3.0,8.0
South Korea,KOR,1997,3.0,9.0
South Korea,KOR,1998,3.0,9.0
South Korea,KOR,1999,3.0,9.0
South Korea,KOR,2000,3.0,9.0
South Korea,KOR,2001,3.0,9.0
South Korea,KOR,2002,3.0,9.0
South Korea,KOR,2003,3.0,9.0
South Korea,KOR,2004,3.0,9.0
South Korea,KOR,2005,3.0,9.0
South Korea,KOR,2006,3.0,9.0
South Korea,KOR,2007,3.0,9.0
South Korea,KOR,2008,3.0,9.0
South Korea,KOR,2009,3.0,9.0
South Korea,KOR,2010,3.0,9.0
South Korea,KOR,2011,3.0,9.0
South Korea,KOR,2012,3.0,9.0
South Korea,KOR,2013,3.0,9.0
South Korea,KOR,2014,3.0,9.0
South Korea,KOR,2015,3.0,9.0
South Korea,KOR,2016,3.0,9.0
South Korea,KOR,2017,3.0,9.0
South Korea,KOR,2018,3.0,9.0
South Korea,KOR,2019,3.0,9.0
South Korea,KOR,2020,3.0,9.0
South Korea,KOR,2021,3.0,9.0
South Korea,KOR,2022,3.0,9.0
South Korea,KOR,2023,3.0,8.0
South Korea,KOR,2024,2.0,7.0
South Korea,KOR,2025,3.0,9.0
Kosovo,XKX,1999,0.0,0.0
Kosovo,XKX,2000,0.0,0.0
Kosovo,XKX,2001,0.0,0.0
Kosovo,XKX,2002,1.0,4.0
Kosovo,XKX,2003,2.0,5.0
Kosovo,XKX,2004,2.0,5.0
Kosovo,XKX,2005,2.0,5.0
Kosovo,XKX,2006,2.0,5.0
Kosovo,XKX,2007,2.0,5.0
Kosovo,XKX,2008,2.0,5.0
Kosovo,XKX,2009,2.0,5.0
Kosovo,XKX,2010,2.0,5.0
Kosovo,XKX,2011,2.0,5.0
Kosovo,XKX,2012,2.0,5.0
Kosovo,XKX,2013,2.0,5.0
Kosovo,XKX,2014,2.0,6.0
Kosovo,XKX,2015,2.0,6.0
Kosovo,XKX,2016,2.0,6.0
Kosovo,XKX,2017,2.0,6.0
Kosovo,XKX,2018,2.0,6.0
Kosovo,XKX,2019,2.0,6.0
Kosovo,XKX,2020,2.0,6.0
Kosovo,XKX,2021,2.0,6.0
Kosovo,XKX,2022,2.0,6.0
Kosovo,XKX,2023,2.0,6.0
Kosovo,XKX,2024,2.0,6.0
Kosovo,XKX,2025,2.0,6.0
Lebanon,LBN,1918,,
Lebanon,LBN,1919,0.0,0.0
Lebanon,LBN,1920,0.0,0.0
Lebanon,LBN,1921,0.0,0.0
Lebanon,LBN,1922,0.0,0.0
Lebanon,LBN,1923,0.0,0.0
Lebanon,LBN,1924,0.0,0.0
Lebanon,LBN,1925,0.0,0.0
Lebanon,LBN,1926,0.0,0.0
Lebanon,LBN,1927,0.0,0.0
Lebanon,LBN,1928,0.0,0.0
Lebanon,LBN,1929,0.0,0.0
Lebanon,LBN,1930,0.0,0.0
Lebanon,LBN,1931,0.0,0.0
Lebanon,LBN,1932,0.0,0.0
Lebanon,LBN,1933,0.0,0.0
Lebanon,LBN,1934,0.0,0.0
Lebanon,LBN,1935,0.0,0.0
Lebanon,LBN,1936,0.0,0.0
Lebanon,LBN,1937,0.0,0.0
Lebanon,LBN,1938,0.0,0.0
Lebanon,LBN,1939,0.0,0.0
Lebanon,LBN,1940,0.0,0.0
Lebanon,LBN,1941,0.0,0.0
Lebanon,LBN,1942,0.0,0.0
Lebanon,LBN,1943,1.0,3.0
Lebanon,LBN,1944,1.0,3.0
Lebanon,LBN,1945,1.0,3.0
Lebanon,LBN,1946,1.0,3.0
Lebanon,LBN,1947,1.0,3.0
Lebanon,LBN,1948,1.0,3.0
Lebanon,LBN,1949,1.0,3.0
Lebanon,LBN,1950,1.0,3.0
Lebanon,LBN,1951,1.0,3.0
Lebanon,LBN,1952,1.0,3.0
Lebanon,LBN,1953,1.0,3.0
Lebanon,LBN,1954,1.0,3.0
Lebanon,LBN,1955,1.0,3.0
Lebanon,LBN,1956,1.0,3.0
Lebanon,LBN,1957,1.0,3.0
Lebanon,LBN,1958,1.0,3.0
Lebanon,LBN,1959,1.0,3.0
Lebanon,LBN,1960,1.0,3.0
Lebanon,LBN,1961,1.0,3.0
Lebanon,LBN,1962,1.0,3.0
Lebanon,LBN,1963,1.0,3.0
Lebanon,LBN,1964,1.0,3.0
Lebanon,LBN,1965,1.0,3.0
Lebanon,LBN,1966,1.0,3.0
Lebanon,LBN,1967,1.0,3.0
Lebanon,LBN,1968,1.0,3.0
Lebanon,LBN,1969,1.0,3.0
Lebanon,LBN,1970,1.0,3.0
Lebanon,LBN,1971,1.0,3.0
Lebanon,LBN,1972,1.0,3.0
Lebanon,LBN,1973,1.0,3.0
Lebanon,LBN,1974,1.0,3.0
Lebanon,LBN,1975,1.0,3.0
Lebanon,LBN,1976,1.0,3.0
Lebanon,LBN,1977,1.0,3.0
Lebanon,LBN,1978,1.0,3.0
Lebanon,LBN,1979,1.0,3.0
Lebanon,LBN,1980,1.0,3.0
Lebanon,LBN,1981,1.0,3.0
Lebanon,LBN,1982,1.0,3.0
Lebanon,LBN,1983,1.0,3.0
Lebanon,LBN,1984,1.0,3.0
Lebanon,LBN,1985,1.0,3.0
Lebanon,LBN,1986,1.0,3.0
Lebanon,LBN,1987,1.0,3.0
Lebanon,LBN,1988,1.0,3.0
Lebanon,LBN,1989,1.0,3.0
Lebanon,LBN,1990,1.0,3.0
Lebanon,LBN,1991,1.0,3.0
Lebanon,LBN,1992,1.0,3.0
Lebanon,LBN,1993,1.0,3.0
Lebanon,LBN,1994,1.0,3.0
Lebanon,LBN,1995,1.0,3.0
Lebanon,LBN,1996,1.0,3.0
Lebanon,LBN,1997,1.0,3.0
Lebanon,LBN,1998,1.0,3.0
Lebanon,LBN,1999,1.0,3.0
Lebanon,LBN,2000,1.0,3.0
Lebanon,LBN,2001,1.0,3.0
Lebanon,LBN,2002,1.0,3.0
Lebanon,LBN,2003,1.0,3.0
Lebanon,LBN,2004,1.0,3.0
Lebanon,LBN,2005,1.0,3.0
Lebanon,LBN,2006,1.0,3.0
Lebanon,LBN,2007,1.0,3.0
Lebanon,LBN,2008,1.0,3.0
Lebanon,LBN,2009,1.0,4.0
Lebanon,LBN,2010,1.0,4.0
Lebanon,LBN,2011,1.0,4.0
Lebanon,LBN,2012,1.0,4.0
Lebanon,LBN,2013,1.0,4.0
Lebanon,LBN,2014,1.0,4.0
Lebanon,LBN,2015,1.0,4.0
Lebanon,LBN,2016,1.0,4.0
Lebanon,LBN,2017,1.0,4.0
Lebanon,LBN,2018,1.0,3.0
Lebanon,LBN,2019,1.0,3.0
Lebanon,LBN,2020,1.0,3.0
Lebanon,LBN,2021,1.0,3.0
Lebanon,LBN,2022,1.0,3.0
Lebanon,LBN,2023,1.0,3.0
Lebanon,LBN,2024,1.0,3.0
Lebanon,LBN,2025,1.0,3.0
Nigeria,NGA,1914,0.0,0.0
Nigeria,NGA,1915,0.0,0.0
Nigeria,NGA,1916,0.0,0.0
Nigeria,NGA,1917,0.0,0.0
Nigeria,NGA,1918,0.0,0.0
Nigeria,NGA,1919,0.0,0.0
Nigeria,NGA,1920,0.0,0.0
Nigeria,NGA,1921,0.0,0.0
Nigeria,NGA,1922,0.0,0.0
Nigeria,NGA,1923,0.0,0.0
Nigeria,NGA,1924,0.0,0.0
Nigeria,NGA,1925,0.0,0.0
Nigeria,NGA,1926,0.0,0.0
Nigeria,NGA,1927,0.0,0.0
Nigeria,NGA,1928,0.0,0.0
Nigeria,NGA,1929,0.0,0.0
Nigeria,NGA,1930,0.0,0.0
Nigeria,NGA,1931,0.0,0.0
Nigeria,NGA,1932,0.0,0.0
Nigeria,NGA,1933,0.0,0.0
Nigeria,NGA,1934,0.0,0.0
Nigeria,NGA,1935,0.0,0.0
Nigeria,NGA,1936,0.0,0.0
Nigeria,NGA,1937,0.0,0.0
Nigeria,NGA,1938,0.0,0.0
Nigeria,NGA,1939,0.0,0.0
Nigeria,NGA,1940,0.0,0.0
Nigeria,NGA,1941,0.0,0.0
Nigeria,NGA,1942,0.0,0.0
Nigeria,NGA,1943,0.0,0.0
Nigeria,NGA,1944,0.0,0.0
Nigeria,NGA,1945,0.0,0.0
Nigeria,NGA,1946,0.0,0.0
Nigeria,NGA,1947,0.0,0.0
Nigeria,NGA,1948,0.0,0.0
Nigeria,NGA,1949,0.0,0.0
Nigeria,NGA,1950,0.0,0.0
Nigeria,NGA,1951,0.0,0.0
Nigeria,NGA,1952,0.0,0.0
Nigeria,NGA,1953,0.0,0.0
Nigeria,NGA,1954,0.0,0.0
Nigeria,NGA,1955,0.0,0.0
Nigeria,NGA,1956,0.0,0.0
Nigeria,NGA,1957,0.0,0.0
Nigeria,NGA,1958,0.0,0.0
Nigeria,NGA,1959,0.0,0.0
Nigeria,NGA,1960,0.0,0.0
Nigeria,NGA,1961,0.0,0.0
Nigeria,NGA,1962,0.0,0.0
Nigeria,NGA,1963,0.0,0.0
Nigeria,NGA,1964,0.0,0.0
Nigeria,NGA,1965,0.0,0.0
Nigeria,NGA,1966,0.0,0.0
Nigeria,NGA,1967,0.0,0.0
Nigeria,NGA,1968,0.0,0.0
Nigeria,NGA,1969,0.0,0.0
Nigeria,NGA,1970,0.0,0.0
Nigeria,NGA,1971,0.0,0.0
Nigeria,NGA,1972,0.0,0.0
Nigeria,NGA,1973,0.0,0.0
Nigeria,NGA,1974,0.0,0.0
Nigeria,NGA,1975,0.0,0.0
Nigeria,NGA,1976,0.0,0.0
Nigeria,NGA,1977,0.0,0.0
Nigeria,NGA,1978,0.0,0.0
Nigeria,NGA,1979,1.0,3.0
Nigeria,NGA,1980,1.0,3.0
Nigeria,NGA,1981,1.0,3.0
Nigeria,NGA,1982,1.0,3.0
Nigeria,NGA,1983,1.0,3.0
Nigeria,NGA,1984,0.0,0.0
Nigeria,NGA,1985,0.0,0.0
Nigeria,NGA,1986,0.0,0.0
Nigeria,NGA,1987,0.0,0.0
Nigeria,NGA,1988,0.0,0.0
Nigeria,NGA,1989,0.0,0.0
Nigeria,NGA,1990,0.0,0.0
Nigeria,NGA,1991,0.0,0.0
Nigeria,NGA,1992,0.0,0.0
Nigeria,NGA,1993,1.0,3.0
Nigeria,NGA,1994,0.0,0.0
Nigeria,NGA,1995,0.0,0.0
Nigeria,NGA,1996,0.0,0.0
Nigeria,NGA,1997,0.0,0.0
Nigeria,NGA,1998,0.0,0.0
Nigeria,NGA,1999,1.0,3.0
Nigeria,NGA,2000,1.0,4.0
Nigeria,NGA,2001,1.0,4.0
Nigeria,NGA,2002,1.0,4.0
Nigeria,NGA,2003,1.0,3.0
Nigeria,NGA,2004,1.0,3.0
Nigeria,NGA,2005,1.0,3.0
Nigeria,NGA,2006,1.0,3.0
Nigeria,NGA,2007,1.0,3.0
Nigeria,NGA,2008,1.0,3.0
Nigeria,NGA,2009,1.0,3.0
Nigeria,NGA,2010,1.0,3.0
Nigeria,NGA,2011,1.0,4.0
Nigeria,NGA,2012,2.0,5.0
Nigeria,NGA,2013,2.0,5.0
Nigeria,NGA,2014,2.0,5.0
Nigeria,NGA,2015,2.0,5.0
Nigeria,NGA,2016,2.0,5.0
Nigeria,NGA,2017,2.0,5.0
Nigeria,NGA,2018,2.0,5.0
Nigeria,NGA,2019,2.0,5.0
Nigeria,NGA,2020,2.0,5.0
Nigeria,NGA,2021,1.0,4.0
Nigeria,NGA,2022,1.0,4.0
Nigeria,NGA,2023,1.0,4.0
Nigeria,NGA,2024,1.0,4.0
Nigeria,NGA,2025,2.0,5.0
Philippines,PHL,1900,0.0,0.0
Philippines,PHL,1901,0.0,0.0
Philippines,PHL,1902,0.0,0.0
Philippines,PHL,1903,0.0,0.0
Philippines,PHL,1904,0.0,0.0
Philippines,PHL,1905,0.0,0.0
Philippines,PHL,1906,0.0,0.0
Philippines,PHL,1907,0.0,0.0
Philippines,PHL,1908,0.0,0.0
Philippines,PHL,1909,0.0,0.0
Philippines,PHL,1910,0.0,0.0
Philippines,PHL,1911,0.0,0.0
Philippines,PHL,1912,0.0,0.0
Philippines,PHL,1913,0.0,0.0
Philippines,PHL,1914,0.0,0.0
Philippines,PHL,1915,0.0,0.0
Philippines,PHL,1916,0.0,0.0
Philippines,PHL,1917,0.0,0.0
Philippines,PHL,1918,0.0,0.0
Philippines,PHL,1919,0.0,0.0
Philippines,PHL,1920,0.0,0.0
Philippines,PHL,1921,0.0,0.0
Philippines,PHL,1922,0.0,0.0
Philippines,PHL,1923,0.0,0.0
Philippines,PHL,1924,0.0,0.0
Philippines,PHL,1925,0.0,0.0
Philippines,PHL,1926,0.0,0.0
Philippines,PHL,1927,0.0,0.0
Philippines,PHL,1928,0.0,0.0
Philippines,PHL,1929,0.0,0.0
Philippines,PHL,1930,0.0,0.0
Philippines,PHL,1931,0.0,0.0
Philippines,PHL,1932,0.0,0.0
Philippines,PHL,1933,0.0,0.0
Philippines,PHL,1934,0.0,0.0
Philippines,PHL,1935,1.0,3.0
Philippines,PHL,1936,1.0,3.0
Philippines,PHL,1937,1.0,3.0
Philippines,PHL,1938,1.0,3.0
Philippines,PHL,1939,1.0,3.0
Philippines,PHL,1940,1.0,3.0
Philippines,PHL,1941,1.0,3.0
Philippines,PHL,1942,1.0,3.0
Philippines,PHL,1943,0.0,0.0
Philippines,PHL,1944,0.0,0.0
Philippines,PHL,1945,0.0,0.0
Philippines,PHL,1946,1.0,3.0
Philippines,PHL,1947,1.0,3.0
Philippines,PHL,1948,1.0,3.0
Philippines,PHL,1949,1.0,3.0
Philippines,PHL,1950,1.0,3.0
Philippines,PHL,1951,1.0,3.0
Philippines,PHL,1952,1.0,3.0
Philippines,PHL,1953,1.0,3.0
Philippines,PHL,1954,1.0,3.0
Philippines,PHL,1955,1.0,3.0
Philippines,PHL,1956,1.0,3.0
Philippines,PHL,1957,1.0,3.0
Philippines,PHL,1958,1.0,3.0
Philippines,PHL,1959,1.0,3.0
Philippines,PHL,1960,1.0,3.0
Philippines,PHL,1961,1.0,3.0
Philippines,PHL,1962,1.0,3.0
Philippines,PHL,1963,1.0,3.0
Philippines,PHL,1964,1.0,3.0
Philippines,PHL,1965,1.0,3.0
Philippines,PHL,1966,1.0,3.0
Philippines,PHL,1967,1.0,3.0
Philippines,PHL,1968,1.0,3.0
Philippines,PHL,1969,1.0,3.0
Philippines,PHL,1970,1.0,3.0
Philippines,PHL,1971,1.0,3.0
Philippines,PHL,1972,0.0,0.0
Philippines,PHL,1973,0.0,0.0
Philippines,PHL,1974,0.0,0.0
Philippines,PHL,1975,0.0,0.0
Philippines,PHL,1976,0.0,0.0
Philippines,PHL,1977,1.0,3.0
Philippines,PHL,1978,1.0,3.0
Philippines,PHL,1979,1.0,3.0
Philippines,PHL,1980,1.0,3.0
Philippines,PHL,1981,0.0,1.0
Philippines,PHL,1982,0.0,1.0
Philippines,PHL,1983,0.0,1.0
Philippines,PHL,1984,0.0,1.0
Philippines,PHL,1985,0.0,1.0
Philippines,PHL,1986,1.0,3.0
Philippines,PHL,1987,1.0,3.0
Philippines,PHL,1988,2.0,5.0
Philippines,PHL,1989,2.0,5.0
Philippines,PHL,1990,2.0,6.0
Philippines,PHL,1991,2.0,6.0
Philippines,PHL,1992,2.0,5.0
Philippines,PHL,1993,2.0,5.0
Philippines,PHL,1994,2.0,5.0
Philippines,PHL,1995,2.0,5.0
Philippines,PHL,1996,2.0,5.0
Philippines,PHL,1997,2.0,5.0
Philippines,PHL,1998,2.0,6.0
Philippines,PHL,1999,2.0,6.0
Philippines,PHL,2000,2.0,6.0
Philippines,PHL,2001,2.0,5.0
Philippines,PHL,2002,2.0,5.0
Philippines,PHL,2003,2.0,5.0
Philippines,PHL,2004,1.0,4.0
Philippines,PHL,2005,1.0,4.0
Philippines,PHL,2006,1.0,4.0
Philippines,PHL,2007,1.0,4.0
Philippines,PHL,2008,1.0,4.0
Philippines,PHL,2009,1.0,4.0
Philippines,PHL,2010,2.0,5.0
Philippines,PHL,2011,2.0,5.0
Philippines,PHL,2012,2.0,5.0
Philippines,PHL,2013,2.0,5.0
Philippines,PHL,2014,2.0,5.0
Philippines,PHL,2015,2.0,5.0
Philippines,PHL,2016,1.0,4.0
Philippines,PHL,2017,1.0,4.0
Philippines,PHL,2018,1.0,4.0
Philippines,PHL,2019,1.0,3.0
Philippines,PHL,2020,1.0,3.0
Philippines,PHL,2021,1.0,3.0
Philippines,PHL,2022,1.0,3.0
Philippines,PHL,2023,1.0,3.0
Philippines,PHL,2024,1.0,3.0
Philippines,PHL,2025,1.0,3.0
Tanzania,TZA,1914,,
Tanzania,TZA,1915,0.0,0.0
Tanzania,TZA,1916,0.0,0.0
Tanzania,TZA,1917,0.0,0.0
Tanzania,TZA,1918,0.0,0.0
Tanzania,TZA,1919,0.0,0.0
Tanzania,TZA,1920,0.0,0.0
Tanzania,TZA,1921,0.0,0.0
Tanzania,TZA,1922,0.0,0.0
Tanzania,TZA,1923,0.0,0.0
Tanzania,TZA,1924,0.0,0.0
Tanzania,TZA,1925,0.0,0.0
Tanzania,TZA,1926,0.0,0.0
Tanzania,TZA,1927,0.0,0.0
Tanzania,TZA,1928,0.0,0.0
Tanzania,TZA,1929,0.0,0.0
Tanzania,TZA,1930,0.0,0.0
Tanzania,TZA,1931,0.0,0.0
Tanzania,TZA,1932,0.0,0.0
Tanzania,TZA,1933,0.0,0.0
Tanzania,TZA,1934,0.0,0.0
Tanzania,TZA,1935,0.0,0.0
Tanzania,TZA,1936,0.0,0.0
Tanzania,TZA,1937,0.0,0.0
Tanzania,TZA,1938,0.0,0.0
Tanzania,TZA,1939,0.0,0.0
Tanzania,TZA,1940,0.0,0.0
Tanzania,TZA,1941,0.0,0.0
Tanzania,TZA,1942,0.0,0.0
Tanzania,TZA,1943,0.0,0.0
Tanzania,TZA,1944,0.0,0.0
Tanzania,TZA,1945,0.0,0.0
Tanzania,TZA,1946,0.0,0.0
Tanzania,TZA,1947,0.0,0.0
Tanzania,TZA,1948,0.0,0.0
Tanzania,TZA,1949,0.0,0.0
Tanzania,TZA,1950,0.0,0.0
Tanzania,TZA,1951,0.0,0.0
Tanzania,TZA,1952,0.0,0.0
Tanzania,TZA,1953,0.0,0.0
Tanzania,TZA,1954,0.0,0.0
Tanzania,TZA,1955,0.0,0.0
Tanzania,TZA,1956,0.0,0.0
Tanzania,TZA,1957,0.0,0.0
Tanzania,TZA,1958,0.0,0.0
Tanzania,TZA,1959,0.0,0.0
Tanzania,TZA,1960,0.0,0.0
Tanzania,TZA,1961,0.0,0.0
Tanzania,TZA,1962,1.0,3.0
Tanzania,TZA,1963,1.0,3.0
Tanzania,TZA,1964,1.0,3.0
Tanzania,TZA,1965,1.0,2.0
Tanzania,TZA,1966,1.0,2.0
Tanzania,TZA,1967,1.0,2.0
Tanzania,TZA,1968,1.0,2.0
Tanzania,TZA,1969,1.0,2.0
Tanzania,TZA,1970,1.0,2.0
Tanzania,TZA,1971,1.0,2.0
Tanzania,TZA,1972,1.0,2.0
Tanzania,TZA,1973,1.0,2.0
Tanzania,TZA,1974,1.0,2.0
Tanzania,TZA,1975,1.0,2.0
Tanzania,TZA,1976,1.0,2.0
Tanzania,TZA,1977,1.0,2.0
Tanzania,TZA,1978,1.0,2.0
Tanzania,TZA,1979,1.0,2.0
Tanzania,TZA,1980,1.0,2.0
Tanzania,TZA,1981,1.0,2.0
Tanzania,TZA,1982,1.0,2.0
Tanzania,TZA,1983,1.0,2.0
Tanzania,TZA,1984,1.0,2.0
Tanzania,TZA,1985,1.0,2.0
Tanzania,TZA,1986,1.0,2.0
Tanzania,TZA,1987,1.0,2.0
Tanzania,TZA,1988,1.0,2.0
Tanzania,TZA,1989,1.0,2.0
Tanzania,TZA,1990,1.0,2.0
Tanzania,TZA,1991,1.0,2.0
Tanzania,TZA,1992,1.0,2.0
Tanzania,TZA,1993,1.0,2.0
Tanzania,TZA,1994,1.0,2.0
Tanzania,TZA,1995,1.0,4.0
Tanzania,TZA,1996,1.0,4.0
Tanzania,TZA,1997,1.0,4.0
Tanzania,TZA,1998,1.0,4.0
Tanzania,TZA,1999,1.0,4.0
Tanzania,TZA,2000,1.0,4.0
Tanzania,TZA,2001,1.0,3.0
Tanzania,TZA,2002,1.0,3.0
Tanzania,TZA,2003,1.0,3.0
Tanzania,TZA,2004,1.0,3.0
Tanzania,TZA,2005,1.0,3.0
Tanzania,TZA,2006,1.0,4.0
Tanzania,TZA,2007,1.0,4.0
Tanzania,TZA,2008,1.0,4.0
Tanzania,TZA,2009,1.0,4.0
Tanzania,TZA,2010,1.0,4.0
Tanzania,TZA,2011,1.0,4.0
Tanzania,TZA,2012,1.0,4.0
Tanzania,TZA,2013,1.0,4.0
Tanzania,TZA,2014,1.0,4.0
Tanzania,TZA,2015,1.0,4.0
Tanzania,TZA,2016,1.0,3.0
Tanzania,TZA,2017,1.0,3.0
Tanzania,TZA,2018,1.0,3.0
Tanzania,TZA,2019,1.0,3.0
Tanzania,TZA,2020,1.0,3.0
Tanzania,TZA,2021,1.0,3.0
Tanzania,TZA,2022,1.0,3.0
Tanzania,TZA,2023,1.0,3.0
Tanzania,TZA,2024,1.0,3.0
Tanzania,TZA,2025,1.0,3.0
Taiwan,TWN,1900,0.0,0.0
Taiwan,TWN,1901,0.0,0.0
Taiwan,TWN,1902,0.0,0.0
Taiwan,TWN,1903,0.0,0.0
Taiwan,TWN,1904,0.0,0.0
Taiwan,TWN,1905,0.0,0.0
Taiwan,TWN,1906,0.0,0.0
Taiwan,TWN,1907,0.0,0.0
Taiwan,TWN,1908,0.0,0.0
Taiwan,TWN,1909,0.0,0.0
Taiwan,TWN,1910,0.0,0.0
Taiwan,TWN,1911,0.0,0.0
Taiwan,TWN,1912,0.0,0.0
Taiwan,TWN,1913,0.0,0.0
Taiwan,TWN,1914,0.0,0.0
Taiwan,TWN,1915,0.0,0.0
Taiwan,TWN,1916,0.0,0.0
Taiwan,TWN,1917,0.0,0.0
Taiwan,TWN,1918,0.0,0.0
Taiwan,TWN,1919,0.0,0.0
Taiwan,TWN,1920,0.0,0.0
Taiwan,TWN,1921,0.0,0.0
Taiwan,TWN,1922,0.0,0.0
Taiwan,TWN,1923,0.0,0.0
Taiwan,TWN,1924,0.0,0.0
Taiwan,TWN,1925,0.0,0.0
Taiwan,TWN,1926,0.0,0.0
Taiwan,TWN,1927,0.0,0.0
Taiwan,TWN,1928,0.0,0.0
Taiwan,TWN,1929,0.0,0.0
Taiwan,TWN,1930,0.0,0.0
Taiwan,TWN,1931,0.0,0.0
Taiwan,TWN,1932,0.0,0.0
Taiwan,TWN,1933,0.0,0.0
Taiwan,TWN,1934,0.0,0.0
Taiwan,TWN,1935,0.0,0.0
Taiwan,TWN,1936,0.0,0.0
Taiwan,TWN,1937,0.0,0.0
Taiwan,TWN,1938,0.0,0.0
Taiwan,TWN,1939,0.0,0.0
Taiwan,TWN,1940,0.0,0.0
Taiwan,TWN,1941,0.0,0.0
Taiwan,TWN,1942,0.0,0.0
Taiwan,TWN,1943,0.0,0.0
Taiwan,TWN,1944,0.0,0.0
Taiwan,TWN,1945,0.0,0.0
Taiwan,TWN,1946,0.0,0.0
Taiwan,TWN,1947,0.0,0.0
Taiwan,TWN,1948,0.0,0.0
Taiwan,TWN,1949,0.0,0.0
Taiwan,TWN,1950,0.0,0.0
Taiwan,TWN,1951,0.0,0.0
Taiwan,TWN,1952,0.0,0.0
Taiwan,TWN,1953,0.0,0.0
Taiwan,TWN,1954,0.0,0.0
Taiwan,TWN,1955,0.0,0.0
Taiwan,TWN,1956,0.0,0.0
Taiwan,TWN,1957,0.0,0.0
Taiwan,TWN,1958,0.0,0.0
Taiwan,TWN,1959,0.0,0.0
Taiwan,TWN,1960,0.0,0.0
Taiwan,TWN,1961,0.0,0.0
Taiwan,TWN,1962,0.0,0.0
Taiwan,TWN,1963,0.0,0.0
Taiwan,TWN,1964,0.0,0.0
Taiwan,TWN,1965,0.0,0.0
Taiwan,TWN,1966,0.0,0.0
Taiwan,TWN,1967,0.0,0.0
Taiwan,TWN,1968,0.0,0.0
Taiwan,TWN,1969,0.0,0.0
Taiwan,TWN,1970,0.0,0.0
Taiwan,TWN,1971,0.0,0.0
Taiwan,TWN,1972,0.0,0.0
Taiwan,TWN,1973,0.0,0.0
Taiwan,TWN,1974,0.0,0.0
Taiwan,TWN,1975,0.0,0.0
Taiwan,TWN,1976,0.0,0.0
Taiwan,TWN,1977,0.0,0.0
Taiwan,TWN,1978,0.0,0.0
Taiwan,TWN,1979,0.0,0.0
Taiwan,TWN,1980,0.0,0.0
Taiwan,TWN,1981,0.0,0.0
Taiwan,TWN,1982,0.0,0.0
Taiwan,TWN,1983,0.0,0.0
Taiwan,TWN,1984,0.0,0.0
Taiwan,TWN,1985,0.0,0.0
Taiwan,TWN,1986,0.0,0.0
Taiwan,TWN,1987,0.0,0.0
Taiwan,TWN,1988,0.0,0.0
Taiwan,TWN,1989,0.0,0.0
Taiwan,TWN,1990,0.0,0.0
Taiwan,TWN,1991,0.0,0.0
Taiwan,TWN,1992,0.0,0.0
Taiwan,TWN,1993,0.0,0.0
Taiwan,TWN,1994,0.0,0.0
Taiwan,TWN,1995,0.0,0.0
Taiwan,TWN,1996,2.0,5.0
Taiwan,TWN,1997,2.0,6.0
Taiwan,TWN,1998,2.0,6.0
Taiwan,TWN,1999,2.0,6.0
Taiwan,TWN,2000,3.0,9.0
Taiwan,TWN,2001,3.0,9.0
Taiwan,TWN,2002,3.0,9.0
Taiwan,TWN,2003,3.0,9.0
Taiwan,TWN,2004,3.0,9.0
Taiwan,TWN,2005,3.0,9.0
Taiwan,TWN,2006,3.0,9.0
Taiwan,TWN,2007,3.0,9.0
Taiwan,TWN,2008,3.0,9.0
Taiwan,TWN,2009,3.0,8.0
Taiwan,TWN,2010,3.0,8.0
Taiwan,TWN,2011,3.0,8.0
Taiwan,TWN,2012,3.0,8.0
Taiwan,TWN,2013,3.0,8.0
Taiwan,TWN,2014,3.0,8.0
Taiwan,TWN,2015,3.0,8.0
Taiwan,TWN,2016,3.0,9.0
Taiwan,TWN,2017,3.0,9.0
Taiwan,TWN,2018,3.0,9.0
Taiwan,TWN,2019,3.0,9.0
Taiwan,TWN,2020,3.0,9.0
Taiwan,TWN,2021,3.0,9.0
Taiwan,TWN,2022,3.0,9.0
Taiwan,TWN,2023,3.0,9.0
Taiwan,TWN,2024,3.0,9.0
Taiwan,TWN,2025,3.0,9.0
Thailand,THA,1789,,
Thailand,THA,1790,,
Thailand,THA,1791,,
Thailand,THA,1792,,
Thailand,THA,1793,,
Thailand,THA,1794,,
Thailand,THA,1795,,
Thailand,THA,1796,,
Thailand,THA,1797,,
Thailand,THA,1798,,
Thailand,THA,1799,,
Thailand,THA,1800,,
Thailand,THA,1801,,
Thailand,THA,1802,,
Thailand,THA,1803,,
Thailand,THA,1804,,
Thailand,THA,1805,,
Thailand,THA,1806,,
Thailand,THA,1807,,
Thailand,THA,1808,,
Thailand,THA,1809,,
Thailand,THA,1810,,
Thailand,THA,1811,,
Thailand,THA,1812,,
Thailand,THA,1813,,
Thailand,THA,1814,,
Thailand,THA,1815,,
Thailand,THA,1816,,
Thailand,THA,1817,,
Thailand,THA,1818,,
Thailand,THA,1819,,
Thailand,THA,1820,,
Thailand,THA,1821,,
Thailand,THA,1822,,
Thailand,THA,1823,,
Thailand,THA,1824,,
Thailand,THA,1825,,
Thailand,THA,1826,,
Thailand,THA,1827,,
Thailand,THA,1828,,
Thailand,THA,1829,,
Thailand,THA,1830,,
Thailand,THA,1831,,
Thailand,THA,1832,,
Thailand,THA,1833,,
Thailand,THA,1834,,
Thailand,THA,1835,,
Thailand,THA,1836,,
Thailand,THA,1837,,
Thailand,THA,1838,,
Thailand,THA,1839,,
Thailand,THA,1840,,
Thailand,THA,1841,,
Thailand,THA,1842,,
Thailand,THA,1843,,
Thailand,THA,1844,,
Thailand,THA,1845,,
Thailand,THA,1846,,
Thailand,THA,1847,,
Thailand,THA,1848,,
Thailand,THA,1849,,
Thailand,THA,1850,,
Thailand,THA,1851,,
Thailand,THA,1852,,
Thailand,THA,1853,,
Thailand,THA,1854,,
Thailand,THA,1855,,
Thailand,THA,1856,,
Thailand,THA,1857,,
Thailand,THA,1858,,
Thailand,THA,1859,,
Thailand,THA,1860,,
Thailand,THA,1861,,
Thailand,THA,1862,,
Thailand,THA,1863,,
Thailand,THA,1864,,
Thailand,THA,1865,,
Thailand,THA,1866,,
Thailand,THA,1867,,
Thailand,THA,1868,,
Thailand,THA,1869,,
Thailand,THA,1870,,
Thailand,THA,1871,,
Thailand,THA,1872,,
Thailand,THA,1873,,
Thailand,THA,1874,,
Thailand,THA,1875,,
Thailand,THA,1876,,
Thailand,THA,1877,,
Thailand,THA,1878,,
Thailand,THA,1879,,
Thailand,THA,1880,,
Thailand,THA,1881,,
Thailand,THA,1882,,
Thailand,THA,1883,,
Thailand,THA,1884,,
Thailand,THA,1885,,
Thailand,THA,1886,,
Thailand,THA,1887,,
Thailand,THA,1888,,
Thailand,THA,1889,,
Thailand,THA,1890,,
Thailand,THA,1891,,
Thailand,THA,1892,,
Thailand,THA,1893,,
Thailand,THA,1894,,
Thailand,THA,1895,,
Thailand,THA,1896,,
Thailand,THA,1897,,
Thailand,THA,1898,,
Thailand,THA,1899,,
Thailand,THA,1900,0.0,0.0
Thailand,THA,1901,0.0,0.0
Thailand,THA,1902,0.0,0.0
Thailand,THA,1903,0.0,0.0
Thailand,THA,1904,0.0,0.0
Thailand,THA,1905,0.0,0.0
Thailand,THA,1906,0.0,0.0
Thailand,THA,1907,0.0,0.0
Thailand,THA,1908,0.0,0.0
Thailand,THA,1909,0.0,0.0
Thailand,THA,1910,0.0,0.0
Thailand,THA,1911,0.0,0.0
Thailand,THA,1912,0.0,0.0
Thailand,THA,1913,0.0,0.0
Thailand,THA,1914,0.0,0.0
Thailand,THA,1915,0.0,0.0
Thailand,THA,1916,0.0,0.0
Thailand,THA,1917,0.0,0.0
Thailand,THA,1918,0.0,0.0
Thailand,THA,1919,0.0,0.0
Thailand,THA,1920,0.0,0.0
Thailand,THA,1921,0.0,0.0
Thailand,THA,1922,0.0,0.0
Thailand,THA,1923,0.0,0.0
Thailand,THA,1924,0.0,0.0
Thailand,THA,1925,0.0,0.0
Thailand,THA,1926,0.0,0.0
Thailand,THA,1927,0.0,0.0
Thailand,THA,1928,0.0,0.0
Thailand,THA,1929,0.0,0.0
Thailand,THA,1930,0.0,0.0
Thailand,THA,1931,0.0,0.0
Thailand,THA,1932,0.0,0.0
Thailand,THA,1933,1.0,3.0
Thailand,THA,1934,1.0,3.0
Thailand,THA,1935,1.0,3.0
Thailand,THA,1936,1.0,3.0
Thailand,THA,1937,1.0,3.0
Thailand,THA,1938,1.0,3.0
Thailand,THA,1939,1.0,3.0
Thailand,THA,1940,1.0,3.0
Thailand,THA,1941,1.0,3.0
Thailand,THA,1942,1.0,3.0
Thailand,THA,1943,1.0,3.0
Thailand,THA,1944,1.0,3.0
Thailand,THA,1945,1.0,3.0
Thailand,THA,1946,0.0,0.0
Thailand,THA,1947,0.0,0.0
Thailand,THA,1948,0.0,0.0
Thailand,THA,1949,0.0,0.0
Thailand,THA,1950,0.0,0.0
Thailand,THA,1951,0.0,0.0
Thailand,THA,1952,0.0,0.0
Thailand,THA,1953,0.0,0.0
Thailand,THA,1954,0.0,0.0
Thailand,THA,1955,0.0,0.0
Thailand,THA,1956,0.0,0.0
Thailand,THA,1957,0.0,0.0
Thailand,THA,1958,0.0,0.0
Thailand,THA,1959,0.0,0.0
Thailand,THA,1960,0.0,0.0
Thailand,THA,1961,0.0,0.0
Thailand,THA,1962,0.0,0.0
Thailand,THA,1963,0.0,0.0
Thailand,THA,1964,0.0,0.0
Thailand,THA,1965,0.0,0.0
Thailand,THA,1966,0.0,0.0
Thailand,THA,1967,0.0,0.0
Thailand,THA,1968,0.0,0.0
Thailand,THA,1969,0.0,0.0
Thailand,THA,1970,0.0,0.0
Thailand,THA,1971,0.0,0.0
Thailand,THA,1972,0.0,0.0
Thailand,THA,1973,0.0,0.0
Thailand,THA,1974,0.0,0.0
Thailand,THA,1975,1.0,3.0
Thailand,THA,1976,1.0,3.0
Thailand,THA,1977,0.0,0.0
Thailand,THA,1978,0.0,0.0
Thailand,THA,1979,0.0,0.0
Thailand,THA,1980,1.0,3.0
Thailand,THA,1981,1.0,3.0
Thailand,THA,1982,1.0,3.0
Thailand,THA,1983,1.0,3.0
Thailand,THA,1984,1.0,3.0
Thailand,THA,1985,1.0,3.0
Thailand,THA,1986,1.0,3.0
Thailand,THA,1987,1.0,3.0
Thailand,THA,1988,1.0,3.0
Thailand,THA,1989,1.0,3.0
Thailand,THA,1990,1.0,3.0
Thailand,THA,1991,0.0,0.0
Thailand,THA,1992,1.0,3.0
Thailand,THA,1993,1.0,3.0
Thailand,THA,1994,1.0,3.0
Thailand,THA,1995,1.0,3.0
Thailand,THA,1996,1.0,3.0
Thailand,THA,1997,1.0,4.0
Thailand,THA,1998,2.0,5.0
Thailand,THA,1999,2.0,5.0
Thailand,THA,2000,2.0,5.0
Thailand,THA,2001,2.0,5.0
Thailand,THA,2002,2.0,5.0
Thailand,THA,2003,2.0,5.0
Thailand,THA,2004,2.0,5.0
Thailand,THA,2005,2.0,5.0
Thailand,THA,2006,1.0,3.0
Thailand,THA,2007,0.0,0.0
Thailand,THA,2008,1.0,3.0
Thailand,THA,2009,1.0,3.0
Thailand,THA,2010,1.0,3.0
Thailand,THA,2011,1.0,4.0
Thailand,THA,2012,1.0,4.0
Thailand,THA,2013,1.0,3.0
Thailand,THA,2014,0.0,0.0
Thailand,THA,2015,0.0,0.0
Thailand,THA,2016,0.0,0.0
Thailand,THA,2017,0.0,0.0
Thailand,THA,2018,0.0,0.0
Thailand,THA,2019,0.0,0.0
Thailand,THA,2020,0.0,0.0
Thailand,THA,2021,0.0,0.0
Thailand,THA,2022,0.0,0.0
Thailand,THA,2023,1.0,3.0
Thailand,THA,2024,1.0,3.0
Thailand,THA,2025,1.0,3.0
Uganda,UGA,1900,0.0,0.0
Uganda,UGA,1901,0.0,0.0
Uganda,UGA,1902,0.0,0.0
Uganda,UGA,1903,0.0,0.0
Uganda,UGA,1904,0.0,0.0
Uganda,UGA,1905,0.0,0.0
Uganda,UGA,1906,0.0,0.0
Uganda,UGA,1907,0.0,0.0
Uganda,UGA,1908,0.0,0.0
Uganda,UGA,1909,0.0,0.0
Uganda,UGA,1910,0.0,0.0
Uganda,UGA,1911,0.0,0.0
Uganda,UGA,1912,0.0,0.0
Uganda,UGA,1913,0.0,0.0
Uganda,UGA,1914,0.0,0.0
Uganda,UGA,1915,0.0,0.0
Uganda,UGA,1916,0.0,0.0
Uganda,UGA,1917,0.0,0.0
Uganda,UGA,1918,0.0,0.0
Uganda,UGA,1919,0.0,0.0
Uganda,UGA,1920,0.0,0.0
Uganda,UGA,1921,0.0,0.0
Uganda,UGA,1922,0.0,0.0
Uganda,UGA,1923,0.0,0.0
Uganda,UGA,1924,0.0,0.0
Uganda,UGA,1925,0.0,0.0
Uganda,UGA,1926,0.0,0.0
Uganda,UGA,1927,0.0,0.0
Uganda,UGA,1928,0.0,0.0
Uganda,UGA,1929,0.0,0.0
Uganda,UGA,1930,0.0,0.0
Uganda,UGA,1931,0.0,0.0
Uganda,UGA,1932,0.0,0.0
Uganda,UGA,1933,0.0,0.0
Uganda,UGA,1934,0.0,0.0
Uganda,UGA,1935,0.0,0.0
Uganda,UGA,1936,0.0,0.0
Uganda,UGA,1937,0.0,0.0
Uganda,UGA,1938,0.0,0.0
Uganda,UGA,1939,0.0,0.0
Uganda,UGA,1940,0.0,0.0
Uganda,UGA,1941,0.0,0.0
Uganda,UGA,1942,0.0,0.0
Uganda,UGA,1943,0.0,0.0
Uganda,UGA,1944,0.0,0.0
Uganda,UGA,1945,0.0,0.0
Uganda,UGA,1946,0.0,0.0
Uganda,UGA,1947,0.0,0.0
Uganda,UGA,1948,0.0,0.0
Uganda,UGA,1949,0.0,0.0
Uganda,UGA,1950,0.0,0.0
Uganda,UGA,1951,0.0,0.0
Uganda,UGA,1952,0.0,0.0
Uganda,UGA,1953,0.0,0.0
Uganda,UGA,1954,0.0,0.0
Uganda,UGA,1955,0.0,0.0
Uganda,UGA,1956,0.0,0.0
Uganda,UGA,1957,0.0,0.0
Uganda,UGA,1958,0.0,0.0
Uganda,UGA,1959,0.0,0.0
Uganda,UGA,1960,0.0,0.0
Uganda,UGA,1961,0.0,0.0
Uganda,UGA,1962,0.0,0.0
Uganda,UGA,1963,1.0,3.0
Uganda,UGA,1964,1.0,3.0
Uganda,UGA,1965,1.0,3.0
Uganda,UGA,1966,0.0,0.0
Uganda,UGA,1967,0.0,0.0
Uganda,UGA,1968,0.0,0.0
Uganda,UGA,1969,0.0,0.0
Uganda,UGA,1970,0.0,0.0
Uganda,UGA,1971,0.0,0.0
Uganda,UGA,1972,0.0,0.0
Uganda,UGA,1973,0.0,0.0
Uganda,UGA,1974,0.0,0.0
Uganda,UGA,1975,0.0,0.0
Uganda,UGA,1976,0.0,0.0
Uganda,UGA,1977,0.0,0.0
Uganda,UGA,1978,0.0,0.0
Uganda,UGA,1979,0.0,0.0
Uganda,UGA,1980,1.0,3.0
Uganda,UGA,1981,1.0,3.0
Uganda,UGA,1982,1.0,3.0
Uganda,UGA,1983,1.0,3.0
Uganda,UGA,1984,1.0,3.0
Uganda,UGA,1985,0.0,0.0
Uganda,UGA,1986,0.0,0.0
Uganda,UGA,1987,0.0,0.0
Uganda,UGA,1988,0.0,0.0
Uganda,UGA,1989,0.0,0.0
Uganda,UGA,1990,1.0,2.0
Uganda,UGA,1991,1.0,2.0
Uganda,UGA,1992,1.0,2.0
Uganda,UGA,1993,1.0,2.0
Uganda,UGA,1994,0.0,1.0
Uganda,UGA,1995,0.0,1.0
Uganda,UGA,1996,1.0,3.0
Uganda,UGA,1997,1.0,3.0
Uganda,UGA,1998,1.0,3.0
Uganda,UGA,1999,1.0,3.0
Uganda,UGA,2000,1.0,3.0
Uganda,UGA,2001,1.0,3.0
Uganda,UGA,2002,1.0,3.0
Uganda,UGA,2003,1.0,3.0
Uganda,UGA,2004,1.0,3.0
Uganda,UGA,2005,1.0,3.0
Uganda,UGA,2006,1.0,3.0
Uganda,UGA,2007,1.0,3.0
Uganda,UGA,2008,1.0,3.0
Uganda,UGA,2009,1.0,3.0
Uganda,UGA,2010,1.0,3.0
Uganda,UGA,2011,1.0,3.0
Uganda,UGA,2012,1.0,3.0
Uganda,UGA,2013,1.0,3.0
Uganda,UGA,2014,1.0,3.0
Uganda,UGA,2015,1.0,3.0
Uganda,UGA,2016,1.0,3.0
Uganda,UGA,2017,1.0,3.0
Uganda,UGA,2018,1.0,3.0
Uganda,UGA,2019,1.0,3.0
Uganda,UGA,2020,1.0,3.0
Uganda,UGA,2021,1.0,3.0
Uganda,UGA,2022,1.0,3.0
Uganda,UGA,2023,1.0,3.0
Uganda,UGA,2024,1.0,3.0
Uganda,UGA,2025,1.0,3.0
Venezuela,VEN,1789,,
Venezuela,VEN,1790,,
Venezuela,VEN,1791,,
Venezuela,VEN,1792,,
Venezuela,VEN,1793,,
Venezuela,VEN,1794,,
Venezuela,VEN,1795,,
Venezuela,VEN,1796,,
Venezuela,VEN,1797,,
Venezuela,VEN,1798,,
Venezuela,VEN,1799,,
Venezuela,VEN,1800,,
Venezuela,VEN,1801,,
Venezuela,VEN,1802,,
Venezuela,VEN,1803,,
Venezuela,VEN,1804,,
Venezuela,VEN,1805,,
Venezuela,VEN,1806,,
Venezuela,VEN,1807,,
Venezuela,VEN,1808,,
Venezuela,VEN,1809,,
Venezuela,VEN,1810,,
Venezuela,VEN,1811,,
Venezuela,VEN,1812,,
Venezuela,VEN,1813,,
Venezuela,VEN,1814,,
Venezuela,VEN,1815,,
Venezuela,VEN,1816,,
Venezuela,VEN,1817,,
Venezuela,VEN,1818,,
Venezuela,VEN,1819,,
Venezuela,VEN,1830,,
Venezuela,VEN,1831,,
Venezuela,VEN,1832,,
Venezuela,VEN,1833,,
Venezuela,VEN,1834,,
Venezuela,VEN,1835,,
Venezuela,VEN,1836,,
Venezuela,VEN,1837,,
Venezuela,VEN,1838,,
Venezuela,VEN,1839,,
Venezuela,VEN,1840,,
Venezuela,VEN,1841,,
Venezuela,VEN,1842,,
Venezuela,VEN,1843,,
Venezuela,VEN,1844,,
Venezuela,VEN,1845,,
Venezuela,VEN,1846,,
Venezuela,VEN,1847,,
Venezuela,VEN,1848,,
Venezuela,VEN,1849,,
Venezuela,VEN,1850,,
Venezuela,VEN,1851,,
Venezuela,VEN,1852,,
Venezuela,VEN,1853,,
Venezuela,VEN,1854,,
Venezuela,VEN,1855,,
Venezuela,VEN,1856,,
Venezuela,VEN,1857,,
Venezuela,VEN,1858,,
Venezuela,VEN,1859,,
Venezuela,VEN,1860,,
Venezuela,VEN,1861,,
Venezuela,VEN,1862,,
Venezuela,VEN,1863,,
Venezuela,VEN,1864,,
Venezuela,VEN,1865,,
Venezuela,VEN,1866,,
Venezuela,VEN,1867,,
Venezuela,VEN,1868,,
Venezuela,VEN,1869,,
Venezuela,VEN,1870,,
Venezuela,VEN,1871,,
Venezuela,VEN,1872,,
Venezuela,VEN,1873,,
Venezuela,VEN,1874,,
Venezuela,VEN,1875,,
Venezuela,VEN,1876,,
Venezuela,VEN,1877,,
Venezuela,VEN,1878,,
Venezuela,VEN,1879,,
Venezuela,VEN,1880,,
Venezuela,VEN,1881,,
Venezuela,VEN,1882,,
Venezuela,VEN,1883,,
Venezuela,VEN,1884,,
Venezuela,VEN,1885,,
Venezuela,VEN,1886,,
Venezuela,VEN,1887,,
Venezuela,VEN,1888,,
Venezuela,VEN,1889,,
Venezuela,VEN,1890,,
Venezuela,VEN,1891,,
Venezuela,VEN,1892,,
Venezuela,VEN,1893,,
Venezuela,VEN,1894,,
Venezuela,VEN,1895,,
Venezuela,VEN,1896,,
Venezuela,VEN,1897,,
Venezuela,VEN,1898,,
Venezuela,VEN,1899,,
Venezuela,VEN,1900,0.0,0.0
Venezuela,VEN,1901,0.0,0.0
Venezuela,VEN,1902,0.0,0.0
Venezuela,VEN,1903,0.0,0.0
Venezuela,VEN,1904,0.0,0.0
Venezuela,VEN,1905,0.0,0.0
Venezuela,VEN,1906,0.0,0.0
Venezuela,VEN,1907,0.0,0.0
Venezuela,VEN,1908,0.0,0.0
Venezuela,VEN,1909,0.0,0.0
Venezuela,VEN,1910,0.0,0.0
Venezuela,VEN,1911,0.0,0.0
Venezuela,VEN,1912,0.0,0.0
Venezuela,VEN,1913,0.0,0.0
Venezuela,VEN,1914,0.0,0.0
Venezuela,VEN,1915,0.0,0.0
Venezuela,VEN,1916,0.0,0.0
Venezuela,VEN,1917,0.0,0.0
Venezuela,VEN,1918,0.0,0.0
Venezuela,VEN,1919,0.0,0.0
Venezuela,VEN,1920,0.0,0.0
Venezuela,VEN,1921,0.0,0.0
Venezuela,VEN,1922,0.0,0.0
Venezuela,VEN,1923,0.0,0.0
Venezuela,VEN,1924,0.0,0.0
Venezuela,VEN,1925,0.0,0.0
Venezuela,VEN,1926,0.0,0.0
Venezuela,VEN,1927,0.0,0.0
Venezuela,VEN,1928,0.0,0.0
Venezuela,VEN,1929,0.0,0.0
Venezuela,VEN,1930,0.0,0.0
Venezuela,VEN,1931,0.0,0.0
Venezuela,VEN,1932,0.0,0.0
Venezuela,VEN,1933,0.0,0.0
Venezuela,VEN,1934,0.0,0.0
Venezuela,VEN,1935,0.0,0.0
Venezuela,VEN,1936,0.0,0.0
Venezuela,VEN,1937,0.0,0.0
Venezuela,VEN,1938,0.0,0.0
Venezuela,VEN,1939,0.0,0.0
Venezuela,VEN,1940,0.0,0.0
Venezuela,VEN,1941,0.0,0.0
Venezuela,VEN,1942,0.0,0.0
Venezuela,VEN,1943,0.0,0.0
Venezuela,VEN,1944,0.0,0.0
Venezuela,VEN,1945,0.0,0.0
Venezuela,VEN,1946,0.0,0.0
Venezuela,VEN,1947,1.0,3.0
Venezuela,VEN,1948,1.0,3.0
Venezuela,VEN,1949,0.0,0.0
Venezuela,VEN,1950,0.0,0.0
Venezuela,VEN,1951,0.0,0.0
Venezuela,VEN,1952,0.0,0.0
Venezuela,VEN,1953,0.0,0.0
Venezuela,VEN,1954,0.0,0.0
Venezuela,VEN,1955,0.0,0.0
Venezuela,VEN,1956,0.0,0.0
Venezuela,VEN,1957,0.0,0.0
Venezuela,VEN,1958,1.0,3.0
Venezuela,VEN,1959,2.0,6.0
Venezuela,VEN,1960,2.0,6.0
Venezuela,VEN,1961,2.0,6.0
Venezuela,VEN,1962,2.0,6.0
Venezuela,VEN,1963,2.0,6.0
Venezuela,VEN,1964,2.0,6.0
Venezuela,VEN,1965,2.0,6.0
Venezuela,VEN,1966,2.0,6.0
Venezuela,VEN,1967,2.0,6.0
Venezuela,VEN,1968,2.0,6.0
Venezuela,VEN,1969,2.0,6.0
Venezuela,VEN,1970,2.0,6.0
Venezuela,VEN,1971,2.0,6.0
Venezuela,VEN,1972,2.0,6.0
Venezuela,VEN,1973,2.0,6.0
Venezuela,VEN,1974,2.0,6.0
Venezuela,VEN,1975,2.0,6.0
Venezuela,VEN,1976,2.0,6.0
Venezuela,VEN,1977,2.0,6.0
Venezuela,VEN,1978,2.0,6.0
Venezuela,VEN,1979,2.0,6.0
Venezuela,VEN,1980,2.0,6.0
Venezuela,VEN,1981,2.0,6.0
Venezuela,VEN,1982,2.0,6.0
Venezuela,VEN,1983,2.0,6.0
Venezuela,VEN,1984,2.0,6.0
Venezuela,VEN,1985,2.0,6.0
Venezuela,VEN,1986,2.0,6.0
Venezuela,VEN,1987,2.0,6.0
Venezuela,VEN,1988,2.0,6.0
Venezuela,VEN,1989,2.0,6.0
Venezuela,VEN,1990,2.0,6.0
Venezuela,VEN,1991,2.0,6.0
Venezuela,VEN,1992,2.0,6.0
Venezuela,VEN,1993,2.0,6.0
Venezuela,VEN,1994,2.0,6.0
Venezuela,VEN,1995,2.0,6.0
Venezuela,VEN,1996,2.0,6.0
Venezuela,VEN,1997,2.0,6.0
Venezuela,VEN,1998,2.0,6.0
Venezuela,VEN,1999,2.0,6.0
Venezuela,VEN,2000,2.0,6.0
Venezuela,VEN,2001,2.0,5.0
Venezuela,VEN,2002,1.0,4.0
Venezuela,VEN,2003,1.0,4.0
Venezuela,VEN,2004,1.0,4.0
Venezuela,VEN,2005,1.0,4.0
Venezuela,VEN,2006,1.0,3.0
Venezuela,VEN,2007,1.0,3.0
Venezuela,VEN,2008,1.0,3.0
Venezuela,VEN,2009,1.0,3.0
Venezuela,VEN,2010,1.0,3.0
Venezuela,VEN,2011,1.0,3.0
Venezuela,VEN,2012,1.0,3.0
Venezuela,VEN,2013,1.0,3.0
Venezuela,VEN,2014,1.0,3.0
Venezuela,VEN,2015,1.0,3.0
Venezuela,VEN,2016,1.0,3.0
Venezuela,VEN,2017,1.0,3.0
Venezuela,VEN,2018,1.0,3.0
Venezuela,VEN,2019,1.0,3.0
Venezuela,VEN,2020,1.0,3.0
Venezuela,VEN,2021,1.0,3.0
Venezuela,VEN,2022,1.0,3.0
Venezuela,VEN,2023,1.0,3.0
Venezuela,VEN,2024,1.0,3.0
Venezuela,VEN,2025,1.0,3.0
Benin,BEN,1900,0.0,0.0
Benin,BEN,1901,0.0,0.0
Benin,BEN,1902,0.0,0.0
Benin,BEN,1903,0.0,0.0
Benin,BEN,1904,0.0,0.0
Benin,BEN,1905,0.0,0.0
Benin,BEN,1906,0.0,0.0
Benin,BEN,1907,0.0,0.0
Benin,BEN,1908,0.0,0.0
Benin,BEN,1909,0.0,0.0
Benin,BEN,1910,0.0,0.0
Benin,BEN,1911,0.0,0.0
Benin,BEN,1912,0.0,0.0
Benin,BEN,1913,0.0,0.0
Benin,BEN,1914,0.0,0.0
Benin,BEN,1915,0.0,0.0
Benin,BEN,1916,0.0,0.0
Benin,BEN,1917,0.0,0.0
Benin,BEN,1918,0.0,0.0
Benin,BEN,1919,0.0,0.0
Benin,BEN,1920,0.0,0.0
Benin,BEN,1921,0.0,0.0
Benin,BEN,1922,0.0,0.0
Benin,BEN,1923,0.0,0.0
Benin,BEN,1924,0.0,0.0
Benin,BEN,1925,0.0,0.0
Benin,BEN,1926,0.0,0.0
Benin,BEN,1927,0.0,0.0
Benin,BEN,1928,0.0,0.0
Benin,BEN,1929,0.0,0.0
Benin,BEN,1930,0.0,0.0
Benin,BEN,1931,0.0,0.0
Benin,BEN,1932,0.0,0.0
Benin,BEN,1933,0.0,0.0
Benin,BEN,1934,0.0,0.0
Benin,BEN,1935,0.0,0.0
Benin,BEN,1936,0.0,0.0
Benin,BEN,1937,0.0,0.0
Benin,BEN,1938,0.0,0.0
Benin,BEN,1939,0.0,0.0
Benin,BEN,1940,0.0,0.0
Benin,BEN,1941,0.0,0.0
Benin,BEN,1942,0.0,0.0
Benin,BEN,1943,0.0,0.0
Benin,BEN,1944,0.0,0.0
Benin,BEN,1945,0.0,0.0
Benin,BEN,1946,0.0,0.0
Benin,BEN,1947,0.0,0.0
Benin,BEN,1948,0.0,0.0
Benin,BEN,1949,0.0,0.0
Benin,BEN,1950,0.0,0.0
Benin,BEN,1951,0.0,0.0
Benin,BEN,1952,0.0,0.0
Benin,BEN,1953,0.0,0.0
Benin,BEN,1954,0.0,0.0
Benin,BEN,1955,0.0,0.0
Benin,BEN,1956,0.0,0.0
Benin,BEN,1957,0.0,0.0
Benin,BEN,1958,0.0,0.0
Benin,BEN,1959,0.0,0.0
Benin,BEN,1960,1.0,3.0
Benin,BEN,1961,1.0,3.0
Benin,BEN,1962,1.0,3.0
Benin,BEN,1963,1.0,3.0
Benin,BEN,1964,1.0,3.0
Benin,BEN,1965,0.0,0.0
Benin,BEN,1966,0.0,0.0
Benin,BEN,1967,0.0,0.0
Benin,BEN,1968,1.0,3.0
Benin,BEN,1969,0.0,0.0
Benin,BEN,1970,0.0,0.0
Benin,BEN,1971,0.0,0.0
Benin,BEN,1972,0.0,0.0
Benin,BEN,1973,0.0,0.0
Benin,BEN,1974,0.0,0.0
Benin,BEN,1975,0.0,0.0
Benin,BEN,1976,0.0,0.0
Benin,BEN,1977,0.0,0.0
Benin,BEN,1978,0.0,0.0
Benin,BEN,1979,0.0,0.0
Benin,BEN,1980,0.0,0.0
Benin,BEN,1981,0.0,0.0
Benin,BEN,1982,0.0,0.0
Benin,BEN,1983,0.0,0.0
Benin,BEN,1984,0.0,0.0
Benin,BEN,1985,0.0,0.0
Benin,BEN,1986,0.0,0.0
Benin,BEN,1987,0.0,0.0
Benin,BEN,1988,0.0,0.0
Benin,BEN,1989,0.0,0.0
Benin,BEN,1990,0.0,0.0
Benin,BEN,1991,1.0,4.0
Benin,BEN,1992,2.0,7.0
Benin,BEN,1993,2.0,7.0
Benin,BEN,1994,2.0,7.0
Benin,BEN,1995,2.0,7.0
Benin,BEN,1996,2.0,7.0
Benin,BEN,1997,2.0,7.0
Benin,BEN,1998,2.0,7.0
Benin,BEN,1999,2.0,7.0
Benin,BEN,2000,2.0,7.0
Benin,BEN,2001,2.0,7.0
Benin,BEN,2002,2.0,7.0
Benin,BEN,2003,2.0,7.0
Benin,BEN,2004,2.0,7.0
Benin,BEN,2005,2.0,7.0
Benin,BEN,2006,2.0,7.0
Benin,BEN,2007,2.0,7.0
Benin,BEN,2008,2.0,7.0
Benin,BEN,2009,2.0,7.0
Benin,BEN,2010,2.0,7.0
Benin,BEN,2011,2.0,7.0
Benin,BEN,2012,2.0,7.0
Benin,BEN,2013,2.0,7.0
Benin,BEN,2014,2.0,7.0
Benin,BEN,2015,2.0,6.0
Benin,BEN,2016,2.0,6.0
Benin,BEN,2017,2.0,6.0
Benin,BEN,2018,2.0,6.0
Benin,BEN,2019,1.0,3.0
Benin,BEN,2020,1.0,3.0
Benin,BEN,2021,1.0,3.0
Benin,BEN,2022,1.0,3.0
Benin,BEN,2023,1.0,4.0
Benin,BEN,2024,1.0,4.0
Benin,BEN,2025,1.0,4.0
Bhutan,BTN,1900,0.0,0.0
Bhutan,BTN,1901,0.0,0.0
Bhutan,BTN,1902,0.0,0.0
Bhutan,BTN,1903,0.0,0.0
Bhutan,BTN,1904,0.0,0.0
Bhutan,BTN,1905,0.0,0.0
Bhutan,BTN,1906,0.0,0.0
Bhutan,BTN,1907,0.0,0.0
Bhutan,BTN,1908,0.0,0.0
Bhutan,BTN,1909,0.0,0.0
Bhutan,BTN,1910,0.0,0.0
Bhutan,BTN,1911,0.0,0.0
Bhutan,BTN,1912,0.0,0.0
Bhutan,BTN,1913,0.0,0.0
Bhutan,BTN,1914,0.0,0.0
Bhutan,BTN,1915,0.0,0.0
Bhutan,BTN,1916,0.0,0.0
Bhutan,BTN,1917,0.0,0.0
Bhutan,BTN,1918,0.0,0.0
Bhutan,BTN,1919,0.0,0.0
Bhutan,BTN,1920,0.0,0.0
Bhutan,BTN,1921,0.0,0.0
Bhutan,BTN,1922,0.0,0.0
Bhutan,BTN,1923,0.0,0.0
Bhutan,BTN,1924,0.0,0.0
Bhutan,BTN,1925,0.0,0.0
Bhutan,BTN,1926,0.0,0.0
Bhutan,BTN,1927,0.0,0.0
Bhutan,BTN,1928,0.0,0.0
Bhutan,BTN,1929,0.0,0.0
Bhutan,BTN,1930,0.0,0.0
Bhutan,BTN,1931,0.0,0.0
Bhutan,BTN,1932,0.0,0.0
Bhutan,BTN,1933,0.0,0.0
Bhutan,BTN,1934,0.0,0.0
Bhutan,BTN,1935,0.0,0.0
Bhutan,BTN,1936,0.0,0.0
Bhutan,BTN,1937,0.0,0.0
Bhutan,BTN,1938,0.0,0.0
Bhutan,BTN,1939,0.0,0.0
Bhutan,BTN,1940,0.0,0.0
Bhutan,BTN,1941,0.0,0.0
Bhutan,BTN,1942,0.0,0.0
Bhutan,BTN,1943,0.0,0.0
Bhutan,BTN,1944,0.0,0.0
Bhutan,BTN,1945,0.0,0.0
Bhutan,BTN,1946,0.0,0.0
Bhutan,BTN,1947,0.0,0.0
Bhutan,BTN,1948,0.0,0.0
Bhutan,BTN,1949,0.0,0.0
Bhutan,BTN,1950,0.0,0.0
Bhutan,BTN,1951,0.0,0.0
Bhutan,BTN,1952,0.0,0.0
Bhutan,BTN,1953,0.0,0.0
Bhutan,BTN,1954,0.0,0.0
Bhutan,BTN,1955,0.0,0.0
Bhutan,BTN,1956,0.0,0.0
Bhutan,BTN,1957,0.0,0.0
Bhutan,BTN,1958,0.0,0.0
Bhutan,BTN,1959,0.0,0.0
Bhutan,BTN,1960,0.0,0.0
Bhutan,BTN,1961,0.0,0.0
Bhutan,BTN,1962,0.0,0.0
Bhutan,BTN,1963,0.0,0.0
Bhutan,BTN,1964,0.0,0.0
Bhutan,BTN,1965,0.0,0.0
Bhutan,BTN,1966,0.0,0.0
Bhutan,BTN,1967,0.0,0.0
Bhutan,BTN,1968,0.0,0.0
Bhutan,BTN,1969,0.0,0.0
Bhutan,BTN,1970,0.0,0.0
Bhutan,BTN,1971,0.0,0.0
Bhutan,BTN,1972,0.0,0.0
Bhutan,BTN,1973,0.0,0.0
Bhutan,BTN,1974,0.0,0.0
Bhutan,BTN,1975,0.0,0.0
Bhutan,BTN,1976,0.0,0.0
Bhutan,BTN,1977,0.0,0.0
Bhutan,BTN,1978,0.0,0.0
Bhutan,BTN,1979,0.0,0.0
Bhutan,BTN,1980,0.0,0.0
Bhutan,BTN,1981,0.0,0.0
Bhutan,BTN,1982,0.0,0.0
Bhutan,BTN,1983,0.0,0.0
Bhutan,BTN,1984,0.0,0.0
Bhutan,BTN,1985,0.0,0.0
Bhutan,BTN,1986,0.0,0.0
Bhutan,BTN,1987,0.0,0.0
Bhutan,BTN,1988,0.0,0.0
Bhutan,BTN,1989,0.0,0.0
Bhutan,BTN,1990,0.0,0.0
Bhutan,BTN,1991,0.0,0.0
Bhutan,BTN,1992,0.0,0.0
Bhutan,BTN,1993,0.0,0.0
Bhutan,BTN,1994,0.0,0.0
Bhutan,BTN,1995,0.0,0.0
Bhutan,BTN,1996,0.0,0.0
Bhutan,BTN,1997,0.0,0.0
Bhutan,BTN,1998,0.0,0.0
Bhutan,BTN,1999,0.0,0.0
Bhutan,BTN,2000,0.0,0.0
Bhutan,BTN,2001,0.0,0.0
Bhutan,BTN,2002,0.0,0.0
Bhutan,BTN,2003,0.0,0.0
Bhutan,BTN,2004,0.0,0.0
Bhutan,BTN,2005,0.0,0.0
Bhutan,BTN,2006,0.0,0.0
Bhutan,BTN,2007,0.0,0.0
Bhutan,BTN,2008,1.0,4.0
Bhutan,BTN,2009,3.0,8.0
Bhutan,BTN,2010,3.0,8.0
Bhutan,BTN,2011,3.0,8.0
Bhutan,BTN,2012,3.0,8.0
Bhutan,BTN,2013,2.0,7.0
Bhutan,BTN,2014,2.0,7.0
Bhutan,BTN,2015,2.0,7.0
Bhutan,BTN,2016,2.0,5.0
Bhutan,BTN,2017,2.0,7.0
Bhutan,BTN,2018,2.0,7.0
Bhutan,BTN,2019,2.0,7.0
Bhutan,BTN,2020,2.0,7.0
Bhutan,BTN,2021,3.0,8.0
Bhutan,BTN,2022,3.0,8.0
Bhutan,BTN,2023,3.0,8.0
Bhutan,BTN,2024,2.0,7.0
Bhutan,BTN,2025,2.0,5.0
Burkina Faso,BFA,1919,0.0,0.0
Burkina Faso,BFA,1920,0.0,0.0
Burkina Faso,BFA,1921,0.0,0.0
Burkina Faso,BFA,1922,0.0,0.0
Burkina Faso,BFA,1923,0.0,0.0
Burkina Faso,BFA,1924,0.0,0.0
Burkina Faso,BFA,1925,0.0,0.0
Burkina Faso,BFA,1926,0.0,0.0
Burkina Faso,BFA,1927,0.0,0.0
Burkina Faso,BFA,1928,0.0,0.0
Burkina Faso,BFA,1929,0.0,0.0
Burkina Faso,BFA,1930,0.0,0.0
Burkina Faso,BFA,1931,0.0,0.0
Burkina Faso,BFA,1947,0.0,0.0
Burkina Faso,BFA,1948,0.0,0.0
Burkina Faso,BFA,1949,0.0,0.0
Burkina Faso,BFA,1950,0.0,0.0
Burkina Faso,BFA,1951,0.0,0.0
Burkina Faso,BFA,1952,0.0,0.0
Burkina Faso,BFA,1953,0.0,0.0
Burkina Faso,BFA,1954,0.0,0.0
Burkina Faso,BFA,1955,0.0,0.0
Burkina Faso,BFA,1956,0.0,0.0
Burkina Faso,BFA,1957,0.0,0.0
Burkina Faso,BFA,1958,0.0,0.0
Burkina Faso,BFA,1959,0.0,0.0
Burkina Faso,BFA,1960,1.0,3.0
Burkina Faso,BFA,1961,1.0,3.0
Burkina Faso,BFA,1962,1.0,3.0
Burkina Faso,BFA,1963,1.0,3.0
Burkina Faso,BFA,1964,1.0,3.0
Burkina Faso,BFA,1965,1.0,3.0
Burkina Faso,BFA,1966,0.0,0.0
Burkina Faso,BFA,1967,0.0,0.0
Burkina Faso,BFA,1968,0.0,0.0
Burkina Faso,BFA,1969,0.0,0.0
Burkina Faso,BFA,1970,0.0,0.0
Burkina Faso,BFA,1971,0.0,0.0
Burkina Faso,BFA,1972,0.0,0.0
Burkina Faso,BFA,1973,0.0,0.0
Burkina Faso,BFA,1974,0.0,0.0
Burkina Faso,BFA,1975,0.0,0.0
Burkina Faso,BFA,1976,0.0,0.0
Burkina Faso,BFA,1977,0.0,0.0
Burkina Faso,BFA,1978,1.0,3.0
Burkina Faso,BFA,1979,1.0,3.0
Burkina Faso,BFA,1980,1.0,3.0
Burkina Faso,BFA,1981,0.0,0.0
Burkina Faso,BFA,1982,0.0,0.0
Burkina Faso,BFA,1983,0.0,0.0
Burkina Faso,BFA,1984,0.0,0.0
Burkina Faso,BFA,1985,0.0,0.0
Burkina Faso,BFA,1986,0.0,0.0
Burkina Faso,BFA,1987,0.0,0.0
Burkina Faso,BFA,1988,0.0,0.0
Burkina Faso,BFA,1989,0.0,0.0
Burkina Faso,BFA,1990,0.0,0.0
Burkina Faso,BFA,1991,1.0,3.0
Burkina Faso,BFA,1992,1.0,3.0
Burkina Faso,BFA,1993,1.0,4.0
Burkina Faso,BFA,1994,1.0,4.0
Burkina Faso,BFA,1995,1.0,4.0
Burkina Faso,BFA,1996,1.0,4.0
Burkina Faso,BFA,1997,1.0,4.0
Burkina Faso,BFA,1998,1.0,4.0
Burkina Faso,BFA,1999,1.0,4.0
Burkina Faso,BFA,2000,2.0,5.0
Burkina Faso,BFA,2001,2.0,5.0
Burkina Faso,BFA,2002,2.0,5.0
Burkina Faso,BFA,2003,2.0,5.0
Burkina Faso,BFA,2004,2.0,5.0
Burkina Faso,BFA,2005,2.0,5.0
Burkina Faso,BFA,2006,2.0,5.0
Burkina Faso,BFA,2007,2.0,5.0
Burkina Faso,BFA,2008,2.0,5.0
Burkina Faso,BFA,2009,2.0,5.0
Burkina Faso,BFA,2010,2.0,5.0
Burkina Faso,BFA,2011,2.0,5.0
Burkina Faso,BFA,2012,2.0,6.0
Burkina Faso,BFA,2013,2.0,6.0
Burkina Faso,BFA,2014,2.0,6.0
Burkina Faso,BFA,2015,1.0,3.0
Burkina Faso,BFA,2016,2.0,6.0
Burkina Faso,BFA,2017,2.0,6.0
Burkina Faso,BFA,2018,2.0,6.0
Burkina Faso,BFA,2019,2.0,6.0
Burkina Faso,BFA,2020,2.0,6.0
Burkina Faso,BFA,2021,2.0,6.0
Burkina Faso,BFA,2022,1.0,3.0
Burkina Faso,BFA,2023,0.0,0.0
Burkina Faso,BFA,2024,0.0,0.0
Burkina Faso,BFA,2025,0.0,0.0
Cambodia,KHM,1900,0.0,0.0
Cambodia,KHM,1901,0.0,0.0
Cambodia,KHM,1902,0.0,0.0
Cambodia,KHM,1903,0.0,0.0
Cambodia,KHM,1904,0.0,0.0
Cambodia,KHM,1905,0.0,0.0
Cambodia,KHM,1906,0.0,0.0
Cambodia,KHM,1907,0.0,0.0
Cambodia,KHM,1908,0.0,0.0
Cambodia,KHM,1909,0.0,0.0
Cambodia,KHM,1910,0.0,0.0
Cambodia,KHM,1911,0.0,0.0
Cambodia,KHM,1912,0.0,0.0
Cambodia,KHM,1913,0.0,0.0
Cambodia,KHM,1914,0.0,0.0
Cambodia,KHM,1915,0.0,0.0
Cambodia,KHM,1916,0.0,0.0
Cambodia,KHM,1917,0.0,0.0
Cambodia,KHM,1918,0.0,0.0
Cambodia,KHM,1919,0.0,0.0
Cambodia,KHM,1920,0.0,0.0
Cambodia,KHM,1921,0.0,0.0
Cambodia,KHM,1922,0.0,0.0
Cambodia,KHM,1923,0.0,0.0
Cambodia,KHM,1924,0.0,0.0
Cambodia,KHM,1925,0.0,0.0
Cambodia,KHM,1926,0.0,0.0
Cambodia,KHM,1927,0.0,0.0
Cambodia,KHM,1928,0.0,0.0
Cambodia,KHM,1929,0.0,0.0
Cambodia,KHM,1930,0.0,0.0
Cambodia,KHM,1931,0.0,0.0
Cambodia,KHM,1932,0.0,0.0
Cambodia,KHM,1933,0.0,0.0
Cambodia,KHM,1934,0.0,0.0
Cambodia,KHM,1935,0.0,0.0
Cambodia,KHM,1936,0.0,0.0
Cambodia,KHM,1937,0.0,0.0
Cambodia,KHM,1938,0.0,0.0
Cambodia,KHM,1939,0.0,0.0
Cambodia,KHM,1940,0.0,0.0
Cambodia,KHM,1941,0.0,0.0
Cambodia,KHM,1942,0.0,0.0
Cambodia,KHM,1943,0.0,0.0
Cambodia,KHM,1944,0.0,0.0
Cambodia,KHM,1945,0.0,0.0
Cambodia,KHM,1946,0.0,0.0
Cambodia,KHM,1947,0.0,0.0
Cambodia,KHM,1948,0.0,0.0
Cambodia,KHM,1949,0.0,0.0
Cambodia,KHM,1950,0.0,0.0
Cambodia,KHM,1951,0.0,0.0
Cambodia,KHM,1952,0.0,0.0
Cambodia,KHM,1953,0.0,0.0
Cambodia,KHM,1954,0.0,0.0
Cambodia,KHM,1955,1.0,3.0
Cambodia,KHM,1956,1.0,3.0
Cambodia,KHM,1957,1.0,3.0
Cambodia,KHM,1958,1.0,3.0
Cambodia,KHM,1959,1.0,3.0
Cambodia,KHM,1960,1.0,3.0
Cambodia,KHM,1961,1.0,3.0
Cambodia,KHM,1962,1.0,3.0
Cambodia,KHM,1963,1.0,3.0
Cambodia,KHM,1964,1.0,3.0
Cambodia,KHM,1965,1.0,3.0
Cambodia,KHM,1966,1.0,3.0
Cambodia,KHM,1967,1.0,3.0
Cambodia,KHM,1968,1.0,3.0
Cambodia,KHM,1969,1.0,3.0
Cambodia,KHM,1970,1.0,3.0
Cambodia,KHM,1971,0.0,0.0
Cambodia,KHM,1972,1.0,3.0
Cambodia,KHM,1973,0.0,1.0
Cambodia,KHM,1974,0.0,1.0
Cambodia,KHM,1975,0.0,0.0
Cambodia,KHM,1976,0.0,0.0
Cambodia,KHM,1977,0.0,0.0
Cambodia,KHM,1978,0.0,0.0
Cambodia,KHM,1979,0.0,0.0
Cambodia,KHM,1980,0.0,0.0
Cambodia,KHM,1981,1.0,2.0
Cambodia,KHM,1982,1.0,2.0
Cambodia,KHM,1983,1.0,2.0
Cambodia,KHM,1984,1.0,2.0
Cambodia,KHM,1985,1.0,2.0
Cambodia,KHM,1986,1.0,2.0
Cambodia,KHM,1987,1.0,2.0
Cambodia,KHM,1988,1.0,2.0
Cambodia,KHM,1989,1.0,2.0
Cambodia,KHM,1990,1.0,2.0
Cambodia,KHM,1991,1.0,2.0
Cambodia,KHM,1992,1.0,2.0
Cambodia,KHM,1993,1.0,3.0
Cambodia,KHM,1994,1.0,3.0
Cambodia,KHM,1995,1.0,3.0
Cambodia,KHM,1996,1.0,3.0
Cambodia,KHM,1997,1.0,3.0
Cambodia,KHM,1998,1.0,3.0
Cambodia,KHM,1999,1.0,3.0
Cambodia,KHM,2000,1.0,3.0
Cambodia,KHM,2001,1.0,3.0
Cambodia,KHM,2002,1.0,3.0
Cambodia,KHM,2003,1.0,3.0
Cambodia,KHM,2004,1.0,3.0
Cambodia,KHM,2005,1.0,3.0
Cambodia,KHM,2006,1.0,3.0
Cambodia,KHM,2007,1.0,3.0
Cambodia,KHM,2008,1.0,3.0
Cambodia,KHM,2009,1.0,3.0
Cambodia,KHM,2010,1.0,3.0
Cambodia,KHM,2011,1.0,3.0
Cambodia,KHM,2012,1.0,3.0
Cambodia,KHM,2013,1.0,3.0
Cambodia,KHM,2014,1.0,3.0
Cambodia,KHM,2015,1.0,3.0
Cambodia,KHM,2016,1.0,3.0
Cambodia,KHM,2017,1.0,3.0
Cambodia,KHM,2018,1.0,3.0
Cambodia,KHM,2019,1.0,3.0
Cambodia,KHM,2020,1.0,3.0
Cambodia,KHM,2021,1.0,3.0
Cambodia,KHM,2022,1.0,3.0
Cambodia,KHM,2023,1.0,3.0
Cambodia,KHM,2024,1.0,3.0
Cambodia,KHM,2025,1.0,3.0
Indonesia,IDN,1800,,
Indonesia,IDN,1801,,
Indonesia,IDN,1802,,
Indonesia,IDN,1803,,
Indonesia,IDN,1804,,
Indonesia,IDN,1805,,
Indonesia,IDN,1806,,
Indonesia,IDN,1807,,
Indonesia,IDN,1808,,
Indonesia,IDN,1809,,
Indonesia,IDN,1810,,
Indonesia,IDN,1811,,
Indonesia,IDN,1812,,
Indonesia,IDN,1813,,
Indonesia,IDN,1814,,
Indonesia,IDN,1815,,
Indonesia,IDN,1816,,
Indonesia,IDN,1817,,
Indonesia,IDN,1818,,
Indonesia,IDN,1819,,
Indonesia,IDN,1820,,
Indonesia,IDN,1821,,
Indonesia,IDN,1822,,
Indonesia,IDN,1823,,
Indonesia,IDN,1824,,
Indonesia,IDN,1825,,
Indonesia,IDN,1826,,
Indonesia,IDN,1827,,
Indonesia,IDN,1828,,
Indonesia,IDN,1829,,
Indonesia,IDN,1830,,
Indonesia,IDN,1831,,
Indonesia,IDN,1832,,
Indonesia,IDN,1833,,
Indonesia,IDN,1834,,
Indonesia,IDN,1835,,
Indonesia,IDN,1836,,
Indonesia,IDN,1837,,
Indonesia,IDN,1838,,
Indonesia,IDN,1839,,
Indonesia,IDN,1840,,
Indonesia,IDN,1841,,
Indonesia,IDN,1842,,
Indonesia,IDN,1843,,
Indonesia,IDN,1844,,
Indonesia,IDN,1845,,
Indonesia,IDN,1846,,
Indonesia,IDN,1847,,
Indonesia,IDN,1848,,
Indonesia,IDN,1849,,
Indonesia,IDN,1850,,
Indonesia,IDN,1851,,
Indonesia,IDN,1852,,
Indonesia,IDN,1853,,
Indonesia,IDN,1854,,
Indonesia,IDN,1855,,
Indonesia,IDN,1856,,
Indonesia,IDN,1857,,
Indonesia,IDN,1858,,
Indonesia,IDN,1859,,
Indonesia,IDN,1860,,
Indonesia,IDN,1861,,
Indonesia,IDN,1862,,
Indonesia,IDN,1863,,
Indonesia,IDN,1864,,
Indonesia,IDN,1865,,
Indonesia,IDN,1866,,
Indonesia,IDN,1867,,
Indonesia,IDN,1868,,
Indonesia,IDN,1869,,
Indonesia,IDN,1870,,
Indonesia,IDN,1871,,
Indonesia,IDN,1872,,
Indonesia,IDN,1873,,
Indonesia,IDN,1874,,
Indonesia,IDN,1875,,
Indonesia,IDN,1876,,
Indonesia,IDN,1877,,
Indonesia,IDN,1878,,
Indonesia,IDN,1879,,
Indonesia,IDN,1880,,
Indonesia,IDN,1881,,
Indonesia,IDN,1882,,
Indonesia,IDN,1883,,
Indonesia,IDN,1884,,
Indonesia,IDN,1885,,
Indonesia,IDN,1886,,
Indonesia,IDN,1887,,
Indonesia,IDN,1888,,
Indonesia,IDN,1889,,
Indonesia,IDN,1890,,
Indonesia,IDN,1891,,
Indonesia,IDN,1892,,
Indonesia,IDN,1893,,
Indonesia,IDN,1894,,
Indonesia,IDN,1895,,
Indonesia,IDN,1896,,
Indonesia,IDN,1897,,
Indonesia,IDN,1898,,
Indonesia,IDN,1899,,
Indonesia,IDN,1900,0.0,0.0
Indonesia,IDN,1901,0.0,0.0
Indonesia,IDN,1902,0.0,0.0
Indonesia,IDN,1903,0.0,0.0
Indonesia,IDN,1904,0.0,0.0
Indonesia,IDN,1905,0.0,0.0
Indonesia,IDN,1906,0.0,0.0
Indonesia,IDN,1907,0.0,0.0
Indonesia,IDN,1908,0.0,0.0
Indonesia,IDN,1909,0.0,0.0
Indonesia,IDN,1910,0.0,0.0
Indonesia,IDN,1911,0.0,0.0
Indonesia,IDN,1912,0.0,0.0
Indonesia,IDN,1913,0.0,0.0
Indonesia,IDN,1914,0.0,0.0
Indonesia,IDN,1915,0.0,0.0
Indonesia,IDN,1916,0.0,0.0
Indonesia,IDN,1917,0.0,0.0
Indonesia,IDN,1918,0.0,0.0
Indonesia,IDN,1919,0.0,0.0
Indonesia,IDN,1920,0.0,0.0
Indonesia,IDN,1921,0.0,0.0
Indonesia,IDN,1922,0.0,0.0
Indonesia,IDN,1923,0.0,0.0
Indonesia,IDN,1924,0.0,0.0
Indonesia,IDN,1925,0.0,0.0
Indonesia,IDN,1926,0.0,0.0
Indonesia,IDN,1927,0.0,0.0
Indonesia,IDN,1928,0.0,0.0
Indonesia,IDN,1929,0.0,0.0
Indonesia,IDN,1930,0.0,0.0
Indonesia,IDN,1931,0.0,0.0
Indonesia,IDN,1932,0.0,0.0
Indonesia,IDN,1933,0.0,0.0
Indonesia,IDN,1934,0.0,0.0
Indonesia,IDN,1935,0.0,0.0
Indonesia,IDN,1936,0.0,0.0
Indonesia,IDN,1937,0.0,0.0
Indonesia,IDN,1938,0.0,0.0
Indonesia,IDN,1939,0.0,0.0
Indonesia,IDN,1940,0.0,0.0
Indonesia,IDN,1941,0.0,0.0
Indonesia,IDN,1942,0.0,0.0
Indonesia,IDN,1943,0.0,0.0
Indonesia,IDN,1944,0.0,0.0
Indonesia,IDN,1945,0.0,0.0
Indonesia,IDN,1946,0.0,0.0
Indonesia,IDN,1947,0.0,0.0
Indonesia,IDN,1948,0.0,0.0
Indonesia,IDN,1949,0.0,0.0
Indonesia,IDN,1950,0.0,0.0
Indonesia,IDN,1951,0.0,0.0
Indonesia,IDN,1952,0.0,0.0
Indonesia,IDN,1953,0.0,0.0
Indonesia,IDN,1954,0.0,0.0
Indonesia,IDN,1955,1.0,3.0
Indonesia,IDN,1956,2.0,6.0
Indonesia,IDN,1957,2.0,5.0
Indonesia,IDN,1958,1.0,4.0
Indonesia,IDN,1959,1.0,3.0
Indonesia,IDN,1960,1.0,3.0
Indonesia,IDN,1961,0.0,0.0
Indonesia,IDN,1962,0.0,0.0
Indonesia,IDN,1963,0.0,0.0
Indonesia,IDN,1964,0.0,0.0
Indonesia,IDN,1965,0.0,0.0
Indonesia,IDN,1966,0.0,0.0
Indonesia,IDN,1967,0.0,0.0
Indonesia,IDN,1968,0.0,0.0
Indonesia,IDN,1969,0.0,0.0
Indonesia,IDN,1970,0.0,0.0
Indonesia,IDN,1971,1.0,3.0
Indonesia,IDN,1972,1.0,3.0
Indonesia,IDN,1973,1.0,3.0
Indonesia,IDN,1974,1.0,3.0
Indonesia,IDN,1975,1.0,3.0
Indonesia,IDN,1976,1.0,3.0
Indonesia,IDN,1977,1.0,3.0
Indonesia,IDN,1978,1.0,3.0
Indonesia,IDN,1979,1.0,3.0
Indonesia,IDN,1980,1.0,3.0
Indonesia,IDN,1981,1.0,3.0
Indonesia,IDN,1982,1.0,3.0
Indonesia,IDN,1983,1.0,3.0
Indonesia,IDN,1984,1.0,3.0
Indonesia,IDN,1985,1.0,3.0
Indonesia,IDN,1986,1.0,3.0
Indonesia,IDN,1987,1.0,3.0
Indonesia,IDN,1988,1.0,3.0
Indonesia,IDN,1989,1.0,3.0
Indonesia,IDN,1990,1.0,3.0
Indonesia,IDN,1991,1.0,3.0
Indonesia,IDN,1992,1.0,3.0
Indonesia,IDN,1993,1.0,3.0
Indonesia,IDN,1994,1.0,3.0
Indonesia,IDN,1995,1.0,3.0
Indonesia,IDN,1996,1.0,3.0
Indonesia,IDN,1997,1.0,3.0
Indonesia,IDN,1998,1.0,3.0
Indonesia,IDN,1999,2.0,5.0
Indonesia,IDN,2000,2.0,6.0
Indonesia,IDN,2001,2.0,6.0
Indonesia,IDN,2002,2.0,6.0
Indonesia,IDN,2003,2.0,6.0
Indonesia,IDN,2004,2.0,6.0
Indonesia,IDN,2005,2.0,6.0
Indonesia,IDN,2006,2.0,6.0
Indonesia,IDN,2007,2.0,6.0
Indonesia,IDN,2008,2.0,6.0
Indonesia,IDN,2009,2.0,6.0
Indonesia,IDN,2010,2.0,6.0
Indonesia,IDN,2011,2.0,6.0
Indonesia,IDN,2012,2.0,6.0
Indonesia,IDN,2013,2.0,6.0
Indonesia,IDN,2014,2.0,6.0
Indonesia,IDN,2015,2.0,6.0
Indonesia,IDN,2016,2.0,6.0
Indonesia,IDN,2017,2.0,6.0
Indonesia,IDN,2018,2.0,6.0
Indonesia,IDN,2019,2.0,6.0
Indonesia,IDN,2020,2.0,6.0
Indonesia,IDN,2021,2.0,5.0
Indonesia,IDN,2022,2.0,5.0
Indonesia,IDN,2023,2.0,5.0
Indonesia,IDN,2024,1.0,4.0
Indonesia,IDN,2025,1.0,4.0
Mozambique,MOZ,1900,0.0,0.0
Mozambique,MOZ,1901,0.0,0.0
Mozambique,MOZ,1902,0.0,0.0
Mozambique,MOZ,1903,0.0,0.0
Mozambique,MOZ,1904,0.0,0.0
Mozambique,MOZ,1905,0.0,0.0
Mozambique,MOZ,1906,0.0,0.0
Mozambique,MOZ,1907,0.0,0.0
Mozambique,MOZ,1908,0.0,0.0
Mozambique,MOZ,1909,0.0,0.0
Mozambique,MOZ,1910,0.0,0.0
Mozambique,MOZ,1911,0.0,0.0
Mozambique,MOZ,1912,0.0,0.0
Mozambique,MOZ,1913,0.0,0.0
Mozambique,MOZ,1914,0.0,0.0
Mozambique,MOZ,1915,0.0,0.0
Mozambique,MOZ,1916,0.0,0.0
Mozambique,MOZ,1917,0.0,0.0
Mozambique,MOZ,1918,0.0,0.0
Mozambique,MOZ,1919,0.0,0.0
Mozambique,MOZ,1920,0.0,0.0
Mozambique,MOZ,1921,0.0,0.0
Mozambique,MOZ,1922,0.0,0.0
Mozambique,MOZ,1923,0.0,0.0
Mozambique,MOZ,1924,0.0,0.0
Mozambique,MOZ,1925,0.0,0.0
Mozambique,MOZ,1926,0.0,0.0
Mozambique,MOZ,1927,0.0,0.0
Mozambique,MOZ,1928,0.0,0.0
Mozambique,MOZ,1929,0.0,0.0
Mozambique,MOZ,1930,0.0,0.0
Mozambique,MOZ,1931,0.0,0.0
Mozambique,MOZ,1932,0.0,0.0
Mozambique,MOZ,1933,0.0,0.0
Mozambique,MOZ,1934,0.0,0.0
Mozambique,MOZ,1935,0.0,0.0
Mozambique,MOZ,1936,0.0,0.0
Mozambique,MOZ,1937,0.0,0.0
Mozambique,MOZ,1938,0.0,0.0
Mozambique,MOZ,1939,0.0,0.0
Mozambique,MOZ,1940,0.0,0.0
Mozambique,MOZ,1941,0.0,0.0
Mozambique,MOZ,1942,0.0,0.0
Mozambique,MOZ,1943,0.0,0.0
Mozambique,MOZ,1944,0.0,0.0
Mozambique,MOZ,1945,0.0,0.0
Mozambique,MOZ,1946,0.0,0.0
Mozambique,MOZ,1947,0.0,0.0
Mozambique,MOZ,1948,0.0,0.0
Mozambique,MOZ,1949,0.0,0.0
Mozambique,MOZ,1950,0.0,0.0
Mozambique,MOZ,1951,0.0,0.0
Mozambique,MOZ,1952,0.0,0.0
Mozambique,MOZ,1953,0.0,0.0
Mozambique,MOZ,1954,0.0,0.0
Mozambique,MOZ,1955,0.0,0.0
Mozambique,MOZ,1956,0.0,0.0
Mozambique,MOZ,1957,0.0,0.0
Mozambique,MOZ,1958,0.0,0.0
Mozambique,MOZ,1959,0.0,0.0
Mozambique,MOZ,1960,0.0,0.0
Mozambique,MOZ,1961,0.0,0.0
Mozambique,MOZ,1962,0.0,0.0
Mozambique,MOZ,1963,0.0,0.0
Mozambique,MOZ,1964,0.0,0.0
Mozambique,MOZ,1965,0.0,0.0
Mozambique,MOZ,1966,0.0,0.0
Mozambique,MOZ,1967,0.0,0.0
Mozambique,MOZ,1968,0.0,0.0
Mozambique,MOZ,1969,0.0,0.0
Mozambique,MOZ,1970,0.0,0.0
Mozambique,MOZ,1971,0.0,0.0
Mozambique,MOZ,1972,0.0,0.0
Mozambique,MOZ,1973,0.0,0.0
Mozambique,MOZ,1974,0.0,0.0
Mozambique,MOZ,1975,0.0,0.0
Mozambique,MOZ,1976,0.0,0.0
Mozambique,MOZ,1977,0.0,0.0
Mozambique,MOZ,1978,0.0,0.0
Mozambique,MOZ,1979,0.0,0.0
Mozambique,MOZ,1980,0.0,0.0
Mozambique,MOZ,1981,0.0,0.0
Mozambique,MOZ,1982,0.0,0.0
Mozambique,MOZ,1983,0.0,0.0
Mozambique,MOZ,1984,0.0,0.0
Mozambique,MOZ,1985,0.0,0.0
Mozambique,MOZ,1986,0.0,0.0
Mozambique,MOZ,1987,0.0,0.0
Mozambique,MOZ,1988,0.0,0.0
Mozambique,MOZ,1989,0.0,0.0
Mozambique,MOZ,1990,0.0,0.0
Mozambique,MOZ,1991,0.0,0.0
Mozambique,MOZ,1992,0.0,0.0
Mozambique,MOZ,1993,0.0,0.0
Mozambique,MOZ,1994,1.0,3.0
Mozambique,MOZ,1995,1.0,4.0
Mozambique,MOZ,1996,1.0,4.0
Mozambique,MOZ,1997,1.0,4.0
Mozambique,MOZ,1998,1.0,4.0
Mozambique,MOZ,1999,1.0,4.0
Mozambique,MOZ,2000,1.0,3.0
Mozambique,MOZ,2001,1.0,3.0
Mozambique,MOZ,2002,1.0,3.0
Mozambique,MOZ,2003,1.0,3.0
Mozambique,MOZ,2004,1.0,3.0
Mozambique,MOZ,2005,1.0,4.0
Mozambique,MOZ,2006,1.0,4.0
Mozambique,MOZ,2007,1.0,4.0
Mozambique,MOZ,2008,1.0,3.0
Mozambique,MOZ,2009,1.0,3.0
Mozambique,MOZ,2010,1.0,3.0
Mozambique,MOZ,2011,1.0,3.0
Mozambique,MOZ,2012,1.0,3.0
Mozambique,MOZ,2013,1.0,3.0
Mozambique,MOZ,2014,1.0,3.0
Mozambique,MOZ,2015,1.0,3.0
Mozambique,MOZ,2016,1.0,3.0
Mozambique,MOZ,2017,1.0,3.0
Mozambique,MOZ,2018,1.0,3.0
Mozambique,MOZ,2019,1.0,3.0
Mozambique,MOZ,2020,1.0,3.0
Mozambique,MOZ,2021,1.0,3.0
Mozambique,MOZ,2022,1.0,3.0
Mozambique,MOZ,2023,1.0,3.0
Mozambique,MOZ,2024,1.0,3.0
Mozambique,MOZ,2025,1.0,3.0
Nepal,NPL,1789,,
Nepal,NPL,1790,,
Nepal,NPL,1791,,
Nepal,NPL,1792,,
Nepal,NPL,1793,,
Nepal,NPL,1794,,
Nepal,NPL,1795,,
Nepal,NPL,1796,,
Nepal,NPL,1797,,
Nepal,NPL,1798,,
Nepal,NPL,1799,,
Nepal,NPL,1800,,
Nepal,NPL,1801,,
Nepal,NPL,1802,,
Nepal,NPL,1803,,
Nepal,NPL,1804,,
Nepal,NPL,1805,,
Nepal,NPL,1806,,
Nepal,NPL,1807,,
Nepal,NPL,1808,,
Nepal,NPL,1809,,
Nepal,NPL,1810,,
Nepal,NPL,1811,,
Nepal,NPL,1812,,
Nepal,NPL,1813,,
Nepal,NPL,1814,,
Nepal,NPL,1815,,
Nepal,NPL,1816,,
Nepal,NPL,1817,,
Nepal,NPL,1818,,
Nepal,NPL,1819,,
Nepal,NPL,1820,,
Nepal,NPL,1821,,
Nepal,NPL,1822,,
Nepal,NPL,1823,,
Nepal,NPL,1824,,
Nepal,NPL,1825,,
Nepal,NPL,1826,,
Nepal,NPL,1827,,
Nepal,NPL,1828,,
Nepal,NPL,1829,,
Nepal,NPL,1830,,
Nepal,NPL,1831,,
Nepal,NPL,1832,,
Nepal,NPL,1833,,
Nepal,NPL,1834,,
Nepal,NPL,1835,,
Nepal,NPL,1836,,
Nepal,NPL,1837,,
Nepal,NPL,1838,,
Nepal,NPL,1839,,
Nepal,NPL,1840,,
Nepal,NPL,1841,,
Nepal,NPL,1842,,
Nepal,NPL,1843,,
Nepal,NPL,1844,,
Nepal,NPL,1845,,
Nepal,NPL,1846,,
Nepal,NPL,1847,,
Nepal,NPL,1848,,
Nepal,NPL,1849,,
Nepal,NPL,1850,,
Nepal,NPL,1851,,
Nepal,NPL,1852,,
Nepal,NPL,1853,,
Nepal,NPL,1854,,
Nepal,NPL,1855,,
Nepal,NPL,1856,,
Nepal,NPL,1857,,
Nepal,NPL,1858,,
Nepal,NPL,1859,,
Nepal,NPL,1860,,
Nepal,NPL,1861,,
Nepal,NPL,1862,,
Nepal,NPL,1863,,
Nepal,NPL,1864,,
Nepal,NPL,1865,,
Nepal,NPL,1866,,
Nepal,NPL,1867,,
Nepal,NPL,1868,,
Nepal,NPL,1869,,
Nepal,NPL,1870,,
Nepal,NPL,1871,,
Nepal,NPL,1872,,
Nepal,NPL,1873,,
Nepal,NPL,1874,,
Nepal,NPL,1875,,
Nepal,NPL,1876,,
Nepal,NPL,1877,,
Nepal,NPL,1878,,
Nepal,NPL,1879,,
Nepal,NPL,1880,,
Nepal,NPL,1881,,
Nepal,NPL,1882,,
Nepal,NPL,1883,,
Nepal,NPL,1884,,
Nepal,NPL,1885,,
Nepal,NPL,1886,,
Nepal,NPL,1887,,
Nepal,NPL,1888,,
Nepal,NPL,1889,,
Nepal,NPL,1890,,
Nepal,NPL,1891,,
Nepal,NPL,1892,,
Nepal,NPL,1893,,
Nepal,NPL,1894,,
Nepal,NPL,1895,,
Nepal,NPL,1896,,
Nepal,NPL,1897,,
Nepal,NPL,1898,,
Nepal,NPL,1899,,
Nepal,NPL,1900,0.0,0.0
Nepal,NPL,1901,0.0,0.0
Nepal,NPL,1902,0.0,0.0
Nepal,NPL,1903,0.0,0.0
Nepal,NPL,1904,0.0,0.0
Nepal,NPL,1905,0.0,0.0
Nepal,NPL,1906,0.0,0.0
Nepal,NPL,1907,0.0,0.0
Nepal,NPL,1908,0.0,0.0
Nepal,NPL,1909,0.0,0.0
Nepal,NPL,1910,0.0,0.0
Nepal,NPL,1911,0.0,0.0
Nepal,NPL,1912,0.0,0.0
Nepal,NPL,1913,0.0,0.0
Nepal,NPL,1914,0.0,0.0
Nepal,NPL,1915,0.0,0.0
Nepal,NPL,1916,0.0,0.0
Nepal,NPL,1917,0.0,0.0
Nepal,NPL,1918,0.0,0.0
Nepal,NPL,1919,0.0,0.0
Nepal,NPL,1920,0.0,0.0
Nepal,NPL,1921,0.0,0.0
Nepal,NPL,1922,0.0,0.0
Nepal,NPL,1923,0.0,0.0
Nepal,NPL,1924,0.0,0.0
Nepal,NPL,1925,0.0,0.0
Nepal,NPL,1926,0.0,0.0
Nepal,NPL,1927,0.0,0.0
Nepal,NPL,1928,0.0,0.0
Nepal,NPL,1929,0.0,0.0
Nepal,NPL,1930,0.0,0.0
Nepal,NPL,1931,0.0,0.0
Nepal,NPL,1932,0.0,0.0
Nepal,NPL,1933,0.0,0.0
Nepal,NPL,1934,0.0,0.0
Nepal,NPL,1935,0.0,0.0
Nepal,NPL,1936,0.0,0.0
Nepal,NPL,1937,0.0,0.0
Nepal,NPL,1938,0.0,0.0
Nepal,NPL,1939,0.0,0.0
Nepal,NPL,1940,0.0,0.0
Nepal,NPL,1941,0.0,0.0
Nepal,NPL,1942,0.0,0.0
Nepal,NPL,1943,0.0,0.0
Nepal,NPL,1944,0.0,0.0
Nepal,NPL,1945,0.0,0.0
Nepal,NPL,1946,0.0,0.0
Nepal,NPL,1947,0.0,0.0
Nepal,NPL,1948,0.0,0.0
Nepal,NPL,1949,0.0,0.0
Nepal,NPL,1950,0.0,0.0
Nepal,NPL,1951,0.0,0.0
Nepal,NPL,1952,0.0,0.0
Nepal,NPL,1953,0.0,0.0
Nepal,NPL,1954,0.0,0.0
Nepal,NPL,1955,0.0,0.0
Nepal,NPL,1956,0.0,0.0
Nepal,NPL,1957,0.0,0.0
Nepal,NPL,1958,0.0,0.0
Nepal,NPL,1959,1.0,3.0
Nepal,NPL,1960,0.0,0.0
Nepal,NPL,1961,0.0,0.0
Nepal,NPL,1962,0.0,0.0
Nepal,NPL,1963,0.0,0.0
Nepal,NPL,1964,0.0,0.0
Nepal,NPL,1965,0.0,0.0
Nepal,NPL,1966,0.0,0.0
Nepal,NPL,1967,0.0,0.0
Nepal,NPL,1968,0.0,0.0
Nepal,NPL,1969,0.0,0.0
Nepal,NPL,1970,0.0,0.0
Nepal,NPL,1971,0.0,0.0
Nepal,NPL,1972,0.0,0.0
Nepal,NPL,1973,0.0,0.0
Nepal,NPL,1974,0.0,0.0
Nepal,NPL,1975,0.0,0.0
Nepal,NPL,1976,0.0,0.0
Nepal,NPL,1977,0.0,0.0
Nepal,NPL,1978,0.0,0.0
Nepal,NPL,1979,0.0,0.0
Nepal,NPL,1980,0.0,0.0
Nepal,NPL,1981,0.0,0.0
Nepal,NPL,1982,0.0,0.0
Nepal,NPL,1983,0.0,0.0
Nepal,NPL,1984,0.0,0.0
Nepal,NPL,1985,0.0,0.0
Nepal,NPL,1986,0.0,0.0
Nepal,NPL,1987,0.0,0.0
Nepal,NPL,1988,0.0,0.0
Nepal,NPL,1989,0.0,0.0
Nepal,NPL,1990,0.0,0.0
Nepal,NPL,1991,1.0,3.0
Nepal,NPL,1992,1.0,3.0
Nepal,NPL,1993,1.0,3.0
Nepal,NPL,1994,1.0,3.0
Nepal,NPL,1995,1.0,3.0
Nepal,NPL,1996,1.0,3.0
Nepal,NPL,1997,1.0,3.0
Nepal,NPL,1998,1.0,3.0
Nepal,NPL,1999,1.0,3.0
Nepal,NPL,2000,1.0,3.0
Nepal,NPL,2001,1.0,3.0
Nepal,NPL,2002,0.0,0.0
Nepal,NPL,2003,0.0,0.0
Nepal,NPL,2004,0.0,0.0
Nepal,NPL,2005,0.0,0.0
Nepal,NPL,2006,0.0,0.0
Nepal,NPL,2007,0.0,0.0
Nepal,NPL,2008,1.0,4.0
Nepal,NPL,2009,2.0,5.0
Nepal,NPL,2010,2.0,5.0
Nepal,NPL,2011,2.0,5.0
Nepal,NPL,2012,1.0,3.0
Nepal,NPL,2013,1.0,3.0
Nepal,NPL,2014,2.0,6.0
Nepal,NPL,2015,2.0,6.0
Nepal,NPL,2016,2.0,6.0
Nepal,NPL,2017,2.0,6.0
Nepal,NPL,2018,2.0,6.0
Nepal,NPL,2019,2.0,6.0
Nepal,NPL,2020,2.0,6.0
Nepal,NPL,2021,2.0,6.0
Nepal,NPL,2022,2.0,6.0
Nepal,NPL,2023,2.0,6.0
Nepal,NPL,2024,2.0,6.0
Nepal,NPL,2025,2.0,6.0
Nicaragua,NIC,1838,,
Nicaragua,NIC,1839,,
Nicaragua,NIC,1840,,
Nicaragua,NIC,1841,,
Nicaragua,NIC,1842,,
Nicaragua,NIC,1843,,
Nicaragua,NIC,1844,,
Nicaragua,NIC,1845,,
Nicaragua,NIC,1846,,
Nicaragua,NIC,1847,,
Nicaragua,NIC,1848,,
Nicaragua,NIC,1849,,
Nicaragua,NIC,1850,,
Nicaragua,NIC,1851,,
Nicaragua,NIC,1852,,
Nicaragua,NIC,1853,,
Nicaragua,NIC,1854,,
Nicaragua,NIC,1855,,
Nicaragua,NIC,1856,,
Nicaragua,NIC,1857,,
Nicaragua,NIC,1858,,
Nicaragua,NIC,1859,,
Nicaragua,NIC,1860,,
Nicaragua,NIC,1861,,
Nicaragua,NIC,1862,,
Nicaragua,NIC,1863,,
Nicaragua,NIC,1864,,
Nicaragua,NIC,1865,,
Nicaragua,NIC,1866,,
Nicaragua,NIC,1867,,
Nicaragua,NIC,1868,,
Nicaragua,NIC,1869,,
Nicaragua,NIC,1870,,
Nicaragua,NIC,1871,,
Nicaragua,NIC,1872,,
Nicaragua,NIC,1873,,
Nicaragua,NIC,1874,,
Nicaragua,NIC,1875,,
Nicaragua,NIC,1876,,
Nicaragua,NIC,1877,,
Nicaragua,NIC,1878,,
Nicaragua,NIC,1879,,
Nicaragua,NIC,1880,,
Nicaragua,NIC,1881,,
Nicaragua,NIC,1882,,
Nicaragua,NIC,1883,,
Nicaragua,NIC,1884,,
Nicaragua,NIC,1885,,
Nicaragua,NIC,1886,,
Nicaragua,NIC,1887,,
Nicaragua,NIC,1888,,
Nicaragua,NIC,1889,,
Nicaragua,NIC,1890,,
Nicaragua,NIC,1891,,
Nicaragua,NIC,1892,,
Nicaragua,NIC,1893,,
Nicaragua,NIC,1894,,
Nicaragua,NIC,1895,,
Nicaragua,NIC,1896,,
Nicaragua,NIC,1897,,
Nicaragua,NIC,1898,,
Nicaragua,NIC,1899,,
Nicaragua,NIC,1900,0.0,1.0
Nicaragua,NIC,1901,0.0,1.0
Nicaragua,NIC,1902,0.0,1.0
Nicaragua,NIC,1903,0.0,1.0
Nicaragua,NIC,1904,0.0,1.0
Nicaragua,NIC,1905,0.0,1.0
Nicaragua,NIC,1906,0.0,1.0
Nicaragua,NIC,1907,0.0,1.0
Nicaragua,NIC,1908,0.0,1.0
Nicaragua,NIC,1909,0.0,1.0
Nicaragua,NIC,1910,0.0,1.0
Nicaragua,NIC,1911,0.0,1.0
Nicaragua,NIC,1912,1.0,3.0
Nicaragua,NIC,1913,1.0,3.0
Nicaragua,NIC,1914,1.0,2.0
Nicaragua,NIC,1915,1.0,2.0
Nicaragua,NIC,1916,0.0,1.0
Nicaragua,NIC,1917,0.0,1.0
Nicaragua,NIC,1918,0.0,1.0
Nicaragua,NIC,1919,0.0,1.0
Nicaragua,NIC,1920,1.0,3.0
Nicaragua,NIC,1921,1.0,3.0
Nicaragua,NIC,1922,1.0,3.0
Nicaragua,NIC,1923,1.0,3.0
Nicaragua,NIC,1924,1.0,3.0
Nicaragua,NIC,1925,1.0,3.0
Nicaragua,NIC,1926,1.0,3.0
Nicaragua,NIC,1927,0.0,0.0
Nicaragua,NIC,1928,1.0,3.0
Nicaragua,NIC,1929,1.0,3.0
Nicaragua,NIC,1930,1.0,3.0
Nicaragua,NIC,1931,1.0,3.0
Nicaragua,NIC,1932,1.0,3.0
Nicaragua,NIC,1933,1.0,3.0
Nicaragua,NIC,1934,1.0,3.0
Nicaragua,NIC,1935,1.0,3.0
Nicaragua,NIC,1936,0.0,1.0
Nicaragua,NIC,1937,0.0,1.0
Nicaragua,NIC,1938,0.0,1.0
Nicaragua,NIC,1939,0.0,1.0
Nicaragua,NIC,1940,0.0,1.0
Nicaragua,NIC,1941,0.0,1.0
Nicaragua,NIC,1942,0.0,1.0
Nicaragua,NIC,1943,0.0,1.0
Nicaragua,NIC,1944,0.0,1.0
Nicaragua,NIC,1945,0.0,1.0
Nicaragua,NIC,1946,0.0,1.0
Nicaragua,NIC,1947,1.0,2.0
Nicaragua,NIC,1948,0.0,0.0
Nicaragua,NIC,1949,0.0,0.0
Nicaragua,NIC,1950,1.0,2.0
Nicaragua,NIC,1951,1.0,2.0
Nicaragua,NIC,1952,1.0,2.0
Nicaragua,NIC,1953,1.0,2.0
Nicaragua,NIC,1954,1.0,2.0
Nicaragua,NIC,1955,1.0,2.0
Nicaragua,NIC,1956,1.0,2.0
Nicaragua,NIC,1957,1.0,2.0
Nicaragua,NIC,1958,1.0,2.0
Nicaragua,NIC,1959,1.0,2.0
Nicaragua,NIC,1960,1.0,2.0
Nicaragua,NIC,1961,1.0,2.0
Nicaragua,NIC,1962,1.0,2.0
Nicaragua,NIC,1963,1.0,3.0
Nicaragua,NIC,1964,1.0,3.0
Nicaragua,NIC,1965,1.0,3.0
Nicaragua,NIC,1966,1.0,3.0
Nicaragua,NIC,1967,1.0,3.0
Nicaragua,NIC,1968,1.0,3.0
Nicaragua,NIC,1969,1.0,3.0
Nicaragua,NIC,1970,1.0,3.0
Nicaragua,NIC,1971,1.0,3.0
Nicaragua,NIC,1972,1.0,2.0
Nicaragua,NIC,1973,1.0,3.0
Nicaragua,NIC,1974,1.0,2.0
Nicaragua,NIC,1975,1.0,2.0
Nicaragua,NIC,1976,1.0,2.0
Nicaragua,NIC,1977,1.0,2.0
Nicaragua,NIC,1978,1.0,2.0
Nicaragua,NIC,1979,1.0,2.0
Nicaragua,NIC,1980,0.0,0.0
Nicaragua,NIC,1981,0.0,0.0
Nicaragua,NIC,1982,0.0,0.0
Nicaragua,NIC,1983,0.0,0.0
Nicaragua,NIC,1984,1.0,3.0
Nicaragua,NIC,1985,1.0,3.0
Nicaragua,NIC,1986,1.0,3.0
Nicaragua,NIC,1987,1.0,3.0
Nicaragua,NIC,1988,1.0,3.0
Nicaragua,NIC,1989,1.0,3.0
Nicaragua,NIC,1990,2.0,6.0
Nicaragua,NIC,1991,2.0,6.0
Nicaragua,NIC,1992,2.0,6.0
Nicaragua,NIC,1993,2.0,6.0
Nicaragua,NIC,1994,2.0,6.0
Nicaragua,NIC,1995,2.0,6.0
Nicaragua,NIC,1996,2.0,6.0
Nicaragua,NIC,1997,2.0,6.0
Nicaragua,NIC,1998,2.0,6.0
Nicaragua,NIC,1999,2.0,6.0
Nicaragua,NIC,2000,2.0,6.0
Nicaragua,NIC,2001,2.0,6.0
Nicaragua,NIC,2002,2.0,6.0
Nicaragua,NIC,2003,2.0,6.0
Nicaragua,NIC,2004,2.0,6.0
Nicaragua,NIC,2005,2.0,6.0
Nicaragua,NIC,2006,2.0,6.0
Nicaragua,NIC,2007,1.0,4.0
Nicaragua,NIC,2008,1.0,3.0
Nicaragua,NIC,2009,1.0,3.0
Nicaragua,NIC,2010,1.0,3.0
Nicaragua,NIC,2011,1.0,3.0
Nicaragua,NIC,2012,1.0,3.0
Nicaragua,NIC,2013,1.0,3.0
Nicaragua,NIC,2014,1.0,3.0
Nicaragua,NIC,2015,1.0,3.0
Nicaragua,NIC,2016,1.0,3.0
Nicaragua,NIC,2017,1.0,3.0
Nicaragua,NIC,2018,1.0,3.0
Nicaragua,NIC,2019,1.0,3.0
Nicaragua,NIC,2020,1.0,3.0
Nicaragua,NIC,2021,1.0,3.0
Nicaragua,NIC,2022,1.0,3.0
Nicaragua,NIC,2023,1.0,3.0
Nicaragua,NIC,2024,1.0,3.0
Nicaragua,NIC,2025,1.0,3.0
Niger,NER,1922,0.0,0.0
Niger,NER,1923,0.0,0.0
Niger,NER,1924,0.0,0.0
Niger,NER,1925,0.0,0.0
Niger,NER,1926,0.0,0.0
Niger,NER,1927,0.0,0.0
Niger,NER,1928,0.0,0.0
Niger,NER,1929,0.0,0.0
Niger,NER,1930,0.0,0.0
Niger,NER,1931,0.0,0.0
Niger,NER,1932,0.0,0.0
Niger,NER,1933,0.0,0.0
Niger,NER,1934,0.0,0.0
Niger,NER,1935,0.0,0.0
Niger,NER,1936,0.0,0.0
Niger,NER,1937,0.0,0.0
Niger,NER,1938,0.0,0.0
Niger,NER,1939,0.0,0.0
Niger,NER,1940,0.0,0.0
Niger,NER,1941,0.0,0.0
Niger,NER,1942,0.0,0.0
Niger,NER,1943,0.0,0.0
Niger,NER,1944,0.0,0.0
Niger,NER,1945,0.0,0.0
Niger,NER,1946,0.0,0.0
Niger,NER,1947,0.0,0.0
Niger,NER,1948,0.0,0.0
Niger,NER,1949,0.0,0.0
Niger,NER,1950,0.0,0.0
Niger,NER,1951,0.0,0.0
Niger,NER,1952,0.0,0.0
Niger,NER,1953,0.0,0.0
Niger,NER,1954,0.0,0.0
Niger,NER,1955,0.0,0.0
Niger,NER,1956,0.0,0.0
Niger,NER,1957,0.0,0.0
Niger,NER,1958,0.0,0.0
Niger,NER,1959,0.0,0.0
Niger,NER,1960,1.0,3.0
Niger,NER,1961,1.0,3.0
Niger,NER,1962,1.0,3.0
Niger,NER,1963,1.0,3.0
Niger,NER,1964,1.0,3.0
Niger,NER,1965,0.0,1.0
Niger,NER,1966,0.0,1.0
Niger,NER,1967,0.0,1.0
Niger,NER,1968,0.0,1.0
Niger,NER,1969,0.0,1.0
Niger,NER,1970,0.0,1.0
Niger,NER,1971,0.0,1.0
Niger,NER,1972,0.0,1.0
Niger,NER,1973,0.0,1.0
Niger,NER,1974,0.0,1.0
Niger,NER,1975,0.0,0.0
Niger,NER,1976,0.0,0.0
Niger,NER,1977,0.0,0.0
Niger,NER,1978,0.0,0.0
Niger,NER,1979,0.0,0.0
Niger,NER,1980,0.0,0.0
Niger,NER,1981,0.0,0.0
Niger,NER,1982,0.0,0.0
Niger,NER,1983,0.0,0.0
Niger,NER,1984,0.0,0.0
Niger,NER,1985,0.0,0.0
Niger,NER,1986,0.0,0.0
Niger,NER,1987,0.0,0.0
Niger,NER,1988,0.0,0.0
Niger,NER,1989,1.0,3.0
Niger,NER,1990,1.0,3.0
Niger,NER,1991,1.0,3.0
Niger,NER,1992,1.0,3.0
Niger,NER,1993,2.0,5.0
Niger,NER,1994,2.0,5.0
Niger,NER,1995,2.0,5.0
Niger,NER,1996,1.0,3.0
Niger,NER,1997,1.0,3.0
Niger,NER,1998,1.0,3.0
Niger,NER,1999,1.0,3.0
Niger,NER,2000,2.0,5.0
Niger,NER,2001,2.0,5.0
Niger,NER,2002,2.0,5.0
Niger,NER,2003,2.0,5.0
Niger,NER,2004,2.0,5.0
Niger,NER,2005,2.0,6.0
Niger,NER,2006,2.0,6.0
Niger,NER,2007,2.0,6.0
Niger,NER,2008,2.0,6.0
Niger,NER,2009,1.0,3.0
Niger,NER,2010,0.0,0.0
Niger,NER,2011,2.0,5.0
Niger,NER,2012,2.0,7.0
Niger,NER,2013,2.0,7.0
Niger,NER,2014,2.0,7.0
Niger,NER,2015,2.0,7.0
Niger,NER,2016,2.0,5.0
Niger,NER,2017,2.0,5.0
Niger,NER,2018,2.0,5.0
Niger,NER,2019,2.0,5.0
Niger,NER,2020,2.0,5.0
Niger,NER,2021,2.0,5.0
Niger,NER,2022,2.0,5.0
Niger,NER,2023,1.0,3.0
Niger,NER,2024,0.0,0.0
Niger,NER,2025,0.0,0.0
Zambia,ZMB,1911,0.0,0.0
Zambia,ZMB,1912,0.0,0.0
Zambia,ZMB,1913,0.0,0.0
Zambia,ZMB,1914,0.0,0.0
Zambia,ZMB,1915,0.0,0.0
Zambia,ZMB,1916,0.0,0.0
Zambia,ZMB,1917,0.0,0.0
Zambia,ZMB,1918,0.0,0.0
Zambia,ZMB,1919,0.0,0.0
Zambia,ZMB,1920,0.0,0.0
Zambia,ZMB,1921,0.0,0.0
Zambia,ZMB,1922,0.0,0.0
Zambia,ZMB,1923,0.0,0.0
Zambia,ZMB,1924,0.0,0.0
Zambia,ZMB,1925,0.0,0.0
Zambia,ZMB,1926,0.0,0.0
Zambia,ZMB,1927,0.0,0.0
Zambia,ZMB,1928,0.0,0.0
Zambia,ZMB,1929,0.0,0.0
Zambia,ZMB,1930,0.0,0.0
Zambia,ZMB,1931,0.0,0.0
Zambia,ZMB,1932,0.0,0.0
Zambia,ZMB,1933,0.0,0.0
Zambia,ZMB,1934,0.0,0.0
Zambia,ZMB,1935,0.0,0.0
Zambia,ZMB,1936,0.0,0.0
Zambia,ZMB,1937,0.0,0.0
Zambia,ZMB,1938,0.0,0.0
Zambia,ZMB,1939,0.0,0.0
Zambia,ZMB,1940,0.0,0.0
Zambia,ZMB,1941,0.0,0.0
Zambia,ZMB,1942,0.0,0.0
Zambia,ZMB,1943,0.0,0.0
Zambia,ZMB,1944,0.0,0.0
Zambia,ZMB,1945,0.0,0.0
Zambia,ZMB,1946,0.0,0.0
Zambia,ZMB,1947,0.0,0.0
Zambia,ZMB,1948,0.0,0.0
Zambia,ZMB,1949,0.0,0.0
Zambia,ZMB,1950,0.0,0.0
Zambia,ZMB,1951,0.0,0.0
Zambia,ZMB,1952,0.0,0.0
Zambia,ZMB,1953,0.0,0.0
Zambia,ZMB,1954,0.0,0.0
Zambia,ZMB,1955,0.0,0.0
Zambia,ZMB,1956,0.0,0.0
Zambia,ZMB,1957,0.0,0.0
Zambia,ZMB,1958,0.0,0.0
Zambia,ZMB,1959,0.0,0.0
Zambia,ZMB,1960,0.0,0.0
Zambia,ZMB,1961,0.0,0.0
Zambia,ZMB,1962,0.0,0.0
Zambia,ZMB,1963,0.0,0.0
Zambia,ZMB,1964,1.0,3.0
Zambia,ZMB,1965,1.0,3.0
Zambia,ZMB,1966,1.0,3.0
Zambia,ZMB,1967,1.0,3.0
Zambia,ZMB,1968,1.0,3.0
Zambia,ZMB,1969,1.0,3.0
Zambia,ZMB,1970,1.0,3.0
Zambia,ZMB,1971,1.0,3.0
Zambia,ZMB,1972,1.0,3.0
Zambia,ZMB,1973,1.0,3.0
Zambia,ZMB,1974,1.0,3.0
Zambia,ZMB,1975,1.0,3.0
Zambia,ZMB,1976,1.0,3.0
Zambia,ZMB,1977,1.0,3.0
Zambia,ZMB,1978,1.0,3.0
Zambia,ZMB,1979,1.0,3.0
Zambia,ZMB,1980,1.0,3.0
Zambia,ZMB,1981,1.0,3.0
Zambia,ZMB,1982,1.0,3.0
Zambia,ZMB,1983,1.0,3.0
Zambia,ZMB,1984,1.0,3.0
Zambia,ZMB,1985,1.0,3.0
Zambia,ZMB,1986,1.0,3.0
Zambia,ZMB,1987,1.0,3.0
Zambia,ZMB,1988,1.0,3.0
Zambia,ZMB,1989,1.0,3.0
Zambia,ZMB,1990,1.0,3.0
Zambia,ZMB,1991,1.0,3.0
Zambia,ZMB,1992,1.0,3.0
Zambia,ZMB,1993,1.0,4.0
Zambia,ZMB,1994,1.0,4.0
Zambia,ZMB,1995,1.0,4.0
Zambia,ZMB,1996,1.0,4.0
Zambia,ZMB,1997,1.0,4.0
Zambia,ZMB,1998,1.0,4.0
Zambia,ZMB,1999,1.0,4.0
Zambia,ZMB,2000,1.0,4.0
Zambia,ZMB,2001,1.0,4.0
Zambia,ZMB,2002,1.0,4.0
Zambia,ZMB,2003,1.0,4.0
Zambia,ZMB,2004,1.0,4.0
Zambia,ZMB,2005,1.0,4.0
Zambia,ZMB,2006,1.0,4.0
Zambia,ZMB,2007,2.0,5.0
Zambia,ZMB,2008,2.0,5.0
Zambia,ZMB,2009,2.0,5.0
Zambia,ZMB,2010,2.0,5.0
Zambia,ZMB,2011,2.0,5.0
Zambia,ZMB,2012,2.0,5.0
Zambia,ZMB,2013,1.0,4.0
Zambia,ZMB,2014,1.0,4.0
Zambia,ZMB,2015,1.0,4.0
Zambia,ZMB,2016,1.0,3.0
Zambia,ZMB,2017,1.0,3.0
Zambia,ZMB,2018,1.0,3.0
Zambia,ZMB,2019,1.0,3.0
Zambia,ZMB,2020,1.0,3.0
Zambia,ZMB,2021,1.0,3.0
Zambia,ZMB,2022,2.0,5.0
Zambia,ZMB,2023,2.0,5.0
Zambia,ZMB,2024,2.0,5.0
Zambia,ZMB,2025,1.0,4.0
Zimbabwe,ZWE,1900,0.0,0.0
Zimbabwe,ZWE,1901,0.0,0.0
Zimbabwe,ZWE,1902,0.0,0.0
Zimbabwe,ZWE,1903,0.0,0.0
Zimbabwe,ZWE,1904,0.0,0.0
Zimbabwe,ZWE,1905,0.0,0.0
Zimbabwe,ZWE,1906,0.0,0.0
Zimbabwe,ZWE,1907,0.0,0.0
Zimbabwe,ZWE,1908,0.0,0.0
Zimbabwe,ZWE,1909,0.0,0.0
Zimbabwe,ZWE,1910,0.0,0.0
Zimbabwe,ZWE,1911,0.0,0.0
Zimbabwe,ZWE,1912,0.0,0.0
Zimbabwe,ZWE,1913,0.0,0.0
Zimbabwe,ZWE,1914,0.0,0.0
Zimbabwe,ZWE,1915,0.0,0.0
Zimbabwe,ZWE,1916,0.0,0.0
Zimbabwe,ZWE,1917,0.0,0.0
Zimbabwe,ZWE,1918,0.0,0.0
Zimbabwe,ZWE,1919,0.0,0.0
Zimbabwe,ZWE,1920,0.0,0.0
Zimbabwe,ZWE,1921,0.0,0.0
Zimbabwe,ZWE,1922,0.0,0.0
Zimbabwe,ZWE,1923,1.0,2.0
Zimbabwe,ZWE,1924,1.0,3.0
Zimbabwe,ZWE,1925,1.0,3.0
Zimbabwe,ZWE,1926,1.0,3.0
Zimbabwe,ZWE,1927,1.0,3.0
Zimbabwe,ZWE,1928,1.0,3.0
Zimbabwe,ZWE,1929,1.0,3.0
Zimbabwe,ZWE,1930,1.0,3.0
Zimbabwe,ZWE,1931,1.0,3.0
Zimbabwe,ZWE,1932,1.0,3.0
Zimbabwe,ZWE,1933,1.0,3.0
Zimbabwe,ZWE,1934,1.0,3.0
Zimbabwe,ZWE,1935,1.0,3.0
Zimbabwe,ZWE,1936,1.0,3.0
Zimbabwe,ZWE,1937,1.0,3.0
Zimbabwe,ZWE,1938,1.0,3.0
Zimbabwe,ZWE,1939,1.0,3.0
Zimbabwe,ZWE,1940,1.0,3.0
Zimbabwe,ZWE,1941,1.0,3.0
Zimbabwe,ZWE,1942,1.0,3.0
Zimbabwe,ZWE,1943,1.0,3.0
Zimbabwe,ZWE,1944,1.0,3.0
Zimbabwe,ZWE,1945,1.0,3.0
Zimbabwe,ZWE,1946,1.0,3.0
Zimbabwe,ZWE,1947,1.0,3.0
Zimbabwe,ZWE,1948,1.0,3.0
Zimbabwe,ZWE,1949,1.0,3.0
Zimbabwe,ZWE,1950,1.0,3.0
Zimbabwe,ZWE,1951,1.0,3.0
Zimbabwe,ZWE,1952,1.0,3.0
Zimbabwe,ZWE,1953,1.0,3.0
Zimbabwe,ZWE,1954,1.0,3.0
Zimbabwe,ZWE,1955,1.0,3.0
Zimbabwe,ZWE,1956,1.0,3.0
Zimbabwe,ZWE,1957,1.0,3.0
Zimbabwe,ZWE,1958,1.0,3.0
Zimbabwe,ZWE,1959,1.0,3.0
Zimbabwe,ZWE,1960,1.0,3.0
Zimbabwe,ZWE,1961,1.0,3.0
Zimbabwe,ZWE,1962,1.0,3.0
Zimbabwe,ZWE,1963,1.0,3.0
Zimbabwe,ZWE,1964,1.0,3.0
Zimbabwe,ZWE,1965,1.0,3.0
Zimbabwe,ZWE,1966,1.0,3.0
Zimbabwe,ZWE,1967,1.0,3.0
Zimbabwe,ZWE,1968,1.0,3.0
Zimbabwe,ZWE,1969,1.0,3.0
Zimbabwe,ZWE,1970,1.0,3.0
Zimbabwe,ZWE,1971,1.0,3.0
Zimbabwe,ZWE,1972,1.0,3.0
Zimbabwe,ZWE,1973,1.0,3.0
Zimbabwe,ZWE,1974,1.0,3.0
Zimbabwe,ZWE,1975,1.0,3.0
Zimbabwe,ZWE,1976,1.0,3.0
Zimbabwe,ZWE,1977,1.0,3.0
Zimbabwe,ZWE,1978,0.0,0.0
Zimbabwe,ZWE,1979,1.0,3.0
Zimbabwe,ZWE,1980,1.0,4.0
Zimbabwe,ZWE,1981,1.0,4.0
Zimbabwe,ZWE,1982,1.0,4.0
Zimbabwe,ZWE,1983,1.0,4.0
Zimbabwe,ZWE,1984,1.0,4.0
Zimbabwe,ZWE,1985,1.0,4.0
Zimbabwe,ZWE,1986,1.0,4.0
Zimbabwe,ZWE,1987,1.0,3.0
Zimbabwe,ZWE,1988,1.0,3.0
Zimbabwe,ZWE,1989,1.0,3.0
Zimbabwe,ZWE,1990,1.0,3.0
Zimbabwe,ZWE,1991,1.0,3.0
Zimbabwe,ZWE,1992,1.0,3.0
Zimbabwe,ZWE,1993,1.0,3.0
Zimbabwe,ZWE,1994,1.0,3.0
Zimbabwe,ZWE,1995,1.0,3.0
Zimbabwe,ZWE,1996,1.0,3.0
Zimbabwe,ZWE,1997,1.0,3.0
Zimbabwe,ZWE,1998,1.0,3.0
Zimbabwe,ZWE,1999,1.0,3.0
Zimbabwe,ZWE,2000,1.0,3.0
Zimbabwe,ZWE,2001,1.0,3.0
Zimbabwe,ZWE,2002,1.0,3.0
Zimbabwe,ZWE,2003,1.0,3.0
Zimbabwe,ZWE,2004,1.0,3.0
Zimbabwe,ZWE,2005,1.0,3.0
Zimbabwe,ZWE,2006,1.0,3.0
Zimbabwe,ZWE,2007,1.0,3.0
Zimbabwe,ZWE,2008,1.0,3.0
Zimbabwe,ZWE,2009,1.0,3.0
Zimbabwe,ZWE,2010,1.0,3.0
Zimbabwe,ZWE,2011,1.0,3.0
Zimbabwe,ZWE,2012,1.0,3.0
Zimbabwe,ZWE,2013,1.0,3.0
Zimbabwe,ZWE,2014,1.0,3.0
Zimbabwe,ZWE,2015,1.0,3.0
Zimbabwe,ZWE,2016,1.0,3.0
Zimbabwe,ZWE,2017,1.0,3.0
Zimbabwe,ZWE,2018,1.0,3.0
Zimbabwe,ZWE,2019,1.0,3.0
Zimbabwe,ZWE,2020,1.0,3.0
Zimbabwe,ZWE,2021,1.0,3.0
Zimbabwe,ZWE,2022,1.0,3.0
Zimbabwe,ZWE,2023,1.0,3.0
Zimbabwe,ZWE,2024,1.0,3.0
Zimbabwe,ZWE,2025,1.0,3.0
Guinea,GIN,1900,0.0,0.0
Guinea,GIN,1901,0.0,0.0
Guinea,GIN,1902,0.0,0.0
Guinea,GIN,1903,0.0,0.0
Guinea,GIN,1904,0.0,0.0
Guinea,GIN,1905,0.0,0.0
Guinea,GIN,1906,0.0,0.0
Guinea,GIN,1907,0.0,0.0
Guinea,GIN,1908,0.0,0.0
Guinea,GIN,1909,0.0,0.0
Guinea,GIN,1910,0.0,0.0
Guinea,GIN,1911,0.0,0.0
Guinea,GIN,1912,0.0,0.0
Guinea,GIN,1913,0.0,0.0
Guinea,GIN,1914,0.0,0.0
Guinea,GIN,1915,0.0,0.0
Guinea,GIN,1916,0.0,0.0
Guinea,GIN,1917,0.0,0.0
Guinea,GIN,1918,0.0,0.0
Guinea,GIN,1919,0.0,0.0
Guinea,GIN,1920,0.0,0.0
Guinea,GIN,1921,0.0,0.0
Guinea,GIN,1922,0.0,0.0
Guinea,GIN,1923,0.0,0.0
Guinea,GIN,1924,0.0,0.0
Guinea,GIN,1925,0.0,0.0
Guinea,GIN,1926,0.0,0.0
Guinea,GIN,1927,0.0,0.0
Guinea,GIN,1928,0.0,0.0
Guinea,GIN,1929,0.0,0.0
Guinea,GIN,1930,0.0,0.0
Guinea,GIN,1931,0.0,0.0
Guinea,GIN,1932,0.0,0.0
Guinea,GIN,1933,0.0,0.0
Guinea,GIN,1934,0.0,0.0
Guinea,GIN,1935,0.0,0.0
Guinea,GIN,1936,0.0,0.0
Guinea,GIN,1937,0.0,0.0
Guinea,GIN,1938,0.0,0.0
Guinea,GIN,1939,0.0,0.0
Guinea,GIN,1940,0.0,0.0
Guinea,GIN,1941,0.0,0.0
Guinea,GIN,1942,0.0,0.0
Guinea,GIN,1943,0.0,0.0
Guinea,GIN,1944,0.0,0.0
Guinea,GIN,1945,0.0,0.0
Guinea,GIN,1946,0.0,0.0
Guinea,GIN,1947,0.0,0.0
Guinea,GIN,1948,0.0,0.0
Guinea,GIN,1949,0.0,0.0
Guinea,GIN,1950,0.0,0.0
Guinea,GIN,1951,0.0,0.0
Guinea,GIN,1952,0.0,0.0
Guinea,GIN,1953,0.0,0.0
Guinea,GIN,1954,0.0,0.0
Guinea,GIN,1955,0.0,0.0
Guinea,GIN,1956,0.0,0.0
Guinea,GIN,1957,0.0,0.0
Guinea,GIN,1958,1.0,3.0
Guinea,GIN,1959,1.0,3.0
Guinea,GIN,1960,1.0,3.0
Guinea,GIN,1961,0.0,0.0
Guinea,GIN,1962,0.0,0.0
Guinea,GIN,1963,0.0,0.0
Guinea,GIN,1964,0.0,0.0
Guinea,GIN,1965,0.0,0.0
Guinea,GIN,1966,0.0,0.0
Guinea,GIN,1967,0.0,0.0
Guinea,GIN,1968,0.0,0.0
Guinea,GIN,1969,0.0,0.0
Guinea,GIN,1970,0.0,0.0
Guinea,GIN,1971,0.0,0.0
Guinea,GIN,1972,0.0,0.0
Guinea,GIN,1973,0.0,0.0
Guinea,GIN,1974,0.0,1.0
Guinea,GIN,1975,0.0,1.0
Guinea,GIN,1976,0.0,1.0
Guinea,GIN,1977,0.0,1.0
Guinea,GIN,1978,0.0,1.0
Guinea,GIN,1979,0.0,1.0
Guinea,GIN,1980,0.0,0.0
Guinea,GIN,1981,0.0,0.0
Guinea,GIN,1982,0.0,0.0
Guinea,GIN,1983,0.0,0.0
Guinea,GIN,1984,0.0,0.0
Guinea,GIN,1985,0.0,0.0
Guinea,GIN,1986,0.0,0.0
Guinea,GIN,1987,0.0,0.0
Guinea,GIN,1988,0.0,0.0
Guinea,GIN,1989,0.0,0.0
Guinea,GIN,1990,0.0,0.0
Guinea,GIN,1991,0.0,0.0
Guinea,GIN,1992,0.0,0.0
Guinea,GIN,1993,0.0,0.0
Guinea,GIN,1994,1.0,3.0
Guinea,GIN,1995,1.0,3.0
Guinea,GIN,1996,1.0,3.0
Guinea,GIN,1997,1.0,3.0
Guinea,GIN,1998,1.0,3.0
Guinea,GIN,1999,1.0,3.0
Guinea,GIN,2000,1.0,3.0
Guinea,GIN,2001,1.0,3.0
Guinea,GIN,2002,1.0,3.0
Guinea,GIN,2003,1.0,3.0
Guinea,GIN,2004,1.0,3.0
Guinea,GIN,2005,1.0,3.0
Guinea,GIN,2006,1.0,3.0
Guinea,GIN,2007,1.0,3.0
Guinea,GIN,2008,1.0,3.0
Guinea,GIN,2009,0.0,0.0
Guinea,GIN,2010,1.0,3.0
Guinea,GIN,2011,1.0,3.0
Guinea,GIN,2012,1.0,3.0
Guinea,GIN,2013,1.0,3.0
Guinea,GIN,2014,1.0,3.0
Guinea,GIN,2015,1.0,3.0
Guinea,GIN,2016,1.0,3.0
Guinea,GIN,2017,1.0,3.0
Guinea,GIN,2018,1.0,3.0
Guinea,GIN,2019,1.0,3.0
Guinea,GIN,2020,1.0,3.0
Guinea,GIN,2021,1.0,3.0
Guinea,GIN,2022,0.0,0.0
Guinea,GIN,2023,0.0,0.0
Guinea,GIN,2024,0.0,0.0
Guinea,GIN,2025,0.0,0.0
Ivory Coast,CIV,1900,0.0,0.0
Ivory Coast,CIV,1901,0.0,0.0
Ivory Coast,CIV,1902,0.0,0.0
Ivory Coast,CIV,1903,0.0,0.0
Ivory Coast,CIV,1904,0.0,0.0
Ivory Coast,CIV,1905,0.0,0.0
Ivory Coast,CIV,1906,0.0,0.0
Ivory Coast,CIV,1907,0.0,0.0
Ivory Coast,CIV,1908,0.0,0.0
Ivory Coast,CIV,1909,0.0,0.0
Ivory Coast,CIV,1910,0.0,0.0
Ivory Coast,CIV,1911,0.0,0.0
Ivory Coast,CIV,1912,0.0,0.0
Ivory Coast,CIV,1913,0.0,0.0
Ivory Coast,CIV,1914,0.0,0.0
Ivory Coast,CIV,1915,0.0,0.0
Ivory Coast,CIV,1916,0.0,0.0
Ivory Coast,CIV,1917,0.0,0.0
Ivory Coast,CIV,1918,0.0,0.0
Ivory Coast,CIV,1919,0.0,0.0
Ivory Coast,CIV,1920,0.0,0.0
Ivory Coast,CIV,1921,0.0,0.0
Ivory Coast,CIV,1922,0.0,0.0
Ivory Coast,CIV,1923,0.0,0.0
Ivory Coast,CIV,1924,0.0,0.0
Ivory Coast,CIV,1925,0.0,0.0
Ivory Coast,CIV,1926,0.0,0.0
Ivory Coast,CIV,1927,0.0,0.0
Ivory Coast,CIV,1928,0.0,0.0
Ivory Coast,CIV,1929,0.0,0.0
Ivory Coast,CIV,1930,0.0,0.0
Ivory Coast,CIV,1931,0.0,0.0
Ivory Coast,CIV,1932,0.0,0.0
Ivory Coast,CIV,1933,0.0,0.0
Ivory Coast,CIV,1934,0.0,0.0
Ivory Coast,CIV,1935,0.0,0.0
Ivory Coast,CIV,1936,0.0,0.0
Ivory Coast,CIV,1937,0.0,0.0
Ivory Coast,CIV,1938,0.0,0.0
Ivory Coast,CIV,1939,0.0,0.0
Ivory Coast,CIV,1940,0.0,0.0
Ivory Coast,CIV,1941,0.0,0.0
Ivory Coast,CIV,1942,0.0,0.0
Ivory Coast,CIV,1943,0.0,0.0
Ivory Coast,CIV,1944,0.0,0.0
Ivory Coast,CIV,1945,0.0,0.0
Ivory Coast,CIV,1946,0.0,0.0
Ivory Coast,CIV,1947,0.0,0.0
Ivory Coast,CIV,1948,0.0,0.0
Ivory Coast,CIV,1949,0.0,0.0
Ivory Coast,CIV,1950,0.0,0.0
Ivory Coast,CIV,1951,0.0,0.0
Ivory Coast,CIV,1952,0.0,0.0
Ivory Coast,CIV,1953,0.0,0.0
Ivory Coast,CIV,1954,0.0,0.0
Ivory Coast,CIV,1955,0.0,0.0
Ivory Coast,CIV,1956,0.0,0.0
Ivory Coast,CIV,1957,0.0,0.0
Ivory Coast,CIV,1958,0.0,0.0
Ivory Coast,CIV,1959,0.0,0.0
Ivory Coast,CIV,1960,1.0,2.0
Ivory Coast,CIV,1961,1.0,2.0
Ivory Coast,CIV,1962,1.0,2.0
Ivory Coast,CIV,1963,1.0,2.0
Ivory Coast,CIV,1964,1.0,2.0
Ivory Coast,CIV,1965,0.0,0.0
Ivory Coast,CIV,1966,0.0,0.0
Ivory Coast,CIV,1967,0.0,0.0
Ivory Coast,CIV,1968,0.0,0.0
Ivory Coast,CIV,1969,0.0,0.0
Ivory Coast,CIV,1970,0.0,0.0
Ivory Coast,CIV,1971,0.0,0.0
Ivory Coast,CIV,1972,0.0,0.0
Ivory Coast,CIV,1973,0.0,0.0
Ivory Coast,CIV,1974,0.0,0.0
Ivory Coast,CIV,1975,0.0,0.0
Ivory Coast,CIV,1976,0.0,0.0
Ivory Coast,CIV,1977,0.0,0.0
Ivory Coast,CIV,1978,0.0,0.0
Ivory Coast,CIV,1979,0.0,0.0
Ivory Coast,CIV,1980,0.0,1.0
Ivory Coast,CIV,1981,0.0,1.0
Ivory Coast,CIV,1982,0.0,1.0
Ivory Coast,CIV,1983,0.0,1.0
Ivory Coast,CIV,1984,0.0,1.0
Ivory Coast,CIV,1985,1.0,2.0
Ivory Coast,CIV,1986,1.0,2.0
Ivory Coast,CIV,1987,1.0,2.0
Ivory Coast,CIV,1988,1.0,2.0
Ivory Coast,CIV,1989,1.0,2.0
Ivory Coast,CIV,1990,1.0,3.0
Ivory Coast,CIV,1991,1.0,3.0
Ivory Coast,CIV,1992,1.0,3.0
Ivory Coast,CIV,1993,1.0,3.0
Ivory Coast,CIV,1994,1.0,3.0
Ivory Coast,CIV,1995,1.0,3.0
Ivory Coast,CIV,1996,1.0,3.0
Ivory Coast,CIV,1997,1.0,3.0
Ivory Coast,CIV,1998,1.0,3.0
Ivory Coast,CIV,1999,1.0,3.0
Ivory Coast,CIV,2000,1.0,3.0
Ivory Coast,CIV,2001,1.0,3.0
Ivory Coast,CIV,2002,1.0,3.0
Ivory Coast,CIV,2003,1.0,3.0
Ivory Coast,CIV,2004,1.0,3.0
Ivory Coast,CIV,2005,1.0,3.0
Ivory Coast,CIV,2006,1.0,3.0
Ivory Coast,CIV,2007,1.0,3.0
Ivory Coast,CIV,2008,1.0,3.0
Ivory Coast,CIV,2009,1.0,3.0
Ivory Coast,CIV,2010,1.0,4.0
Ivory Coast,CIV,2011,1.0,3.0
Ivory Coast,CIV,2012,1.0,4.0
Ivory Coast,CIV,2013,1.0,4.0
Ivory Coast,CIV,2014,1.0,4.0
Ivory Coast,CIV,2015,1.0,4.0
Ivory Coast,CIV,2016,2.0,5.0
Ivory Coast,CIV,2017,2.0,5.0
Ivory Coast,CIV,2018,2.0,5.0
Ivory Coast,CIV,2019,2.0,5.0
Ivory Coast,CIV,2020,1.0,3.0
Ivory Coast,CIV,2021,1.0,3.0
Ivory Coast,CIV,2022,1.0,3.0
Ivory Coast,CIV,2023,1.0,3.0
Ivory Coast,CIV,2024,1.0,3.0
Ivory Coast,CIV,2025,1.0,3.0
Mauritania,MRT,1904,0.0,0.0
Mauritania,MRT,1905,0.0,0.0
Mauritania,MRT,1906,0.0,0.0
Mauritania,MRT,1907,0.0,0.0
Mauritania,MRT,1908,0.0,0.0
Mauritania,MRT,1909,0.0,0.0
Mauritania,MRT,1910,0.0,0.0
Mauritania,MRT,1911,0.0,0.0
Mauritania,MRT,1912,0.0,0.0
Mauritania,MRT,1913,0.0,0.0
Mauritania,MRT,1914,0.0,0.0
Mauritania,MRT,1915,0.0,0.0
Mauritania,MRT,1916,0.0,0.0
Mauritania,MRT,1917,0.0,0.0
Mauritania,MRT,1918,0.0,0.0
Mauritania,MRT,1919,0.0,0.0
Mauritania,MRT,1920,0.0,0.0
Mauritania,MRT,1921,0.0,0.0
Mauritania,MRT,1922,0.0,0.0
Mauritania,MRT,1923,0.0,0.0
Mauritania,MRT,1924,0.0,0.0
Mauritania,MRT,1925,0.0,0.0
Mauritania,MRT,1926,0.0,0.0
Mauritania,MRT,1927,0.0,0.0
Mauritania,MRT,1928,0.0,0.0
Mauritania,MRT,1929,0.0,0.0
Mauritania,MRT,1930,0.0,0.0
Mauritania,MRT,1931,0.0,0.0
Mauritania,MRT,1932,0.0,0.0
Mauritania,MRT,1933,0.0,0.0
Mauritania,MRT,1934,0.0,0.0
Mauritania,MRT,1935,0.0,0.0
Mauritania,MRT,1936,0.0,0.0
Mauritania,MRT,1937,0.0,0.0
Mauritania,MRT,1938,0.0,0.0
Mauritania,MRT,1939,0.0,0.0
Mauritania,MRT,1940,0.0,0.0
Mauritania,MRT,1941,0.0,0.0
Mauritania,MRT,1942,0.0,0.0
Mauritania,MRT,1943,0.0,0.0
Mauritania,MRT,1944,0.0,0.0
Mauritania,MRT,1945,0.0,0.0
Mauritania,MRT,1946,0.0,0.0
Mauritania,MRT,1947,0.0,0.0
Mauritania,MRT,1948,0.0,0.0
Mauritania,MRT,1949,0.0,0.0
Mauritania,MRT,1950,0.0,0.0
Mauritania,MRT,1951,0.0,0.0
Mauritania,MRT,1952,0.0,0.0
Mauritania,MRT,1953,0.0,0.0
Mauritania,MRT,1954,0.0,0.0
Mauritania,MRT,1955,0.0,0.0
Mauritania,MRT,1956,0.0,0.0
Mauritania,MRT,1957,1.0,3.0
Mauritania,MRT,1958,1.0,3.0
Mauritania,MRT,1959,1.0,3.0
Mauritania,MRT,1960,0.0,0.0
Mauritania,MRT,1961,1.0,3.0
Mauritania,MRT,1962,1.0,3.0
Mauritania,MRT,1963,1.0,3.0
Mauritania,MRT,1964,1.0,3.0
Mauritania,MRT,1965,1.0,2.0
Mauritania,MRT,1966,1.0,2.0
Mauritania,MRT,1967,1.0,2.0
Mauritania,MRT,1968,1.0,2.0
Mauritania,MRT,1969,1.0,2.0
Mauritania,MRT,1970,1.0,2.0
Mauritania,MRT,1971,1.0,2.0
Mauritania,MRT,1972,1.0,2.0
Mauritania,MRT,1973,1.0,2.0
Mauritania,MRT,1974,1.0,2.0
Mauritania,MRT,1975,1.0,2.0
Mauritania,MRT,1976,1.0,2.0
Mauritania,MRT,1977,1.0,2.0
Mauritania,MRT,1978,1.0,2.0
Mauritania,MRT,1979,0.0,0.0
Mauritania,MRT,1980,0.0,0.0
Mauritania,MRT,1981,0.0,0.0
Mauritania,MRT,1982,0.0,0.0
Mauritania,MRT,1983,0.0,0.0
Mauritania,MRT,1984,0.0,0.0
Mauritania,MRT,1985,0.0,0.0
Mauritania,MRT,1986,0.0,0.0
Mauritania,MRT,1987,0.0,0.0
Mauritania,MRT,1988,0.0,0.0
Mauritania,MRT,1989,0.0,0.0
Mauritania,MRT,1990,0.0,0.0
Mauritania,MRT,1991,0.0,0.0
Mauritania,MRT,1992,1.0,3.0
Mauritania,MRT,1993,1.0,3.0
Mauritania,MRT,1994,1.0,3.0
Mauritania,MRT,1995,1.0,3.0
Mauritania,MRT,1996,1.0,3.0
Mauritania,MRT,1997,1.0,3.0
Mauritania,MRT,1998,1.0,3.0
Mauritania,MRT,1999,1.0,3.0
Mauritania,MRT,2000,1.0,3.0
Mauritania,MRT,2001,1.0,3.0
Mauritania,MRT,2002,1.0,3.0
Mauritania,MRT,2003,1.0,3.0
Mauritania,MRT,2004,1.0,3.0
Mauritania,MRT,2005,1.0,3.0
Mauritania,MRT,2006,0.0,0.0
Mauritania,MRT,2007,1.0,3.0
Mauritania,MRT,2008,1.0,3.0
Mauritania,MRT,2009,1.0,3.0
Mauritania,MRT,2010,1.0,4.0
Mauritania,MRT,2011,1.0,4.0
Mauritania,MRT,2012,1.0,4.0
Mauritania,MRT,2013,1.0,3.0
Mauritania,MRT,2014,1.0,3.0
Mauritania,MRT,2015,1.0,3.0
Mauritania,MRT,2016,1.0,3.0
Mauritania,MRT,2017,1.0,3.0
Mauritania,MRT,2018,1.0,3.0
Mauritania,MRT,2019,1.0,3.0
Mauritania,MRT,2020,1.0,3.0
Mauritania,MRT,2021,1.0,3.0
Mauritania,MRT,2022,1.0,3.0
Mauritania,MRT,2023,1.0,3.0
Mauritania,MRT,2024,1.0,3.0
Mauritania,MRT,2025,1.0,3.0
Canada,CAN,1841,,
Canada,CAN,1842,,
Canada,CAN,1843,,
Canada,CAN,1844,,
Canada,CAN,1845,,
Canada,CAN,1846,,
Canada,CAN,1847,,
Canada,CAN,1848,,
Canada,CAN,1849,,
Canada,CAN,1850,,
Canada,CAN,1851,,
Canada,CAN,1852,,
Canada,CAN,1853,,
Canada,CAN,1854,,
Canada,CAN,1855,,
Canada,CAN,1856,,
Canada,CAN,1857,,
Canada,CAN,1858,,
Canada,CAN,1859,,
Canada,CAN,1860,,
Canada,CAN,1861,,
Canada,CAN,1862,,
Canada,CAN,1863,,
Canada,CAN,1864,,
Canada,CAN,1865,,
Canada,CAN,1866,,
Canada,CAN,1867,,
Canada,CAN,1868,,
Canada,CAN,1869,,
Canada,CAN,1870,,
Canada,CAN,1871,,
Canada,CAN,1872,,
Canada,CAN,1873,,
Canada,CAN,1874,,
Canada,CAN,1875,,
Canada,CAN,1876,,
Canada,CAN,1877,,
Canada,CAN,1878,,
Canada,CAN,1879,,
Canada,CAN,1880,,
Canada,CAN,1881,,
Canada,CAN,1882,,
Canada,CAN,1883,,
Canada,CAN,1884,,
Canada,CAN,1885,,
Canada,CAN,1886,,
Canada,CAN,1887,,
Canada,CAN,1888,,
Canada,CAN,1889,,
Canada,CAN,1890,,
Canada,CAN,1891,,
Canada,CAN,1892,,
Canada,CAN,1893,,
Canada,CAN,1894,,
Canada,CAN,1895,,
Canada,CAN,1896,,
Canada,CAN,1897,,
Canada,CAN,1898,,
Canada,CAN,1899,,
Canada,CAN,1900,1.0,4.0
Canada,CAN,1901,1.0,4.0
Canada,CAN,1902,1.0,4.0
Canada,CAN,1903,1.0,4.0
Canada,CAN,1904,1.0,4.0
Canada,CAN,1905,1.0,4.0
Canada,CAN,1906,1.0,4.0
Canada,CAN,1907,1.0,4.0
Canada,CAN,1908,1.0,4.0
Canada,CAN,1909,1.0,4.0
Canada,CAN,1910,1.0,4.0
Canada,CAN,1911,1.0,4.0
Canada,CAN,1912,1.0,4.0
Canada,CAN,1913,1.0,4.0
Canada,CAN,1914,1.0,4.0
Canada,CAN,1915,1.0,4.0
Canada,CAN,1916,1.0,4.0
Canada,CAN,1917,1.0,4.0
Canada,CAN,1918,1.0,3.0
Canada,CAN,1919,1.0,3.0
Canada,CAN,1920,1.0,4.0
Canada,CAN,1921,2.0,6.0
Canada,CAN,1922,2.0,6.0
Canada,CAN,1923,2.0,6.0
Canada,CAN,1924,2.0,6.0
Canada,CAN,1925,2.0,6.0
Canada,CAN,1926,2.0,6.0
Canada,CAN,1927,2.0,6.0
Canada,CAN,1928,2.0,6.0
Canada,CAN,1929,2.0,6.0
Canada,CAN,1930,2.0,6.0
Canada,CAN,1931,2.0,6.0
Canada,CAN,1932,2.0,6.0
Canada,CAN,1933,2.0,6.0
Canada,CAN,1934,2.0,6.0
Canada,CAN,1935,2.0,6.0
Canada,CAN,1936,2.0,6.0
Canada,CAN,1937,2.0,6.0
Canada,CAN,1938,2.0,6.0
Canada,CAN,1939,2.0,6.0
Canada,CAN,1940,2.0,6.0
Canada,CAN,1941,2.0,6.0
Canada,CAN,1942,2.0,6.0
Canada,CAN,1943,2.0,6.0
Canada,CAN,1944,2.0,6.0
Canada,CAN,1945,2.0,6.0
Canada,CAN,1946,2.0,6.0
Canada,CAN,1947,2.0,6.0
Canada,CAN,1948,2.0,6.0
Canada,CAN,1949,2.0,6.0
Canada,CAN,1950,2.0,6.0
Canada,CAN,1951,2.0,6.0
Canada,CAN,1952,2.0,6.0
Canada,CAN,1953,2.0,6.0
Canada,CAN,1954,2.0,6.0
Canada,CAN,1955,2.0,6.0
Canada,CAN,1956,2.0,6.0
Canada,CAN,1957,2.0,6.0
Canada,CAN,1958,2.0,6.0
Canada,CAN,1959,2.0,6.0
Canada,CAN,1960,2.0,7.0
Canada,CAN,1961,2.0,7.0
Canada,CAN,1962,2.0,7.0
Canada,CAN,1963,2.0,7.0
Canada,CAN,1964,2.0,7.0
Canada,CAN,1965,2.0,7.0
Canada,CAN,1966,2.0,7.0
Canada,CAN,1967,2.0,7.0
Canada,CAN,1968,2.0,7.0
Canada,CAN,1969,2.0,7.0
Canada,CAN,1970,2.0,7.0
Canada,CAN,1971,2.0,7.0
Canada,CAN,1972,2.0,7.0
Canada,CAN,1973,2.0,7.0
Canada,CAN,1974,2.0,7.0
Canada,CAN,1975,2.0,7.0
Canada,CAN,1976,3.0,8.0
Canada,CAN,1977,3.0,8.0
Canada,CAN,1978,3.0,8.0
Canada,CAN,1979,3.0,8.0
Canada,CAN,1980,3.0,8.0
Canada,CAN,1981,3.0,8.0
Canada,CAN,1982,3.0,8.0
Canada,CAN,1983,3.0,9.0
Canada,CAN,1984,3.0,9.0
Canada,CAN,1985,3.0,9.0
Canada,CAN,1986,3.0,9.0
Canada,CAN,1987,3.0,9.0
Canada,CAN,1988,3.0,9.0
Canada,CAN,1989,3.0,9.0
Canada,CAN,1990,3.0,9.0
Canada,CAN,1991,3.0,9.0
Canada,CAN,1992,3.0,9.0
Canada,CAN,1993,3.0,9.0
Canada,CAN,1994,3.0,9.0
Canada,CAN,1995,3.0,9.0
Canada,CAN,1996,3.0,9.0
Canada,CAN,1997,3.0,9.0
Canada,CAN,1998,3.0,9.0
Canada,CAN,1999,3.0,9.0
Canada,CAN,2000,3.0,9.0
Canada,CAN,2001,3.0,9.0
Canada,CAN,2002,3.0,9.0
Canada,CAN,2003,3.0,9.0
Canada,CAN,2004,3.0,9.0
Canada,CAN,2005,3.0,9.0
Canada,CAN,2006,3.0,9.0
Canada,CAN,2007,3.0,9.0
Canada,CAN,2008,3.0,9.0
Canada,CAN,2009,3.0,9.0
Canada,CAN,2010,3.0,9.0
Canada,CAN,2011,3.0,9.0
Canada,CAN,2012,3.0,9.0
Canada,CAN,2013,3.0,9.0
Canada,CAN,2014,3.0,9.0
Canada,CAN,2015,3.0,9.0
Canada,CAN,2016,3.0,9.0
Canada,CAN,2017,3.0,9.0
Canada,CAN,2018,3.0,9.0
Canada,CAN,2019,3.0,8.0
Canada,CAN,2020,2.0,7.0
Canada,CAN,2021,3.0,8.0
Canada,CAN,2022,2.0,6.0
Canada,CAN,2023,2.0,7.0
Canada,CAN,2024,2.0,7.0
Canada,CAN,2025,2.0,7.0
Australia,AUS,1789,,
Australia,AUS,1790,,
Australia,AUS,1791,,
Australia,AUS,1792,,
Australia,AUS,1793,,
Australia,AUS,1794,,
Australia,AUS,1795,,
Australia,AUS,1796,,
Australia,AUS,1797,,
Australia,AUS,1798,,
Australia,AUS,1799,,
Australia,AUS,1800,,
Australia,AUS,1801,,
Australia,AUS,1802,,
Australia,AUS,1803,,
Australia,AUS,1804,,
Australia,AUS,1805,,
Australia,AUS,1806,,
Australia,AUS,1807,,
Australia,AUS,1808,,
Australia,AUS,1809,,
Australia,AUS,1810,,
Australia,AUS,1811,,
Australia,AUS,1812,,
Australia,AUS,1813,,
Australia,AUS,1814,,
Australia,AUS,1815,,
Australia,AUS,1816,,
Australia,AUS,1817,,
Australia,AUS,1818,,
Australia,AUS,1819,,
Australia,AUS,1820,,
Australia,AUS,1821,,
Australia,AUS,1822,,
Australia,AUS,1823,,
Australia,AUS,1824,,
Australia,AUS,1825,,
Australia,AUS,1826,,
Australia,AUS,1827,,
Australia,AUS,1828,,
Australia,AUS,1829,,
Australia,AUS,1830,,
Australia,AUS,1831,,
Australia,AUS,1832,,
Australia,AUS,1833,,
Australia,AUS,1834,,
Australia,AUS,1835,,
Australia,AUS,1836,,
Australia,AUS,1837,,
Australia,AUS,1838,,
Australia,AUS,1839,,
Australia,AUS,1840,,
Australia,AUS,1841,,
Australia,AUS,1842,,
Australia,AUS,1843,,
Australia,AUS,1844,,
Australia,AUS,1845,,
Australia,AUS,1846,,
Australia,AUS,1847,,
Australia,AUS,1848,,
Australia,AUS,1849,,
Australia,AUS,1850,,
Australia,AUS,1851,,
Australia,AUS,1852,,
Australia,AUS,1853,,
Australia,AUS,1854,,
Australia,AUS,1855,,
Australia,AUS,1856,,
Australia,AUS,1857,,
Australia,AUS,1858,,
Australia,AUS,1859,,
Australia,AUS,1860,,
Australia,AUS,1861,,
Australia,AUS,1862,,
Australia,AUS,1863,,
Australia,AUS,1864,,
Australia,AUS,1865,,
Australia,AUS,1866,,
Australia,AUS,1867,,
Australia,AUS,1868,,
Australia,AUS,1869,,
Australia,AUS,1870,,
Australia,AUS,1871,,
Australia,AUS,1872,,
Australia,AUS,1873,,
Australia,AUS,1874,,
Australia,AUS,1875,,
Australia,AUS,1876,,
Australia,AUS,1877,,
Australia,AUS,1878,,
Australia,AUS,1879,,
Australia,AUS,1880,,
Australia,AUS,1881,,
Australia,AUS,1882,,
Australia,AUS,1883,,
Australia,AUS,1884,,
Australia,AUS,1885,,
Australia,AUS,1886,,
Australia,AUS,1887,,
Australia,AUS,1888,,
Australia,AUS,1889,,
Australia,AUS,1890,,
Australia,AUS,1891,,
Australia,AUS,1892,,
Australia,AUS,1893,,
Australia,AUS,1894,,
Australia,AUS,1895,,
Australia,AUS,1896,,
Australia,AUS,1897,,
Australia,AUS,1898,,
Australia,AUS,1899,,
Australia,AUS,1900,2.0,6.0
Australia,AUS,1901,3.0,8.0
Australia,AUS,1902,3.0,8.0
Australia,AUS,1903,3.0,8.0
Australia,AUS,1904,3.0,8.0
Australia,AUS,1905,3.0,8.0
Australia,AUS,1906,3.0,8.0
Australia,AUS,1907,3.0,8.0
Australia,AUS,1908,3.0,8.0
Australia,AUS,1909,3.0,8.0
Australia,AUS,1910,3.0,8.0
Australia,AUS,1911,3.0,8.0
Australia,AUS,1912,3.0,8.0
Australia,AUS,1913,3.0,8.0
Australia,AUS,1914,3.0,8.0
Australia,AUS,1915,3.0,8.0
Australia,AUS,1916,2.0,7.0
Australia,AUS,1917,2.0,7.0
Australia,AUS,1918,3.0,8.0
Australia,AUS,1919,3.0,8.0
Australia,AUS,1920,3.0,8.0
Australia,AUS,1921,3.0,8.0
Australia,AUS,1922,3.0,8.0
Australia,AUS,1923,3.0,8.0
Australia,AUS,1924,3.0,8.0
Australia,AUS,1925,3.0,8.0
Australia,AUS,1926,3.0,8.0
Australia,AUS,1927,3.0,8.0
Australia,AUS,1928,3.0,8.0
Australia,AUS,1929,3.0,8.0
Australia,AUS,1930,3.0,8.0
Australia,AUS,1931,3.0,8.0
Australia,AUS,1932,3.0,8.0
Australia,AUS,1933,3.0,8.0
Australia,AUS,1934,3.0,8.0
Australia,AUS,1935,3.0,8.0
Australia,AUS,1936,3.0,8.0
Australia,AUS,1937,3.0,8.0
Australia,AUS,1938,3.0,8.0
Australia,AUS,1939,3.0,8.0
Australia,AUS,1940,3.0,8.0
Australia,AUS,1941,3.0,8.0
Australia,AUS,1942,3.0,8.0
Australia,AUS,1943,3.0,8.0
Australia,AUS,1944,3.0,8.0
Australia,AUS,1945,3.0,8.0
Australia,AUS,1946,3.0,8.0
Australia,AUS,1947,3.0,8.0
Australia,AUS,1948,3.0,8.0
Australia,AUS,1949,3.0,8.0
Australia,AUS,1950,3.0,9.0
Australia,AUS,1951,3.0,9.0
Australia,AUS,1952,3.0,9.0
Australia,AUS,1953,3.0,9.0
Australia,AUS,1954,3.0,9.0
Australia,AUS,1955,3.0,9.0
Australia,AUS,1956,3.0,9.0
Australia,AUS,1957,3.0,9.0
Australia,AUS,1958,3.0,9.0
Australia,AUS,1959,3.0,9.0
Australia,AUS,1960,3.0,9.0
Australia,AUS,1961,3.0,9.0
Australia,AUS,1962,3.0,9.0
Australia,AUS,1963,3.0,9.0
Australia,AUS,1964,3.0,9.0
Australia,AUS,1965,3.0,9.0
Australia,AUS,1966,3.0,9.0
Australia,AUS,1967,3.0,9.0
Australia,AUS,1968,3.0,9.0
Australia,AUS,1969,3.0,9.0
Australia,AUS,1970,3.0,9.0
Australia,AUS,1971,3.0,9.0
Australia,AUS,1972,3.0,9.0
Australia,AUS,1973,3.0,9.0
Australia,AUS,1974,3.0,9.0
Australia,AUS,1975,3.0,9.0
Australia,AUS,1976,3.0,9.0
Australia,AUS,1977,3.0,9.0
Australia,AUS,1978,3.0,9.0
Australia,AUS,1979,3.0,9.0
Australia,AUS,1980,3.0,9.0
Australia,AUS,1981,3.0,9.0
Australia,AUS,1982,3.0,9.0
Australia,AUS,1983,3.0,9.0
Australia,AUS,1984,3.0,9.0
Australia,AUS,1985,3.0,9.0
Australia,AUS,1986,3.0,9.0
Australia,AUS,1987,3.0,9.0
Australia,AUS,1988,3.0,9.0
Australia,AUS,1989,3.0,9.0
Australia,AUS,1990,3.0,9.0
Australia,AUS,1991,3.0,9.0
Australia,AUS,1992,3.0,9.0
Australia,AUS,1993,3.0,9.0
Australia,AUS,1994,3.0,9.0
Australia,AUS,1995,3.0,9.0
Australia,AUS,1996,3.0,9.0
Australia,AUS,1997,3.0,9.0
Australia,AUS,1998,3.0,9.0
Australia,AUS,1999,3.0,9.0
Australia,AUS,2000,3.0,9.0
Australia,AUS,2001,3.0,9.0
Australia,AUS,2002,3.0,9.0
Australia,AUS,2003,3.0,9.0
Australia,AUS,2004,3.0,9.0
Australia,AUS,2005,3.0,9.0
Australia,AUS,2006,3.0,9.0
Australia,AUS,2007,3.0,9.0
Australia,AUS,2008,3.0,9.0
Australia,AUS,2009,3.0,9.0
Australia,AUS,2010,3.0,9.0
Australia,AUS,2011,3.0,9.0
Australia,AUS,2012,3.0,9.0
Australia,AUS,2013,3.0,9.0
Australia,AUS,2014,3.0,9.0
Australia,AUS,2015,3.0,9.0
Australia,AUS,2016,3.0,9.0
Australia,AUS,2017,3.0,9.0
Australia,AUS,2018,3.0,9.0
Australia,AUS,2019,3.0,9.0
Australia,AUS,2020,3.0,9.0
Australia,AUS,2021,3.0,9.0
Australia,AUS,2022,3.0,9.0
Australia,AUS,2023,3.0,9.0
Australia,AUS,2024,3.0,9.0
Australia,AUS,2025,3.0,9.0
Botswana,BWA,1900,0.0,0.0
Botswana,BWA,1901,0.0,0.0
Botswana,BWA,1902,0.0,0.0
Botswana,BWA,1903,0.0,0.0
Botswana,BWA,1904,0.0,0.0
Botswana,BWA,1905,0.0,0.0
Botswana,BWA,1906,0.0,0.0
Botswana,BWA,1907,0.0,0.0
Botswana,BWA,1908,0.0,0.0
Botswana,BWA,1909,0.0,0.0
Botswana,BWA,1910,0.0,0.0
Botswana,BWA,1911,0.0,0.0
Botswana,BWA,1912,0.0,0.0
Botswana,BWA,1913,0.0,0.0
Botswana,BWA,1914,0.0,0.0
Botswana,BWA,1915,0.0,0.0
Botswana,BWA,1916,0.0,0.0
Botswana,BWA,1917,0.0,0.0
Botswana,BWA,1918,0.0,0.0
Botswana,BWA,1919,0.0,0.0
Botswana,BWA,1920,0.0,0.0
Botswana,BWA,1921,0.0,0.0
Botswana,BWA,1922,0.0,0.0
Botswana,BWA,1923,0.0,0.0
Botswana,BWA,1924,0.0,0.0
Botswana,BWA,1925,0.0,0.0
Botswana,BWA,1926,0.0,0.0
Botswana,BWA,1927,0.0,0.0
Botswana,BWA,1928,0.0,0.0
Botswana,BWA,1929,0.0,0.0
Botswana,BWA,1930,0.0,0.0
Botswana,BWA,1931,0.0,0.0
Botswana,BWA,1932,0.0,0.0
Botswana,BWA,1933,0.0,0.0
Botswana,BWA,1934,0.0,0.0
Botswana,BWA,1935,0.0,0.0
Botswana,BWA,1936,0.0,0.0
Botswana,BWA,1937,0.0,0.0
Botswana,BWA,1938,0.0,0.0
Botswana,BWA,1939,0.0,0.0
Botswana,BWA,1940,0.0,0.0
Botswana,BWA,1941,0.0,0.0
Botswana,BWA,1942,0.0,0.0
Botswana,BWA,1943,0.0,0.0
Botswana,BWA,1944,0.0,0.0
Botswana,BWA,1945,0.0,0.0
Botswana,BWA,1946,0.0,0.0
Botswana,BWA,1947,0.0,0.0
Botswana,BWA,1948,0.0,0.0
Botswana,BWA,1949,0.0,0.0
Botswana,BWA,1950,0.0,0.0
Botswana,BWA,1951,0.0,0.0
Botswana,BWA,1952,0.0,0.0
Botswana,BWA,1953,0.0,0.0
Botswana,BWA,1954,0.0,0.0
Botswana,BWA,1955,0.0,0.0
Botswana,BWA,1956,0.0,0.0
Botswana,BWA,1957,0.0,0.0
Botswana,BWA,1958,0.0,0.0
Botswana,BWA,1959,0.0,0.0
Botswana,BWA,1960,0.0,0.0
Botswana,BWA,1961,0.0,0.0
Botswana,BWA,1962,0.0,0.0
Botswana,BWA,1963,0.0,0.0
Botswana,BWA,1964,0.0,0.0
Botswana,BWA,1965,1.0,3.0
Botswana,BWA,1966,1.0,3.0
Botswana,BWA,1967,2.0,7.0
Botswana,BWA,1968,2.0,7.0
Botswana,BWA,1969,2.0,7.0
Botswana,BWA,1970,2.0,7.0
Botswana,BWA,1971,2.0,7.0
Botswana,BWA,1972,2.0,7.0
Botswana,BWA,1973,2.0,7.0
Botswana,BWA,1974,2.0,7.0
Botswana,BWA,1975,2.0,7.0
Botswana,BWA,1976,2.0,7.0
Botswana,BWA,1977,2.0,7.0
Botswana,BWA,1978,2.0,7.0
Botswana,BWA,1979,2.0,7.0
Botswana,BWA,1980,2.0,7.0
Botswana,BWA,1981,2.0,7.0
Botswana,BWA,1982,2.0,7.0
Botswana,BWA,1983,2.0,7.0
Botswana,BWA,1984,2.0,7.0
Botswana,BWA,1985,2.0,7.0
Botswana,BWA,1986,2.0,7.0
Botswana,BWA,1987,2.0,7.0
Botswana,BWA,1988,2.0,7.0
Botswana,BWA,1989,2.0,7.0
Botswana,BWA,1990,2.0,7.0
Botswana,BWA,1991,2.0,7.0
Botswana,BWA,1992,2.0,7.0
Botswana,BWA,1993,2.0,7.0
Botswana,BWA,1994,2.0,7.0
Botswana,BWA,1995,2.0,7.0
Botswana,BWA,1996,2.0,7.0
Botswana,BWA,1997,2.0,7.0
Botswana,BWA,1998,2.0,7.0
Botswana,BWA,1999,3.0,8.0
Botswana,BWA,2000,3.0,8.0
Botswana,BWA,2001,3.0,8.0
Botswana,BWA,2002,3.0,8.0
Botswana,BWA,2003,3.0,8.0
Botswana,BWA,2004,3.0,8.0
Botswana,BWA,2005,3.0,8.0
Botswana,BWA,2006,3.0,8.0
Botswana,BWA,2007,3.0,8.0
Botswana,BWA,2008,3.0,8.0
Botswana,BWA,2009,3.0,8.0
Botswana,BWA,2010,3.0,9.0
Botswana,BWA,2011,3.0,9.0
Botswana,BWA,2012,3.0,9.0
Botswana,BWA,2013,3.0,9.0
Botswana,BWA,2014,3.0,9.0
Botswana,BWA,2015,3.0,9.0
Botswana,BWA,2016,3.0,9.0
Botswana,BWA,2017,3.0,8.0
Botswana,BWA,2018,3.0,8.0
Botswana,BWA,2019,3.0,8.0
Botswana,BWA,2020,3.0,8.0
Botswana,BWA,2021,2.0,7.0
Botswana,BWA,2022,2.0,6.0
Botswana,BWA,2023,2.0,5.0
Botswana,BWA,2024,2.0,6.0
Botswana,BWA,2025,2.0,6.0
Burundi,BDI,1916,0.0,0.0
Burundi,BDI,1917,0.0,0.0
Burundi,BDI,1918,0.0,0.0
Burundi,BDI,1919,0.0,0.0
Burundi,BDI,1920,0.0,0.0
Burundi,BDI,1921,0.0,0.0
Burundi,BDI,1922,0.0,0.0
Burundi,BDI,1923,0.0,0.0
Burundi,BDI,1924,0.0,0.0
Burundi,BDI,1925,0.0,0.0
Burundi,BDI,1926,0.0,0.0
Burundi,BDI,1927,0.0,0.0
Burundi,BDI,1928,0.0,0.0
Burundi,BDI,1929,0.0,0.0
Burundi,BDI,1930,0.0,0.0
Burundi,BDI,1931,0.0,0.0
Burundi,BDI,1932,0.0,0.0
Burundi,BDI,1933,0.0,0.0
Burundi,BDI,1934,0.0,0.0
Burundi,BDI,1935,0.0,0.0
Burundi,BDI,1936,0.0,0.0
Burundi,BDI,1937,0.0,0.0
Burundi,BDI,1938,0.0,0.0
Burundi,BDI,1939,0.0,0.0
Burundi,BDI,1940,0.0,0.0
Burundi,BDI,1941,0.0,0.0
Burundi,BDI,1942,0.0,0.0
Burundi,BDI,1943,0.0,0.0
Burundi,BDI,1944,0.0,0.0
Burundi,BDI,1945,0.0,0.0
Burundi,BDI,1946,0.0,0.0
Burundi,BDI,1947,0.0,0.0
Burundi,BDI,1948,0.0,0.0
Burundi,BDI,1949,0.0,0.0
Burundi,BDI,1950,0.0,0.0
Burundi,BDI,1951,0.0,0.0
Burundi,BDI,1952,0.0,0.0
Burundi,BDI,1953,0.0,0.0
Burundi,BDI,1954,0.0,0.0
Burundi,BDI,1955,0.0,0.0
Burundi,BDI,1956,0.0,0.0
Burundi,BDI,1957,0.0,0.0
Burundi,BDI,1958,0.0,0.0
Burundi,BDI,1959,0.0,0.0
Burundi,BDI,1960,0.0,0.0
Burundi,BDI,1961,0.0,0.0
Burundi,BDI,1962,0.0,0.0
Burundi,BDI,1963,0.0,0.0
Burundi,BDI,1964,0.0,0.0
Burundi,BDI,1965,0.0,0.0
Burundi,BDI,1966,0.0,0.0
Burundi,BDI,1967,0.0,0.0
Burundi,BDI,1968,0.0,0.0
Burundi,BDI,1969,0.0,0.0
Burundi,BDI,1970,0.0,0.0
Burundi,BDI,1971,0.0,0.0
Burundi,BDI,1972,0.0,0.0
Burundi,BDI,1973,0.0,0.0
Burundi,BDI,1974,0.0,0.0
Burundi,BDI,1975,0.0,0.0
Burundi,BDI,1976,0.0,0.0
Burundi,BDI,1977,0.0,0.0
Burundi,BDI,1978,0.0,0.0
Burundi,BDI,1979,0.0,0.0
Burundi,BDI,1980,0.0,0.0
Burundi,BDI,1981,0.0,0.0
Burundi,BDI,1982,0.0,0.0
Burundi,BDI,1983,0.0,0.0
Burundi,BDI,1984,1.0,2.0
Burundi,BDI,1985,1.0,2.0
Burundi,BDI,1986,1.0,2.0
Burundi,BDI,1987,1.0,2.0
Burundi,BDI,1988,0.0,0.0
Burundi,BDI,1989,0.0,0.0
Burundi,BDI,1990,0.0,0.0
Burundi,BDI,1991,0.0,0.0
Burundi,BDI,1992,0.0,0.0
Burundi,BDI,1993,1.0,3.0
Burundi,BDI,1994,1.0,3.0
Burundi,BDI,1995,1.0,3.0
Burundi,BDI,1996,0.0,0.0
Burundi,BDI,1997,0.0,0.0
Burundi,BDI,1998,0.0,0.0
Burundi,BDI,1999,0.0,0.0
Burundi,BDI,2000,0.0,0.0
Burundi,BDI,2001,0.0,0.0
Burundi,BDI,2002,0.0,0.0
Burundi,BDI,2003,0.0,0.0
Burundi,BDI,2004,0.0,0.0
Burundi,BDI,2005,1.0,3.0
Burundi,BDI,2006,1.0,3.0
Burundi,BDI,2007,1.0,3.0
Burundi,BDI,2008,1.0,3.0
Burundi,BDI,2009,1.0,3.0
Burundi,BDI,2010,1.0,3.0
Burundi,BDI,2011,1.0,3.0
Burundi,BDI,2012,1.0,3.0
Burundi,BDI,2013,1.0,3.0
Burundi,BDI,2014,1.0,3.0
Burundi,BDI,2015,1.0,3.0
Burundi,BDI,2016,1.0,3.0
Burundi,BDI,2017,1.0,3.0
Burundi,BDI,2018,1.0,3.0
Burundi,BDI,2019,1.0,3.0
Burundi,BDI,2020,1.0,3.0
Burundi,BDI,2021,1.0,3.0
Burundi,BDI,2022,1.0,3.0
Burundi,BDI,2023,1.0,3.0
Burundi,BDI,2024,1.0,3.0
Burundi,BDI,2025,1.0,3.0
Cape Verde,CPV,1900,0.0,0.0
Cape Verde,CPV,1901,0.0,0.0
Cape Verde,CPV,1902,0.0,0.0
Cape Verde,CPV,1903,0.0,0.0
Cape Verde,CPV,1904,0.0,0.0
Cape Verde,CPV,1905,0.0,0.0
Cape Verde,CPV,1906,0.0,0.0
Cape Verde,CPV,1907,0.0,0.0
Cape Verde,CPV,1908,0.0,0.0
Cape Verde,CPV,1909,0.0,0.0
Cape Verde,CPV,1910,0.0,0.0
Cape Verde,CPV,1911,0.0,0.0
Cape Verde,CPV,1912,0.0,0.0
Cape Verde,CPV,1913,0.0,0.0
Cape Verde,CPV,1914,0.0,0.0
Cape Verde,CPV,1915,0.0,0.0
Cape Verde,CPV,1916,0.0,0.0
Cape Verde,CPV,1917,0.0,0.0
Cape Verde,CPV,1918,0.0,0.0
Cape Verde,CPV,1919,0.0,0.0
Cape Verde,CPV,1920,0.0,0.0
Cape Verde,CPV,1921,0.0,0.0
Cape Verde,CPV,1922,0.0,0.0
Cape Verde,CPV,1923,0.0,0.0
Cape Verde,CPV,1924,0.0,0.0
Cape Verde,CPV,1925,0.0,0.0
Cape Verde,CPV,1926,0.0,0.0
Cape Verde,CPV,1927,0.0,0.0
Cape Verde,CPV,1928,0.0,0.0
Cape Verde,CPV,1929,0.0,0.0
Cape Verde,CPV,1930,0.0,0.0
Cape Verde,CPV,1931,0.0,0.0
Cape Verde,CPV,1932,0.0,0.0
Cape Verde,CPV,1933,0.0,0.0
Cape Verde,CPV,1934,0.0,0.0
Cape Verde,CPV,1935,0.0,0.0
Cape Verde,CPV,1936,0.0,0.0
Cape Verde,CPV,1937,0.0,0.0
Cape Verde,CPV,1938,0.0,0.0
Cape Verde,CPV,1939,0.0,0.0
Cape Verde,CPV,1940,0.0,0.0
Cape Verde,CPV,1941,0.0,0.0
Cape Verde,CPV,1942,0.0,0.0
Cape Verde,CPV,1943,0.0,0.0
Cape Verde,CPV,1944,0.0,0.0
Cape Verde,CPV,1945,0.0,0.0
Cape Verde,CPV,1946,0.0,0.0
Cape Verde,CPV,1947,0.0,0.0
Cape Verde,CPV,1948,0.0,0.0
Cape Verde,CPV,1949,0.0,0.0
Cape Verde,CPV,1950,0.0,0.0
Cape Verde,CPV,1951,0.0,0.0
Cape Verde,CPV,1952,0.0,0.0
Cape Verde,CPV,1953,0.0,0.0
Cape Verde,CPV,1954,0.0,0.0
Cape Verde,CPV,1955,0.0,0.0
Cape Verde,CPV,1956,0.0,0.0
Cape Verde,CPV,1957,0.0,0.0
Cape Verde,CPV,1958,0.0,0.0
Cape Verde,CPV,1959,0.0,0.0
Cape Verde,CPV,1960,0.0,0.0
Cape Verde,CPV,1961,0.0,0.0
Cape Verde,CPV,1962,0.0,0.0
Cape Verde,CPV,1963,0.0,0.0
Cape Verde,CPV,1964,0.0,0.0
Cape Verde,CPV,1965,0.0,0.0
Cape Verde,CPV,1966,0.0,0.0
Cape Verde,CPV,1967,0.0,0.0
Cape Verde,CPV,1968,0.0,0.0
Cape Verde,CPV,1969,0.0,0.0
Cape Verde,CPV,1970,0.0,0.0
Cape Verde,CPV,1971,0.0,0.0
Cape Verde,CPV,1972,0.0,0.0
Cape Verde,CPV,1973,0.0,0.0
Cape Verde,CPV,1974,0.0,0.0
Cape Verde,CPV,1975,1.0,3.0
Cape Verde,CPV,1976,0.0,0.0
Cape Verde,CPV,1977,0.0,0.0
Cape Verde,CPV,1978,0.0,0.0
Cape Verde,CPV,1979,0.0,0.0
Cape Verde,CPV,1980,1.0,3.0
Cape Verde,CPV,1981,1.0,3.0
Cape Verde,CPV,1982,1.0,3.0
Cape Verde,CPV,1983,1.0,3.0
Cape Verde,CPV,1984,1.0,3.0
Cape Verde,CPV,1985,1.0,3.0
Cape Verde,CPV,1986,1.0,3.0
Cape Verde,CPV,1987,1.0,3.0
Cape Verde,CPV,1988,1.0,3.0
Cape Verde,CPV,1989,1.0,3.0
Cape Verde,CPV,1990,1.0,3.0
Cape Verde,CPV,1991,2.0,7.0
Cape Verde,CPV,1992,2.0,7.0
Cape Verde,CPV,1993,2.0,7.0
Cape Verde,CPV,1994,2.0,7.0
Cape Verde,CPV,1995,2.0,7.0
Cape Verde,CPV,1996,2.0,7.0
Cape Verde,CPV,1997,2.0,7.0
Cape Verde,CPV,1998,2.0,7.0
Cape Verde,CPV,1999,2.0,7.0
Cape Verde,CPV,2000,2.0,7.0
Cape Verde,CPV,2001,2.0,7.0
Cape Verde,CPV,2002,2.0,7.0
Cape Verde,CPV,2003,2.0,7.0
Cape Verde,CPV,2004,2.0,7.0
Cape Verde,CPV,2005,2.0,7.0
Cape Verde,CPV,2006,2.0,7.0
Cape Verde,CPV,2007,2.0,7.0
Cape Verde,CPV,2008,2.0,7.0
Cape Verde,CPV,2009,2.0,7.0
Cape Verde,CPV,2010,2.0,7.0
Cape Verde,CPV,2011,2.0,7.0
Cape Verde,CPV,2012,2.0,7.0
Cape Verde,CPV,2013,2.0,7.0
Cape Verde,CPV,2014,2.0,7.0
Cape Verde,CPV,2015,2.0,7.0
Cape Verde,CPV,2016,2.0,7.0
Cape Verde,CPV,2017,2.0,7.0
Cape Verde,CPV,2018,2.0,6.0
Cape Verde,CPV,2019,2.0,6.0
Cape Verde,CPV,2020,2.0,6.0
Cape Verde,CPV,2021,2.0,6.0
Cape Verde,CPV,2022,2.0,6.0
Cape Verde,CPV,2023,2.0,6.0
Cape Verde,CPV,2024,2.0,6.0
Cape Verde,CPV,2025,2.0,6.0
Central African Republic,CAF,1920,0.0,0.0
Central African Republic,CAF,1921,0.0,0.0
Central African Republic,CAF,1922,0.0,0.0
Central African Republic,CAF,1923,0.0,0.0
Central African Republic,CAF,1924,0.0,0.0
Central African Republic,CAF,1925,0.0,0.0
Central African Republic,CAF,1926,0.0,0.0
Central African Republic,CAF,1927,0.0,0.0
Central African Republic,CAF,1928,0.0,0.0
Central African Republic,CAF,1929,0.0,0.0
Central African Republic,CAF,1930,0.0,0.0
Central African Republic,CAF,1931,0.0,0.0
Central African Republic,CAF,1932,0.0,0.0
Central African Republic,CAF,1933,0.0,0.0
Central African Republic,CAF,1934,0.0,0.0
Central African Republic,CAF,1935,0.0,0.0
Central African Republic,CAF,1936,0.0,0.0
Central African Republic,CAF,1937,0.0,0.0
Central African Republic,CAF,1938,0.0,0.0
Central African Republic,CAF,1939,0.0,0.0
Central African Republic,CAF,1940,0.0,0.0
Central African Republic,CAF,1941,0.0,0.0
Central African Republic,CAF,1942,0.0,0.0
Central African Republic,CAF,1943,0.0,0.0
Central African Republic,CAF,1944,0.0,0.0
Central African Republic,CAF,1945,0.0,0.0
Central African Republic,CAF,1946,0.0,0.0
Central African Republic,CAF,1947,0.0,0.0
Central African Republic,CAF,1948,0.0,0.0
Central African Republic,CAF,1949,0.0,0.0
Central African Republic,CAF,1950,0.0,0.0
Central African Republic,CAF,1951,0.0,0.0
Central African Republic,CAF,1952,0.0,0.0
Central African Republic,CAF,1953,0.0,0.0
Central African Republic,CAF,1954,0.0,0.0
Central African Republic,CAF,1955,0.0,0.0
Central African Republic,CAF,1956,0.0,0.0
Central African Republic,CAF,1957,0.0,0.0
Central African Republic,CAF,1958,0.0,0.0
Central African Republic,CAF,1959,0.0,0.0
Central African Republic,CAF,1960,1.0,3.0
Central African Republic,CAF,1961,1.0,3.0
Central African Republic,CAF,1962,1.0,3.0
Central African Republic,CAF,1963,1.0,3.0
Central African Republic,CAF,1964,0.0,1.0
Central African Republic,CAF,1965,0.0,1.0
Central African Republic,CAF,1966,0.0,0.0
Central African Republic,CAF,1967,0.0,0.0
Central African Republic,CAF,1968,0.0,0.0
Central African Republic,CAF,1969,0.0,0.0
Central African Republic,CAF,1970,0.0,0.0
Central African Republic,CAF,1971,0.0,0.0
Central African Republic,CAF,1972,0.0,0.0
Central African Republic,CAF,1973,0.0,0.0
Central African Republic,CAF,1974,0.0,0.0
Central African Republic,CAF,1975,0.0,0.0
Central African Republic,CAF,1976,0.0,0.0
Central African Republic,CAF,1977,0.0,0.0
Central African Republic,CAF,1978,0.0,0.0
Central African Republic,CAF,1979,0.0,0.0
Central African Republic,CAF,1980,0.0,0.0
Central African Republic,CAF,1981,1.0,3.0
Central African Republic,CAF,1982,0.0,0.0
Central African Republic,CAF,1983,0.0,0.0
Central African Republic,CAF,1984,0.0,0.0
Central African Republic,CAF,1985,0.0,0.0
Central African Republic,CAF,1986,1.0,3.0
Central African Republic,CAF,1987,1.0,3.0
Central African Republic,CAF,1988,1.0,3.0
Central African Republic,CAF,1989,1.0,3.0
Central African Republic,CAF,1990,1.0,3.0
Central African Republic,CAF,1991,1.0,3.0
Central African Republic,CAF,1992,1.0,3.0
Central African Republic,CAF,1993,1.0,3.0
Central African Republic,CAF,1994,1.0,3.0
Central African Republic,CAF,1995,1.0,3.0
Central African Republic,CAF,1996,1.0,3.0
Central African Republic,CAF,1997,1.0,3.0
Central African Republic,CAF,1998,1.0,3.0
Central African Republic,CAF,1999,1.0,3.0
Central African Republic,CAF,2000,1.0,3.0
Central African Republic,CAF,2001,1.0,3.0
Central African Republic,CAF,2002,1.0,3.0
Central African Republic,CAF,2003,1.0,3.0
Central African Republic,CAF,2004,0.0,0.0
Central African Republic,CAF,2005,1.0,3.0
Central African Republic,CAF,2006,1.0,3.0
Central African Republic,CAF,2007,1.0,3.0
Central African Republic,CAF,2008,1.0,3.0
Central African Republic,CAF,2009,1.0,3.0
Central African Republic,CAF,2010,1.0,3.0
Central African Republic,CAF,2011,1.0,3.0
Central African Republic,CAF,2012,1.0,3.0
Central African Republic,CAF,2013,1.0,3.0
Central African Republic,CAF,2014,1.0,3.0
Central African Republic,CAF,2015,1.0,3.0
Central African Republic,CAF,2016,1.0,3.0
Central African Republic,CAF,2017,1.0,3.0
Central African Republic,CAF,2018,1.0,3.0
Central African Republic,CAF,2019,1.0,3.0
Central African Republic,CAF,2020,1.0,3.0
Central African Republic,CAF,2021,1.0,3.0
Central African Republic,CAF,2022,1.0,3.0
Central African Republic,CAF,2023,1.0,3.0
Central African Republic,CAF,2024,1.0,3.0
Central African Republic,CAF,2025,1.0,3.0
Chile,CHL,1789,,
Chile,CHL,1790,,
Chile,CHL,1791,,
Chile,CHL,1792,,
Chile,CHL,1793,,
Chile,CHL,1794,,
Chile,CHL,1795,,
Chile,CHL,1796,,
Chile,CHL,1797,,
Chile,CHL,1798,,
Chile,CHL,1799,,
Chile,CHL,1800,,
Chile,CHL,1801,,
Chile,CHL,1802,,
Chile,CHL,1803,,
Chile,CHL,1804,,
Chile,CHL,1805,,
Chile,CHL,1806,,
Chile,CHL,1807,,
Chile,CHL,1808,,
Chile,CHL,1809,,
Chile,CHL,1810,,
Chile,CHL,1811,,
Chile,CHL,1812,,
Chile,CHL,1813,,
Chile,CHL,1814,,
Chile,CHL,1815,,
Chile,CHL,1816,,
Chile,CHL,1817,,
Chile,CHL,1818,,
Chile,CHL,1819,,
Chile,CHL,1820,,
Chile,CHL,1821,,
Chile,CHL,1822,,
Chile,CHL,1823,,
Chile,CHL,1824,,
Chile,CHL,1825,,
Chile,CHL,1826,,
Chile,CHL,1827,,
Chile,CHL,1828,,
Chile,CHL,1829,,
Chile,CHL,1830,,
Chile,CHL,1831,,
Chile,CHL,1832,,
Chile,CHL,1833,,
Chile,CHL,1834,,
Chile,CHL,1835,,
Chile,CHL,1836,,
Chile,CHL,1837,,
Chile,CHL,1838,,
Chile,CHL,1839,,
Chile,CHL,1840,,
Chile,CHL,1841,,
Chile,CHL,1842,,
Chile,CHL,1843,,
Chile,CHL,1844,,
Chile,CHL,1845,,
Chile,CHL,1846,,
Chile,CHL,1847,,
Chile,CHL,1848,,
Chile,CHL,1849,,
Chile,CHL,1850,,
Chile,CHL,1851,,
Chile,CHL,1852,,
Chile,CHL,1853,,
Chile,CHL,1854,,
Chile,CHL,1855,,
Chile,CHL,1856,,
Chile,CHL,1857,,
Chile,CHL,1858,,
Chile,CHL,1859,,
Chile,CHL,1860,,
Chile,CHL,1861,,
Chile,CHL,1862,,
Chile,CHL,1863,,
Chile,CHL,1864,,
Chile,CHL,1865,,
Chile,CHL,1866,,
Chile,CHL,1867,,
Chile,CHL,1868,,
Chile,CHL,1869,,
Chile,CHL,1870,,
Chile,CHL,1871,,
Chile,CHL,1872,,
Chile,CHL,1873,,
Chile,CHL,1874,,
Chile,CHL,1875,,
Chile,CHL,1876,,
Chile,CHL,1877,,
Chile,CHL,1878,,
Chile,CHL,1879,,
Chile,CHL,1880,,
Chile,CHL,1881,,
Chile,CHL,1882,,
Chile,CHL,1883,,
Chile,CHL,1884,,
Chile,CHL,1885,,
Chile,CHL,1886,,
Chile,CHL,1887,,
Chile,CHL,1888,,
Chile,CHL,1889,,
Chile,CHL,1890,,
Chile,CHL,1891,,
Chile,CHL,1892,,
Chile,CHL,1893,,
Chile,CHL,1894,,
Chile,CHL,1895,,
Chile,CHL,1896,,
Chile,CHL,1897,,
Chile,CHL,1898,,
Chile,CHL,1899,,
Chile,CHL,1900,1.0,3.0
Chile,CHL,1901,1.0,3.0
Chile,CHL,1902,1.0,3.0
Chile,CHL,1903,1.0,3.0
Chile,CHL,1904,1.0,3.0
Chile,CHL,1905,1.0,3.0
Chile,CHL,1906,1.0,3.0
Chile,CHL,1907,1.0,3.0
Chile,CHL,1908,1.0,3.0
Chile,CHL,1909,1.0,3.0
Chile,CHL,1910,1.0,3.0
Chile,CHL,1911,1.0,3.0
Chile,CHL,1912,1.0,3.0
Chile,CHL,1913,1.0,3.0
Chile,CHL,1914,1.0,3.0
Chile,CHL,1915,1.0,3.0
Chile,CHL,1916,1.0,3.0
Chile,CHL,1917,1.0,3.0
Chile,CHL,1918,1.0,3.0
Chile,CHL,1919,1.0,3.0
Chile,CHL,1920,1.0,3.0
Chile,CHL,1921,1.0,3.0
Chile,CHL,1922,1.0,3.0
Chile,CHL,1923,1.0,3.0
Chile,CHL,1924,1.0,3.0
Chile,CHL,1925,1.0,3.0
Chile,CHL,1926,1.0,3.0
Chile,CHL,1927,1.0,3.0
Chile,CHL,1928,0.0,0.0
Chile,CHL,1929,0.0,0.0
Chile,CHL,1930,0.0,0.0
Chile,CHL,1931,1.0,3.0
Chile,CHL,1932,1.0,3.0
Chile,CHL,1933,1.0,3.0
Chile,CHL,1934,1.0,3.0
Chile,CHL,1935,1.0,3.0
Chile,CHL,1936,1.0,3.0
Chile,CHL,1937,1.0,3.0
Chile,CHL,1938,1.0,3.0
Chile,CHL,1939,1.0,3.0
Chile,CHL,1940,1.0,3.0
Chile,CHL,1941,1.0,3.0
Chile,CHL,1942,1.0,3.0
Chile,CHL,1943,1.0,3.0
Chile,CHL,1944,1.0,3.0
Chile,CHL,1945,1.0,3.0
Chile,CHL,1946,1.0,3.0
Chile,CHL,1947,1.0,3.0
Chile,CHL,1948,1.0,3.0
Chile,CHL,1949,1.0,3.0
Chile,CHL,1950,1.0,3.0
Chile,CHL,1951,1.0,3.0
Chile,CHL,1952,1.0,3.0
Chile,CHL,1953,1.0,3.0
Chile,CHL,1954,1.0,3.0
Chile,CHL,1955,1.0,3.0
Chile,CHL,1956,1.0,3.0
Chile,CHL,1957,1.0,3.0
Chile,CHL,1958,1.0,3.0
Chile,CHL,1959,2.0,5.0
Chile,CHL,1960,2.0,5.0
Chile,CHL,1961,2.0,5.0
Chile,CHL,1962,2.0,5.0
Chile,CHL,1963,2.0,6.0
Chile,CHL,1964,2.0,6.0
Chile,CHL,1965,2.0,6.0
Chile,CHL,1966,2.0,6.0
Chile,CHL,1967,2.0,6.0
Chile,CHL,1968,2.0,6.0
Chile,CHL,1969,2.0,6.0
Chile,CHL,1970,2.0,6.0
Chile,CHL,1971,2.0,6.0
Chile,CHL,1972,2.0,6.0
Chile,CHL,1973,1.0,3.0
Chile,CHL,1974,0.0,0.0
Chile,CHL,1975,0.0,0.0
Chile,CHL,1976,0.0,0.0
Chile,CHL,1977,0.0,0.0
Chile,CHL,1978,0.0,0.0
Chile,CHL,1979,0.0,0.0
Chile,CHL,1980,0.0,0.0
Chile,CHL,1981,0.0,0.0
Chile,CHL,1982,0.0,0.0
Chile,CHL,1983,0.0,0.0
Chile,CHL,1984,0.0,0.0
Chile,CHL,1985,0.0,0.0
Chile,CHL,1986,0.0,0.0
Chile,CHL,1987,0.0,0.0
Chile,CHL,1988,0.0,0.0
Chile,CHL,1989,1.0,3.0
Chile,CHL,1990,2.0,7.0
Chile,CHL,1991,2.0,7.0
Chile,CHL,1992,2.0,7.0
Chile,CHL,1993,2.0,7.0
Chile,CHL,1994,2.0,7.0
Chile,CHL,1995,2.0,7.0
Chile,CHL,1996,3.0,8.0
Chile,CHL,1997,3.0,8.0
Chile,CHL,1998,3.0,8.0
Chile,CHL,1999,3.0,8.0
Chile,CHL,2000,3.0,8.0
Chile,CHL,2001,3.0,8.0
Chile,CHL,2002,3.0,8.0
Chile,CHL,2003,3.0,8.0
Chile,CHL,2004,3.0,8.0
Chile,CHL,2005,3.0,8.0
Chile,CHL,2006,3.0,8.0
Chile,CHL,2007,3.0,8.0
Chile,CHL,2008,3.0,8.0
Chile,CHL,2009,3.0,8.0
Chile,CHL,2010,3.0,8.0
Chile,CHL,2011,3.0,8.0
Chile,CHL,2012,3.0,8.0
Chile,CHL,2013,3.0,8.0
Chile,CHL,2014,3.0,8.0
Chile,CHL,2015,3.0,8.0
Chile,CHL,2016,3.0,8.0
Chile,CHL,2017,3.0,8.0
Chile,CHL,2018,3.0,8.0
Chile,CHL,2019,2.0,7.0
Chile,CHL,2020,2.0,7.0
Chile,CHL,2021,3.0,8.0
Chile,CHL,2022,3.0,8.0
Chile,CHL,2023,3.0,8.0
Chile,CHL,2024,3.0,8.0
Chile,CHL,2025,3.0,8.0
Costa Rica,CRI,1838,,
Costa Rica,CRI,1839,,
Costa Rica,CRI,1840,,
Costa Rica,CRI,1841,,
Costa Rica,CRI,1842,,
Costa Rica,CRI,1843,,
Costa Rica,CRI,1844,,
Costa Rica,CRI,1845,,
Costa Rica,CRI,1846,,
Costa Rica,CRI,1847,,
Costa Rica,CRI,1848,,
Costa Rica,CRI,1849,,
Costa Rica,CRI,1850,,
Costa Rica,CRI,1851,,
Costa Rica,CRI,1852,,
Costa Rica,CRI,1853,,
Costa Rica,CRI,1854,,
Costa Rica,CRI,1855,,
Costa Rica,CRI,1856,,
Costa Rica,CRI,1857,,
Costa Rica,CRI,1858,,
Costa Rica,CRI,1859,,
Costa Rica,CRI,1860,,
Costa Rica,CRI,1861,,
Costa Rica,CRI,1862,,
Costa Rica,CRI,1863,,
Costa Rica,CRI,1864,,
Costa Rica,CRI,1865,,
Costa Rica,CRI,1866,,
Costa Rica,CRI,1867,,
Costa Rica,CRI,1868,,
Costa Rica,CRI,1869,,
Costa Rica,CRI,1870,,
Costa Rica,CRI,1871,,
Costa Rica,CRI,1872,,
Costa Rica,CRI,1873,,
Costa Rica,CRI,1874,,
Costa Rica,CRI,1875,,
Costa Rica,CRI,1876,,
Costa Rica,CRI,1877,,
Costa Rica,CRI,1878,,
Costa Rica,CRI,1879,,
Costa Rica,CRI,1880,,
Costa Rica,CRI,1881,,
Costa Rica,CRI,1882,,
Costa Rica,CRI,1883,,
Costa Rica,CRI,1884,,
Costa Rica,CRI,1885,,
Costa Rica,CRI,1886,,
Costa Rica,CRI,1887,,
Costa Rica,CRI,1888,,
Costa Rica,CRI,1889,,
Costa Rica,CRI,1890,,
Costa Rica,CRI,1891,,
Costa Rica,CRI,1892,,
Costa Rica,CRI,1893,,
Costa Rica,CRI,1894,,
Costa Rica,CRI,1895,,
Costa Rica,CRI,1896,,
Costa Rica,CRI,1897,,
Costa Rica,CRI,1898,,
Costa Rica,CRI,1899,,
Costa Rica,CRI,1900,1.0,3.0
Costa Rica,CRI,1901,1.0,3.0
Costa Rica,CRI,1902,1.0,3.0
Costa Rica,CRI,1903,1.0,3.0
Costa Rica,CRI,1904,1.0,3.0
Costa Rica,CRI,1905,1.0,3.0
Costa Rica,CRI,1906,1.0,3.0
Costa Rica,CRI,1907,1.0,3.0
Costa Rica,CRI,1908,1.0,3.0
Costa Rica,CRI,1909,1.0,2.0
Costa Rica,CRI,1910,1.0,2.0
Costa Rica,CRI,1911,1.0,2.0
Costa Rica,CRI,1912,1.0,2.0
Costa Rica,CRI,1913,1.0,3.0
Costa Rica,CRI,1914,1.0,3.0
Costa Rica,CRI,1915,1.0,3.0
Costa Rica,CRI,1916,1.0,3.0
Costa Rica,CRI,1917,1.0,3.0
Costa Rica,CRI,1918,1.0,3.0
Costa Rica,CRI,1919,1.0,3.0
Costa Rica,CRI,1920,1.0,3.0
Costa Rica,CRI,1921,1.0,3.0
Costa Rica,CRI,1922,1.0,3.0
Costa Rica,CRI,1923,1.0,3.0
Costa Rica,CRI,1924,1.0,3.0
Costa Rica,CRI,1925,1.0,3.0
Costa Rica,CRI,1926,1.0,3.0
Costa Rica,CRI,1927,1.0,3.0
Costa Rica,CRI,1928,1.0,3.0
Costa Rica,CRI,1929,1.0,3.0
Costa Rica,CRI,1930,1.0,3.0
Costa Rica,CRI,1931,1.0,3.0
Costa Rica,CRI,1932,1.0,3.0
Costa Rica,CRI,1933,1.0,3.0
Costa Rica,CRI,1934,1.0,3.0
Costa Rica,CRI,1935,1.0,3.0
Costa Rica,CRI,1936,1.0,3.0
Costa Rica,CRI,1937,1.0,3.0
Costa Rica,CRI,1938,1.0,3.0
Costa Rica,CRI,1939,1.0,3.0
Costa Rica,CRI,1940,1.0,3.0
Costa Rica,CRI,1941,1.0,3.0
Costa Rica,CRI,1942,1.0,3.0
Costa Rica,CRI,1943,1.0,3.0
Costa Rica,CRI,1944,1.0,3.0
Costa Rica,CRI,1945,1.0,3.0
Costa Rica,CRI,1946,1.0,3.0
Costa Rica,CRI,1947,1.0,3.0
Costa Rica,CRI,1948,1.0,3.0
Costa Rica,CRI,1949,0.0,0.0
Costa Rica,CRI,1950,2.0,5.0
Costa Rica,CRI,1951,2.0,7.0
Costa Rica,CRI,1952,2.0,7.0
Costa Rica,CRI,1953,2.0,7.0
Costa Rica,CRI,1954,2.0,7.0
Costa Rica,CRI,1955,2.0,7.0
Costa Rica,CRI,1956,2.0,7.0
Costa Rica,CRI,1957,2.0,7.0
Costa Rica,CRI,1958,2.0,7.0
Costa Rica,CRI,1959,2.0,7.0
Costa Rica,CRI,1960,2.0,7.0
Costa Rica,CRI,1961,2.0,7.0
Costa Rica,CRI,1962,2.0,7.0
Costa Rica,CRI,1963,2.0,7.0
Costa Rica,CRI,1964,2.0,7.0
Costa Rica,CRI,1965,2.0,7.0
Costa Rica,CRI,1966,2.0,7.0
Costa Rica,CRI,1967,2.0,7.0
Costa Rica,CRI,1968,2.0,7.0
Costa Rica,CRI,1969,2.0,7.0
Costa Rica,CRI,1970,2.0,7.0
Costa Rica,CRI,1971,2.0,7.0
Costa Rica,CRI,1972,2.0,7.0
Costa Rica,CRI,1973,2.0,7.0
Costa Rica,CRI,1974,2.0,7.0
Costa Rica,CRI,1975,2.0,7.0
Costa Rica,CRI,1976,2.0,7.0
Costa Rica,CRI,1977,2.0,7.0
Costa Rica,CRI,1978,2.0,7.0
Costa Rica,CRI,1979,2.0,7.0
Costa Rica,CRI,1980,2.0,7.0
Costa Rica,CRI,1981,2.0,7.0
Costa Rica,CRI,1982,2.0,7.0
Costa Rica,CRI,1983,2.0,7.0
Costa Rica,CRI,1984,2.0,7.0
Costa Rica,CRI,1985,2.0,7.0
Costa Rica,CRI,1986,2.0,7.0
Costa Rica,CRI,1987,2.0,7.0
Costa Rica,CRI,1988,2.0,7.0
Costa Rica,CRI,1989,3.0,9.0
Costa Rica,CRI,1990,3.0,9.0
Costa Rica,CRI,1991,3.0,9.0
Costa Rica,CRI,1992,3.0,9.0
Costa Rica,CRI,1993,3.0,9.0
Costa Rica,CRI,1994,3.0,9.0
Costa Rica,CRI,1995,3.0,9.0
Costa Rica,CRI,1996,3.0,9.0
Costa Rica,CRI,1997,3.0,9.0
Costa Rica,CRI,1998,3.0,9.0
Costa Rica,CRI,1999,3.0,9.0
Costa Rica,CRI,2000,3.0,9.0
Costa Rica,CRI,2001,3.0,9.0
Costa Rica,CRI,2002,3.0,9.0
Costa Rica,CRI,2003,3.0,9.0
Costa Rica,CRI,2004,3.0,9.0
Costa Rica,CRI,2005,3.0,9.0
Costa Rica,CRI,2006,3.0,9.0
Costa Rica,CRI,2007,3.0,9.0
Costa Rica,CRI,2008,3.0,9.0
Costa Rica,CRI,2009,3.0,9.0
Costa Rica,CRI,2010,3.0,9.0
Costa Rica,CRI,2011,3.0,9.0
Costa Rica,CRI,2012,3.0,9.0
Costa Rica,CRI,2013,3.0,9.0
Costa Rica,CRI,2014,3.0,9.0
Costa Rica,CRI,2015,3.0,9.0
Costa Rica,CRI,2016,3.0,9.0
Costa Rica,CRI,2017,3.0,9.0
Costa Rica,CRI,2018,3.0,9.0
Costa Rica,CRI,2019,3.0,9.0
Costa Rica,CRI,2020,3.0,9.0
Costa Rica,CRI,2021,3.0,9.0
Costa Rica,CRI,2022,3.0,9.0
Costa Rica,CRI,2023,3.0,9.0
Costa Rica,CRI,2024,3.0,9.0
Costa Rica,CRI,2025,3.0,9.0
Timor-Leste,TLS,1900,0.0,0.0
Timor-Leste,TLS,1901,0.0,0.0
Timor-Leste,TLS,1902,0.0,0.0
Timor-Leste,TLS,1903,0.0,0.0
Timor-Leste,TLS,1904,0.0,0.0
Timor-Leste,TLS,1905,0.0,0.0
Timor-Leste,TLS,1906,0.0,0.0
Timor-Leste,TLS,1907,0.0,0.0
Timor-Leste,TLS,1908,0.0,0.0
Timor-Leste,TLS,1909,0.0,0.0
Timor-Leste,TLS,1910,0.0,0.0
Timor-Leste,TLS,1911,0.0,0.0
Timor-Leste,TLS,1912,0.0,0.0
Timor-Leste,TLS,1913,0.0,0.0
Timor-Leste,TLS,1914,0.0,0.0
Timor-Leste,TLS,1915,0.0,0.0
Timor-Leste,TLS,1916,0.0,0.0
Timor-Leste,TLS,1917,0.0,0.0
Timor-Leste,TLS,1918,0.0,0.0
Timor-Leste,TLS,1919,0.0,0.0
Timor-Leste,TLS,1920,0.0,0.0
Timor-Leste,TLS,1921,0.0,0.0
Timor-Leste,TLS,1922,0.0,0.0
Timor-Leste,TLS,1923,0.0,0.0
Timor-Leste,TLS,1924,0.0,0.0
Timor-Leste,TLS,1925,0.0,0.0
Timor-Leste,TLS,1926,0.0,0.0
Timor-Leste,TLS,1927,0.0,0.0
Timor-Leste,TLS,1928,0.0,0.0
Timor-Leste,TLS,1929,0.0,0.0
Timor-Leste,TLS,1930,0.0,0.0
Timor-Leste,TLS,1931,0.0,0.0
Timor-Leste,TLS,1932,0.0,0.0
Timor-Leste,TLS,1933,0.0,0.0
Timor-Leste,TLS,1934,0.0,0.0
Timor-Leste,TLS,1935,0.0,0.0
Timor-Leste,TLS,1936,0.0,0.0
Timor-Leste,TLS,1937,0.0,0.0
Timor-Leste,TLS,1938,0.0,0.0
Timor-Leste,TLS,1939,0.0,0.0
Timor-Leste,TLS,1940,0.0,0.0
Timor-Leste,TLS,1941,0.0,0.0
Timor-Leste,TLS,1942,0.0,0.0
Timor-Leste,TLS,1943,0.0,0.0
Timor-Leste,TLS,1944,0.0,0.0
Timor-Leste,TLS,1945,0.0,0.0
Timor-Leste,TLS,1946,0.0,0.0
Timor-Leste,TLS,1947,0.0,0.0
Timor-Leste,TLS,1948,0.0,0.0
Timor-Leste,TLS,1949,0.0,0.0
Timor-Leste,TLS,1950,0.0,0.0
Timor-Leste,TLS,1951,0.0,0.0
Timor-Leste,TLS,1952,0.0,0.0
Timor-Leste,TLS,1953,0.0,0.0
Timor-Leste,TLS,1954,0.0,0.0
Timor-Leste,TLS,1955,0.0,0.0
Timor-Leste,TLS,1956,0.0,0.0
Timor-Leste,TLS,1957,0.0,0.0
Timor-Leste,TLS,1958,0.0,0.0
Timor-Leste,TLS,1959,0.0,0.0
Timor-Leste,TLS,1960,0.0,0.0
Timor-Leste,TLS,1961,0.0,0.0
Timor-Leste,TLS,1962,0.0,0.0
Timor-Leste,TLS,1963,0.0,0.0
Timor-Leste,TLS,1964,0.0,0.0
Timor-Leste,TLS,1965,0.0,0.0
Timor-Leste,TLS,1966,0.0,0.0
Timor-Leste,TLS,1967,0.0,0.0
Timor-Leste,TLS,1968,0.0,0.0
Timor-Leste,TLS,1969,0.0,0.0
Timor-Leste,TLS,1970,0.0,0.0
Timor-Leste,TLS,1971,0.0,0.0
Timor-Leste,TLS,1972,0.0,0.0
Timor-Leste,TLS,1973,0.0,0.0
Timor-Leste,TLS,1974,0.0,0.0
Timor-Leste,TLS,1975,0.0,0.0
Timor-Leste,TLS,1976,0.0,0.0
Timor-Leste,TLS,1977,0.0,0.0
Timor-Leste,TLS,1978,0.0,0.0
Timor-Leste,TLS,1979,0.0,0.0
Timor-Leste,TLS,1980,0.0,0.0
Timor-Leste,TLS,1981,0.0,0.0
Timor-Leste,TLS,1982,0.0,0.0
Timor-Leste,TLS,1983,0.0,0.0
Timor-Leste,TLS,1984,0.0,0.0
Timor-Leste,TLS,1985,0.0,0.0
Timor-Leste,TLS,1986,0.0,0.0
Timor-Leste,TLS,1987,0.0,0.0
Timor-Leste,TLS,1988,0.0,0.0
Timor-Leste,TLS,1989,0.0,0.0
Timor-Leste,TLS,1990,0.0,0.0
Timor-Leste,TLS,1991,0.0,0.0
Timor-Leste,TLS,1992,0.0,0.0
Timor-Leste,TLS,1993,0.0,0.0
Timor-Leste,TLS,1994,0.0,0.0
Timor-Leste,TLS,1995,0.0,0.0
Timor-Leste,TLS,1996,0.0,0.0
Timor-Leste,TLS,1997,0.0,0.0
Timor-Leste,TLS,1998,0.0,0.0
Timor-Leste,TLS,1999,0.0,0.0
Timor-Leste,TLS,2000,0.0,0.0
Timor-Leste,TLS,2001,1.0,3.0
Timor-Leste,TLS,2002,2.0,5.0
Timor-Leste,TLS,2003,2.0,6.0
Timor-Leste,TLS,2004,2.0,6.0
Timor-Leste,TLS,2005,2.0,5.0
Timor-Leste,TLS,2006,2.0,6.0
Timor-Leste,TLS,2007,2.0,6.0
Timor-Leste,TLS,2008,2.0,6.0
Timor-Leste,TLS,2009,2.0,6.0
Timor-Leste,TLS,2010,2.0,6.0
Timor-Leste,TLS,2011,2.0,6.0
Timor-Leste,TLS,2012,2.0,6.0
Timor-Leste,TLS,2013,2.0,6.0
Timor-Leste,TLS,2014,2.0,6.0
Timor-Leste,TLS,2015,2.0,6.0
Timor-Leste,TLS,2016,2.0,6.0
Timor-Leste,TLS,2017,2.0,6.0
Timor-Leste,TLS,2018,2.0,6.0
Timor-Leste,TLS,2019,2.0,6.0
Timor-Leste,TLS,2020,2.0,6.0
Timor-Leste,TLS,2021,2.0,6.0
Timor-Leste,TLS,2022,2.0,6.0
Timor-Leste,TLS,2023,2.0,6.0
Timor-Leste,TLS,2024,2.0,6.0
Timor-Leste,TLS,2025,2.0,6.0
Ecuador,ECU,1830,,
Ecuador,ECU,1831,,
Ecuador,ECU,1832,,
Ecuador,ECU,1833,,
Ecuador,ECU,1834,,
Ecuador,ECU,1835,,
Ecuador,ECU,1836,,
Ecuador,ECU,1837,,
Ecuador,ECU,1838,,
Ecuador,ECU,1839,,
Ecuador,ECU,1840,,
Ecuador,ECU,1841,,
Ecuador,ECU,1842,,
Ecuador,ECU,1843,,
Ecuador,ECU,1844,,
Ecuador,ECU,1845,,
Ecuador,ECU,1846,,
Ecuador,ECU,1847,,
Ecuador,ECU,1848,,
Ecuador,ECU,1849,,
Ecuador,ECU,1850,,
Ecuador,ECU,1851,,
Ecuador,ECU,1852,,
Ecuador,ECU,1853,,
Ecuador,ECU,1854,,
Ecuador,ECU,1855,,
Ecuador,ECU,1856,,
Ecuador,ECU,1857,,
Ecuador,ECU,1858,,
Ecuador,ECU,1859,,
Ecuador,ECU,1860,,
Ecuador,ECU,1861,,
Ecuador,ECU,1862,,
Ecuador,ECU,1863,,
Ecuador,ECU,1864,,
Ecuador,ECU,1865,,
Ecuador,ECU,1866,,
Ecuador,ECU,1867,,
Ecuador,ECU,1868,,
Ecuador,ECU,1869,,
Ecuador,ECU,1870,,
Ecuador,ECU,1871,,
Ecuador,ECU,1872,,
Ecuador,ECU,1873,,
Ecuador,ECU,1874,,
Ecuador,ECU,1875,,
Ecuador,ECU,1876,,
Ecuador,ECU,1877,,
Ecuador,ECU,1878,,
Ecuador,ECU,1879,,
Ecuador,ECU,1880,,
Ecuador,ECU,1881,,
Ecuador,ECU,1882,,
Ecuador,ECU,1883,,
Ecuador,ECU,1884,,
Ecuador,ECU,1885,,
Ecuador,ECU,1886,,
Ecuador,ECU,1887,,
Ecuador,ECU,1888,,
Ecuador,ECU,1889,,
Ecuador,ECU,1890,,
Ecuador,ECU,1891,,
Ecuador,ECU,1892,,
Ecuador,ECU,1893,,
Ecuador,ECU,1894,,
Ecuador,ECU,1895,,
Ecuador,ECU,1896,,
Ecuador,ECU,1897,,
Ecuador,ECU,1898,,
Ecuador,ECU,1899,,
Ecuador,ECU,1900,0.0,1.0
Ecuador,ECU,1901,1.0,3.0
Ecuador,ECU,1902,1.0,3.0
Ecuador,ECU,1903,1.0,3.0
Ecuador,ECU,1904,1.0,3.0
Ecuador,ECU,1905,1.0,3.0
Ecuador,ECU,1906,1.0,3.0
Ecuador,ECU,1907,0.0,0.0
Ecuador,ECU,1908,0.0,0.0
Ecuador,ECU,1909,0.0,0.0
Ecuador,ECU,1910,0.0,0.0
Ecuador,ECU,1911,1.0,3.0
Ecuador,ECU,1912,1.0,3.0
Ecuador,ECU,1913,1.0,3.0
Ecuador,ECU,1914,1.0,3.0
Ecuador,ECU,1915,1.0,3.0
Ecuador,ECU,1916,1.0,3.0
Ecuador,ECU,1917,1.0,3.0
Ecuador,ECU,1918,1.0,3.0
Ecuador,ECU,1919,1.0,3.0
Ecuador,ECU,1920,1.0,3.0
Ecuador,ECU,1921,1.0,3.0
Ecuador,ECU,1922,1.0,3.0
Ecuador,ECU,1923,1.0,3.0
Ecuador,ECU,1924,1.0,3.0
Ecuador,ECU,1925,1.0,3.0
Ecuador,ECU,1926,1.0,3.0
Ecuador,ECU,1927,1.0,3.0
Ecuador,ECU,1928,1.0,3.0
Ecuador,ECU,1929,1.0,3.0
Ecuador,ECU,1930,1.0,3.0
Ecuador,ECU,1931,1.0,3.0
Ecuador,ECU,1932,1.0,3.0
Ecuador,ECU,1933,1.0,3.0
Ecuador,ECU,1934,1.0,3.0
Ecuador,ECU,1935,1.0,3.0
Ecuador,ECU,1936,0.0,0.0
Ecuador,ECU,1937,0.0,0.0
Ecuador,ECU,1938,1.0,3.0
Ecuador,ECU,1939,1.0,3.0
Ecuador,ECU,1940,1.0,3.0
Ecuador,ECU,1941,1.0,3.0
Ecuador,ECU,1942,1.0,3.0
Ecuador,ECU,1943,1.0,3.0
Ecuador,ECU,1944,1.0,3.0
Ecuador,ECU,1945,0.0,0.0
Ecuador,ECU,1946,0.0,0.0
Ecuador,ECU,1947,1.0,3.0
Ecuador,ECU,1948,1.0,3.0
Ecuador,ECU,1949,1.0,3.0
Ecuador,ECU,1950,1.0,3.0
Ecuador,ECU,1951,1.0,3.0
Ecuador,ECU,1952,1.0,3.0
Ecuador,ECU,1953,1.0,3.0
Ecuador,ECU,1954,1.0,3.0
Ecuador,ECU,1955,1.0,3.0
Ecuador,ECU,1956,1.0,3.0
Ecuador,ECU,1957,1.0,3.0
Ecuador,ECU,1958,1.0,3.0
Ecuador,ECU,1959,1.0,3.0
Ecuador,ECU,1960,1.0,3.0
Ecuador,ECU,1961,1.0,3.0
Ecuador,ECU,1962,1.0,3.0
Ecuador,ECU,1963,1.0,3.0
Ecuador,ECU,1964,0.0,0.0
Ecuador,ECU,1965,0.0,0.0
Ecuador,ECU,1966,0.0,0.0
Ecuador,ECU,1967,0.0,0.0
Ecuador,ECU,1968,1.0,3.0
Ecuador,ECU,1969,1.0,3.0
Ecuador,ECU,1970,1.0,3.0
Ecuador,ECU,1971,1.0,3.0
Ecuador,ECU,1972,0.0,0.0
Ecuador,ECU,1973,0.0,0.0
Ecuador,ECU,1974,0.0,0.0
Ecuador,ECU,1975,0.0,0.0
Ecuador,ECU,1976,0.0,0.0
Ecuador,ECU,1977,0.0,0.0
Ecuador,ECU,1978,0.0,0.0
Ecuador,ECU,1979,1.0,3.0
Ecuador,ECU,1980,2.0,6.0
Ecuador,ECU,1981,2.0,6.0
Ecuador,ECU,1982,2.0,6.0
Ecuador,ECU,1983,2.0,6.0
Ecuador,ECU,1984,2.0,6.0
Ecuador,ECU,1985,2.0,6.0
Ecuador,ECU,1986,2.0,6.0
Ecuador,ECU,1987,2.0,6.0
Ecuador,ECU,1988,2.0,6.0
Ecuador,ECU,1989,2.0,6.0
Ecuador,ECU,1990,2.0,6.0
Ecuador,ECU,1991,2.0,6.0
Ecuador,ECU,1992,2.0,6.0
Ecuador,ECU,1993,2.0,6.0
Ecuador,ECU,1994,2.0,6.0
Ecuador,ECU,1995,2.0,6.0
Ecuador,ECU,1996,2.0,6.0
Ecuador,ECU,1997,2.0,6.0
Ecuador,ECU,1998,2.0,6.0
Ecuador,ECU,1999,2.0,6.0
Ecuador,ECU,2000,2.0,6.0
Ecuador,ECU,2001,2.0,6.0
Ecuador,ECU,2002,2.0,6.0
Ecuador,ECU,2003,2.0,6.0
Ecuador,ECU,2004,2.0,6.0
Ecuador,ECU,2005,2.0,6.0
Ecuador,ECU,2006,2.0,6.0
Ecuador,ECU,2007,2.0,6.0
Ecuador,ECU,2008,2.0,6.0
Ecuador,ECU,2009,2.0,6.0
Ecuador,ECU,2010,2.0,6.0
Ecuador,ECU,2011,2.0,6.0
Ecuador,ECU,2012,2.0,6.0
Ecuador,ECU,2013,2.0,5.0
Ecuador,ECU,2014,2.0,5.0
Ecuador,ECU,2015,2.0,5.0
Ecuador,ECU,2016,2.0,5.0
Ecuador,ECU,2017,2.0,5.0
Ecuador,ECU,2018,2.0,6.0
Ecuador,ECU,2019,2.0,6.0
Ecuador,ECU,2020,2.0,6.0
Ecuador,ECU,2021,2.0,6.0
Ecuador,ECU,2022,2.0,6.0
Ecuador,ECU,2023,2.0,6.0
Ecuador,ECU,2024,2.0,6.0
Ecuador,ECU,2025,2.0,6.0
France,FRA,1789,,
France,FRA,1790,,
France,FRA,1791,,
France,FRA,1792,,
France,FRA,1793,,
France,FRA,1794,,
France,FRA,1795,,
France,FRA,1796,,
France,FRA,1797,,
France,FRA,1798,,
France,FRA,1799,,
France,FRA,1800,,
France,FRA,1801,,
France,FRA,1802,,
France,FRA,1803,,
France,FRA,1804,,
France,FRA,1805,,
France,FRA,1806,,
France,FRA,1807,,
France,FRA,1808,,
France,FRA,1809,,
France,FRA,1810,,
France,FRA,1811,,
France,FRA,1812,,
France,FRA,1813,,
France,FRA,1814,,
France,FRA,1815,,
France,FRA,1816,,
France,FRA,1817,,
France,FRA,1818,,
France,FRA,1819,,
France,FRA,1820,,
France,FRA,1821,,
France,FRA,1822,,
France,FRA,1823,,
France,FRA,1824,,
France,FRA,1825,,
France,FRA,1826,,
France,FRA,1827,,
France,FRA,1828,,
France,FRA,1829,,
France,FRA,1830,,
France,FRA,1831,,
France,FRA,1832,,
France,FRA,1833,,
France,FRA,1834,,
France,FRA,1835,,
France,FRA,1836,,
France,FRA,1837,,
France,FRA,1838,,
France,FRA,1839,,
France,FRA,1840,,
France,FRA,1841,,
France,FRA,1842,,
France,FRA,1843,,
France,FRA,1844,,
France,FRA,1845,,
France,FRA,1846,,
France,FRA,1847,,
France,FRA,1848,,
France,FRA,1849,,
France,FRA,1850,,
France,FRA,1851,,
France,FRA,1852,,
France,FRA,1853,,
France,FRA,1854,,
France,FRA,1855,,
France,FRA,1856,,
France,FRA,1857,,
France,FRA,1858,,
France,FRA,1859,,
France,FRA,1860,,
France,FRA,1861,,
France,FRA,1862,,
France,FRA,1863,,
France,FRA,1864,,
France,FRA,1865,,
France,FRA,1866,,
France,FRA,1867,,
France,FRA,1868,,
France,FRA,1869,,
France,FRA,1870,,
France,FRA,1871,,
France,FRA,1872,,
France,FRA,1873,,
France,FRA,1874,,
France,FRA,1875,,
France,FRA,1876,,
France,FRA,1877,,
France,FRA,1878,,
France,FRA,1879,,
France,FRA,1880,,
France,FRA,1881,,
France,FRA,1882,,
France,FRA,1883,,
France,FRA,1884,,
France,FRA,1885,,
France,FRA,1886,,
France,FRA,1887,,
France,FRA,1888,,
France,FRA,1889,,
France,FRA,1890,,
France,FRA,1891,,
France,FRA,1892,,
France,FRA,1893,,
France,FRA,1894,,
France,FRA,1895,,
France,FRA,1896,,
France,FRA,1897,,
France,FRA,1898,,
France,FRA,1899,,
France,FRA,1900,2.0,6.0
France,FRA,1901,2.0,6.0
France,FRA,1902,2.0,6.0
France,FRA,1903,2.0,6.0
France,FRA,1904,2.0,6.0
France,FRA,1905,2.0,6.0
France,FRA,1906,2.0,6.0
France,FRA,1907,2.0,6.0
France,FRA,1908,2.0,6.0
France,FRA,1909,2.0,6.0
France,FRA,1910,2.0,6.0
France,FRA,1911,2.0,6.0
France,FRA,1912,2.0,6.0
France,FRA,1913,2.0,6.0
France,FRA,1914,2.0,5.0
France,FRA,1915,2.0,5.0
France,FRA,1916,2.0,5.0
France,FRA,1917,2.0,5.0
France,FRA,1918,2.0,5.0
France,FRA,1919,2.0,5.0
France,FRA,1920,2.0,6.0
France,FRA,1921,2.0,6.0
France,FRA,1922,2.0,6.0
France,FRA,1923,2.0,6.0
France,FRA,1924,2.0,6.0
France,FRA,1925,2.0,6.0
France,FRA,1926,2.0,6.0
France,FRA,1927,2.0,6.0
France,FRA,1928,2.0,6.0
France,FRA,1929,2.0,6.0
France,FRA,1930,2.0,6.0
France,FRA,1931,2.0,6.0
France,FRA,1932,2.0,6.0
France,FRA,1933,2.0,6.0
France,FRA,1934,2.0,6.0
France,FRA,1935,2.0,6.0
France,FRA,1936,2.0,6.0
France,FRA,1937,2.0,6.0
France,FRA,1938,2.0,7.0
France,FRA,1939,2.0,5.0
France,FRA,1940,0.0,0.0
France,FRA,1941,0.0,0.0
France,FRA,1942,0.0,0.0
France,FRA,1943,0.0,0.0
France,FRA,1944,0.0,0.0
France,FRA,1945,0.0,0.0
France,FRA,1946,0.0,0.0
France,FRA,1947,3.0,8.0
France,FRA,1948,3.0,8.0
France,FRA,1949,3.0,8.0
France,FRA,1950,3.0,8.0
France,FRA,1951,3.0,8.0
France,FRA,1952,3.0,8.0
France,FRA,1953,3.0,8.0
France,FRA,1954,3.0,8.0
France,FRA,1955,3.0,8.0
France,FRA,1956,3.0,8.0
France,FRA,1957,3.0,8.0
France,FRA,1958,3.0,8.0
France,FRA,1959,3.0,8.0
France,FRA,1960,3.0,8.0
France,FRA,1961,3.0,8.0
France,FRA,1962,3.0,8.0
France,FRA,1963,3.0,8.0
France,FRA,1964,3.0,8.0
France,FRA,1965,3.0,8.0
France,FRA,1966,3.0,8.0
France,FRA,1967,3.0,8.0
France,FRA,1968,3.0,8.0
France,FRA,1969,3.0,8.0
France,FRA,1970,3.0,8.0
France,FRA,1971,3.0,8.0
France,FRA,1972,3.0,8.0
France,FRA,1973,3.0,8.0
France,FRA,1974,3.0,8.0
France,FRA,1975,3.0,8.0
France,FRA,1976,3.0,8.0
France,FRA,1977,3.0,8.0
France,FRA,1978,3.0,8.0
France,FRA,1979,3.0,8.0
France,FRA,1980,3.0,8.0
France,FRA,1981,3.0,8.0
France,FRA,1982,3.0,8.0
France,FRA,1983,3.0,8.0
France,FRA,1984,3.0,8.0
France,FRA,1985,3.0,8.0
France,FRA,1986,3.0,8.0
France,FRA,1987,3.0,8.0
France,FRA,1988,3.0,8.0
France,FRA,1989,3.0,8.0
France,FRA,1990,3.0,8.0
France,FRA,1991,3.0,8.0
France,FRA,1992,3.0,9.0
France,FRA,1993,3.0,9.0
France,FRA,1994,3.0,9.0
France,FRA,1995,3.0,9.0
France,FRA,1996,3.0,9.0
France,FRA,1997,3.0,9.0
France,FRA,1998,3.0,9.0
France,FRA,1999,3.0,9.0
France,FRA,2000,3.0,9.0
France,FRA,2001,3.0,9.0
France,FRA,2002,3.0,9.0
France,FRA,2003,3.0,9.0
France,FRA,2004,3.0,9.0
France,FRA,2005,3.0,9.0
France,FRA,2006,3.0,9.0
France,FRA,2007,3.0,9.0
France,FRA,2008,3.0,9.0
France,FRA,2009,3.0,9.0
France,FRA,2010,3.0,9.0
France,FRA,2011,3.0,9.0
France,FRA,2012,3.0,9.0
France,FRA,2013,3.0,9.0
France,FRA,2014,3.0,9.0
France,FRA,2015,3.0,9.0
France,FRA,2016,3.0,9.0
France,FRA,2017,3.0,9.0
France,FRA,2018,3.0,9.0
France,FRA,2019,3.0,9.0
France,FRA,2020,3.0,9.0
France,FRA,2021,3.0,8.0
France,FRA,2022,3.0,8.0
France,FRA,2023,3.0,8.0
France,FRA,2024,3.0,8.0
France,FRA,2025,3.0,8.0
Germany,DEU,1789,,
Germany,DEU,1790,,
Germany,DEU,1791,,
Germany,DEU,1792,,
Germany,DEU,1793,,
Germany,DEU,1794,,
Germany,DEU,1795,,
Germany,DEU,1796,,
Germany,DEU,1797,,
Germany,DEU,1798,,
Germany,DEU,1799,,
Germany,DEU,1800,,
Germany,DEU,1801,,
Germany,DEU,1802,,
Germany,DEU,1803,,
Germany,DEU,1804,,
Germany,DEU,1805,,
Germany,DEU,1806,,
Germany,DEU,1807,,
Germany,DEU,1808,,
Germany,DEU,1809,,
Germany,DEU,1810,,
Germany,DEU,1811,,
Germany,DEU,1812,,
Germany,DEU,1813,,
Germany,DEU,1814,,
Germany,DEU,1815,,
Germany,DEU,1816,,
Germany,DEU,1817,,
Germany,DEU,1818,,
Germany,DEU,1819,,
Germany,DEU,1820,,
Germany,DEU,1821,,
Germany,DEU,1822,,
Germany,DEU,1823,,
Germany,DEU,1824,,
Germany,DEU,1825,,
Germany,DEU,1826,,
Germany,DEU,1827,,
Germany,DEU,1828,,
Germany,DEU,1829,,
Germany,DEU,1830,,
Germany,DEU,1831,,
Germany,DEU,1832,,
Germany,DEU,1833,,
Germany,DEU,1834,,
Germany,DEU,1835,,
Germany,DEU,1836,,
Germany,DEU,1837,,
Germany,DEU,1838,,
Germany,DEU,1839,,
Germany,DEU,1840,,
Germany,DEU,1841,,
Germany,DEU,1842,,
Germany,DEU,1843,,
Germany,DEU,1844,,
Germany,DEU,1845,,
Germany,DEU,1846,,
Germany,DEU,1847,,
Germany,DEU,1848,,
Germany,DEU,1849,,
Germany,DEU,1850,,
Germany,DEU,1851,,
Germany,DEU,1852,,
Germany,DEU,1853,,
Germany,DEU,1854,,
Germany,DEU,1855,,
Germany,DEU,1856,,
Germany,DEU,1857,,
Germany,DEU,1858,,
Germany,DEU,1859,,
Germany,DEU,1860,,
Germany,DEU,1861,,
Germany,DEU,1862,,
Germany,DEU,1863,,
Germany,DEU,1864,,
Germany,DEU,1865,,
Germany,DEU,1866,,
Germany,DEU,1867,,
Germany,DEU,1868,,
Germany,DEU,1869,,
Germany,DEU,1870,,
Germany,DEU,1871,,
Germany,DEU,1872,,
Germany,DEU,1873,,
Germany,DEU,1874,,
Germany,DEU,1875,,
Germany,DEU,1876,,
Germany,DEU,1877,,
Germany,DEU,1878,,
Germany,DEU,1879,,
Germany,DEU,1880,,
Germany,DEU,1881,,
Germany,DEU,1882,,
Germany,DEU,1883,,
Germany,DEU,1884,,
Germany,DEU,1885,,
Germany,DEU,1886,,
Germany,DEU,1887,,
Germany,DEU,1888,,
Germany,DEU,1889,,
Germany,DEU,1890,,
Germany,DEU,1891,,
Germany,DEU,1892,,
Germany,DEU,1893,,
Germany,DEU,1894,,
Germany,DEU,1895,,
Germany,DEU,1896,,
Germany,DEU,1897,,
Germany,DEU,1898,,
Germany,DEU,1899,,
Germany,DEU,1900,0.0,0.0
Germany,DEU,1901,0.0,0.0
Germany,DEU,1902,0.0,0.0
Germany,DEU,1903,0.0,0.0
Germany,DEU,1904,0.0,0.0
Germany,DEU,1905,0.0,0.0
Germany,DEU,1906,0.0,0.0
Germany,DEU,1907,0.0,0.0
Germany,DEU,1908,0.0,0.0
Germany,DEU,1909,0.0,0.0
Germany,DEU,1910,0.0,0.0
Germany,DEU,1911,0.0,0.0
Germany,DEU,1912,0.0,0.0
Germany,DEU,1913,0.0,0.0
Germany,DEU,1914,0.0,0.0
Germany,DEU,1915,0.0,0.0
Germany,DEU,1916,0.0,0.0
Germany,DEU,1917,0.0,0.0
Germany,DEU,1918,0.0,0.0
Germany,DEU,1919,2.0,6.0
Germany,DEU,1920,2.0,7.0
Germany,DEU,1921,2.0,7.0
Germany,DEU,1922,2.0,7.0
Germany,DEU,1923,2.0,7.0
Germany,DEU,1924,2.0,7.0
Germany,DEU,1925,2.0,7.0
Germany,DEU,1926,2.0,7.0
Germany,DEU,1927,2.0,7.0
Germany,DEU,1928,2.0,7.0
Germany,DEU,1929,2.0,7.0
Germany,DEU,1930,2.0,7.0
Germany,DEU,1931,2.0,7.0
Germany,DEU,1932,2.0,5.0
Germany,DEU,1933,1.0,3.0
Germany,DEU,1934,0.0,0.0
Germany,DEU,1935,0.0,0.0
Germany,DEU,1936,0.0,0.0
Germany,DEU,1937,0.0,0.0
Germany,DEU,1938,0.0,0.0
Germany,DEU,1939,0.0,0.0
Germany,DEU,1940,0.0,0.0
Germany,DEU,1941,0.0,0.0
Germany,DEU,1942,0.0,0.0
Germany,DEU,1943,0.0,0.0
Germany,DEU,1944,0.0,0.0
Germany,DEU,1949,3.0,9.0
Germany,DEU,1950,3.0,9.0
Germany,DEU,1951,3.0,9.0
Germany,DEU,1952,3.0,9.0
Germany,DEU,1953,3.0,9.0
Germany,DEU,1954,3.0,9.0
Germany,DEU,1955,3.0,9.0
Germany,DEU,1956,3.0,9.0
Germany,DEU,1957,3.0,9.0
Germany,DEU,1958,3.0,9.0
Germany,DEU,1959,3.0,9.0
Germany,DEU,1960,3.0,9.0
Germany,DEU,1961,3.0,9.0
Germany,DEU,1962,3.0,9.0
Germany,DEU,1963,3.0,9.0
Germany,DEU,1964,3.0,9.0
Germany,DEU,1965,3.0,9.0
Germany,DEU,1966,3.0,9.0
Germany,DEU,1967,3.0,9.0
Germany,DEU,1968,3.0,9.0
Germany,DEU,1969,3.0,9.0
Germany,DEU,1970,3.0,9.0
Germany,DEU,1971,3.0,9.0
Germany,DEU,1972,3.0,9.0
Germany,DEU,1973,3.0,9.0
Germany,DEU,1974,3.0,9.0
Germany,DEU,1975,3.0,9.0
Germany,DEU,1976,3.0,9.0
Germany,DEU,1977,3.0,9.0
Germany,DEU,1978,3.0,9.0
Germany,DEU,1979,3.0,9.0
Germany,DEU,1980,3.0,9.0
Germany,DEU,1981,3.0,9.0
Germany,DEU,1982,3.0,9.0
Germany,DEU,1983,3.0,9.0
Germany,DEU,1984,3.0,9.0
Germany,DEU,1985,3.0,9.0
Germany,DEU,1986,3.0,9.0
Germany,DEU,1987,3.0,9.0
Germany,DEU,1988,3.0,9.0
Germany,DEU,1989,3.0,9.0
Germany,DEU,1990,3.0,9.0
Germany,DEU,1991,3.0,9.0
Germany,DEU,1992,3.0,9.0
Germany,DEU,1993,3.0,9.0
Germany,DEU,1994,3.0,9.0
Germany,DEU,1995,3.0,9.0
Germany,DEU,1996,3.0,9.0
Germany,DEU,1997,3.0,9.0
Germany,DEU,1998,3.0,9.0
Germany,DEU,1999,3.0,9.0
Germany,DEU,2000,3.0,9.0
Germany,DEU,2001,3.0,9.0
Germany,DEU,2002,3.0,9.0
Germany,DEU,2003,3.0,9.0
Germany,DEU,2004,3.0,9.0
Germany,DEU,2005,3.0,9.0
Germany,DEU,2006,3.0,9.0
Germany,DEU,2007,3.0,9.0
Germany,DEU,2008,3.0,9.0
Germany,DEU,2009,3.0,9.0
Germany,DEU,2010,3.0,9.0
Germany,DEU,2011,3.0,9.0
Germany,DEU,2012,3.0,9.0
Germany,DEU,2013,3.0,9.0
Germany,DEU,2014,3.0,9.0
Germany,DEU,2015,3.0,9.0
Germany,DEU,2016,3.0,9.0
Germany,DEU,2017,3.0,9.0
Germany,DEU,2018,3.0,9.0
Germany,DEU,2019,3.0,9.0
Germany,DEU,2020,3.0,9.0
Germany,DEU,2021,3.0,9.0
Germany,DEU,2022,3.0,9.0
Germany,DEU,2023,3.0,9.0
Germany,DEU,2024,3.0,9.0
Germany,DEU,2025,3.0,9.0
Guatemala,GTM,1789,,
Guatemala,GTM,1790,,
Guatemala,GTM,1791,,
Guatemala,GTM,1792,,
Guatemala,GTM,1793,,
Guatemala,GTM,1794,,
Guatemala,GTM,1795,,
Guatemala,GTM,1796,,
Guatemala,GTM,1797,,
Guatemala,GTM,1798,,
Guatemala,GTM,1799,,
Guatemala,GTM,1800,,
Guatemala,GTM,1801,,
Guatemala,GTM,1802,,
Guatemala,GTM,1803,,
Guatemala,GTM,1804,,
Guatemala,GTM,1805,,
Guatemala,GTM,1806,,
Guatemala,GTM,1807,,
Guatemala,GTM,1808,,
Guatemala,GTM,1809,,
Guatemala,GTM,1810,,
Guatemala,GTM,1811,,
Guatemala,GTM,1812,,
Guatemala,GTM,1813,,
Guatemala,GTM,1814,,
Guatemala,GTM,1815,,
Guatemala,GTM,1816,,
Guatemala,GTM,1817,,
Guatemala,GTM,1818,,
Guatemala,GTM,1819,,
Guatemala,GTM,1820,,
Guatemala,GTM,1821,,
Guatemala,GTM,1822,,
Guatemala,GTM,1823,,
Guatemala,GTM,1824,,
Guatemala,GTM,1825,,
Guatemala,GTM,1826,,
Guatemala,GTM,1827,,
Guatemala,GTM,1828,,
Guatemala,GTM,1829,,
Guatemala,GTM,1830,,
Guatemala,GTM,1831,,
Guatemala,GTM,1832,,
Guatemala,GTM,1833,,
Guatemala,GTM,1834,,
Guatemala,GTM,1835,,
Guatemala,GTM,1836,,
Guatemala,GTM,1837,,
Guatemala,GTM,1838,,
Guatemala,GTM,1839,,
Guatemala,GTM,1840,,
Guatemala,GTM,1841,,
Guatemala,GTM,1842,,
Guatemala,GTM,1843,,
Guatemala,GTM,1844,,
Guatemala,GTM,1845,,
Guatemala,GTM,1846,,
Guatemala,GTM,1847,,
Guatemala,GTM,1848,,
Guatemala,GTM,1849,,
Guatemala,GTM,1850,,
Guatemala,GTM,1851,,
Guatemala,GTM,1852,,
Guatemala,GTM,1853,,
Guatemala,GTM,1854,,
Guatemala,GTM,1855,,
Guatemala,GTM,1856,,
Guatemala,GTM,1857,,
Guatemala,GTM,1858,,
Guatemala,GTM,1859,,
Guatemala,GTM,1860,,
Guatemala,GTM,1861,,
Guatemala,GTM,1862,,
Guatemala,GTM,1863,,
Guatemala,GTM,1864,,
Guatemala,GTM,1865,,
Guatemala,GTM,1866,,
Guatemala,GTM,1867,,
Guatemala,GTM,1868,,
Guatemala,GTM,1869,,
Guatemala,GTM,1870,,
Guatemala,GTM,1871,,
Guatemala,GTM,1872,,
Guatemala,GTM,1873,,
Guatemala,GTM,1874,,
Guatemala,GTM,1875,,
Guatemala,GTM,1876,,
Guatemala,GTM,1877,,
Guatemala,GTM,1878,,
Guatemala,GTM,1879,,
Guatemala,GTM,1880,,
Guatemala,GTM,1881,,
Guatemala,GTM,1882,,
Guatemala,GTM,1883,,
Guatemala,GTM,1884,,
Guatemala,GTM,1885,,
Guatemala,GTM,1886,,
Guatemala,GTM,1887,,
Guatemala,GTM,1888,,
Guatemala,GTM,1889,,
Guatemala,GTM,1890,,
Guatemala,GTM,1891,,
Guatemala,GTM,1892,,
Guatemala,GTM,1893,,
Guatemala,GTM,1894,,
Guatemala,GTM,1895,,
Guatemala,GTM,1896,,
Guatemala,GTM,1897,,
Guatemala,GTM,1898,,
Guatemala,GTM,1899,,
Guatemala,GTM,1900,0.0,1.0
Guatemala,GTM,1901,0.0,1.0
Guatemala,GTM,1902,0.0,1.0
Guatemala,GTM,1903,0.0,1.0
Guatemala,GTM,1904,0.0,0.0
Guatemala,GTM,1905,0.0,0.0
Guatemala,GTM,1906,0.0,0.0
Guatemala,GTM,1907,0.0,0.0
Guatemala,GTM,1908,0.0,0.0
Guatemala,GTM,1909,0.0,0.0
Guatemala,GTM,1910,0.0,0.0
Guatemala,GTM,1911,0.0,0.0
Guatemala,GTM,1912,0.0,0.0
Guatemala,GTM,1913,0.0,0.0
Guatemala,GTM,1914,0.0,0.0
Guatemala,GTM,1915,0.0,0.0
Guatemala,GTM,1916,0.0,0.0
Guatemala,GTM,1917,0.0,0.0
Guatemala,GTM,1918,0.0,0.0
Guatemala,GTM,1919,0.0,0.0
Guatemala,GTM,1920,0.0,0.0
Guatemala,GTM,1921,0.0,0.0
Guatemala,GTM,1922,1.0,3.0
Guatemala,GTM,1923,1.0,3.0
Guatemala,GTM,1924,1.0,3.0
Guatemala,GTM,1925,1.0,3.0
Guatemala,GTM,1926,1.0,3.0
Guatemala,GTM,1927,1.0,3.0
Guatemala,GTM,1928,1.0,3.0
Guatemala,GTM,1929,1.0,3.0
Guatemala,GTM,1930,1.0,3.0
Guatemala,GTM,1931,1.0,2.0
Guatemala,GTM,1932,1.0,2.0
Guatemala,GTM,1933,1.0,2.0
Guatemala,GTM,1934,1.0,2.0
Guatemala,GTM,1935,0.0,0.0
Guatemala,GTM,1936,0.0,0.0
Guatemala,GTM,1937,0.0,0.0
Guatemala,GTM,1938,0.0,0.0
Guatemala,GTM,1939,0.0,0.0
Guatemala,GTM,1940,0.0,0.0
Guatemala,GTM,1941,0.0,0.0
Guatemala,GTM,1942,0.0,0.0
Guatemala,GTM,1943,0.0,0.0
Guatemala,GTM,1944,1.0,3.0
Guatemala,GTM,1945,1.0,3.0
Guatemala,GTM,1946,1.0,3.0
Guatemala,GTM,1947,1.0,3.0
Guatemala,GTM,1948,1.0,3.0
Guatemala,GTM,1949,1.0,3.0
Guatemala,GTM,1950,1.0,3.0
Guatemala,GTM,1951,1.0,3.0
Guatemala,GTM,1952,1.0,3.0
Guatemala,GTM,1953,1.0,3.0
Guatemala,GTM,1954,1.0,3.0
Guatemala,GTM,1955,0.0,0.0
Guatemala,GTM,1956,0.0,0.0
Guatemala,GTM,1957,0.0,1.0
Guatemala,GTM,1958,0.0,1.0
Guatemala,GTM,1959,0.0,1.0
Guatemala,GTM,1960,0.0,1.0
Guatemala,GTM,1961,0.0,1.0
Guatemala,GTM,1962,0.0,1.0
Guatemala,GTM,1963,0.0,1.0
Guatemala,GTM,1964,0.0,0.0
Guatemala,GTM,1965,0.0,0.0
Guatemala,GTM,1966,1.0,3.0
Guatemala,GTM,1967,1.0,3.0
Guatemala,GTM,1968,1.0,3.0
Guatemala,GTM,1969,1.0,3.0
Guatemala,GTM,1970,1.0,3.0
Guatemala,GTM,1971,1.0,3.0
Guatemala,GTM,1972,1.0,3.0
Guatemala,GTM,1973,1.0,3.0
Guatemala,GTM,1974,1.0,2.0
Guatemala,GTM,1975,1.0,2.0
Guatemala,GTM,1976,1.0,2.0
Guatemala,GTM,1977,1.0,2.0
Guatemala,GTM,1978,1.0,3.0
Guatemala,GTM,1979,1.0,3.0
Guatemala,GTM,1980,1.0,3.0
Guatemala,GTM,1981,1.0,3.0
Guatemala,GTM,1982,1.0,2.0
Guatemala,GTM,1983,0.0,0.0
Guatemala,GTM,1984,0.0,0.0
Guatemala,GTM,1985,1.0,3.0
Guatemala,GTM,1986,1.0,3.0
Guatemala,GTM,1987,1.0,3.0
Guatemala,GTM,1988,1.0,3.0
Guatemala,GTM,1989,1.0,3.0
Guatemala,GTM,1990,1.0,3.0
Guatemala,GTM,1991,1.0,3.0
Guatemala,GTM,1992,1.0,3.0
Guatemala,GTM,1993,1.0,3.0
Guatemala,GTM,1994,1.0,3.0
Guatemala,GTM,1995,1.0,3.0
Guatemala,GTM,1996,1.0,4.0
Guatemala,GTM,1997,1.0,4.0
Guatemala,GTM,1998,1.0,4.0
Guatemala,GTM,1999,1.0,4.0
Guatemala,GTM,2000,2.0,5.0
Guatemala,GTM,2001,2.0,5.0
Guatemala,GTM,2002,2.0,5.0
Guatemala,GTM,2003,2.0,5.0
Guatemala,GTM,2004,2.0,5.0
Guatemala,GTM,2005,2.0,5.0
Guatemala,GTM,2006,2.0,5.0
Guatemala,GTM,2007,2.0,6.0
Guatemala,GTM,2008,2.0,6.0
Guatemala,GTM,2009,2.0,6.0
Guatemala,GTM,2010,2.0,6.0
Guatemala,GTM,2011,2.0,6.0
Guatemala,GTM,2012,2.0,6.0
Guatemala,GTM,2013,2.0,6.0
Guatemala,GTM,2014,2.0,6.0
Guatemala,GTM,2015,2.0,6.0
Guatemala,GTM,2016,2.0,6.0
Guatemala,GTM,2017,2.0,6.0
Guatemala,GTM,2018,2.0,6.0
Guatemala,GTM,2019,2.0,6.0
Guatemala,GTM,2020,2.0,6.0
Guatemala,GTM,2021,2.0,5.0
Guatemala,GTM,2022,2.0,5.0
Guatemala,GTM,2023,2.0,5.0
Guatemala,GTM,2024,2.0,6.0
Guatemala,GTM,2025,2.0,6.0
Iran,IRN,1789,,
Iran,IRN,1790,,
Iran,IRN,1791,,
Iran,IRN,1792,,
Iran,IRN,1793,,
Iran,IRN,1794,,
Iran,IRN,1795,,
Iran,IRN,1796,,
Iran,IRN,1797,,
Iran,IRN,1798,,
Iran,IRN,1799,,
Iran,IRN,1800,,
Iran,IRN,1801,,
Iran,IRN,1802,,
Iran,IRN,1803,,
Iran,IRN,1804,,
Iran,IRN,1805,,
Iran,IRN,1806,,
Iran,IRN,1807,,
Iran,IRN,1808,,
Iran,IRN,1809,,
Iran,IRN,1810,,
Iran,IRN,1811,,
Iran,IRN,1812,,
Iran,IRN,1813,,
Iran,IRN,1814,,
Iran,IRN,1815,,
Iran,IRN,1816,,
Iran,IRN,1817,,
Iran,IRN,1818,,
Iran,IRN,1819,,
Iran,IRN,1820,,
Iran,IRN,1821,,
Iran,IRN,1822,,
Iran,IRN,1823,,
Iran,IRN,1824,,
Iran,IRN,1825,,
Iran,IRN,1826,,
Iran,IRN,1827,,
Iran,IRN,1828,,
Iran,IRN,1829,,
Iran,IRN,1830,,
Iran,IRN,1831,,
Iran,IRN,1832,,
Iran,IRN,1833,,
Iran,IRN,1834,,
Iran,IRN,1835,,
Iran,IRN,1836,,
Iran,IRN,1837,,
Iran,IRN,1838,,
Iran,IRN,1839,,
Iran,IRN,1840,,
Iran,IRN,1841,,
Iran,IRN,1842,,
Iran,IRN,1843,,
Iran,IRN,1844,,
Iran,IRN,1845,,
Iran,IRN,1846,,
Iran,IRN,1847,,
Iran,IRN,1848,,
Iran,IRN,1849,,
Iran,IRN,1850,,
Iran,IRN,1851,,
Iran,IRN,1852,,
Iran,IRN,1853,,
Iran,IRN,1854,,
Iran,IRN,1855,,
Iran,IRN,1856,,
Iran,IRN,1857,,
Iran,IRN,1858,,
Iran,IRN,1859,,
Iran,IRN,1860,,
Iran,IRN,1861,,
Iran,IRN,1862,,
Iran,IRN,1863,,
Iran,IRN,1864,,
Iran,IRN,1865,,
Iran,IRN,1866,,
Iran,IRN,1867,,
Iran,IRN,1868,,
Iran,IRN,1869,,
Iran,IRN,1870,,
Iran,IRN,1871,,
Iran,IRN,1872,,
Iran,IRN,1873,,
Iran,IRN,1874,,
Iran,IRN,1875,,
Iran,IRN,1876,,
Iran,IRN,1877,,
Iran,IRN,1878,,
Iran,IRN,1879,,
Iran,IRN,1880,,
Iran,IRN,1881,,
Iran,IRN,1882,,
Iran,IRN,1883,,
Iran,IRN,1884,,
Iran,IRN,1885,,
Iran,IRN,1886,,
Iran,IRN,1887,,
Iran,IRN,1888,,
Iran,IRN,1889,,
Iran,IRN,1890,,
Iran,IRN,1891,,
Iran,IRN,1892,,
Iran,IRN,1893,,
Iran,IRN,1894,,
Iran,IRN,1895,,
Iran,IRN,1896,,
Iran,IRN,1897,,
Iran,IRN,1898,,
Iran,IRN,1899,,
Iran,IRN,1900,0.0,0.0
Iran,IRN,1901,0.0,0.0
Iran,IRN,1902,0.0,0.0
Iran,IRN,1903,0.0,0.0
Iran,IRN,1904,0.0,0.0
Iran,IRN,1905,0.0,0.0
Iran,IRN,1906,0.0,0.0
Iran,IRN,1907,0.0,0.0
Iran,IRN,1908,0.0,0.0
Iran,IRN,1909,0.0,0.0
Iran,IRN,1910,0.0,0.0
Iran,IRN,1911,0.0,0.0
Iran,IRN,1912,0.0,0.0
Iran,IRN,1913,0.0,0.0
Iran,IRN,1914,0.0,0.0
Iran,IRN,1915,0.0,0.0
Iran,IRN,1916,0.0,0.0
Iran,IRN,1917,0.0,0.0
Iran,IRN,1918,0.0,0.0
Iran,IRN,1919,0.0,0.0
Iran,IRN,1920,0.0,0.0
Iran,IRN,1921,0.0,0.0
Iran,IRN,1922,0.0,0.0
Iran,IRN,1923,0.0,0.0
Iran,IRN,1924,0.0,0.0
Iran,IRN,1925,0.0,0.0
Iran,IRN,1926,0.0,0.0
Iran,IRN,1927,0.0,0.0
Iran,IRN,1928,0.0,0.0
Iran,IRN,1929,0.0,0.0
Iran,IRN,1930,0.0,0.0
Iran,IRN,1931,0.0,0.0
Iran,IRN,1932,0.0,0.0
Iran,IRN,1933,0.0,0.0
Iran,IRN,1934,0.0,0.0
Iran,IRN,1935,0.0,0.0
Iran,IRN,1936,0.0,0.0
Iran,IRN,1937,0.0,0.0
Iran,IRN,1938,0.0,0.0
Iran,IRN,1939,0.0,0.0
Iran,IRN,1940,0.0,0.0
Iran,IRN,1941,0.0,0.0
Iran,IRN,1942,0.0,0.0
Iran,IRN,1943,0.0,0.0
Iran,IRN,1944,0.0,0.0
Iran,IRN,1945,0.0,0.0
Iran,IRN,1946,0.0,0.0
Iran,IRN,1947,0.0,0.0
Iran,IRN,1948,0.0,0.0
Iran,IRN,1949,0.0,0.0
Iran,IRN,1950,0.0,0.0
Iran,IRN,1951,0.0,0.0
Iran,IRN,1952,0.0,0.0
Iran,IRN,1953,0.0,0.0
Iran,IRN,1954,0.0,0.0
Iran,IRN,1955,0.0,0.0
Iran,IRN,1956,0.0,0.0
Iran,IRN,1957,0.0,0.0
Iran,IRN,1958,0.0,0.0
Iran,IRN,1959,0.0,0.0
Iran,IRN,1960,0.0,0.0
Iran,IRN,1961,0.0,0.0
Iran,IRN,1962,0.0,0.0
Iran,IRN,1963,0.0,0.0
Iran,IRN,1964,0.0,0.0
Iran,IRN,1965,0.0,0.0
Iran,IRN,1966,0.0,0.0
Iran,IRN,1967,0.0,0.0
Iran,IRN,1968,0.0,0.0
Iran,IRN,1969,0.0,0.0
Iran,IRN,1970,0.0,0.0
Iran,IRN,1971,0.0,0.0
Iran,IRN,1972,0.0,0.0
Iran,IRN,1973,0.0,0.0
Iran,IRN,1974,0.0,0.0
Iran,IRN,1975,0.0,0.0
Iran,IRN,1976,0.0,0.0
Iran,IRN,1977,0.0,0.0
Iran,IRN,1978,0.0,0.0
Iran,IRN,1979,0.0,0.0
Iran,IRN,1980,1.0,3.0
Iran,IRN,1981,1.0,3.0
Iran,IRN,1982,1.0,3.0
Iran,IRN,1983,1.0,3.0
Iran,IRN,1984,1.0,3.0
Iran,IRN,1985,1.0,3.0
Iran,IRN,1986,1.0,3.0
Iran,IRN,1987,1.0,3.0
Iran,IRN,1988,1.0,3.0
Iran,IRN,1989,1.0,3.0
Iran,IRN,1990,1.0,3.0
Iran,IRN,1991,1.0,3.0
Iran,IRN,1992,1.0,3.0
Iran,IRN,1993,1.0,3.0
Iran,IRN,1994,1.0,3.0
Iran,IRN,1995,1.0,3.0
Iran,IRN,1996,1.0,3.0
Iran,IRN,1997,1.0,3.0
Iran,IRN,1998,1.0,3.0
Iran,IRN,1999,1.0,3.0
Iran,IRN,2000,1.0,3.0
Iran,IRN,2001,1.0,3.0
Iran,IRN,2002,1.0,3.0
Iran,IRN,2003,1.0,3.0
Iran,IRN,2004,1.0,3.0
Iran,IRN,2005,1.0,3.0
Iran,IRN,2006,1.0,3.0
Iran,IRN,2007,1.0,3.0
Iran,IRN,2008,1.0,3.0
Iran,IRN,2009,1.0,3.0
Iran,IRN,2010,1.0,3.0
Iran,IRN,2011,1.0,3.0
Iran,IRN,2012,1.0,3.0
Iran,IRN,2013,1.0,3.0
Iran,IRN,2014,1.0,3.0
Iran,IRN,2015,1.0,3.0
Iran,IRN,2016,1.0,3.0
Iran,IRN,2017,1.0,3.0
Iran,IRN,2018,1.0,3.0
Iran,IRN,2019,1.0,3.0
Iran,IRN,2020,1.0,3.0
Iran,IRN,2021,0.0,0.0
Iran,IRN,2022,0.0,0.0
Iran,IRN,2023,0.0,0.0
Iran,IRN,2024,1.0,2.0
Iran,IRN,2025,1.0,2.0
Iraq,IRQ,1920,0.0,0.0
Iraq,IRQ,1921,0.0,0.0
Iraq,IRQ,1922,0.0,0.0
Iraq,IRQ,1923,0.0,0.0
Iraq,IRQ,1924,0.0,0.0
Iraq,IRQ,1925,0.0,0.0
Iraq,IRQ,1926,0.0,0.0
Iraq,IRQ,1927,0.0,0.0
Iraq,IRQ,1928,0.0,0.0
Iraq,IRQ,1929,0.0,0.0
Iraq,IRQ,1930,0.0,0.0
Iraq,IRQ,1931,0.0,0.0
Iraq,IRQ,1932,0.0,0.0
Iraq,IRQ,1933,0.0,0.0
Iraq,IRQ,1934,0.0,0.0
Iraq,IRQ,1935,0.0,0.0
Iraq,IRQ,1936,0.0,0.0
Iraq,IRQ,1937,0.0,0.0
Iraq,IRQ,1938,0.0,0.0
Iraq,IRQ,1939,0.0,0.0
Iraq,IRQ,1940,0.0,0.0
Iraq,IRQ,1941,0.0,0.0
Iraq,IRQ,1942,0.0,0.0
Iraq,IRQ,1943,0.0,0.0
Iraq,IRQ,1944,0.0,0.0
Iraq,IRQ,1945,0.0,0.0
Iraq,IRQ,1946,0.0,0.0
Iraq,IRQ,1947,0.0,0.0
Iraq,IRQ,1948,0.0,0.0
Iraq,IRQ,1949,0.0,0.0
Iraq,IRQ,1950,0.0,0.0
Iraq,IRQ,1951,0.0,0.0
Iraq,IRQ,1952,0.0,0.0
Iraq,IRQ,1953,1.0,3.0
Iraq,IRQ,1954,1.0,3.0
Iraq,IRQ,1955,1.0,3.0
Iraq,IRQ,1956,1.0,3.0
Iraq,IRQ,1957,1.0,3.0
Iraq,IRQ,1958,0.0,0.0
Iraq,IRQ,1959,0.0,0.0
Iraq,IRQ,1960,0.0,0.0
Iraq,IRQ,1961,0.0,0.0
Iraq,IRQ,1962,0.0,0.0
Iraq,IRQ,1963,0.0,0.0
Iraq,IRQ,1964,0.0,0.0
Iraq,IRQ,1965,0.0,0.0
Iraq,IRQ,1966,0.0,0.0
Iraq,IRQ,1967,0.0,0.0
Iraq,IRQ,1968,0.0,0.0
Iraq,IRQ,1969,0.0,0.0
Iraq,IRQ,1970,0.0,0.0
Iraq,IRQ,1971,0.0,0.0
Iraq,IRQ,1972,0.0,0.0
Iraq,IRQ,1973,0.0,0.0
Iraq,IRQ,1974,0.0,0.0
Iraq,IRQ,1975,0.0,0.0
Iraq,IRQ,1976,0.0,0.0
Iraq,IRQ,1977,0.0,0.0
Iraq,IRQ,1978,0.0,0.0
Iraq,IRQ,1979,0.0,0.0
Iraq,IRQ,1980,0.0,0.0
Iraq,IRQ,1981,0.0,0.0
Iraq,IRQ,1982,0.0,0.0
Iraq,IRQ,1983,0.0,0.0
Iraq,IRQ,1984,0.0,0.0
Iraq,IRQ,1985,0.0,0.0
Iraq,IRQ,1986,0.0,0.0
Iraq,IRQ,1987,0.0,0.0
Iraq,IRQ,1988,0.0,0.0
Iraq,IRQ,1989,0.0,0.0
Iraq,IRQ,1990,0.0,0.0
Iraq,IRQ,1991,0.0,0.0
Iraq,IRQ,1992,0.0,0.0
Iraq,IRQ,1993,0.0,0.0
Iraq,IRQ,1994,0.0,0.0
Iraq,IRQ,1995,1.0,2.0
Iraq,IRQ,1996,1.0,2.0
Iraq,IRQ,1997,1.0,2.0
Iraq,IRQ,1998,1.0,2.0
Iraq,IRQ,1999,1.0,2.0
Iraq,IRQ,2000,0.0,0.0
Iraq,IRQ,2001,0.0,0.0
Iraq,IRQ,2002,0.0,0.0
Iraq,IRQ,2003,0.0,0.0
Iraq,IRQ,2004,0.0,0.0
Iraq,IRQ,2005,1.0,3.0
Iraq,IRQ,2006,1.0,3.0
Iraq,IRQ,2007,1.0,3.0
Iraq,IRQ,2008,1.0,3.0
Iraq,IRQ,2009,1.0,3.0
Iraq,IRQ,2010,1.0,3.0
Iraq,IRQ,2011,1.0,3.0
Iraq,IRQ,2012,1.0,3.0
Iraq,IRQ,2013,1.0,3.0
Iraq,IRQ,2014,1.0,3.0
Iraq,IRQ,2015,1.0,3.0
Iraq,IRQ,2016,1.0,3.0
Iraq,IRQ,2017,1.0,3.0
Iraq,IRQ,2018,1.0,3.0
Iraq,IRQ,2019,1.0,3.0
Iraq,IRQ,2020,1.0,3.0
Iraq,IRQ,2021,1.0,3.0
Iraq,IRQ,2022,1.0,3.0
Iraq,IRQ,2023,1.0,3.0
Iraq,IRQ,2024,1.0,3.0
Iraq,IRQ,2025,1.0,3.0
Ireland,IRL,1919,0.0,0.0
Ireland,IRL,1920,0.0,0.0
Ireland,IRL,1921,1.0,3.0
Ireland,IRL,1922,2.0,6.0
Ireland,IRL,1923,2.0,6.0
Ireland,IRL,1924,3.0,8.0
Ireland,IRL,1925,3.0,8.0
Ireland,IRL,1926,3.0,8.0
Ireland,IRL,1927,3.0,8.0
Ireland,IRL,1928,3.0,8.0
Ireland,IRL,1929,3.0,8.0
Ireland,IRL,1930,3.0,8.0
Ireland,IRL,1931,3.0,8.0
Ireland,IRL,1932,3.0,8.0
Ireland,IRL,1933,3.0,8.0
Ireland,IRL,1934,3.0,8.0
Ireland,IRL,1935,3.0,8.0
Ireland,IRL,1936,3.0,8.0
Ireland,IRL,1937,3.0,8.0
Ireland,IRL,1938,3.0,8.0
Ireland,IRL,1939,3.0,8.0
Ireland,IRL,1940,3.0,8.0
Ireland,IRL,1941,3.0,8.0
Ireland,IRL,1942,3.0,8.0
Ireland,IRL,1943,3.0,8.0
Ireland,IRL,1944,3.0,8.0
Ireland,IRL,1945,3.0,8.0
Ireland,IRL,1946,3.0,8.0
Ireland,IRL,1947,3.0,8.0
Ireland,IRL,1948,3.0,8.0
Ireland,IRL,1949,3.0,8.0
Ireland,IRL,1950,3.0,8.0
Ireland,IRL,1951,3.0,8.0
Ireland,IRL,1952,3.0,8.0
Ireland,IRL,1953,3.0,8.0
Ireland,IRL,1954,3.0,8.0
Ireland,IRL,1955,3.0,8.0
Ireland,IRL,1956,3.0,8.0
Ireland,IRL,1957,3.0,8.0
Ireland,IRL,1958,3.0,8.0
Ireland,IRL,1959,3.0,8.0
Ireland,IRL,1960,3.0,8.0
Ireland,IRL,1961,3.0,8.0
Ireland,IRL,1962,3.0,8.0
Ireland,IRL,1963,3.0,8.0
Ireland,IRL,1964,3.0,8.0
Ireland,IRL,1965,3.0,8.0
Ireland,IRL,1966,3.0,8.0
Ireland,IRL,1967,3.0,8.0
Ireland,IRL,1968,3.0,8.0
Ireland,IRL,1969,3.0,8.0
Ireland,IRL,1970,3.0,8.0
Ireland,IRL,1971,3.0,8.0
Ireland,IRL,1972,3.0,8.0
Ireland,IRL,1973,3.0,8.0
Ireland,IRL,1974,3.0,8.0
Ireland,IRL,1975,3.0,8.0
Ireland,IRL,1976,3.0,8.0
Ireland,IRL,1977,3.0,8.0
Ireland,IRL,1978,3.0,8.0
Ireland,IRL,1979,3.0,8.0
Ireland,IRL,1980,3.0,8.0
Ireland,IRL,1981,3.0,9.0
Ireland,IRL,1982,3.0,9.0
Ireland,IRL,1983,3.0,9.0
Ireland,IRL,1984,3.0,9.0
Ireland,IRL,1985,3.0,9.0
Ireland,IRL,1986,3.0,9.0
Ireland,IRL,1987,3.0,9.0
Ireland,IRL,1988,3.0,9.0
Ireland,IRL,1989,3.0,9.0
Ireland,IRL,1990,3.0,9.0
Ireland,IRL,1991,3.0,9.0
Ireland,IRL,1992,3.0,9.0
Ireland,IRL,1993,3.0,9.0
Ireland,IRL,1994,3.0,9.0
Ireland,IRL,1995,3.0,9.0
Ireland,IRL,1996,3.0,9.0
Ireland,IRL,1997,3.0,9.0
Ireland,IRL,1998,3.0,9.0
Ireland,IRL,1999,3.0,9.0
Ireland,IRL,2000,3.0,9.0
Ireland,IRL,2001,3.0,9.0
Ireland,IRL,2002,3.0,9.0
Ireland,IRL,2003,3.0,9.0
Ireland,IRL,2004,3.0,9.0
Ireland,IRL,2005,3.0,9.0
Ireland,IRL,2006,3.0,9.0
Ireland,IRL,2007,3.0,9.0
Ireland,IRL,2008,3.0,9.0
Ireland,IRL,2009,3.0,9.0
Ireland,IRL,2010,3.0,9.0
Ireland,IRL,2011,3.0,9.0
Ireland,IRL,2012,3.0,9.0
Ireland,IRL,2013,3.0,9.0
Ireland,IRL,2014,3.0,9.0
Ireland,IRL,2015,3.0,9.0
Ireland,IRL,2016,3.0,9.0
Ireland,IRL,2017,3.0,9.0
Ireland,IRL,2018,3.0,9.0
Ireland,IRL,2019,3.0,9.0
Ireland,IRL,2020,3.0,9.0
Ireland,IRL,2021,3.0,9.0
Ireland,IRL,2022,3.0,9.0
Ireland,IRL,2023,3.0,9.0
Ireland,IRL,2024,3.0,9.0
Ireland,IRL,2025,3.0,9.0
Italy,ITA,1861,,
Italy,ITA,1862,,
Italy,ITA,1863,,
Italy,ITA,1864,,
Italy,ITA,1865,,
Italy,ITA,1866,,
Italy,ITA,1867,,
Italy,ITA,1868,,
Italy,ITA,1869,,
Italy,ITA,1870,,
Italy,ITA,1871,,
Italy,ITA,1872,,
Italy,ITA,1873,,
Italy,ITA,1874,,
Italy,ITA,1875,,
Italy,ITA,1876,,
Italy,ITA,1877,,
Italy,ITA,1878,,
Italy,ITA,1879,,
Italy,ITA,1880,,
Italy,ITA,1881,,
Italy,ITA,1882,,
Italy,ITA,1883,,
Italy,ITA,1884,,
Italy,ITA,1885,,
Italy,ITA,1886,,
Italy,ITA,1887,,
Italy,ITA,1888,,
Italy,ITA,1889,,
Italy,ITA,1890,,
Italy,ITA,1891,,
Italy,ITA,1892,,
Italy,ITA,1893,,
Italy,ITA,1894,,
Italy,ITA,1895,,
Italy,ITA,1896,,
Italy,ITA,1897,,
Italy,ITA,1898,,
Italy,ITA,1899,,
Italy,ITA,1900,1.0,3.0
Italy,ITA,1901,1.0,3.0
Italy,ITA,1902,1.0,3.0
Italy,ITA,1903,1.0,3.0
Italy,ITA,1904,1.0,3.0
Italy,ITA,1905,1.0,3.0
Italy,ITA,1906,1.0,3.0
Italy,ITA,1907,1.0,3.0
Italy,ITA,1908,1.0,3.0
Italy,ITA,1909,1.0,3.0
Italy,ITA,1910,1.0,3.0
Italy,ITA,1911,1.0,3.0
Italy,ITA,1912,1.0,3.0
Italy,ITA,1913,1.0,3.0
Italy,ITA,1914,1.0,3.0
Italy,ITA,1915,1.0,3.0
Italy,ITA,1916,1.0,3.0
Italy,ITA,1917,1.0,3.0
Italy,ITA,1918,1.0,3.0
Italy,ITA,1919,1.0,3.0
Italy,ITA,1920,1.0,3.0
Italy,ITA,1921,1.0,3.0
Italy,ITA,1922,1.0,3.0
Italy,ITA,1923,1.0,3.0
Italy,ITA,1924,0.0,0.0
Italy,ITA,1925,0.0,0.0
Italy,ITA,1926,0.0,0.0
Italy,ITA,1927,0.0,0.0
Italy,ITA,1928,0.0,0.0
Italy,ITA,1929,0.0,0.0
Italy,ITA,1930,0.0,0.0
Italy,ITA,1931,0.0,0.0
Italy,ITA,1932,0.0,0.0
Italy,ITA,1933,0.0,0.0
Italy,ITA,1934,0.0,0.0
Italy,ITA,1935,0.0,0.0
Italy,ITA,1936,0.0,0.0
Italy,ITA,1937,0.0,0.0
Italy,ITA,1938,0.0,0.0
Italy,ITA,1939,0.0,0.0
Italy,ITA,1940,0.0,0.0
Italy,ITA,1941,0.0,0.0
Italy,ITA,1942,0.0,0.0
Italy,ITA,1943,0.0,0.0
Italy,ITA,1944,0.0,0.0
Italy,ITA,1945,0.0,0.0
Italy,ITA,1946,1.0,3.0
Italy,ITA,1947,2.0,6.0
Italy,ITA,1948,2.0,6.0
Italy,ITA,1949,2.0,6.0
Italy,ITA,1950,2.0,6.0
Italy,ITA,1951,2.0,6.0
Italy,ITA,1952,2.0,6.0
Italy,ITA,1953,2.0,6.0
Italy,ITA,1954,2.0,6.0
Italy,ITA,1955,2.0,6.0
Italy,ITA,1956,2.0,6.0
Italy,ITA,1957,2.0,6.0
Italy,ITA,1958,2.0,6.0
Italy,ITA,1959,2.0,6.0
Italy,ITA,1960,2.0,6.0
Italy,ITA,1961,2.0,6.0
Italy,ITA,1962,2.0,6.0
Italy,ITA,1963,2.0,6.0
Italy,ITA,1964,2.0,6.0
Italy,ITA,1965,2.0,6.0
Italy,ITA,1966,2.0,6.0
Italy,ITA,1967,2.0,6.0
Italy,ITA,1968,2.0,6.0
Italy,ITA,1969,2.0,6.0
Italy,ITA,1970,3.0,8.0
Italy,ITA,1971,3.0,8.0
Italy,ITA,1972,3.0,8.0
Italy,ITA,1973,3.0,8.0
Italy,ITA,1974,3.0,8.0
Italy,ITA,1975,3.0,8.0
Italy,ITA,1976,3.0,8.0
Italy,ITA,1977,3.0,8.0
Italy,ITA,1978,3.0,8.0
Italy,ITA,1979,3.0,8.0
Italy,ITA,1980,3.0,8.0
Italy,ITA,1981,3.0,8.0
Italy,ITA,1982,3.0,8.0
Italy,ITA,1983,3.0,8.0
Italy,ITA,1984,3.0,8.0
Italy,ITA,1985,3.0,8.0
Italy,ITA,1986,3.0,8.0
Italy,ITA,1987,3.0,8.0
Italy,ITA,1988,3.0,8.0
Italy,ITA,1989,3.0,8.0
Italy,ITA,1990,3.0,8.0
Italy,ITA,1991,3.0,8.0
Italy,ITA,1992,3.0,8.0
Italy,ITA,1993,3.0,8.0
Italy,ITA,1994,3.0,8.0
Italy,ITA,1995,3.0,8.0
Italy,ITA,1996,3.0,8.0
Italy,ITA,1997,3.0,8.0
Italy,ITA,1998,3.0,8.0
Italy,ITA,1999,3.0,8.0
Italy,ITA,2000,3.0,8.0
Italy,ITA,2001,3.0,8.0
Italy,ITA,2002,3.0,8.0
Italy,ITA,2003,3.0,8.0
Italy,ITA,2004,3.0,8.0
Italy,ITA,2005,3.0,8.0
Italy,ITA,2006,3.0,8.0
Italy,ITA,2007,3.0,8.0
Italy,ITA,2008,3.0,8.0
Italy,ITA,2009,3.0,8.0
Italy,ITA,2010,3.0,8.0
Italy,ITA,2011,3.0,8.0
Italy,ITA,2012,3.0,8.0
Italy,ITA,2013,3.0,8.0
Italy,ITA,2014,3.0,8.0
Italy,ITA,2015,3.0,8.0
Italy,ITA,2016,3.0,8.0
Italy,ITA,2017,3.0,8.0
Italy,ITA,2018,3.0,8.0
Italy,ITA,2019,3.0,8.0
Italy,ITA,2020,3.0,8.0
Italy,ITA,2021,3.0,8.0
Italy,ITA,2022,3.0,8.0
Italy,ITA,2023,3.0,8.0
Italy,ITA,2024,3.0,8.0
Italy,ITA,2025,3.0,8.0
Jordan,JOR,1922,0.0,0.0
Jordan,JOR,1923,0.0,0.0
Jordan,JOR,1924,0.0,0.0
Jordan,JOR,1925,0.0,0.0
Jordan,JOR,1926,0.0,0.0
Jordan,JOR,1927,0.0,0.0
Jordan,JOR,1928,0.0,0.0
Jordan,JOR,1929,0.0,0.0
Jordan,JOR,1930,0.0,0.0
Jordan,JOR,1931,0.0,0.0
Jordan,JOR,1932,0.0,0.0
Jordan,JOR,1933,0.0,0.0
Jordan,JOR,1934,0.0,0.0
Jordan,JOR,1935,0.0,0.0
Jordan,JOR,1936,0.0,0.0
Jordan,JOR,1937,0.0,0.0
Jordan,JOR,1938,0.0,0.0
Jordan,JOR,1939,0.0,0.0
Jordan,JOR,1940,0.0,0.0
Jordan,JOR,1941,0.0,0.0
Jordan,JOR,1942,0.0,0.0
Jordan,JOR,1943,0.0,0.0
Jordan,JOR,1944,0.0,0.0
Jordan,JOR,1945,0.0,0.0
Jordan,JOR,1946,0.0,0.0
Jordan,JOR,1947,0.0,0.0
Jordan,JOR,1948,0.0,0.0
Jordan,JOR,1949,0.0,0.0
Jordan,JOR,1950,0.0,0.0
Jordan,JOR,1951,0.0,0.0
Jordan,JOR,1952,1.0,3.0
Jordan,JOR,1953,0.0,0.0
Jordan,JOR,1954,0.0,0.0
Jordan,JOR,1955,0.0,0.0
Jordan,JOR,1956,0.0,0.0
Jordan,JOR,1957,0.0,0.0
Jordan,JOR,1958,0.0,0.0
Jordan,JOR,1959,0.0,0.0
Jordan,JOR,1960,0.0,0.0
Jordan,JOR,1961,0.0,0.0
Jordan,JOR,1962,0.0,0.0
Jordan,JOR,1963,0.0,0.0
Jordan,JOR,1964,0.0,0.0
Jordan,JOR,1965,0.0,0.0
Jordan,JOR,1966,0.0,0.0
Jordan,JOR,1967,0.0,0.0
Jordan,JOR,1968,0.0,0.0
Jordan,JOR,1969,0.0,0.0
Jordan,JOR,1970,0.0,0.0
Jordan,JOR,1971,0.0,0.0
Jordan,JOR,1972,0.0,0.0
Jordan,JOR,1973,0.0,0.0
Jordan,JOR,1974,0.0,0.0
Jordan,JOR,1975,0.0,0.0
Jordan,JOR,1976,0.0,0.0
Jordan,JOR,1977,0.0,0.0
Jordan,JOR,1978,0.0,0.0
Jordan,JOR,1979,0.0,0.0
Jordan,JOR,1980,0.0,0.0
Jordan,JOR,1981,0.0,0.0
Jordan,JOR,1982,0.0,0.0
Jordan,JOR,1983,0.0,0.0
Jordan,JOR,1984,0.0,0.0
Jordan,JOR,1985,0.0,0.0
Jordan,JOR,1986,0.0,0.0
Jordan,JOR,1987,0.0,0.0
Jordan,JOR,1988,0.0,0.0
Jordan,JOR,1989,0.0,0.0
Jordan,JOR,1990,0.0,0.0
Jordan,JOR,1991,0.0,0.0
Jordan,JOR,1992,0.0,0.0
Jordan,JOR,1993,0.0,0.0
Jordan,JOR,1994,0.0,0.0
Jordan,JOR,1995,0.0,0.0
Jordan,JOR,1996,0.0,0.0
Jordan,JOR,1997,0.0,0.0
Jordan,JOR,1998,0.0,0.0
Jordan,JOR,1999,0.0,0.0
Jordan,JOR,2000,0.0,0.0
Jordan,JOR,2001,0.0,0.0
Jordan,JOR,2002,0.0,0.0
Jordan,JOR,2003,0.0,0.0
Jordan,JOR,2004,0.0,0.0
Jordan,JOR,2005,0.0,0.0
Jordan,JOR,2006,0.0,0.0
Jordan,JOR,2007,0.0,0.0
Jordan,JOR,2008,0.0,0.0
Jordan,JOR,2009,0.0,0.0
Jordan,JOR,2010,0.0,0.0
Jordan,JOR,2011,0.0,0.0
Jordan,JOR,2012,0.0,0.0
Jordan,JOR,2013,0.0,0.0
Jordan,JOR,2014,0.0,0.0
Jordan,JOR,2015,0.0,0.0
Jordan,JOR,2016,0.0,0.0
Jordan,JOR,2017,0.0,0.0
Jordan,JOR,2018,0.0,0.0
Jordan,JOR,2019,0.0,0.0
Jordan,JOR,2020,0.0,0.0
Jordan,JOR,2021,0.0,0.0
Jordan,JOR,2022,0.0,0.0
Jordan,JOR,2023,0.0,0.0
Jordan,JOR,2024,0.0,0.0
Jordan,JOR,2025,0.0,0.0
Latvia,LVA,1920,1.0,3.0
Latvia,LVA,1921,1.0,3.0
Latvia,LVA,1922,1.0,3.0
Latvia,LVA,1923,2.0,6.0
Latvia,LVA,1924,2.0,6.0
Latvia,LVA,1925,2.0,6.0
Latvia,LVA,1926,2.0,6.0
Latvia,LVA,1927,2.0,6.0
Latvia,LVA,1928,2.0,6.0
Latvia,LVA,1929,2.0,6.0
Latvia,LVA,1930,2.0,6.0
Latvia,LVA,1931,2.0,6.0
Latvia,LVA,1932,2.0,6.0
Latvia,LVA,1933,2.0,6.0
Latvia,LVA,1934,0.0,0.0
Latvia,LVA,1935,0.0,0.0
Latvia,LVA,1936,0.0,0.0
Latvia,LVA,1937,0.0,0.0
Latvia,LVA,1938,0.0,0.0
Latvia,LVA,1939,0.0,0.0
Latvia,LVA,1990,2.0,5.0
Latvia,LVA,1991,2.0,7.0
Latvia,LVA,1992,2.0,7.0
Latvia,LVA,1993,2.0,7.0
Latvia,LVA,1994,2.0,7.0
Latvia,LVA,1995,2.0,7.0
Latvia,LVA,1996,2.0,7.0
Latvia,LVA,1997,2.0,7.0
Latvia,LVA,1998,2.0,7.0
Latvia,LVA,1999,2.0,7.0
Latvia,LVA,2000,2.0,7.0
Latvia,LVA,2001,2.0,7.0
Latvia,LVA,2002,2.0,7.0
Latvia,LVA,2003,2.0,7.0
Latvia,LVA,2004,2.0,7.0
Latvia,LVA,2005,2.0,7.0
Latvia,LVA,2006,2.0,7.0
Latvia,LVA,2007,2.0,7.0
Latvia,LVA,2008,2.0,7.0
Latvia,LVA,2009,3.0,8.0
Latvia,LVA,2010,3.0,8.0
Latvia,LVA,2011,3.0,9.0
Latvia,LVA,2012,3.0,9.0
Latvia,LVA,2013,2.0,7.0
Latvia,LVA,2014,3.0,8.0
Latvia,LVA,2015,3.0,8.0
Latvia,LVA,2016,2.0,7.0
Latvia,LVA,2017,3.0,8.0
Latvia,LVA,2018,3.0,8.0
Latvia,LVA,2019,3.0,8.0
Latvia,LVA,2020,3.0,8.0
Latvia,LVA,2021,3.0,9.0
Latvia,LVA,2022,3.0,9.0
Latvia,LVA,2023,3.0,9.0
Latvia,LVA,2024,3.0,9.0
Latvia,LVA,2025,3.0,9.0
Lesotho,LSO,1900,0.0,0.0
Lesotho,LSO,1901,0.0,0.0
Lesotho,LSO,1902,0.0,0.0
Lesotho,LSO,1903,0.0,0.0
Lesotho,LSO,1904,0.0,0.0
Lesotho,LSO,1905,0.0,0.0
Lesotho,LSO,1906,0.0,0.0
Lesotho,LSO,1907,0.0,0.0
Lesotho,LSO,1908,0.0,0.0
Lesotho,LSO,1909,0.0,0.0
Lesotho,LSO,1910,0.0,0.0
Lesotho,LSO,1911,0.0,0.0
Lesotho,LSO,1912,0.0,0.0
Lesotho,LSO,1913,0.0,0.0
Lesotho,LSO,1914,0.0,0.0
Lesotho,LSO,1915,0.0,0.0
Lesotho,LSO,1916,0.0,0.0
Lesotho,LSO,1917,0.0,0.0
Lesotho,LSO,1918,0.0,0.0
Lesotho,LSO,1919,0.0,0.0
Lesotho,LSO,1920,0.0,0.0
Lesotho,LSO,1921,0.0,0.0
Lesotho,LSO,1922,0.0,0.0
Lesotho,LSO,1923,0.0,0.0
Lesotho,LSO,1924,0.0,0.0
Lesotho,LSO,1925,0.0,0.0
Lesotho,LSO,1926,0.0,0.0
Lesotho,LSO,1927,0.0,0.0
Lesotho,LSO,1928,0.0,0.0
Lesotho,LSO,1929,0.0,0.0
Lesotho,LSO,1930,0.0,0.0
Lesotho,LSO,1931,0.0,0.0
Lesotho,LSO,1932,0.0,0.0
Lesotho,LSO,1933,0.0,0.0
Lesotho,LSO,1934,0.0,0.0
Lesotho,LSO,1935,0.0,0.0
Lesotho,LSO,1936,0.0,0.0
Lesotho,LSO,1937,0.0,0.0
Lesotho,LSO,1938,0.0,0.0
Lesotho,LSO,1939,0.0,0.0
Lesotho,LSO,1940,0.0,0.0
Lesotho,LSO,1941,0.0,0.0
Lesotho,LSO,1942,0.0,0.0
Lesotho,LSO,1943,0.0,0.0
Lesotho,LSO,1944,0.0,0.0
Lesotho,LSO,1945,0.0,0.0
Lesotho,LSO,1946,0.0,0.0
Lesotho,LSO,1947,0.0,0.0
Lesotho,LSO,1948,0.0,0.0
Lesotho,LSO,1949,0.0,0.0
Lesotho,LSO,1950,0.0,0.0
Lesotho,LSO,1951,0.0,0.0
Lesotho,LSO,1952,0.0,0.0
Lesotho,LSO,1953,0.0,0.0
Lesotho,LSO,1954,0.0,0.0
Lesotho,LSO,1955,0.0,0.0
Lesotho,LSO,1956,0.0,0.0
Lesotho,LSO,1957,0.0,0.0
Lesotho,LSO,1958,0.0,0.0
Lesotho,LSO,1959,0.0,0.0
Lesotho,LSO,1960,0.0,0.0
Lesotho,LSO,1961,0.0,0.0
Lesotho,LSO,1962,0.0,0.0
Lesotho,LSO,1963,0.0,0.0
Lesotho,LSO,1964,0.0,0.0
Lesotho,LSO,1965,1.0,3.0
Lesotho,LSO,1966,1.0,3.0
Lesotho,LSO,1967,1.0,3.0
Lesotho,LSO,1968,1.0,3.0
Lesotho,LSO,1969,0.0,0.0
Lesotho,LSO,1970,1.0,3.0
Lesotho,LSO,1971,0.0,0.0
Lesotho,LSO,1972,0.0,0.0
Lesotho,LSO,1973,0.0,0.0
Lesotho,LSO,1974,0.0,0.0
Lesotho,LSO,1975,0.0,0.0
Lesotho,LSO,1976,0.0,0.0
Lesotho,LSO,1977,0.0,0.0
Lesotho,LSO,1978,0.0,0.0
Lesotho,LSO,1979,0.0,0.0
Lesotho,LSO,1980,0.0,0.0
Lesotho,LSO,1981,0.0,0.0
Lesotho,LSO,1982,0.0,0.0
Lesotho,LSO,1983,0.0,0.0
Lesotho,LSO,1984,0.0,0.0
Lesotho,LSO,1985,0.0,0.0
Lesotho,LSO,1986,0.0,0.0
Lesotho,LSO,1987,0.0,0.0
Lesotho,LSO,1988,0.0,0.0
Lesotho,LSO,1989,0.0,0.0
Lesotho,LSO,1990,0.0,0.0
Lesotho,LSO,1991,0.0,0.0
Lesotho,LSO,1992,0.0,0.0
Lesotho,LSO,1993,2.0,5.0
Lesotho,LSO,1994,1.0,4.0
Lesotho,LSO,1995,0.0,0.0
Lesotho,LSO,1996,0.0,0.0
Lesotho,LSO,1997,0.0,0.0
Lesotho,LSO,1998,1.0,3.0
Lesotho,LSO,1999,0.0,0.0
Lesotho,LSO,2000,0.0,0.0
Lesotho,LSO,2001,0.0,0.0
Lesotho,LSO,2002,1.0,4.0
Lesotho,LSO,2003,2.0,6.0
Lesotho,LSO,2004,2.0,6.0
Lesotho,LSO,2005,2.0,6.0
Lesotho,LSO,2006,2.0,6.0
Lesotho,LSO,2007,2.0,6.0
Lesotho,LSO,2008,2.0,6.0
Lesotho,LSO,2009,2.0,6.0
Lesotho,LSO,2010,2.0,5.0
Lesotho,LSO,2011,2.0,6.0
Lesotho,LSO,2012,2.0,7.0
Lesotho,LSO,2013,2.0,6.0
Lesotho,LSO,2014,2.0,6.0
Lesotho,LSO,2015,2.0,6.0
Lesotho,LSO,2016,2.0,6.0
Lesotho,LSO,2017,2.0,5.0
Lesotho,LSO,2018,2.0,6.0
Lesotho,LSO,2019,2.0,6.0
Lesotho,LSO,2020,2.0,7.0
Lesotho,LSO,2021,2.0,6.0
Lesotho,LSO,2022,2.0,6.0
Lesotho,LSO,2023,2.0,6.0
Lesotho,LSO,2024,2.0,6.0
Lesotho,LSO,2025,2.0,6.0
Liberia,LBR,1821,,
Liberia,LBR,1822,,
Liberia,LBR,1823,,
Liberia,LBR,1824,,
Liberia,LBR,1825,,
Liberia,LBR,1826,,
Liberia,LBR,1827,,
Liberia,LBR,1828,,
Liberia,LBR,1829,,
Liberia,LBR,1830,,
Liberia,LBR,1831,,
Liberia,LBR,1832,,
Liberia,LBR,1833,,
Liberia,LBR,1834,,
Liberia,LBR,1835,,
Liberia,LBR,1836,,
Liberia,LBR,1837,,
Liberia,LBR,1838,,
Liberia,LBR,1839,,
Liberia,LBR,1840,,
Liberia,LBR,1841,,
Liberia,LBR,1842,,
Liberia,LBR,1843,,
Liberia,LBR,1844,,
Liberia,LBR,1845,,
Liberia,LBR,1846,,
Liberia,LBR,1847,,
Liberia,LBR,1848,,
Liberia,LBR,1849,,
Liberia,LBR,1850,,
Liberia,LBR,1851,,
Liberia,LBR,1852,,
Liberia,LBR,1853,,
Liberia,LBR,1854,,
Liberia,LBR,1855,,
Liberia,LBR,1856,,
Liberia,LBR,1857,,
Liberia,LBR,1858,,
Liberia,LBR,1859,,
Liberia,LBR,1860,,
Liberia,LBR,1861,,
Liberia,LBR,1862,,
Liberia,LBR,1863,,
Liberia,LBR,1864,,
Liberia,LBR,1865,,
Liberia,LBR,1866,,
Liberia,LBR,1867,,
Liberia,LBR,1868,,
Liberia,LBR,1869,,
Liberia,LBR,1870,,
Liberia,LBR,1871,,
Liberia,LBR,1872,,
Liberia,LBR,1873,,
Liberia,LBR,1874,,
Liberia,LBR,1875,,
Liberia,LBR,1876,,
Liberia,LBR,1877,,
Liberia,LBR,1878,,
Liberia,LBR,1879,,
Liberia,LBR,1880,,
Liberia,LBR,1881,,
Liberia,LBR,1882,,
Liberia,LBR,1883,,
Liberia,LBR,1884,,
Liberia,LBR,1885,,
Liberia,LBR,1886,,
Liberia,LBR,1887,,
Liberia,LBR,1888,,
Liberia,LBR,1889,,
Liberia,LBR,1890,,
Liberia,LBR,1891,,
Liberia,LBR,1892,,
Liberia,LBR,1893,,
Liberia,LBR,1894,,
Liberia,LBR,1895,,
Liberia,LBR,1896,,
Liberia,LBR,1897,,
Liberia,LBR,1898,,
Liberia,LBR,1899,,
Liberia,LBR,1900,1.0,2.0
Liberia,LBR,1901,1.0,3.0
Liberia,LBR,1902,1.0,3.0
Liberia,LBR,1903,1.0,3.0
Liberia,LBR,1904,1.0,3.0
Liberia,LBR,1905,1.0,3.0
Liberia,LBR,1906,1.0,3.0
Liberia,LBR,1907,1.0,3.0
Liberia,LBR,1908,1.0,3.0
Liberia,LBR,1909,1.0,3.0
Liberia,LBR,1910,1.0,3.0
Liberia,LBR,1911,1.0,3.0
Liberia,LBR,1912,1.0,3.0
Liberia,LBR,1913,1.0,3.0
Liberia,LBR,1914,1.0,3.0
Liberia,LBR,1915,1.0,3.0
Liberia,LBR,1916,1.0,3.0
Liberia,LBR,1917,1.0,3.0
Liberia,LBR,1918,1.0,3.0
Liberia,LBR,1919,1.0,3.0
Liberia,LBR,1920,1.0,3.0
Liberia,LBR,1921,1.0,3.0
Liberia,LBR,1922,1.0,3.0
Liberia,LBR,1923,1.0,3.0
Liberia,LBR,1924,1.0,3.0
Liberia,LBR,1925,1.0,3.0
Liberia,LBR,1926,1.0,3.0
Liberia,LBR,1927,1.0,3.0
Liberia,LBR,1928,1.0,3.0
Liberia,LBR,1929,1.0,3.0
Liberia,LBR,1930,1.0,3.0
Liberia,LBR,1931,1.0,3.0
Liberia,LBR,1932,1.0,3.0
Liberia,LBR,1933,1.0,3.0
Liberia,LBR,1934,1.0,3.0
Liberia,LBR,1935,1.0,3.0
Liberia,LBR,1936,1.0,3.0
Liberia,LBR,1937,1.0,3.0
Liberia,LBR,1938,1.0,3.0
Liberia,LBR,1939,1.0,3.0
Liberia,LBR,1940,1.0,3.0
Liberia,LBR,1941,1.0,3.0
Liberia,LBR,1942,1.0,3.0
Liberia,LBR,1943,1.0,3.0
Liberia,LBR,1944,1.0,3.0
Liberia,LBR,1945,1.0,3.0
Liberia,LBR,1946,1.0,3.0
Liberia,LBR,1947,1.0,3.0
Liberia,LBR,1948,1.0,3.0
Liberia,LBR,1949,1.0,3.0
Liberia,LBR,1950,1.0,3.0
Liberia,LBR,1951,1.0,3.0
Liberia,LBR,1952,1.0,3.0
Liberia,LBR,1953,1.0,3.0
Liberia,LBR,1954,1.0,3.0
Liberia,LBR,1955,1.0,3.0
Liberia,LBR,1956,1.0,3.0
Liberia,LBR,1957,1.0,3.0
Liberia,LBR,1958,1.0,3.0
Liberia,LBR,1959,0.0,0.0
Liberia,LBR,1960,0.0,0.0
Liberia,LBR,1961,0.0,0.0
Liberia,LBR,1962,0.0,0.0
Liberia,LBR,1963,0.0,0.0
Liberia,LBR,1964,0.0,0.0
Liberia,LBR,1965,0.0,0.0
Liberia,LBR,1966,0.0,0.0
Liberia,LBR,1967,0.0,0.0
Liberia,LBR,1968,0.0,0.0
Liberia,LBR,1969,0.0,0.0
Liberia,LBR,1970,0.0,0.0
Liberia,LBR,1971,0.0,0.0
Liberia,LBR,1972,0.0,0.0
Liberia,LBR,1973,0.0,0.0
Liberia,LBR,1974,0.0,0.0
Liberia,LBR,1975,0.0,0.0
Liberia,LBR,1976,0.0,0.0
Liberia,LBR,1977,0.0,0.0
Liberia,LBR,1978,0.0,0.0
Liberia,LBR,1979,0.0,0.0
Liberia,LBR,1980,0.0,0.0
Liberia,LBR,1981,0.0,0.0
Liberia,LBR,1982,0.0,0.0
Liberia,LBR,1983,0.0,0.0
Liberia,LBR,1984,0.0,0.0
Liberia,LBR,1985,1.0,3.0
Liberia,LBR,1986,1.0,3.0
Liberia,LBR,1987,1.0,3.0
Liberia,LBR,1988,1.0,3.0
Liberia,LBR,1989,1.0,3.0
Liberia,LBR,1990,1.0,3.0
Liberia,LBR,1991,0.0,0.0
Liberia,LBR,1992,0.0,0.0
Liberia,LBR,1993,0.0,0.0
Liberia,LBR,1994,0.0,0.0
Liberia,LBR,1995,0.0,0.0
Liberia,LBR,1996,0.0,0.0
Liberia,LBR,1997,1.0,3.0
Liberia,LBR,1998,1.0,3.0
Liberia,LBR,1999,1.0,3.0
Liberia,LBR,2000,1.0,3.0
Liberia,LBR,2001,1.0,3.0
Liberia,LBR,2002,1.0,3.0
Liberia,LBR,2003,1.0,3.0
Liberia,LBR,2004,0.0,0.0
Liberia,LBR,2005,1.0,3.0
Liberia,LBR,2006,2.0,6.0
Liberia,LBR,2007,2.0,6.0
Liberia,LBR,2008,2.0,6.0
Liberia,LBR,2009,2.0,6.0
Liberia,LBR,2010,2.0,6.0
Liberia,LBR,2011,2.0,6.0
Liberia,LBR,2012,2.0,6.0
Liberia,LBR,2013,2.0,6.0
Liberia,LBR,2014,2.0,6.0
Liberia,LBR,2015,2.0,6.0
Liberia,LBR,2016,2.0,6.0
Liberia,LBR,2017,2.0,6.0
Liberia,LBR,2018,2.0,6.0
Liberia,LBR,2019,2.0,6.0
Liberia,LBR,2020,2.0,6.0
Liberia,LBR,2021,2.0,6.0
Liberia,LBR,2022,2.0,6.0
Liberia,LBR,2023,2.0,6.0
Liberia,LBR,2024,2.0,6.0
Liberia,LBR,2025,2.0,6.0
Malawi,MWI,1900,0.0,0.0
Malawi,MWI,1901,0.0,0.0
Malawi,MWI,1902,0.0,0.0
Malawi,MWI,1903,0.0,0.0
Malawi,MWI,1904,0.0,0.0
Malawi,MWI,1905,0.0,0.0
Malawi,MWI,1906,0.0,0.0
Malawi,MWI,1907,0.0,0.0
Malawi,MWI,1908,0.0,0.0
Malawi,MWI,1909,0.0,0.0
Malawi,MWI,1910,0.0,0.0
Malawi,MWI,1911,0.0,0.0
Malawi,MWI,1912,0.0,0.0
Malawi,MWI,1913,0.0,0.0
Malawi,MWI,1914,0.0,0.0
Malawi,MWI,1915,0.0,0.0
Malawi,MWI,1916,0.0,0.0
Malawi,MWI,1917,0.0,0.0
Malawi,MWI,1918,0.0,0.0
Malawi,MWI,1919,0.0,0.0
Malawi,MWI,1920,0.0,0.0
Malawi,MWI,1921,0.0,0.0
Malawi,MWI,1922,0.0,0.0
Malawi,MWI,1923,0.0,0.0
Malawi,MWI,1924,0.0,0.0
Malawi,MWI,1925,0.0,0.0
Malawi,MWI,1926,0.0,0.0
Malawi,MWI,1927,0.0,0.0
Malawi,MWI,1928,0.0,0.0
Malawi,MWI,1929,0.0,0.0
Malawi,MWI,1930,0.0,0.0
Malawi,MWI,1931,0.0,0.0
Malawi,MWI,1932,0.0,0.0
Malawi,MWI,1933,0.0,0.0
Malawi,MWI,1934,0.0,0.0
Malawi,MWI,1935,0.0,0.0
Malawi,MWI,1936,0.0,0.0
Malawi,MWI,1937,0.0,0.0
Malawi,MWI,1938,0.0,0.0
Malawi,MWI,1939,0.0,0.0
Malawi,MWI,1940,0.0,0.0
Malawi,MWI,1941,0.0,0.0
Malawi,MWI,1942,0.0,0.0
Malawi,MWI,1943,0.0,0.0
Malawi,MWI,1944,0.0,0.0
Malawi,MWI,1945,0.0,0.0
Malawi,MWI,1946,0.0,0.0
Malawi,MWI,1947,0.0,0.0
Malawi,MWI,1948,0.0,0.0
Malawi,MWI,1949,0.0,0.0
Malawi,MWI,1950,0.0,0.0
Malawi,MWI,1951,0.0,0.0
Malawi,MWI,1952,0.0,0.0
Malawi,MWI,1953,0.0,0.0
Malawi,MWI,1954,0.0,0.0
Malawi,MWI,1955,0.0,0.0
Malawi,MWI,1956,0.0,0.0
Malawi,MWI,1957,0.0,0.0
Malawi,MWI,1958,0.0,0.0
Malawi,MWI,1959,0.0,0.0
Malawi,MWI,1960,0.0,0.0
Malawi,MWI,1961,0.0,0.0
Malawi,MWI,1962,0.0,0.0
Malawi,MWI,1963,1.0,3.0
Malawi,MWI,1964,1.0,3.0
Malawi,MWI,1965,1.0,3.0
Malawi,MWI,1966,1.0,3.0
Malawi,MWI,1967,1.0,3.0
Malawi,MWI,1968,1.0,3.0
Malawi,MWI,1969,1.0,3.0
Malawi,MWI,1970,1.0,3.0
Malawi,MWI,1971,1.0,3.0
Malawi,MWI,1972,1.0,3.0
Malawi,MWI,1973,1.0,3.0
Malawi,MWI,1974,1.0,3.0
Malawi,MWI,1975,1.0,3.0
Malawi,MWI,1976,1.0,3.0
Malawi,MWI,1977,1.0,3.0
Malawi,MWI,1978,1.0,2.0
Malawi,MWI,1979,1.0,2.0
Malawi,MWI,1980,1.0,2.0
Malawi,MWI,1981,1.0,2.0
Malawi,MWI,1982,1.0,2.0
Malawi,MWI,1983,1.0,2.0
Malawi,MWI,1984,1.0,2.0
Malawi,MWI,1985,1.0,2.0
Malawi,MWI,1986,1.0,2.0
Malawi,MWI,1987,1.0,2.0
Malawi,MWI,1988,1.0,2.0
Malawi,MWI,1989,1.0,2.0
Malawi,MWI,1990,1.0,2.0
Malawi,MWI,1991,1.0,2.0
Malawi,MWI,1992,1.0,3.0
Malawi,MWI,1993,1.0,3.0
Malawi,MWI,1994,1.0,4.0
Malawi,MWI,1995,2.0,6.0
Malawi,MWI,1996,2.0,5.0
Malawi,MWI,1997,2.0,5.0
Malawi,MWI,1998,2.0,5.0
Malawi,MWI,1999,2.0,5.0
Malawi,MWI,2000,1.0,4.0
Malawi,MWI,2001,1.0,4.0
Malawi,MWI,2002,1.0,4.0
Malawi,MWI,2003,1.0,4.0
Malawi,MWI,2004,1.0,4.0
Malawi,MWI,2005,1.0,3.0
Malawi,MWI,2006,1.0,3.0
Malawi,MWI,2007,1.0,3.0
Malawi,MWI,2008,1.0,3.0
Malawi,MWI,2009,1.0,4.0
Malawi,MWI,2010,2.0,5.0
Malawi,MWI,2011,2.0,5.0
Malawi,MWI,2012,2.0,5.0
Malawi,MWI,2013,2.0,5.0
Malawi,MWI,2014,2.0,5.0
Malawi,MWI,2015,2.0,5.0
Malawi,MWI,2016,2.0,5.0
Malawi,MWI,2017,2.0,5.0
Malawi,MWI,2018,2.0,5.0
Malawi,MWI,2019,1.0,4.0
Malawi,MWI,2020,2.0,5.0
Malawi,MWI,2021,2.0,7.0
Malawi,MWI,2022,2.0,7.0
Malawi,MWI,2023,2.0,7.0
Malawi,MWI,2024,2.0,5.0
Malawi,MWI,2025,2.0,5.0
Maldives,MDV,1900,0.0,0.0
Maldives,MDV,1901,0.0,0.0
Maldives,MDV,1902,0.0,0.0
Maldives,MDV,1903,0.0,0.0
Maldives,MDV,1904,0.0,0.0
Maldives,MDV,1905,0.0,0.0
Maldives,MDV,1906,0.0,0.0
Maldives,MDV,1907,0.0,0.0
Maldives,MDV,1908,0.0,0.0
Maldives,MDV,1909,0.0,0.0
Maldives,MDV,1910,0.0,0.0
Maldives,MDV,1911,0.0,0.0
Maldives,MDV,1912,0.0,0.0
Maldives,MDV,1913,0.0,0.0
Maldives,MDV,1914,0.0,0.0
Maldives,MDV,1915,0.0,0.0
Maldives,MDV,1916,0.0,0.0
Maldives,MDV,1917,0.0,0.0
Maldives,MDV,1918,0.0,0.0
Maldives,MDV,1919,0.0,0.0
Maldives,MDV,1920,0.0,0.0
Maldives,MDV,1921,0.0,0.0
Maldives,MDV,1922,0.0,0.0
Maldives,MDV,1923,0.0,0.0
Maldives,MDV,1924,0.0,0.0
Maldives,MDV,1925,0.0,0.0
Maldives,MDV,1926,0.0,0.0
Maldives,MDV,1927,0.0,0.0
Maldives,MDV,1928,0.0,0.0
Maldives,MDV,1929,0.0,0.0
Maldives,MDV,1930,0.0,0.0
Maldives,MDV,1931,0.0,0.0
Maldives,MDV,1932,0.0,0.0
Maldives,MDV,1933,0.0,0.0
Maldives,MDV,1934,0.0,0.0
Maldives,MDV,1935,0.0,0.0
Maldives,MDV,1936,0.0,0.0
Maldives,MDV,1937,0.0,0.0
Maldives,MDV,1938,0.0,0.0
Maldives,MDV,1939,0.0,0.0
Maldives,MDV,1940,0.0,0.0
Maldives,MDV,1941,0.0,0.0
Maldives,MDV,1942,0.0,0.0
Maldives,MDV,1943,0.0,0.0
Maldives,MDV,1944,0.0,0.0
Maldives,MDV,1945,0.0,0.0
Maldives,MDV,1946,0.0,0.0
Maldives,MDV,1947,0.0,0.0
Maldives,MDV,1948,0.0,0.0
Maldives,MDV,1949,0.0,0.0
Maldives,MDV,1950,0.0,0.0
Maldives,MDV,1951,0.0,0.0
Maldives,MDV,1952,0.0,0.0
Maldives,MDV,1953,0.0,0.0
Maldives,MDV,1954,0.0,0.0
Maldives,MDV,1955,0.0,0.0
Maldives,MDV,1956,0.0,0.0
Maldives,MDV,1957,0.0,0.0
Maldives,MDV,1958,0.0,0.0
Maldives,MDV,1959,0.0,0.0
Maldives,MDV,1960,0.0,0.0
Maldives,MDV,1961,0.0,0.0
Maldives,MDV,1962,0.0,0.0
Maldives,MDV,1963,0.0,0.0
Maldives,MDV,1964,0.0,0.0
Maldives,MDV,1965,0.0,0.0
Maldives,MDV,1966,0.0,0.0
Maldives,MDV,1967,0.0,0.0
Maldives,MDV,1968,0.0,0.0
Maldives,MDV,1969,0.0,1.0
Maldives,MDV,1970,0.0,1.0
Maldives,MDV,1971,0.0,1.0
Maldives,MDV,1972,0.0,1.0
Maldives,MDV,1973,0.0,1.0
Maldives,MDV,1974,0.0,1.0
Maldives,MDV,1975,0.0,1.0
Maldives,MDV,1976,0.0,1.0
Maldives,MDV,1977,0.0,1.0
Maldives,MDV,1978,0.0,1.0
Maldives,MDV,1979,0.0,1.0
Maldives,MDV,1980,0.0,1.0
Maldives,MDV,1981,0.0,1.0
Maldives,MDV,1982,0.0,1.0
Maldives,MDV,1983,0.0,1.0
Maldives,MDV,1984,0.0,1.0
Maldives,MDV,1985,0.0,1.0
Maldives,MDV,1986,0.0,1.0
Maldives,MDV,1987,0.0,1.0
Maldives,MDV,1988,0.0,1.0
Maldives,MDV,1989,0.0,1.0
Maldives,MDV,1990,0.0,1.0
Maldives,MDV,1991,0.0,1.0
Maldives,MDV,1992,0.0,1.0
Maldives,MDV,1993,0.0,1.0
Maldives,MDV,1994,0.0,1.0
Maldives,MDV,1995,0.0,1.0
Maldives,MDV,1996,0.0,1.0
Maldives,MDV,1997,0.0,1.0
Maldives,MDV,1998,0.0,1.0
Maldives,MDV,1999,0.0,1.0
Maldives,MDV,2000,0.0,1.0
Maldives,MDV,2001,0.0,1.0
Maldives,MDV,2002,0.0,1.0
Maldives,MDV,2003,0.0,1.0
Maldives,MDV,2004,0.0,1.0
Maldives,MDV,2005,0.0,1.0
Maldives,MDV,2006,0.0,1.0
Maldives,MDV,2007,0.0,1.0
Maldives,MDV,2008,1.0,4.0
Maldives,MDV,2009,2.0,6.0
Maldives,MDV,2010,2.0,6.0
Maldives,MDV,2011,2.0,6.0
Maldives,MDV,2012,2.0,5.0
Maldives,MDV,2013,1.0,4.0
Maldives,MDV,2014,1.0,3.0
Maldives,MDV,2015,1.0,3.0
Maldives,MDV,2016,1.0,3.0
Maldives,MDV,2017,1.0,3.0
Maldives,MDV,2018,1.0,3.0
Maldives,MDV,2019,2.0,6.0
Maldives,MDV,2020,2.0,6.0
Maldives,MDV,2021,2.0,6.0
Maldives,MDV,2022,2.0,6.0
Maldives,MDV,2023,2.0,6.0
Maldives,MDV,2024,2.0,6.0
Maldives,MDV,2025,2.0,5.0
Mongolia,MNG,1911,0.0,0.0
Mongolia,MNG,1912,0.0,0.0
Mongolia,MNG,1913,0.0,0.0
Mongolia,MNG,1914,0.0,0.0
Mongolia,MNG,1915,0.0,0.0
Mongolia,MNG,1916,0.0,0.0
Mongolia,MNG,1917,0.0,0.0
Mongolia,MNG,1918,0.0,0.0
Mongolia,MNG,1919,0.0,0.0
Mongolia,MNG,1920,0.0,0.0
Mongolia,MNG,1921,0.0,0.0
Mongolia,MNG,1922,0.0,0.0
Mongolia,MNG,1923,0.0,0.0
Mongolia,MNG,1924,0.0,0.0
Mongolia,MNG,1925,0.0,0.0
Mongolia,MNG,1926,0.0,0.0
Mongolia,MNG,1927,0.0,0.0
Mongolia,MNG,1928,0.0,0.0
Mongolia,MNG,1929,0.0,0.0
Mongolia,MNG,1930,0.0,0.0
Mongolia,MNG,1931,0.0,0.0
Mongolia,MNG,1932,0.0,0.0
Mongolia,MNG,1933,0.0,0.0
Mongolia,MNG,1934,0.0,0.0
Mongolia,MNG,1935,0.0,0.0
Mongolia,MNG,1936,0.0,0.0
Mongolia,MNG,1937,0.0,0.0
Mongolia,MNG,1938,0.0,0.0
Mongolia,MNG,1939,0.0,0.0
Mongolia,MNG,1940,0.0,0.0
Mongolia,MNG,1941,0.0,0.0
Mongolia,MNG,1942,0.0,0.0
Mongolia,MNG,1943,0.0,0.0
Mongolia,MNG,1944,0.0,0.0
Mongolia,MNG,1945,0.0,0.0
Mongolia,MNG,1946,0.0,0.0
Mongolia,MNG,1947,0.0,0.0
Mongolia,MNG,1948,0.0,0.0
Mongolia,MNG,1949,0.0,0.0
Mongolia,MNG,1950,0.0,0.0
Mongolia,MNG,1951,0.0,0.0
Mongolia,MNG,1952,0.0,0.0
Mongolia,MNG,1953,0.0,0.0
Mongolia,MNG,1954,0.0,0.0
Mongolia,MNG,1955,0.0,0.0
Mongolia,MNG,1956,0.0,0.0
Mongolia,MNG,1957,0.0,0.0
Mongolia,MNG,1958,0.0,0.0
Mongolia,MNG,1959,0.0,0.0
Mongolia,MNG,1960,0.0,0.0
Mongolia,MNG,1961,0.0,0.0
Mongolia,MNG,1962,0.0,0.0
Mongolia,MNG,1963,0.0,1.0
Mongolia,MNG,1964,0.0,1.0
Mongolia,MNG,1965,0.0,1.0
Mongolia,MNG,1966,0.0,1.0
Mongolia,MNG,1967,0.0,1.0
Mongolia,MNG,1968,0.0,1.0
Mongolia,MNG,1969,0.0,1.0
Mongolia,MNG,1970,0.0,1.0
Mongolia,MNG,1971,0.0,1.0
Mongolia,MNG,1972,0.0,1.0
Mongolia,MNG,1973,0.0,1.0
Mongolia,MNG,1974,0.0,1.0
Mongolia,MNG,1975,0.0,1.0
Mongolia,MNG,1976,0.0,1.0
Mongolia,MNG,1977,0.0,1.0
Mongolia,MNG,1978,0.0,1.0
Mongolia,MNG,1979,0.0,1.0
Mongolia,MNG,1980,0.0,1.0
Mongolia,MNG,1981,0.0,1.0
Mongolia,MNG,1982,0.0,1.0
Mongolia,MNG,1983,0.0,1.0
Mongolia,MNG,1984,0.0,1.0
Mongolia,MNG,1985,0.0,1.0
Mongolia,MNG,1986,0.0,1.0
Mongolia,MNG,1987,0.0,1.0
Mongolia,MNG,1988,0.0,1.0
Mongolia,MNG,1989,0.0,1.0
Mongolia,MNG,1990,1.0,3.0
Mongolia,MNG,1991,2.0,5.0
Mongolia,MNG,1992,2.0,6.0
Mongolia,MNG,1993,2.0,6.0
Mongolia,MNG,1994,2.0,6.0
Mongolia,MNG,1995,2.0,6.0
Mongolia,MNG,1996,2.0,6.0
Mongolia,MNG,1997,2.0,6.0
Mongolia,MNG,1998,2.0,6.0
Mongolia,MNG,1999,2.0,6.0
Mongolia,MNG,2000,2.0,6.0
Mongolia,MNG,2001,2.0,6.0
Mongolia,MNG,2002,2.0,6.0
Mongolia,MNG,2003,2.0,6.0
Mongolia,MNG,2004,2.0,6.0
Mongolia,MNG,2005,2.0,6.0
Mongolia,MNG,2006,2.0,6.0
Mongolia,MNG,2007,2.0,6.0
Mongolia,MNG,2008,2.0,6.0
Mongolia,MNG,2009,2.0,6.0
Mongolia,MNG,2010,2.0,6.0
Mongolia,MNG,2011,2.0,6.0
Mongolia,MNG,2012,2.0,6.0
Mongolia,MNG,2013,2.0,6.0
Mongolia,MNG,2014,2.0,6.0
Mongolia,MNG,2015,2.0,6.0
Mongolia,MNG,2016,2.0,6.0
Mongolia,MNG,2017,2.0,6.0
Mongolia,MNG,2018,2.0,6.0
Mongolia,MNG,2019,2.0,6.0
Mongolia,MNG,2020,2.0,6.0
Mongolia,MNG,2021,2.0,6.0
Mongolia,MNG,2022,2.0,6.0
Mongolia,MNG,2023,2.0,5.0
Mongolia,MNG,2024,1.0,4.0
Mongolia,MNG,2025,2.0,5.0
Morocco,MAR,1789,,
Morocco,MAR,1790,,
Morocco,MAR,1791,,
Morocco,MAR,1792,,
Morocco,MAR,1793,,
Morocco,MAR,1794,,
Morocco,MAR,1795,,
Morocco,MAR,1796,,
Morocco,MAR,1797,,
Morocco,MAR,1798,,
Morocco,MAR,1799,,
Morocco,MAR,1800,,
Morocco,MAR,1801,,
Morocco,MAR,1802,,
Morocco,MAR,1803,,
Morocco,MAR,1804,,
Morocco,MAR,1805,,
Morocco,MAR,1806,,
Morocco,MAR,1807,,
Morocco,MAR,1808,,
Morocco,MAR,1809,,
Morocco,MAR,1810,,
Morocco,MAR,1811,,
Morocco,MAR,1812,,
Morocco,MAR,1813,,
Morocco,MAR,1814,,
Morocco,MAR,1815,,
Morocco,MAR,1816,,
Morocco,MAR,1817,,
Morocco,MAR,1818,,
Morocco,MAR,1819,,
Morocco,MAR,1820,,
Morocco,MAR,1821,,
Morocco,MAR,1822,,
Morocco,MAR,1823,,
Morocco,MAR,1824,,
Morocco,MAR,1825,,
Morocco,MAR,1826,,
Morocco,MAR,1827,,
Morocco,MAR,1828,,
Morocco,MAR,1829,,
Morocco,MAR,1830,,
Morocco,MAR,1831,,
Morocco,MAR,1832,,
Morocco,MAR,1833,,
Morocco,MAR,1834,,
Morocco,MAR,1835,,
Morocco,MAR,1836,,
Morocco,MAR,1837,,
Morocco,MAR,1838,,
Morocco,MAR,1839,,
Morocco,MAR,1840,,
Morocco,MAR,1841,,
Morocco,MAR,1842,,
Morocco,MAR,1843,,
Morocco,MAR,1844,,
Morocco,MAR,1845,,
Morocco,MAR,1846,,
Morocco,MAR,1847,,
Morocco,MAR,1848,,
Morocco,MAR,1849,,
Morocco,MAR,1850,,
Morocco,MAR,1851,,
Morocco,MAR,1852,,
Morocco,MAR,1853,,
Morocco,MAR,1854,,
Morocco,MAR,1855,,
Morocco,MAR,1856,,
Morocco,MAR,1857,,
Morocco,MAR,1858,,
Morocco,MAR,1859,,
Morocco,MAR,1860,,
Morocco,MAR,1861,,
Morocco,MAR,1862,,
Morocco,MAR,1863,,
Morocco,MAR,1864,,
Morocco,MAR,1865,,
Morocco,MAR,1866,,
Morocco,MAR,1867,,
Morocco,MAR,1868,,
Morocco,MAR,1869,,
Morocco,MAR,1870,,
Morocco,MAR,1871,,
Morocco,MAR,1872,,
Morocco,MAR,1873,,
Morocco,MAR,1874,,
Morocco,MAR,1875,,
Morocco,MAR,1876,,
Morocco,MAR,1877,,
Morocco,MAR,1878,,
Morocco,MAR,1879,,
Morocco,MAR,1880,,
Morocco,MAR,1881,,
Morocco,MAR,1882,,
Morocco,MAR,1883,,
Morocco,MAR,1884,,
Morocco,MAR,1885,,
Morocco,MAR,1886,,
Morocco,MAR,1887,,
Morocco,MAR,1888,,
Morocco,MAR,1889,,
Morocco,MAR,1890,,
Morocco,MAR,1891,,
Morocco,MAR,1892,,
Morocco,MAR,1893,,
Morocco,MAR,1894,,
Morocco,MAR,1895,,
Morocco,MAR,1896,,
Morocco,MAR,1897,,
Morocco,MAR,1898,,
Morocco,MAR,1899,,
Morocco,MAR,1900,0.0,0.0
Morocco,MAR,1901,0.0,0.0
Morocco,MAR,1902,0.0,0.0
Morocco,MAR,1903,0.0,0.0
Morocco,MAR,1904,0.0,0.0
Morocco,MAR,1905,0.0,0.0
Morocco,MAR,1906,0.0,0.0
Morocco,MAR,1907,0.0,0.0
Morocco,MAR,1908,0.0,0.0
Morocco,MAR,1909,0.0,0.0
Morocco,MAR,1910,0.0,0.0
Morocco,MAR,1911,0.0,0.0
Morocco,MAR,1912,0.0,0.0
Morocco,MAR,1913,0.0,0.0
Morocco,MAR,1914,0.0,0.0
Morocco,MAR,1915,0.0,0.0
Morocco,MAR,1916,0.0,0.0
Morocco,MAR,1917,0.0,0.0
Morocco,MAR,1918,0.0,0.0
Morocco,MAR,1919,0.0,0.0
Morocco,MAR,1920,0.0,0.0
Morocco,MAR,1921,0.0,0.0
Morocco,MAR,1922,0.0,0.0
Morocco,MAR,1923,0.0,0.0
Morocco,MAR,1924,0.0,0.0
Morocco,MAR,1925,0.0,0.0
Morocco,MAR,1926,0.0,0.0
Morocco,MAR,1927,0.0,0.0
Morocco,MAR,1928,0.0,0.0
Morocco,MAR,1929,0.0,0.0
Morocco,MAR,1930,0.0,0.0
Morocco,MAR,1931,0.0,0.0
Morocco,MAR,1932,0.0,0.0
Morocco,MAR,1933,0.0,0.0
Morocco,MAR,1934,0.0,0.0
Morocco,MAR,1935,0.0,0.0
Morocco,MAR,1936,0.0,0.0
Morocco,MAR,1937,0.0,0.0
Morocco,MAR,1938,0.0,0.0
Morocco,MAR,1939,0.0,0.0
Morocco,MAR,1940,0.0,0.0
Morocco,MAR,1941,0.0,0.0
Morocco,MAR,1942,0.0,0.0
Morocco,MAR,1943,0.0,0.0
Morocco,MAR,1944,0.0,0.0
Morocco,MAR,1945,0.0,0.0
Morocco,MAR,1946,0.0,0.0
Morocco,MAR,1947,0.0,0.0
Morocco,MAR,1948,0.0,0.0
Morocco,MAR,1949,0.0,0.0
Morocco,MAR,1950,0.0,0.0
Morocco,MAR,1951,0.0,0.0
Morocco,MAR,1952,0.0,0.0
Morocco,MAR,1953,0.0,0.0
Morocco,MAR,1954,0.0,0.0
Morocco,MAR,1955,0.0,0.0
Morocco,MAR,1956,0.0,0.0
Morocco,MAR,1957,0.0,0.0
Morocco,MAR,1958,0.0,0.0
Morocco,MAR,1959,0.0,0.0
Morocco,MAR,1960,0.0,0.0
Morocco,MAR,1961,0.0,0.0
Morocco,MAR,1962,0.0,0.0
Morocco,MAR,1963,0.0,0.0
Morocco,MAR,1964,0.0,0.0
Morocco,MAR,1965,0.0,0.0
Morocco,MAR,1966,0.0,0.0
Morocco,MAR,1967,0.0,0.0
Morocco,MAR,1968,0.0,0.0
Morocco,MAR,1969,0.0,0.0
Morocco,MAR,1970,0.0,0.0
Morocco,MAR,1971,0.0,0.0
Morocco,MAR,1972,0.0,0.0
Morocco,MAR,1973,0.0,0.0
Morocco,MAR,1974,0.0,0.0
Morocco,MAR,1975,0.0,0.0
Morocco,MAR,1976,0.0,0.0
Morocco,MAR,1977,0.0,0.0
Morocco,MAR,1978,0.0,0.0
Morocco,MAR,1979,0.0,0.0
Morocco,MAR,1980,0.0,0.0
Morocco,MAR,1981,0.0,0.0
Morocco,MAR,1982,0.0,0.0
Morocco,MAR,1983,0.0,0.0
Morocco,MAR,1984,0.0,0.0
Morocco,MAR,1985,0.0,0.0
Morocco,MAR,1986,0.0,0.0
Morocco,MAR,1987,0.0,0.0
Morocco,MAR,1988,0.0,0.0
Morocco,MAR,1989,0.0,0.0
Morocco,MAR,1990,0.0,0.0
Morocco,MAR,1991,0.0,0.0
Morocco,MAR,1992,0.0,0.0
Morocco,MAR,1993,0.0,0.0
Morocco,MAR,1994,0.0,0.0
Morocco,MAR,1995,0.0,0.0
Morocco,MAR,1996,0.0,0.0
Morocco,MAR,1997,0.0,0.0
Morocco,MAR,1998,0.0,0.0
Morocco,MAR,1999,0.0,0.0
Morocco,MAR,2000,0.0,0.0
Morocco,MAR,2001,0.0,0.0
Morocco,MAR,2002,0.0,0.0
Morocco,MAR,2003,0.0,0.0
Morocco,MAR,2004,0.0,0.0
Morocco,MAR,2005,0.0,0.0
Morocco,MAR,2006,0.0,0.0
Morocco,MAR,2007,0.0,0.0
Morocco,MAR,2008,0.0,0.0
Morocco,MAR,2009,0.0,0.0
Morocco,MAR,2010,0.0,0.0
Morocco,MAR,2011,0.0,0.0
Morocco,MAR,2012,0.0,0.0
Morocco,MAR,2013,0.0,0.0
Morocco,MAR,2014,0.0,0.0
Morocco,MAR,2015,0.0,0.0
Morocco,MAR,2016,0.0,0.0
Morocco,MAR,2017,0.0,0.0
Morocco,MAR,2018,0.0,0.0
Morocco,MAR,2019,0.0,0.0
Morocco,MAR,2020,0.0,0.0
Morocco,MAR,2021,0.0,0.0
Morocco,MAR,2022,0.0,0.0
Morocco,MAR,2023,0.0,0.0
Morocco,MAR,2024,0.0,0.0
Morocco,MAR,2025,0.0,0.0
Netherlands,NLD,1789,,
Netherlands,NLD,1790,,
Netherlands,NLD,1791,,
Netherlands,NLD,1792,,
Netherlands,NLD,1793,,
Netherlands,NLD,1794,,
Netherlands,NLD,1795,,
Netherlands,NLD,1796,,
Netherlands,NLD,1797,,
Netherlands,NLD,1798,,
Netherlands,NLD,1799,,
Netherlands,NLD,1800,,
Netherlands,NLD,1801,,
Netherlands,NLD,1802,,
Netherlands,NLD,1803,,
Netherlands,NLD,1804,,
Netherlands,NLD,1805,,
Netherlands,NLD,1806,,
Netherlands,NLD,1807,,
Netherlands,NLD,1808,,
Netherlands,NLD,1809,,
Netherlands,NLD,1810,,
Netherlands,NLD,1813,,
Netherlands,NLD,1814,,
Netherlands,NLD,1815,,
Netherlands,NLD,1816,,
Netherlands,NLD,1817,,
Netherlands,NLD,1818,,
Netherlands,NLD,1819,,
Netherlands,NLD,1820,,
Netherlands,NLD,1821,,
Netherlands,NLD,1822,,
Netherlands,NLD,1823,,
Netherlands,NLD,1824,,
Netherlands,NLD,1825,,
Netherlands,NLD,1826,,
Netherlands,NLD,1827,,
Netherlands,NLD,1828,,
Netherlands,NLD,1829,,
Netherlands,NLD,1830,,
Netherlands,NLD,1831,,
Netherlands,NLD,1832,,
Netherlands,NLD,1833,,
Netherlands,NLD,1834,,
Netherlands,NLD,1835,,
Netherlands,NLD,1836,,
Netherlands,NLD,1837,,
Netherlands,NLD,1838,,
Netherlands,NLD,1839,,
Netherlands,NLD,1840,,
Netherlands,NLD,1841,,
Netherlands,NLD,1842,,
Netherlands,NLD,1843,,
Netherlands,NLD,1844,,
Netherlands,NLD,1845,,
Netherlands,NLD,1846,,
Netherlands,NLD,1847,,
Netherlands,NLD,1848,,
Netherlands,NLD,1849,,
Netherlands,NLD,1850,,
Netherlands,NLD,1851,,
Netherlands,NLD,1852,,
Netherlands,NLD,1853,,
Netherlands,NLD,1854,,
Netherlands,NLD,1855,,
Netherlands,NLD,1856,,
Netherlands,NLD,1857,,
Netherlands,NLD,1858,,
Netherlands,NLD,1859,,
Netherlands,NLD,1860,,
Netherlands,NLD,1861,,
Netherlands,NLD,1862,,
Netherlands,NLD,1863,,
Netherlands,NLD,1864,,
Netherlands,NLD,1865,,
Netherlands,NLD,1866,,
Netherlands,NLD,1867,,
Netherlands,NLD,1868,,
Netherlands,NLD,1869,,
Netherlands,NLD,1870,,
Netherlands,NLD,1871,,
Netherlands,NLD,1872,,
Netherlands,NLD,1873,,
Netherlands,NLD,1874,,
Netherlands,NLD,1875,,
Netherlands,NLD,1876,,
Netherlands,NLD,1877,,
Netherlands,NLD,1878,,
Netherlands,NLD,1879,,
Netherlands,NLD,1880,,
Netherlands,NLD,1881,,
Netherlands,NLD,1882,,
Netherlands,NLD,1883,,
Netherlands,NLD,1884,,
Netherlands,NLD,1885,,
Netherlands,NLD,1886,,
Netherlands,NLD,1887,,
Netherlands,NLD,1888,,
Netherlands,NLD,1889,,
Netherlands,NLD,1890,,
Netherlands,NLD,1891,,
Netherlands,NLD,1892,,
Netherlands,NLD,1893,,
Netherlands,NLD,1894,,
Netherlands,NLD,1895,,
Netherlands,NLD,1896,,
Netherlands,NLD,1897,,
Netherlands,NLD,1898,,
Netherlands,NLD,1899,,
Netherlands,NLD,1900,1.0,3.0
Netherlands,NLD,1901,1.0,3.0
Netherlands,NLD,1902,1.0,3.0
Netherlands,NLD,1903,1.0,3.0
Netherlands,NLD,1904,1.0,3.0
Netherlands,NLD,1905,1.0,3.0
Netherlands,NLD,1906,1.0,3.0
Netherlands,NLD,1907,1.0,3.0
Netherlands,NLD,1908,1.0,3.0
Netherlands,NLD,1909,1.0,3.0
Netherlands,NLD,1910,1.0,3.0
Netherlands,NLD,1911,1.0,3.0
Netherlands,NLD,1912,1.0,3.0
Netherlands,NLD,1913,1.0,3.0
Netherlands,NLD,1914,1.0,3.0
Netherlands,NLD,1915,1.0,3.0
Netherlands,NLD,1916,1.0,3.0
Netherlands,NLD,1917,1.0,4.0
Netherlands,NLD,1918,3.0,8.0
Netherlands,NLD,1919,3.0,8.0
Netherlands,NLD,1920,3.0,8.0
Netherlands,NLD,1921,3.0,8.0
Netherlands,NLD,1922,3.0,8.0
Netherlands,NLD,1923,3.0,8.0
Netherlands,NLD,1924,3.0,8.0
Netherlands,NLD,1925,3.0,8.0
Netherlands,NLD,1926,3.0,8.0
Netherlands,NLD,1927,3.0,8.0
Netherlands,NLD,1928,3.0,8.0
Netherlands,NLD,1929,3.0,8.0
Netherlands,NLD,1930,3.0,8.0
Netherlands,NLD,1931,3.0,8.0
Netherlands,NLD,1932,3.0,8.0
Netherlands,NLD,1933,3.0,8.0
Netherlands,NLD,1934,3.0,8.0
Netherlands,NLD,1935,3.0,8.0
Netherlands,NLD,1936,3.0,8.0
Netherlands,NLD,1937,3.0,8.0
Netherlands,NLD,1938,3.0,8.0
Netherlands,NLD,1939,3.0,8.0
Netherlands,NLD,1940,0.0,0.0
Netherlands,NLD,1941,0.0,0.0
Netherlands,NLD,1942,0.0,0.0
Netherlands,NLD,1943,0.0,0.0
Netherlands,NLD,1944,0.0,0.0
Netherlands,NLD,1945,0.0,0.0
Netherlands,NLD,1946,3.0,8.0
Netherlands,NLD,1947,3.0,9.0
Netherlands,NLD,1948,3.0,9.0
Netherlands,NLD,1949,3.0,9.0
Netherlands,NLD,1950,3.0,9.0
Netherlands,NLD,1951,3.0,9.0
Netherlands,NLD,1952,3.0,9.0
Netherlands,NLD,1953,3.0,9.0
Netherlands,NLD,1954,3.0,9.0
Netherlands,NLD,1955,3.0,9.0
Netherlands,NLD,1956,3.0,9.0
Netherlands,NLD,1957,3.0,9.0
Netherlands,NLD,1958,3.0,9.0
Netherlands,NLD,1959,3.0,9.0
Netherlands,NLD,1960,3.0,9.0
Netherlands,NLD,1961,3.0,9.0
Netherlands,NLD,1962,3.0,9.0
Netherlands,NLD,1963,3.0,9.0
Netherlands,NLD,1964,3.0,9.0
Netherlands,NLD,1965,3.0,9.0
Netherlands,NLD,1966,3.0,9.0
Netherlands,NLD,1967,3.0,9.0
Netherlands,NLD,1968,3.0,9.0
Netherlands,NLD,1969,3.0,9.0
Netherlands,NLD,1970,3.0,9.0
Netherlands,NLD,1971,3.0,9.0
Netherlands,NLD,1972,3.0,9.0
Netherlands,NLD,1973,3.0,9.0
Netherlands,NLD,1974,3.0,9.0
Netherlands,NLD,1975,3.0,9.0
Netherlands,NLD,1976,3.0,9.0
Netherlands,NLD,1977,3.0,9.0
Netherlands,NLD,1978,3.0,9.0
Netherlands,NLD,1979,3.0,9.0
Netherlands,NLD,1980,3.0,9.0
Netherlands,NLD,1981,3.0,9.0
Netherlands,NLD,1982,3.0,9.0
Netherlands,NLD,1983,3.0,9.0
Netherlands,NLD,1984,3.0,9.0
Netherlands,NLD,1985,3.0,9.0
Netherlands,NLD,1986,3.0,9.0
Netherlands,NLD,1987,3.0,9.0
Netherlands,NLD,1988,3.0,9.0
Netherlands,NLD,1989,3.0,9.0
Netherlands,NLD,1990,3.0,9.0
Netherlands,NLD,1991,3.0,9.0
Netherlands,NLD,1992,3.0,9.0
Netherlands,NLD,1993,3.0,9.0
Netherlands,NLD,1994,3.0,9.0
Netherlands,NLD,1995,3.0,9.0
Netherlands,NLD,1996,3.0,9.0
Netherlands,NLD,1997,3.0,9.0
Netherlands,NLD,1998,3.0,9.0
Netherlands,NLD,1999,3.0,9.0
Netherlands,NLD,2000,3.0,9.0
Netherlands,NLD,2001,3.0,9.0
Netherlands,NLD,2002,3.0,9.0
Netherlands,NLD,2003,3.0,9.0
Netherlands,NLD,2004,3.0,9.0
Netherlands,NLD,2005,3.0,9.0
Netherlands,NLD,2006,3.0,9.0
Netherlands,NLD,2007,3.0,9.0
Netherlands,NLD,2008,3.0,9.0
Netherlands,NLD,2009,3.0,9.0
Netherlands,NLD,2010,3.0,9.0
Netherlands,NLD,2011,3.0,9.0
Netherlands,NLD,2012,3.0,9.0
Netherlands,NLD,2013,3.0,9.0
Netherlands,NLD,2014,3.0,9.0
Netherlands,NLD,2015,3.0,9.0
Netherlands,NLD,2016,3.0,9.0
Netherlands,NLD,2017,3.0,9.0
Netherlands,NLD,2018,3.0,9.0
Netherlands,NLD,2019,3.0,9.0
Netherlands,NLD,2020,3.0,9.0
Netherlands,NLD,2021,3.0,9.0
Netherlands,NLD,2022,3.0,9.0
Netherlands,NLD,2023,3.0,9.0
Netherlands,NLD,2024,3.0,9.0
Netherlands,NLD,2025,3.0,9.0
Panama,PAN,1903,0.0,0.0
Panama,PAN,1904,1.0,3.0
Panama,PAN,1905,1.0,3.0
Panama,PAN,1906,1.0,3.0
Panama,PAN,1907,1.0,3.0
Panama,PAN,1908,1.0,3.0
Panama,PAN,1909,1.0,3.0
Panama,PAN,1910,1.0,3.0
Panama,PAN,1911,1.0,3.0
Panama,PAN,1912,1.0,3.0
Panama,PAN,1913,1.0,3.0
Panama,PAN,1914,1.0,3.0
Panama,PAN,1915,1.0,3.0
Panama,PAN,1916,1.0,3.0
Panama,PAN,1917,1.0,3.0
Panama,PAN,1918,1.0,3.0
Panama,PAN,1919,1.0,3.0
Panama,PAN,1920,1.0,3.0
Panama,PAN,1921,1.0,3.0
Panama,PAN,1922,1.0,3.0
Panama,PAN,1923,1.0,3.0
Panama,PAN,1924,1.0,3.0
Panama,PAN,1925,1.0,3.0
Panama,PAN,1926,1.0,3.0
Panama,PAN,1927,1.0,3.0
Panama,PAN,1928,1.0,3.0
Panama,PAN,1929,1.0,3.0
Panama,PAN,1930,1.0,3.0
Panama,PAN,1931,1.0,3.0
Panama,PAN,1932,1.0,3.0
Panama,PAN,1933,1.0,3.0
Panama,PAN,1934,1.0,3.0
Panama,PAN,1935,1.0,3.0
Panama,PAN,1936,1.0,3.0
Panama,PAN,1937,1.0,3.0
Panama,PAN,1938,1.0,3.0
Panama,PAN,1939,1.0,3.0
Panama,PAN,1940,1.0,3.0
Panama,PAN,1941,1.0,3.0
Panama,PAN,1942,1.0,3.0
Panama,PAN,1943,1.0,3.0
Panama,PAN,1944,1.0,3.0
Panama,PAN,1945,1.0,3.0
Panama,PAN,1946,0.0,0.0
Panama,PAN,1947,0.0,0.0
Panama,PAN,1948,1.0,3.0
Panama,PAN,1949,1.0,3.0
Panama,PAN,1950,1.0,3.0
Panama,PAN,1951,1.0,3.0
Panama,PAN,1952,1.0,3.0
Panama,PAN,1953,1.0,3.0
Panama,PAN,1954,1.0,3.0
Panama,PAN,1955,1.0,3.0
Panama,PAN,1956,1.0,3.0
Panama,PAN,1957,1.0,3.0
Panama,PAN,1958,1.0,3.0
Panama,PAN,1959,1.0,3.0
Panama,PAN,1960,1.0,3.0
Panama,PAN,1961,1.0,3.0
Panama,PAN,1962,1.0,3.0
Panama,PAN,1963,1.0,3.0
Panama,PAN,1964,1.0,3.0
Panama,PAN,1965,1.0,3.0
Panama,PAN,1966,1.0,3.0
Panama,PAN,1967,1.0,3.0
Panama,PAN,1968,1.0,3.0
Panama,PAN,1969,0.0,0.0
Panama,PAN,1970,0.0,0.0
Panama,PAN,1971,0.0,0.0
Panama,PAN,1972,0.0,0.0
Panama,PAN,1973,0.0,0.0
Panama,PAN,1974,0.0,0.0
Panama,PAN,1975,0.0,0.0
Panama,PAN,1976,0.0,0.0
Panama,PAN,1977,0.0,0.0
Panama,PAN,1978,0.0,0.0
Panama,PAN,1979,0.0,0.0
Panama,PAN,1980,0.0,0.0
Panama,PAN,1981,0.0,0.0
Panama,PAN,1982,0.0,0.0
Panama,PAN,1983,0.0,0.0
Panama,PAN,1984,1.0,2.0
Panama,PAN,1985,1.0,2.0
Panama,PAN,1986,1.0,2.0
Panama,PAN,1987,1.0,2.0
Panama,PAN,1988,1.0,2.0
Panama,PAN,1989,1.0,3.0
Panama,PAN,1990,1.0,3.0
Panama,PAN,1991,2.0,6.0
Panama,PAN,1992,2.0,6.0
Panama,PAN,1993,2.0,6.0
Panama,PAN,1994,2.0,6.0
Panama,PAN,1995,2.0,6.0
Panama,PAN,1996,2.0,6.0
Panama,PAN,1997,2.0,6.0
Panama,PAN,1998,2.0,6.0
Panama,PAN,1999,2.0,6.0
Panama,PAN,2000,2.0,6.0
Panama,PAN,2001,2.0,6.0
Panama,PAN,2002,2.0,6.0
Panama,PAN,2003,2.0,6.0
Panama,PAN,2004,2.0,6.0
Panama,PAN,2005,2.0,6.0
Panama,PAN,2006,2.0,6.0
Panama,PAN,2007,2.0,6.0
Panama,PAN,2008,2.0,6.0
Panama,PAN,2009,2.0,6.0
Panama,PAN,2010,2.0,6.0
Panama,PAN,2011,2.0,6.0
Panama,PAN,2012,2.0,6.0
Panama,PAN,2013,2.0,6.0
Panama,PAN,2014,2.0,6.0
Panama,PAN,2015,2.0,6.0
Panama,PAN,2016,2.0,6.0
Panama,PAN,2017,2.0,6.0
Panama,PAN,2018,2.0,6.0
Panama,PAN,2019,2.0,6.0
Panama,PAN,2020,2.0,6.0
Panama,PAN,2021,2.0,6.0
Panama,PAN,2022,2.0,6.0
Panama,PAN,2023,2.0,6.0
Panama,PAN,2024,2.0,6.0
Panama,PAN,2025,2.0,6.0
Papua New Guinea,PNG,1900,0.0,0.0
Papua New Guinea,PNG,1901,0.0,0.0
Papua New Guinea,PNG,1902,0.0,0.0
Papua New Guinea,PNG,1903,0.0,0.0
Papua New Guinea,PNG,1904,0.0,0.0
Papua New Guinea,PNG,1905,0.0,0.0
Papua New Guinea,PNG,1906,0.0,0.0
Papua New Guinea,PNG,1907,0.0,0.0
Papua New Guinea,PNG,1908,0.0,0.0
Papua New Guinea,PNG,1909,0.0,0.0
Papua New Guinea,PNG,1910,0.0,0.0
Papua New Guinea,PNG,1911,0.0,0.0
Papua New Guinea,PNG,1912,0.0,0.0
Papua New Guinea,PNG,1913,0.0,0.0
Papua New Guinea,PNG,1914,0.0,0.0
Papua New Guinea,PNG,1915,0.0,0.0
Papua New Guinea,PNG,1916,0.0,0.0
Papua New Guinea,PNG,1917,0.0,0.0
Papua New Guinea,PNG,1918,0.0,0.0
Papua New Guinea,PNG,1919,0.0,0.0
Papua New Guinea,PNG,1920,0.0,0.0
Papua New Guinea,PNG,1921,0.0,0.0
Papua New Guinea,PNG,1922,0.0,0.0
Papua New Guinea,PNG,1923,0.0,0.0
Papua New Guinea,PNG,1924,0.0,0.0
Papua New Guinea,PNG,1925,0.0,0.0
Papua New Guinea,PNG,1926,0.0,0.0
Papua New Guinea,PNG,1927,0.0,0.0
Papua New Guinea,PNG,1928,0.0,0.0
Papua New Guinea,PNG,1929,0.0,0.0
Papua New Guinea,PNG,1930,0.0,0.0
Papua New Guinea,PNG,1931,0.0,0.0
Papua New Guinea,PNG,1932,0.0,0.0
Papua New Guinea,PNG,1933,0.0,0.0
Papua New Guinea,PNG,1934,0.0,0.0
Papua New Guinea,PNG,1935,0.0,0.0
Papua New Guinea,PNG,1936,0.0,0.0
Papua New Guinea,PNG,1937,0.0,0.0
Papua New Guinea,PNG,1938,0.0,0.0
Papua New Guinea,PNG,1939,0.0,0.0
Papua New Guinea,PNG,1940,0.0,0.0
Papua New Guinea,PNG,1941,0.0,0.0
Papua New Guinea,PNG,1942,0.0,0.0
Papua New Guinea,PNG,1943,0.0,0.0
Papua New Guinea,PNG,1944,0.0,0.0
Papua New Guinea,PNG,1945,0.0,0.0
Papua New Guinea,PNG,1946,0.0,0.0
Papua New Guinea,PNG,1947,0.0,0.0
Papua New Guinea,PNG,1948,0.0,0.0
Papua New Guinea,PNG,1949,0.0,0.0
Papua New Guinea,PNG,1950,0.0,0.0
Papua New Guinea,PNG,1951,0.0,0.0
Papua New Guinea,PNG,1952,0.0,0.0
Papua New Guinea,PNG,1953,0.0,0.0
Papua New Guinea,PNG,1954,0.0,0.0
Papua New Guinea,PNG,1955,0.0,0.0
Papua New Guinea,PNG,1956,0.0,0.0
Papua New Guinea,PNG,1957,0.0,0.0
Papua New Guinea,PNG,1958,0.0,0.0
Papua New Guinea,PNG,1959,0.0,0.0
Papua New Guinea,PNG,1960,0.0,0.0
Papua New Guinea,PNG,1961,0.0,0.0
Papua New Guinea,PNG,1962,0.0,0.0
Papua New Guinea,PNG,1963,0.0,0.0
Papua New Guinea,PNG,1964,0.0,0.0
Papua New Guinea,PNG,1965,0.0,0.0
Papua New Guinea,PNG,1966,0.0,0.0
Papua New Guinea,PNG,1967,0.0,0.0
Papua New Guinea,PNG,1968,0.0,0.0
Papua New Guinea,PNG,1969,0.0,0.0
Papua New Guinea,PNG,1970,0.0,0.0
Papua New Guinea,PNG,1971,0.0,0.0
Papua New Guinea,PNG,1972,1.0,3.0
Papua New Guinea,PNG,1973,2.0,5.0
Papua New Guinea,PNG,1974,2.0,5.0
Papua New Guinea,PNG,1975,2.0,6.0
Papua New Guinea,PNG,1976,2.0,6.0
Papua New Guinea,PNG,1977,2.0,6.0
Papua New Guinea,PNG,1978,2.0,5.0
Papua New Guinea,PNG,1979,2.0,5.0
Papua New Guinea,PNG,1980,2.0,6.0
Papua New Guinea,PNG,1981,2.0,6.0
Papua New Guinea,PNG,1982,2.0,6.0
Papua New Guinea,PNG,1983,2.0,6.0
Papua New Guinea,PNG,1984,2.0,6.0
Papua New Guinea,PNG,1985,2.0,6.0
Papua New Guinea,PNG,1986,2.0,6.0
Papua New Guinea,PNG,1987,2.0,5.0
Papua New Guinea,PNG,1988,2.0,5.0
Papua New Guinea,PNG,1989,2.0,5.0
Papua New Guinea,PNG,1990,2.0,5.0
Papua New Guinea,PNG,1991,2.0,5.0
Papua New Guinea,PNG,1992,2.0,5.0
Papua New Guinea,PNG,1993,2.0,5.0
Papua New Guinea,PNG,1994,2.0,5.0
Papua New Guinea,PNG,1995,2.0,5.0
Papua New Guinea,PNG,1996,2.0,5.0
Papua New Guinea,PNG,1997,2.0,5.0
Papua New Guinea,PNG,1998,2.0,5.0
Papua New Guinea,PNG,1999,2.0,5.0
Papua New Guinea,PNG,2000,2.0,5.0
Papua New Guinea,PNG,2001,2.0,5.0
Papua New Guinea,PNG,2002,2.0,5.0
Papua New Guinea,PNG,2003,2.0,5.0
Papua New Guinea,PNG,2004,2.0,5.0
Papua New Guinea,PNG,2005,2.0,5.0
Papua New Guinea,PNG,2006,2.0,5.0
Papua New Guinea,PNG,2007,2.0,5.0
Papua New Guinea,PNG,2008,1.0,4.0
Papua New Guinea,PNG,2009,1.0,4.0
Papua New Guinea,PNG,2010,1.0,4.0
Papua New Guinea,PNG,2011,1.0,4.0
Papua New Guinea,PNG,2012,1.0,3.0
Papua New Guinea,PNG,2013,1.0,3.0
Papua New Guinea,PNG,2014,1.0,3.0
Papua New Guinea,PNG,2015,1.0,3.0
Papua New Guinea,PNG,2016,1.0,3.0
Papua New Guinea,PNG,2017,1.0,3.0
Papua New Guinea,PNG,2018,1.0,3.0
Papua New Guinea,PNG,2019,1.0,3.0
Papua New Guinea,PNG,2020,1.0,3.0
Papua New Guinea,PNG,2021,1.0,3.0
Papua New Guinea,PNG,2022,1.0,3.0
Papua New Guinea,PNG,2023,1.0,3.0
Papua New Guinea,PNG,2024,1.0,3.0
Papua New Guinea,PNG,2025,1.0,3.0
Qatar,QAT,1900,0.0,0.0
Qatar,QAT,1901,0.0,0.0
Qatar,QAT,1902,0.0,0.0
Qatar,QAT,1903,0.0,0.0
Qatar,QAT,1904,0.0,0.0
Qatar,QAT,1905,0.0,0.0
Qatar,QAT,1906,0.0,0.0
Qatar,QAT,1907,0.0,0.0
Qatar,QAT,1908,0.0,0.0
Qatar,QAT,1909,0.0,0.0
Qatar,QAT,1910,0.0,0.0
Qatar,QAT,1911,0.0,0.0
Qatar,QAT,1912,0.0,0.0
Qatar,QAT,1913,0.0,0.0
Qatar,QAT,1914,0.0,0.0
Qatar,QAT,1915,0.0,0.0
Qatar,QAT,1916,0.0,0.0
Qatar,QAT,1917,0.0,0.0
Qatar,QAT,1918,0.0,0.0
Qatar,QAT,1919,0.0,0.0
Qatar,QAT,1920,0.0,0.0
Qatar,QAT,1921,0.0,0.0
Qatar,QAT,1922,0.0,0.0
Qatar,QAT,1923,0.0,0.0
Qatar,QAT,1924,0.0,0.0
Qatar,QAT,1925,0.0,0.0
Qatar,QAT,1926,0.0,0.0
Qatar,QAT,1927,0.0,0.0
Qatar,QAT,1928,0.0,0.0
Qatar,QAT,1929,0.0,0.0
Qatar,QAT,1930,0.0,0.0
Qatar,QAT,1931,0.0,0.0
Qatar,QAT,1932,0.0,0.0
Qatar,QAT,1933,0.0,0.0
Qatar,QAT,1934,0.0,0.0
Qatar,QAT,1935,0.0,0.0
Qatar,QAT,1936,0.0,0.0
Qatar,QAT,1937,0.0,0.0
Qatar,QAT,1938,0.0,0.0
Qatar,QAT,1939,0.0,0.0
Qatar,QAT,1940,0.0,0.0
Qatar,QAT,1941,0.0,0.0
Qatar,QAT,1942,0.0,0.0
Qatar,QAT,1943,0.0,0.0
Qatar,QAT,1944,0.0,0.0
Qatar,QAT,1945,0.0,0.0
Qatar,QAT,1946,0.0,0.0
Qatar,QAT,1947,0.0,0.0
Qatar,QAT,1948,0.0,0.0
Qatar,QAT,1949,0.0,0.0
Qatar,QAT,1950,0.0,0.0
Qatar,QAT,1951,0.0,0.0
Qatar,QAT,1952,0.0,0.0
Qatar,QAT,1953,0.0,0.0
Qatar,QAT,1954,0.0,0.0
Qatar,QAT,1955,0.0,0.0
Qatar,QAT,1956,0.0,0.0
Qatar,QAT,1957,0.0,0.0
Qatar,QAT,1958,0.0,0.0
Qatar,QAT,1959,0.0,0.0
Qatar,QAT,1960,0.0,0.0
Qatar,QAT,1961,0.0,0.0
Qatar,QAT,1962,0.0,0.0
Qatar,QAT,1963,0.0,0.0
Qatar,QAT,1964,0.0,0.0
Qatar,QAT,1965,0.0,0.0
Qatar,QAT,1966,0.0,0.0
Qatar,QAT,1967,0.0,0.0
Qatar,QAT,1968,0.0,0.0
Qatar,QAT,1969,0.0,0.0
Qatar,QAT,1970,0.0,0.0
Qatar,QAT,1971,0.0,0.0
Qatar,QAT,1972,0.0,0.0
Qatar,QAT,1973,0.0,0.0
Qatar,QAT,1974,0.0,0.0
Qatar,QAT,1975,0.0,0.0
Qatar,QAT,1976,0.0,0.0
Qatar,QAT,1977,0.0,0.0
Qatar,QAT,1978,0.0,0.0
Qatar,QAT,1979,0.0,0.0
Qatar,QAT,1980,0.0,0.0
Qatar,QAT,1981,0.0,0.0
Qatar,QAT,1982,0.0,0.0
Qatar,QAT,1983,0.0,0.0
Qatar,QAT,1984,0.0,0.0
Qatar,QAT,1985,0.0,0.0
Qatar,QAT,1986,0.0,0.0
Qatar,QAT,1987,0.0,0.0
Qatar,QAT,1988,0.0,0.0
Qatar,QAT,1989,0.0,0.0
Qatar,QAT,1990,0.0,0.0
Qatar,QAT,1991,0.0,0.0
Qatar,QAT,1992,0.0,0.0
Qatar,QAT,1993,0.0,0.0
Qatar,QAT,1994,0.0,0.0
Qatar,QAT,1995,0.0,0.0
Qatar,QAT,1996,0.0,0.0
Qatar,QAT,1997,0.0,0.0
Qatar,QAT,1998,0.0,0.0
Qatar,QAT,1999,0.0,0.0
Qatar,QAT,2000,0.0,0.0
Qatar,QAT,2001,0.0,0.0
Qatar,QAT,2002,0.0,0.0
Qatar,QAT,2003,0.0,0.0
Qatar,QAT,2004,0.0,0.0
Qatar,QAT,2005,0.0,0.0
Qatar,QAT,2006,0.0,0.0
Qatar,QAT,2007,0.0,0.0
Qatar,QAT,2008,0.0,0.0
Qatar,QAT,2009,0.0,0.0
Qatar,QAT,2010,0.0,0.0
Qatar,QAT,2011,0.0,0.0
Qatar,QAT,2012,0.0,0.0
Qatar,QAT,2013,0.0,0.0
Qatar,QAT,2014,0.0,0.0
Qatar,QAT,2015,0.0,0.0
Qatar,QAT,2016,0.0,0.0
Qatar,QAT,2017,0.0,0.0
Qatar,QAT,2018,0.0,0.0
Qatar,QAT,2019,0.0,0.0
Qatar,QAT,2020,0.0,0.0
Qatar,QAT,2021,0.0,0.0
Qatar,QAT,2022,0.0,0.0
Qatar,QAT,2023,0.0,0.0
Qatar,QAT,2024,0.0,0.0
Qatar,QAT,2025,0.0,0.0
Sierra Leone,SLE,1900,0.0,0.0
Sierra Leone,SLE,1901,0.0,0.0
Sierra Leone,SLE,1902,0.0,0.0
Sierra Leone,SLE,1903,0.0,0.0
Sierra Leone,SLE,1904,0.0,0.0
Sierra Leone,SLE,1905,0.0,0.0
Sierra Leone,SLE,1906,0.0,0.0
Sierra Leone,SLE,1907,0.0,0.0
Sierra Leone,SLE,1908,0.0,0.0
Sierra Leone,SLE,1909,0.0,0.0
Sierra Leone,SLE,1910,0.0,0.0
Sierra Leone,SLE,1911,0.0,0.0
Sierra Leone,SLE,1912,0.0,0.0
Sierra Leone,SLE,1913,0.0,0.0
Sierra Leone,SLE,1914,0.0,0.0
Sierra Leone,SLE,1915,0.0,0.0
Sierra Leone,SLE,1916,0.0,0.0
Sierra Leone,SLE,1917,0.0,0.0
Sierra Leone,SLE,1918,0.0,0.0
Sierra Leone,SLE,1919,0.0,0.0
Sierra Leone,SLE,1920,0.0,0.0
Sierra Leone,SLE,1921,0.0,0.0
Sierra Leone,SLE,1922,0.0,0.0
Sierra Leone,SLE,1923,0.0,0.0
Sierra Leone,SLE,1924,0.0,0.0
Sierra Leone,SLE,1925,0.0,0.0
Sierra Leone,SLE,1926,0.0,0.0
Sierra Leone,SLE,1927,0.0,0.0
Sierra Leone,SLE,1928,0.0,0.0
Sierra Leone,SLE,1929,0.0,0.0
Sierra Leone,SLE,1930,0.0,0.0
Sierra Leone,SLE,1931,0.0,0.0
Sierra Leone,SLE,1932,0.0,0.0
Sierra Leone,SLE,1933,0.0,0.0
Sierra Leone,SLE,1934,0.0,0.0
Sierra Leone,SLE,1935,0.0,0.0
Sierra Leone,SLE,1936,0.0,0.0
Sierra Leone,SLE,1937,0.0,0.0
Sierra Leone,SLE,1938,0.0,0.0
Sierra Leone,SLE,1939,0.0,0.0
Sierra Leone,SLE,1940,0.0,0.0
Sierra Leone,SLE,1941,0.0,0.0
Sierra Leone,SLE,1942,0.0,0.0
Sierra Leone,SLE,1943,0.0,0.0
Sierra Leone,SLE,1944,0.0,0.0
Sierra Leone,SLE,1945,0.0,0.0
Sierra Leone,SLE,1946,0.0,0.0
Sierra Leone,SLE,1947,0.0,0.0
Sierra Leone,SLE,1948,0.0,0.0
Sierra Leone,SLE,1949,0.0,0.0
Sierra Leone,SLE,1950,0.0,0.0
Sierra Leone,SLE,1951,0.0,0.0
Sierra Leone,SLE,1952,0.0,0.0
Sierra Leone,SLE,1953,0.0,0.0
Sierra Leone,SLE,1954,0.0,0.0
Sierra Leone,SLE,1955,0.0,0.0
Sierra Leone,SLE,1956,0.0,0.0
Sierra Leone,SLE,1957,0.0,0.0
Sierra Leone,SLE,1958,0.0,0.0
Sierra Leone,SLE,1959,0.0,0.0
Sierra Leone,SLE,1960,0.0,0.0
Sierra Leone,SLE,1961,1.0,3.0
Sierra Leone,SLE,1962,1.0,3.0
Sierra Leone,SLE,1963,1.0,3.0
Sierra Leone,SLE,1964,1.0,3.0
Sierra Leone,SLE,1965,1.0,3.0
Sierra Leone,SLE,1966,1.0,3.0
Sierra Leone,SLE,1967,0.0,0.0
Sierra Leone,SLE,1968,0.0,0.0
Sierra Leone,SLE,1969,0.0,0.0
Sierra Leone,SLE,1970,0.0,0.0
Sierra Leone,SLE,1971,0.0,0.0
Sierra Leone,SLE,1972,0.0,0.0
Sierra Leone,SLE,1973,1.0,3.0
Sierra Leone,SLE,1974,1.0,3.0
Sierra Leone,SLE,1975,1.0,3.0
Sierra Leone,SLE,1976,1.0,3.0
Sierra Leone,SLE,1977,1.0,3.0
Sierra Leone,SLE,1978,1.0,3.0
Sierra Leone,SLE,1979,1.0,3.0
Sierra Leone,SLE,1980,1.0,3.0
Sierra Leone,SLE,1981,1.0,3.0
Sierra Leone,SLE,1982,1.0,3.0
Sierra Leone,SLE,1983,1.0,3.0
Sierra Leone,SLE,1984,1.0,3.0
Sierra Leone,SLE,1985,1.0,3.0
Sierra Leone,SLE,1986,1.0,3.0
Sierra Leone,SLE,1987,1.0,3.0
Sierra Leone,SLE,1988,1.0,3.0
Sierra Leone,SLE,1989,1.0,3.0
Sierra Leone,SLE,1990,1.0,3.0
Sierra Leone,SLE,1991,1.0,3.0
Sierra Leone,SLE,1992,1.0,3.0
Sierra Leone,SLE,1993,0.0,0.0
Sierra Leone,SLE,1994,0.0,0.0
Sierra Leone,SLE,1995,0.0,0.0
Sierra Leone,SLE,1996,1.0,3.0
Sierra Leone,SLE,1997,1.0,3.0
Sierra Leone,SLE,1998,0.0,0.0
Sierra Leone,SLE,1999,0.0,0.0
Sierra Leone,SLE,2000,0.0,0.0
Sierra Leone,SLE,2001,0.0,0.0
Sierra Leone,SLE,2002,1.0,3.0
Sierra Leone,SLE,2003,2.0,5.0
Sierra Leone,SLE,2004,2.0,5.0
Sierra Leone,SLE,2005,2.0,5.0
Sierra Leone,SLE,2006,2.0,5.0
Sierra Leone,SLE,2007,2.0,5.0
Sierra Leone,SLE,2008,2.0,5.0
Sierra Leone,SLE,2009,2.0,5.0
Sierra Leone,SLE,2010,2.0,5.0
Sierra Leone,SLE,2011,2.0,5.0
Sierra Leone,SLE,2012,2.0,5.0
Sierra Leone,SLE,2013,2.0,5.0
Sierra Leone,SLE,2014,2.0,5.0
Sierra Leone,SLE,2015,2.0,5.0
Sierra Leone,SLE,2016,2.0,5.0
Sierra Leone,SLE,2017,2.0,5.0
Sierra Leone,SLE,2018,2.0,5.0
Sierra Leone,SLE,2019,2.0,5.0
Sierra Leone,SLE,2020,2.0,5.0
Sierra Leone,SLE,2021,2.0,7.0
Sierra Leone,SLE,2022,2.0,5.0
Sierra Leone,SLE,2023,1.0,4.0
Sierra Leone,SLE,2024,1.0,4.0
Sierra Leone,SLE,2025,1.0,4.0
Spain,ESP,1789,,
Spain,ESP,1790,,
Spain,ESP,1791,,
Spain,ESP,1792,,
Spain,ESP,1793,,
Spain,ESP,1794,,
Spain,ESP,1795,,
Spain,ESP,1796,,
Spain,ESP,1797,,
Spain,ESP,1798,,
Spain,ESP,1799,,
Spain,ESP,1800,,
Spain,ESP,1801,,
Spain,ESP,1802,,
Spain,ESP,1803,,
Spain,ESP,1804,,
Spain,ESP,1805,,
Spain,ESP,1806,,
Spain,ESP,1807,,
Spain,ESP,1808,,
Spain,ESP,1809,,
Spain,ESP,1810,,
Spain,ESP,1811,,
Spain,ESP,1812,,
Spain,ESP,1813,,
Spain,ESP,1814,,
Spain,ESP,1815,,
Spain,ESP,1816,,
Spain,ESP,1817,,
Spain,ESP,1818,,
Spain,ESP,1819,,
Spain,ESP,1820,,
Spain,ESP,1821,,
Spain,ESP,1822,,
Spain,ESP,1823,,
Spain,ESP,1824,,
Spain,ESP,1825,,
Spain,ESP,1826,,
Spain,ESP,1827,,
Spain,ESP,1828,,
Spain,ESP,1829,,
Spain,ESP,1830,,
Spain,ESP,1831,,
Spain,ESP,1832,,
Spain,ESP,1833,,
Spain,ESP,1834,,
Spain,ESP,1835,,
Spain,ESP,1836,,
Spain,ESP,1837,,
Spain,ESP,1838,,
Spain,ESP,1839,,
Spain,ESP,1840,,
Spain,ESP,1841,,
Spain,ESP,1842,,
Spain,ESP,1843,,
Spain,ESP,1844,,
Spain,ESP,1845,,
Spain,ESP,1846,,
Spain,ESP,1847,,
Spain,ESP,1848,,
Spain,ESP,1849,,
Spain,ESP,1850,,
Spain,ESP,1851,,
Spain,ESP,1852,,
Spain,ESP,1853,,
Spain,ESP,1854,,
Spain,ESP,1855,,
Spain,ESP,1856,,
Spain,ESP,1857,,
Spain,ESP,1858,,
Spain,ESP,1859,,
Spain,ESP,1860,,
Spain,ESP,1861,,
Spain,ESP,1862,,
Spain,ESP,1863,,
Spain,ESP,1864,,
Spain,ESP,1865,,
Spain,ESP,1866,,
Spain,ESP,1867,,
Spain,ESP,1868,,
Spain,ESP,1869,,
Spain,ESP,1870,,
Spain,ESP,1871,,
Spain,ESP,1872,,
Spain,ESP,1873,,
Spain,ESP,1874,,
Spain,ESP,1875,,
Spain,ESP,1876,,
Spain,ESP,1877,,
Spain,ESP,1878,,
Spain,ESP,1879,,
Spain,ESP,1880,,
Spain,ESP,1881,,
Spain,ESP,1882,,
Spain,ESP,1883,,
Spain,ESP,1884,,
Spain,ESP,1885,,
Spain,ESP,1886,,
Spain,ESP,1887,,
Spain,ESP,1888,,
Spain,ESP,1889,,
Spain,ESP,1890,,
Spain,ESP,1891,,
Spain,ESP,1892,,
Spain,ESP,1893,,
Spain,ESP,1894,,
Spain,ESP,1895,,
Spain,ESP,1896,,
Spain,ESP,1897,,
Spain,ESP,1898,,
Spain,ESP,1899,,
Spain,ESP,1900,0.0,0.0
Spain,ESP,1901,0.0,0.0
Spain,ESP,1902,0.0,0.0
Spain,ESP,1903,0.0,0.0
Spain,ESP,1904,0.0,0.0
Spain,ESP,1905,0.0,0.0
Spain,ESP,1906,0.0,0.0
Spain,ESP,1907,0.0,0.0
Spain,ESP,1908,0.0,0.0
Spain,ESP,1909,0.0,0.0
Spain,ESP,1910,0.0,0.0
Spain,ESP,1911,0.0,0.0
Spain,ESP,1912,0.0,0.0
Spain,ESP,1913,0.0,0.0
Spain,ESP,1914,0.0,0.0
Spain,ESP,1915,0.0,0.0
Spain,ESP,1916,0.0,0.0
Spain,ESP,1917,0.0,0.0
Spain,ESP,1918,0.0,0.0
Spain,ESP,1919,0.0,0.0
Spain,ESP,1920,0.0,0.0
Spain,ESP,1921,0.0,0.0
Spain,ESP,1922,0.0,0.0
Spain,ESP,1923,0.0,0.0
Spain,ESP,1924,0.0,0.0
Spain,ESP,1925,0.0,0.0
Spain,ESP,1926,0.0,0.0
Spain,ESP,1927,0.0,0.0
Spain,ESP,1928,0.0,0.0
Spain,ESP,1929,0.0,0.0
Spain,ESP,1930,0.0,0.0
Spain,ESP,1931,1.0,3.0
Spain,ESP,1932,2.0,5.0
Spain,ESP,1933,2.0,5.0
Spain,ESP,1934,2.0,5.0
Spain,ESP,1935,2.0,5.0
Spain,ESP,1936,1.0,4.0
Spain,ESP,1937,1.0,3.0
Spain,ESP,1938,1.0,3.0
Spain,ESP,1939,0.0,0.0
Spain,ESP,1940,0.0,0.0
Spain,ESP,1941,0.0,0.0
Spain,ESP,1942,0.0,0.0
Spain,ESP,1943,0.0,0.0
Spain,ESP,1944,0.0,0.0
Spain,ESP,1945,0.0,0.0
Spain,ESP,1946,0.0,0.0
Spain,ESP,1947,0.0,0.0
Spain,ESP,1948,0.0,0.0
Spain,ESP,1949,0.0,0.0
Spain,ESP,1950,0.0,0.0
Spain,ESP,1951,0.0,0.0
Spain,ESP,1952,0.0,0.0
Spain,ESP,1953,0.0,0.0
Spain,ESP,1954,0.0,0.0
Spain,ESP,1955,0.0,0.0
Spain,ESP,1956,0.0,0.0
Spain,ESP,1957,0.0,0.0
Spain,ESP,1958,0.0,0.0
Spain,ESP,1959,0.0,0.0
Spain,ESP,1960,0.0,0.0
Spain,ESP,1961,0.0,0.0
Spain,ESP,1962,0.0,0.0
Spain,ESP,1963,0.0,0.0
Spain,ESP,1964,0.0,0.0
Spain,ESP,1965,0.0,0.0
Spain,ESP,1966,0.0,0.0
Spain,ESP,1967,0.0,0.0
Spain,ESP,1968,0.0,0.0
Spain,ESP,1969,0.0,0.0
Spain,ESP,1970,0.0,0.0
Spain,ESP,1971,0.0,0.0
Spain,ESP,1972,0.0,0.0
Spain,ESP,1973,0.0,0.0
Spain,ESP,1974,0.0,0.0
Spain,ESP,1975,1.0,2.0
Spain,ESP,1976,1.0,2.0
Spain,ESP,1977,1.0,3.0
Spain,ESP,1978,2.0,7.0
Spain,ESP,1979,2.0,7.0
Spain,ESP,1980,2.0,7.0
Spain,ESP,1981,2.0,7.0
Spain,ESP,1982,2.0,7.0
Spain,ESP,1983,3.0,9.0
Spain,ESP,1984,3.0,9.0
Spain,ESP,1985,3.0,9.0
Spain,ESP,1986,3.0,9.0
Spain,ESP,1987,3.0,9.0
Spain,ESP,1988,3.0,9.0
Spain,ESP,1989,3.0,9.0
Spain,ESP,1990,3.0,9.0
Spain,ESP,1991,3.0,9.0
Spain,ESP,1992,3.0,9.0
Spain,ESP,1993,3.0,9.0
Spain,ESP,1994,3.0,9.0
Spain,ESP,1995,3.0,9.0
Spain,ESP,1996,3.0,9.0
Spain,ESP,1997,3.0,9.0
Spain,ESP,1998,3.0,9.0
Spain,ESP,1999,3.0,9.0
Spain,ESP,2000,3.0,9.0
Spain,ESP,2001,3.0,9.0
Spain,ESP,2002,3.0,9.0
Spain,ESP,2003,3.0,9.0
Spain,ESP,2004,3.0,9.0
Spain,ESP,2005,3.0,9.0
Spain,ESP,2006,3.0,9.0
Spain,ESP,2007,3.0,9.0
Spain,ESP,2008,3.0,9.0
Spain,ESP,2009,3.0,9.0
Spain,ESP,2010,3.0,9.0
Spain,ESP,2011,3.0,9.0
Spain,ESP,2012,3.0,9.0
Spain,ESP,2013,3.0,9.0
Spain,ESP,2014,3.0,9.0
Spain,ESP,2015,3.0,9.0
Spain,ESP,2016,3.0,9.0
Spain,ESP,2017,3.0,9.0
Spain,ESP,2018,3.0,9.0
Spain,ESP,2019,3.0,9.0
Spain,ESP,2020,3.0,9.0
Spain,ESP,2021,3.0,9.0
Spain,ESP,2022,3.0,9.0
Spain,ESP,2023,3.0,9.0
Spain,ESP,2024,3.0,9.0
Spain,ESP,2025,3.0,9.0
Syria,SYR,1918,0.0,0.0
Syria,SYR,1919,0.0,0.0
Syria,SYR,1922,0.0,0.0
Syria,SYR,1923,0.0,0.0
Syria,SYR,1924,0.0,0.0
Syria,SYR,1925,0.0,0.0
Syria,SYR,1926,0.0,0.0
Syria,SYR,1927,0.0,0.0
Syria,SYR,1928,0.0,0.0
Syria,SYR,1929,0.0,0.0
Syria,SYR,1930,0.0,0.0
Syria,SYR,1931,0.0,0.0
Syria,SYR,1932,0.0,0.0
Syria,SYR,1933,0.0,0.0
Syria,SYR,1934,0.0,0.0
Syria,SYR,1935,0.0,0.0
Syria,SYR,1936,0.0,0.0
Syria,SYR,1937,0.0,0.0
Syria,SYR,1938,0.0,0.0
Syria,SYR,1939,0.0,0.0
Syria,SYR,1940,0.0,0.0
Syria,SYR,1941,0.0,0.0
Syria,SYR,1942,0.0,0.0
Syria,SYR,1943,0.0,0.0
Syria,SYR,1944,0.0,0.0
Syria,SYR,1945,0.0,0.0
Syria,SYR,1946,0.0,0.0
Syria,SYR,1947,1.0,3.0
Syria,SYR,1948,1.0,3.0
Syria,SYR,1949,1.0,3.0
Syria,SYR,1950,1.0,3.0
Syria,SYR,1951,0.0,0.0
Syria,SYR,1952,0.0,0.0
Syria,SYR,1953,1.0,3.0
Syria,SYR,1954,1.0,3.0
Syria,SYR,1955,1.0,3.0
Syria,SYR,1956,1.0,3.0
Syria,SYR,1957,1.0,3.0
Syria,SYR,1958,1.0,3.0
Syria,SYR,1959,0.0,0.0
Syria,SYR,1960,0.0,0.0
Syria,SYR,1961,1.0,3.0
Syria,SYR,1962,1.0,3.0
Syria,SYR,1963,1.0,3.0
Syria,SYR,1964,1.0,3.0
Syria,SYR,1965,1.0,3.0
Syria,SYR,1966,1.0,3.0
Syria,SYR,1967,0.0,0.0
Syria,SYR,1968,0.0,0.0
Syria,SYR,1969,0.0,0.0
Syria,SYR,1970,0.0,0.0
Syria,SYR,1971,1.0,2.0
Syria,SYR,1972,1.0,2.0
Syria,SYR,1973,1.0,2.0
Syria,SYR,1974,1.0,2.0
Syria,SYR,1975,1.0,2.0
Syria,SYR,1976,1.0,2.0
Syria,SYR,1977,1.0,2.0
Syria,SYR,1978,1.0,2.0
Syria,SYR,1979,1.0,2.0
Syria,SYR,1980,1.0,2.0
Syria,SYR,1981,1.0,2.0
Syria,SYR,1982,1.0,2.0
Syria,SYR,1983,1.0,2.0
Syria,SYR,1984,1.0,2.0
Syria,SYR,1985,1.0,2.0
Syria,SYR,1986,1.0,2.0
Syria,SYR,1987,1.0,2.0
Syria,SYR,1988,1.0,2.0
Syria,SYR,1989,1.0,2.0
Syria,SYR,1990,1.0,2.0
Syria,SYR,1991,1.0,2.0
Syria,SYR,1992,1.0,2.0
Syria,SYR,1993,1.0,2.0
Syria,SYR,1994,1.0,2.0
Syria,SYR,1995,1.0,2.0
Syria,SYR,1996,1.0,2.0
Syria,SYR,1997,1.0,2.0
Syria,SYR,1998,1.0,2.0
Syria,SYR,1999,1.0,2.0
Syria,SYR,2000,1.0,2.0
Syria,SYR,2001,1.0,2.0
Syria,SYR,2002,1.0,2.0
Syria,SYR,2003,1.0,2.0
Syria,SYR,2004,1.0,2.0
Syria,SYR,2005,1.0,2.0
Syria,SYR,2006,1.0,2.0
Syria,SYR,2007,1.0,2.0
Syria,SYR,2008,1.0,2.0
Syria,SYR,2009,1.0,2.0
Syria,SYR,2010,1.0,2.0
Syria,SYR,2011,1.0,2.0
Syria,SYR,2012,1.0,2.0
Syria,SYR,2013,0.0,0.0
Syria,SYR,2014,0.0,0.0
Syria,SYR,2015,0.0,0.0
Syria,SYR,2016,0.0,0.0
Syria,SYR,2017,0.0,0.0
Syria,SYR,2018,0.0,0.0
Syria,SYR,2019,0.0,0.0
Syria,SYR,2020,0.0,0.0
Syria,SYR,2021,0.0,0.0
Syria,SYR,2022,0.0,0.0
Syria,SYR,2023,0.0,0.0
Syria,SYR,2024,0.0,0.0
Syria,SYR,2025,0.0,0.0
Tunisia,TUN,1789,,
Tunisia,TUN,1790,,
Tunisia,TUN,1791,,
Tunisia,TUN,1792,,
Tunisia,TUN,1793,,
Tunisia,TUN,1794,,
Tunisia,TUN,1795,,
Tunisia,TUN,1796,,
Tunisia,TUN,1797,,
Tunisia,TUN,1798,,
Tunisia,TUN,1799,,
Tunisia,TUN,1800,,
Tunisia,TUN,1801,,
Tunisia,TUN,1802,,
Tunisia,TUN,1803,,
Tunisia,TUN,1804,,
Tunisia,TUN,1805,,
Tunisia,TUN,1806,,
Tunisia,TUN,1807,,
Tunisia,TUN,1808,,
Tunisia,TUN,1809,,
Tunisia,TUN,1810,,
Tunisia,TUN,1811,,
Tunisia,TUN,1812,,
Tunisia,TUN,1813,,
Tunisia,TUN,1814,,
Tunisia,TUN,1815,,
Tunisia,TUN,1816,,
Tunisia,TUN,1817,,
Tunisia,TUN,1818,,
Tunisia,TUN,1819,,
Tunisia,TUN,1820,,
Tunisia,TUN,1821,,
Tunisia,TUN,1822,,
Tunisia,TUN,1823,,
Tunisia,TUN,1824,,
Tunisia,TUN,1825,,
Tunisia,TUN,1826,,
Tunisia,TUN,1827,,
Tunisia,TUN,1828,,
Tunisia,TUN,1829,,
Tunisia,TUN,1830,,
Tunisia,TUN,1831,,
Tunisia,TUN,1832,,
Tunisia,TUN,1833,,
Tunisia,TUN,1834,,
Tunisia,TUN,1835,,
Tunisia,TUN,1836,,
Tunisia,TUN,1837,,
Tunisia,TUN,1838,,
Tunisia,TUN,1839,,
Tunisia,TUN,1840,,
Tunisia,TUN,1841,,
Tunisia,TUN,1842,,
Tunisia,TUN,1843,,
Tunisia,TUN,1844,,
Tunisia,TUN,1845,,
Tunisia,TUN,1846,,
Tunisia,TUN,1847,,
Tunisia,TUN,1848,,
Tunisia,TUN,1849,,
Tunisia,TUN,1850,,
Tunisia,TUN,1851,,
Tunisia,TUN,1852,,
Tunisia,TUN,1853,,
Tunisia,TUN,1854,,
Tunisia,TUN,1855,,
Tunisia,TUN,1856,,
Tunisia,TUN,1857,,
Tunisia,TUN,1858,,
Tunisia,TUN,1859,,
Tunisia,TUN,1860,,
Tunisia,TUN,1861,,
Tunisia,TUN,1862,,
Tunisia,TUN,1863,,
Tunisia,TUN,1864,,
Tunisia,TUN,1865,,
Tunisia,TUN,1866,,
Tunisia,TUN,1867,,
Tunisia,TUN,1868,,
Tunisia,TUN,1869,,
Tunisia,TUN,1870,,
Tunisia,TUN,1871,,
Tunisia,TUN,1872,,
Tunisia,TUN,1873,,
Tunisia,TUN,1874,,
Tunisia,TUN,1875,,
Tunisia,TUN,1876,,
Tunisia,TUN,1877,,
Tunisia,TUN,1878,,
Tunisia,TUN,1879,,
Tunisia,TUN,1880,,
Tunisia,TUN,1881,,
Tunisia,TUN,1882,,
Tunisia,TUN,1883,,
Tunisia,TUN,1884,,
Tunisia,TUN,1885,,
Tunisia,TUN,1886,,
Tunisia,TUN,1887,,
Tunisia,TUN,1888,,
Tunisia,TUN,1889,,
Tunisia,TUN,1890,,
Tunisia,TUN,1891,,
Tunisia,TUN,1892,,
Tunisia,TUN,1893,,
Tunisia,TUN,1894,,
Tunisia,TUN,1895,,
Tunisia,TUN,1896,,
Tunisia,TUN,1897,,
Tunisia,TUN,1898,,
Tunisia,TUN,1899,,
Tunisia,TUN,1900,0.0,0.0
Tunisia,TUN,1901,0.0,0.0
Tunisia,TUN,1902,0.0,0.0
Tunisia,TUN,1903,0.0,0.0
Tunisia,TUN,1904,0.0,0.0
Tunisia,TUN,1905,0.0,0.0
Tunisia,TUN,1906,0.0,0.0
Tunisia,TUN,1907,0.0,0.0
Tunisia,TUN,1908,0.0,0.0
Tunisia,TUN,1909,0.0,0.0
Tunisia,TUN,1910,0.0,0.0
Tunisia,TUN,1911,0.0,0.0
Tunisia,TUN,1912,0.0,0.0
Tunisia,TUN,1913,0.0,0.0
Tunisia,TUN,1914,0.0,0.0
Tunisia,TUN,1915,0.0,0.0
Tunisia,TUN,1916,0.0,0.0
Tunisia,TUN,1917,0.0,0.0
Tunisia,TUN,1918,0.0,0.0
Tunisia,TUN,1919,0.0,0.0
Tunisia,TUN,1920,0.0,0.0
Tunisia,TUN,1921,0.0,0.0
Tunisia,TUN,1922,0.0,0.0
Tunisia,TUN,1923,0.0,0.0
Tunisia,TUN,1924,0.0,0.0
Tunisia,TUN,1925,0.0,0.0
Tunisia,TUN,1926,0.0,0.0
Tunisia,TUN,1927,0.0,0.0
Tunisia,TUN,1928,0.0,0.0
Tunisia,TUN,1929,0.0,0.0
Tunisia,TUN,1930,0.0,0.0
Tunisia,TUN,1931,0.0,0.0
Tunisia,TUN,1932,0.0,0.0
Tunisia,TUN,1933,0.0,0.0
Tunisia,TUN,1934,0.0,0.0
Tunisia,TUN,1935,0.0,0.0
Tunisia,TUN,1936,0.0,0.0
Tunisia,TUN,1937,0.0,0.0
Tunisia,TUN,1938,0.0,0.0
Tunisia,TUN,1939,0.0,0.0
Tunisia,TUN,1940,0.0,0.0
Tunisia,TUN,1941,0.0,0.0
Tunisia,TUN,1942,0.0,0.0
Tunisia,TUN,1943,0.0,0.0
Tunisia,TUN,1944,0.0,0.0
Tunisia,TUN,1945,0.0,0.0
Tunisia,TUN,1946,0.0,0.0
Tunisia,TUN,1947,0.0,0.0
Tunisia,TUN,1948,0.0,0.0
Tunisia,TUN,1949,0.0,0.0
Tunisia,TUN,1950,0.0,0.0
Tunisia,TUN,1951,0.0,0.0
Tunisia,TUN,1952,0.0,0.0
Tunisia,TUN,1953,0.0,0.0
Tunisia,TUN,1954,0.0,0.0
Tunisia,TUN,1955,0.0,0.0
Tunisia,TUN,1956,0.0,0.0
Tunisia,TUN,1957,0.0,0.0
Tunisia,TUN,1958,0.0,0.0
Tunisia,TUN,1959,1.0,3.0
Tunisia,TUN,1960,1.0,3.0
Tunisia,TUN,1961,1.0,3.0
Tunisia,TUN,1962,1.0,3.0
Tunisia,TUN,1963,1.0,3.0
Tunisia,TUN,1964,1.0,3.0
Tunisia,TUN,1965,1.0,3.0
Tunisia,TUN,1966,1.0,3.0
Tunisia,TUN,1967,1.0,3.0
Tunisia,TUN,1968,1.0,3.0
Tunisia,TUN,1969,1.0,3.0
Tunisia,TUN,1970,1.0,3.0
Tunisia,TUN,1971,1.0,3.0
Tunisia,TUN,1972,1.0,3.0
Tunisia,TUN,1973,1.0,3.0
Tunisia,TUN,1974,1.0,3.0
Tunisia,TUN,1975,1.0,3.0
Tunisia,TUN,1976,1.0,3.0
Tunisia,TUN,1977,1.0,3.0
Tunisia,TUN,1978,1.0,3.0
Tunisia,TUN,1979,1.0,3.0
Tunisia,TUN,1980,1.0,3.0
Tunisia,TUN,1981,1.0,3.0
Tunisia,TUN,1982,1.0,3.0
Tunisia,TUN,1983,1.0,3.0
Tunisia,TUN,1984,1.0,3.0
Tunisia,TUN,1985,1.0,3.0
Tunisia,TUN,1986,1.0,3.0
Tunisia,TUN,1987,1.0,3.0
Tunisia,TUN,1988,0.0,0.0
Tunisia,TUN,1989,1.0,3.0
Tunisia,TUN,1990,1.0,3.0
Tunisia,TUN,1991,1.0,3.0
Tunisia,TUN,1992,1.0,3.0
Tunisia,TUN,1993,1.0,3.0
Tunisia,TUN,1994,1.0,3.0
Tunisia,TUN,1995,1.0,3.0
Tunisia,TUN,1996,1.0,3.0
Tunisia,TUN,1997,1.0,3.0
Tunisia,TUN,1998,1.0,3.0
Tunisia,TUN,1999,1.0,3.0
Tunisia,TUN,2000,1.0,3.0
Tunisia,TUN,2001,1.0,3.0
Tunisia,TUN,2002,1.0,3.0
Tunisia,TUN,2003,1.0,3.0
Tunisia,TUN,2004,1.0,3.0
Tunisia,TUN,2005,1.0,3.0
Tunisia,TUN,2006,1.0,3.0
Tunisia,TUN,2007,1.0,3.0
Tunisia,TUN,2008,1.0,3.0
Tunisia,TUN,2009,1.0,3.0
Tunisia,TUN,2010,1.0,3.0
Tunisia,TUN,2011,1.0,3.0
Tunisia,TUN,2012,2.0,6.0
Tunisia,TUN,2013,2.0,6.0
Tunisia,TUN,2014,2.0,6.0
Tunisia,TUN,2015,2.0,6.0
Tunisia,TUN,2016,2.0,6.0
Tunisia,TUN,2017,2.0,6.0
Tunisia,TUN,2018,2.0,6.0
Tunisia,TUN,2019,2.0,6.0
Tunisia,TUN,2020,2.0,6.0
Tunisia,TUN,2021,2.0,6.0
Tunisia,TUN,2022,1.0,3.0
Tunisia,TUN,2023,1.0,3.0
Tunisia,TUN,2024,1.0,3.0
Tunisia,TUN,2025,1.0,3.0
Türkiye,TUR,1789,,
Türkiye,TUR,1790,,
Türkiye,TUR,1791,,
Türkiye,TUR,1792,,
Türkiye,TUR,1793,,
Türkiye,TUR,1794,,
Türkiye,TUR,1795,,
Türkiye,TUR,1796,,
Türkiye,TUR,1797,,
Türkiye,TUR,1798,,
Türkiye,TUR,1799,,
Türkiye,TUR,1800,,
Türkiye,TUR,1801,,
Türkiye,TUR,1802,,
Türkiye,TUR,1803,,
Türkiye,TUR,1804,,
Türkiye,TUR,1805,,
Türkiye,TUR,1806,,
Türkiye,TUR,1807,,
Türkiye,TUR,1808,,
Türkiye,TUR,1809,,
Türkiye,TUR,1810,,
Türkiye,TUR,1811,,
Türkiye,TUR,1812,,
Türkiye,TUR,1813,,
Türkiye,TUR,1814,,
Türkiye,TUR,1815,,
Türkiye,TUR,1816,,
Türkiye,TUR,1817,,
Türkiye,TUR,1818,,
Türkiye,TUR,1819,,
Türkiye,TUR,1820,,
Türkiye,TUR,1821,,
Türkiye,TUR,1822,,
Türkiye,TUR,1823,,
Türkiye,TUR,1824,,
Türkiye,TUR,1825,,
Türkiye,TUR,1826,,
Türkiye,TUR,1827,,
Türkiye,TUR,1828,,
Türkiye,TUR,1829,,
Türkiye,TUR,1830,,
Türkiye,TUR,1831,,
Türkiye,TUR,1832,,
Türkiye,TUR,1833,,
Türkiye,TUR,1834,,
Türkiye,TUR,1835,,
Türkiye,TUR,1836,,
Türkiye,TUR,1837,,
Türkiye,TUR,1838,,
Türkiye,TUR,1839,,
Türkiye,TUR,1840,,
Türkiye,TUR,1841,,
Türkiye,TUR,1842,,
Türkiye,TUR,1843,,
Türkiye,TUR,1844,,
Türkiye,TUR,1845,,
Türkiye,TUR,1846,,
Türkiye,TUR,1847,,
Türkiye,TUR,1848,,
Türkiye,TUR,1849,,
Türkiye,TUR,1850,,
Türkiye,TUR,1851,,
Türkiye,TUR,1852,,
Türkiye,TUR,1853,,
Türkiye,TUR,1854,,
Türkiye,TUR,1855,,
Türkiye,TUR,1856,,
Türkiye,TUR,1857,,
Türkiye,TUR,1858,,
Türkiye,TUR,1859,,
Türkiye,TUR,1860,,
Türkiye,TUR,1861,,
Türkiye,TUR,1862,,
Türkiye,TUR,1863,,
Türkiye,TUR,1864,,
Türkiye,TUR,1865,,
Türkiye,TUR,1866,,
Türkiye,TUR,1867,,
Türkiye,TUR,1868,,
Türkiye,TUR,1869,,
Türkiye,TUR,1870,,
Türkiye,TUR,1871,,
Türkiye,TUR,1872,,
Türkiye,TUR,1873,,
Türkiye,TUR,1874,,
Türkiye,TUR,1875,,
Türkiye,TUR,1876,,
Türkiye,TUR,1877,,
Türkiye,TUR,1878,,
Türkiye,TUR,1879,,
Türkiye,TUR,1880,,
Türkiye,TUR,1881,,
Türkiye,TUR,1882,,
Türkiye,TUR,1883,,
Türkiye,TUR,1884,,
Türkiye,TUR,1885,,
Türkiye,TUR,1886,,
Türkiye,TUR,1887,,
Türkiye,TUR,1888,,
Türkiye,TUR,1889,,
Türkiye,TUR,1890,,
Türkiye,TUR,1891,,
Türkiye,TUR,1892,,
Türkiye,TUR,1893,,
Türkiye,TUR,1894,,
Türkiye,TUR,1895,,
Türkiye,TUR,1896,,
Türkiye,TUR,1897,,
Türkiye,TUR,1898,,
Türkiye,TUR,1899,,
Türkiye,TUR,1900,0.0,0.0
Türkiye,TUR,1901,0.0,0.0
Türkiye,TUR,1902,0.0,0.0
Türkiye,TUR,1903,0.0,0.0
Türkiye,TUR,1904,0.0,0.0
Türkiye,TUR,1905,0.0,0.0
Türkiye,TUR,1906,0.0,0.0
Türkiye,TUR,1907,0.0,0.0
Türkiye,TUR,1908,0.0,0.0
Türkiye,TUR,1909,0.0,0.0
Türkiye,TUR,1910,0.0,0.0
Türkiye,TUR,1911,0.0,0.0
Türkiye,TUR,1912,0.0,0.0
Türkiye,TUR,1913,0.0,0.0
Türkiye,TUR,1914,0.0,0.0
Türkiye,TUR,1915,0.0,0.0
Türkiye,TUR,1916,0.0,0.0
Türkiye,TUR,1917,0.0,0.0
Türkiye,TUR,1918,0.0,0.0
Türkiye,TUR,1919,0.0,0.0
Türkiye,TUR,1920,0.0,0.0
Türkiye,TUR,1921,0.0,0.0
Türkiye,TUR,1922,1.0,3.0
Türkiye,TUR,1923,0.0,1.0
Türkiye,TUR,1924,0.0,1.0
Türkiye,TUR,1925,0.0,1.0
Türkiye,TUR,1926,0.0,1.0
Türkiye,TUR,1927,0.0,1.0
Türkiye,TUR,1928,0.0,1.0
Türkiye,TUR,1929,0.0,1.0
Türkiye,TUR,1930,0.0,1.0
Türkiye,TUR,1931,0.0,1.0
Türkiye,TUR,1932,0.0,1.0
Türkiye,TUR,1933,0.0,1.0
Türkiye,TUR,1934,0.0,1.0
Türkiye,TUR,1935,0.0,1.0
Türkiye,TUR,1936,0.0,1.0
Türkiye,TUR,1937,0.0,1.0
Türkiye,TUR,1938,0.0,1.0
Türkiye,TUR,1939,0.0,1.0
Türkiye,TUR,1940,0.0,1.0
Türkiye,TUR,1941,0.0,1.0
Türkiye,TUR,1942,0.0,1.0
Türkiye,TUR,1943,0.0,1.0
Türkiye,TUR,1944,0.0,1.0
Türkiye,TUR,1945,0.0,1.0
Türkiye,TUR,1946,1.0,3.0
Türkiye,TUR,1947,1.0,3.0
Türkiye,TUR,1948,1.0,3.0
Türkiye,TUR,1949,1.0,3.0
Türkiye,TUR,1950,1.0,3.0
Türkiye,TUR,1951,1.0,3.0
Türkiye,TUR,1952,1.0,3.0
Türkiye,TUR,1953,1.0,3.0
Türkiye,TUR,1954,1.0,3.0
Türkiye,TUR,1955,1.0,3.0
Türkiye,TUR,1956,1.0,3.0
Türkiye,TUR,1957,1.0,3.0
Türkiye,TUR,1958,1.0,3.0
Türkiye,TUR,1959,1.0,3.0
Türkiye,TUR,1960,0.0,0.0
Türkiye,TUR,1961,0.0,0.0
Türkiye,TUR,1962,0.0,0.0
Türkiye,TUR,1963,0.0,0.0
Türkiye,TUR,1964,0.0,0.0
Türkiye,TUR,1965,0.0,0.0
Türkiye,TUR,1966,2.0,5.0
Türkiye,TUR,1967,2.0,6.0
Türkiye,TUR,1968,2.0,6.0
Türkiye,TUR,1969,2.0,6.0
Türkiye,TUR,1970,2.0,5.0
Türkiye,TUR,1971,1.0,4.0
Türkiye,TUR,1972,1.0,4.0
Türkiye,TUR,1973,2.0,5.0
Türkiye,TUR,1974,2.0,5.0
Türkiye,TUR,1975,2.0,5.0
Türkiye,TUR,1976,2.0,5.0
Türkiye,TUR,1977,2.0,5.0
Türkiye,TUR,1978,2.0,5.0
Türkiye,TUR,1979,2.0,5.0
Türkiye,TUR,1980,1.0,3.0
Türkiye,TUR,1981,0.0,0.0
Türkiye,TUR,1982,0.0,0.0
Türkiye,TUR,1983,1.0,3.0
Türkiye,TUR,1984,1.0,3.0
Türkiye,TUR,1985,1.0,3.0
Türkiye,TUR,1986,1.0,3.0
Türkiye,TUR,1987,1.0,3.0
Türkiye,TUR,1988,1.0,4.0
Türkiye,TUR,1989,1.0,4.0
Türkiye,TUR,1990,2.0,5.0
Türkiye,TUR,1991,2.0,5.0
Türkiye,TUR,1992,2.0,5.0
Türkiye,TUR,1993,2.0,5.0
Türkiye,TUR,1994,2.0,5.0
Türkiye,TUR,1995,2.0,5.0
Türkiye,TUR,1996,2.0,5.0
Türkiye,TUR,1997,2.0,5.0
Türkiye,TUR,1998,2.0,5.0
Türkiye,TUR,1999,2.0,6.0
Türkiye,TUR,2000,2.0,6.0
Türkiye,TUR,2001,2.0,6.0
Türkiye,TUR,2002,2.0,6.0
Türkiye,TUR,2003,2.0,6.0
Türkiye,TUR,2004,2.0,6.0
Türkiye,TUR,2005,2.0,6.0
Türkiye,TUR,2006,2.0,6.0
Türkiye,TUR,2007,2.0,6.0
Türkiye,TUR,2008,2.0,5.0
Türkiye,TUR,2009,2.0,5.0
Türkiye,TUR,2010,2.0,5.0
Türkiye,TUR,2011,2.0,5.0
Türkiye,TUR,2012,2.0,5.0
Türkiye,TUR,2013,1.0,4.0
Türkiye,TUR,2014,1.0,3.0
Türkiye,TUR,2015,1.0,3.0
Türkiye,TUR,2016,1.0,3.0
Türkiye,TUR,2017,1.0,3.0
Türkiye,TUR,2018,1.0,3.0
Türkiye,TUR,2019,1.0,3.0
Türkiye,TUR,2020,1.0,3.0
Türkiye,TUR,2021,1.0,3.0
Türkiye,TUR,2022,1.0,3.0
Türkiye,TUR,2023,1.0,3.0
Türkiye,TUR,2024,1.0,3.0
Türkiye,TUR,2025,1.0,3.0
Ukraine,UKR,1990,0.0,0.0
Ukraine,UKR,1991,1.0,3.0
Ukraine,UKR,1992,1.0,4.0
Ukraine,UKR,1993,1.0,4.0
Ukraine,UKR,1994,2.0,5.0
Ukraine,UKR,1995,2.0,5.0
Ukraine,UKR,1996,2.0,5.0
Ukraine,UKR,1997,2.0,5.0
Ukraine,UKR,1998,1.0,4.0
Ukraine,UKR,1999,1.0,3.0
Ukraine,UKR,2000,1.0,3.0
Ukraine,UKR,2001,1.0,3.0
Ukraine,UKR,2002,1.0,3.0
Ukraine,UKR,2003,1.0,3.0
Ukraine,UKR,2004,1.0,3.0
Ukraine,UKR,2005,1.0,3.0
Ukraine,UKR,2006,2.0,6.0
Ukraine,UKR,2007,2.0,6.0
Ukraine,UKR,2008,2.0,6.0
Ukraine,UKR,2009,2.0,6.0
Ukraine,UKR,2010,1.0,4.0
Ukraine,UKR,2011,1.0,4.0
Ukraine,UKR,2012,1.0,4.0
Ukraine,UKR,2013,1.0,4.0
Ukraine,UKR,2014,1.0,3.0
Ukraine,UKR,2015,1.0,3.0
Ukraine,UKR,2016,1.0,3.0
Ukraine,UKR,2017,1.0,3.0
Ukraine,UKR,2018,1.0,3.0
Ukraine,UKR,2019,2.0,5.0
Ukraine,UKR,2020,2.0,5.0
Ukraine,UKR,2021,2.0,5.0
Ukraine,UKR,2022,1.0,3.0
Ukraine,UKR,2023,1.0,3.0
Ukraine,UKR,2024,1.0,3.0
Ukraine,UKR,2025,1.0,3.0
United Kingdom,GBR,1789,,
United Kingdom,GBR,1790,,
United Kingdom,GBR,1791,,
United Kingdom,GBR,1792,,
United Kingdom,GBR,1793,,
United Kingdom,GBR,1794,,
United Kingdom,GBR,1795,,
United Kingdom,GBR,1796,,
United Kingdom,GBR,1797,,
United Kingdom,GBR,1798,,
United Kingdom,GBR,1799,,
United Kingdom,GBR,1800,,
United Kingdom,GBR,1801,,
United Kingdom,GBR,1802,,
United Kingdom,GBR,1803,,
United Kingdom,GBR,1804,,
United Kingdom,GBR,1805,,
United Kingdom,GBR,1806,,
United Kingdom,GBR,1807,,
United Kingdom,GBR,1808,,
United Kingdom,GBR,1809,,
United Kingdom,GBR,1810,,
United Kingdom,GBR,1811,,
United Kingdom,GBR,1812,,
United Kingdom,GBR,1813,,
United Kingdom,GBR,1814,,
United Kingdom,GBR,1815,,
United Kingdom,GBR,1816,,
United Kingdom,GBR,1817,,
United Kingdom,GBR,1818,,
United Kingdom,GBR,1819,,
United Kingdom,GBR,1820,,
United Kingdom,GBR,1821,,
United Kingdom,GBR,1822,,
United Kingdom,GBR,1823,,
United Kingdom,GBR,1824,,
United Kingdom,GBR,1825,,
United Kingdom,GBR,1826,,
United Kingdom,GBR,1827,,
United Kingdom,GBR,1828,,
United Kingdom,GBR,1829,,
United Kingdom,GBR,1830,,
United Kingdom,GBR,1831,,
United Kingdom,GBR,1832,,
United Kingdom,GBR,1833,,
United Kingdom,GBR,1834,,
United Kingdom,GBR,1835,,
United Kingdom,GBR,1836,,
United Kingdom,GBR,1837,,
United Kingdom,GBR,1838,,
United Kingdom,GBR,1839,,
United Kingdom,GBR,1840,,
United Kingdom,GBR,1841,,
United Kingdom,GBR,1842,,
United Kingdom,GBR,1843,,
United Kingdom,GBR,1844,,
United Kingdom,GBR,1845,,
United Kingdom,GBR,1846,,
United Kingdom,GBR,1847,,
United Kingdom,GBR,1848,,
United Kingdom,GBR,1849,,
United Kingdom,GBR,1850,,
United Kingdom,GBR,1851,,
United Kingdom,GBR,1852,,
United Kingdom,GBR,1853,,
United Kingdom,GBR,1854,,
United Kingdom,GBR,1855,,
United Kingdom,GBR,1856,,
United Kingdom,GBR,1857,,
United Kingdom,GBR,1858,,
United Kingdom,GBR,1859,,
United Kingdom,GBR,1860,,
United Kingdom,GBR,1861,,
United Kingdom,GBR,1862,,
United Kingdom,GBR,1863,,
United Kingdom,GBR,1864,,
United Kingdom,GBR,1865,,
United Kingdom,GBR,1866,,
United Kingdom,GBR,1867,,
United Kingdom,GBR,1868,,
United Kingdom,GBR,1869,,
United Kingdom,GBR,1870,,
United Kingdom,GBR,1871,,
United Kingdom,GBR,1872,,
United Kingdom,GBR,1873,,
United Kingdom,GBR,1874,,
United Kingdom,GBR,1875,,
United Kingdom,GBR,1876,,
United Kingdom,GBR,1877,,
United Kingdom,GBR,1878,,
United Kingdom,GBR,1879,,
United Kingdom,GBR,1880,,
United Kingdom,GBR,1881,,
United Kingdom,GBR,1882,,
United Kingdom,GBR,1883,,
United Kingdom,GBR,1884,,
United Kingdom,GBR,1885,,
United Kingdom,GBR,1886,,
United Kingdom,GBR,1887,,
United Kingdom,GBR,1888,,
United Kingdom,GBR,1889,,
United Kingdom,GBR,1890,,
United Kingdom,GBR,1891,,
United Kingdom,GBR,1892,,
United Kingdom,GBR,1893,,
United Kingdom,GBR,1894,,
United Kingdom,GBR,1895,,
United Kingdom,GBR,1896,,
United Kingdom,GBR,1897,,
United Kingdom,GBR,1898,,
United Kingdom,GBR,1899,,
United Kingdom,GBR,1900,1.0,4.0
United Kingdom,GBR,1901,1.0,4.0
United Kingdom,GBR,1902,1.0,4.0
United Kingdom,GBR,1903,1.0,4.0
United Kingdom,GBR,1904,1.0,4.0
United Kingdom,GBR,1905,1.0,4.0
United Kingdom,GBR,1906,1.0,4.0
United Kingdom,GBR,1907,1.0,4.0
United Kingdom,GBR,1908,1.0,4.0
United Kingdom,GBR,1909,1.0,4.0
United Kingdom,GBR,1910,1.0,4.0
United Kingdom,GBR,1911,1.0,4.0
United Kingdom,GBR,1912,1.0,4.0
United Kingdom,GBR,1913,1.0,4.0
United Kingdom,GBR,1914,1.0,4.0
United Kingdom,GBR,1915,1.0,4.0
United Kingdom,GBR,1916,1.0,4.0
United Kingdom,GBR,1917,1.0,4.0
United Kingdom,GBR,1918,1.0,4.0
United Kingdom,GBR,1919,3.0,9.0
United Kingdom,GBR,1920,3.0,9.0
United Kingdom,GBR,1921,3.0,9.0
United Kingdom,GBR,1922,3.0,9.0
United Kingdom,GBR,1923,3.0,9.0
United Kingdom,GBR,1924,3.0,9.0
United Kingdom,GBR,1925,3.0,9.0
United Kingdom,GBR,1926,3.0,9.0
United Kingdom,GBR,1927,3.0,9.0
United Kingdom,GBR,1928,3.0,9.0
United Kingdom,GBR,1929,3.0,9.0
United Kingdom,GBR,1930,3.0,9.0
United Kingdom,GBR,1931,3.0,8.0
United Kingdom,GBR,1932,3.0,8.0
United Kingdom,GBR,1933,3.0,8.0
United Kingdom,GBR,1934,3.0,8.0
United Kingdom,GBR,1935,3.0,8.0
United Kingdom,GBR,1936,3.0,8.0
United Kingdom,GBR,1937,3.0,8.0
United Kingdom,GBR,1938,3.0,8.0
United Kingdom,GBR,1939,3.0,8.0
United Kingdom,GBR,1940,3.0,8.0
United Kingdom,GBR,1941,3.0,8.0
United Kingdom,GBR,1942,3.0,8.0
United Kingdom,GBR,1943,3.0,8.0
United Kingdom,GBR,1944,3.0,8.0
United Kingdom,GBR,1945,3.0,8.0
United Kingdom,GBR,1946,3.0,9.0
United Kingdom,GBR,1947,3.0,9.0
United Kingdom,GBR,1948,3.0,9.0
United Kingdom,GBR,1949,3.0,9.0
United Kingdom,GBR,1950,3.0,9.0
United Kingdom,GBR,1951,3.0,9.0
United Kingdom,GBR,1952,3.0,9.0
United Kingdom,GBR,1953,3.0,9.0
United Kingdom,GBR,1954,3.0,9.0
United Kingdom,GBR,1955,3.0,9.0
United Kingdom,GBR,1956,3.0,9.0
United Kingdom,GBR,1957,3.0,9.0
United Kingdom,GBR,1958,3.0,9.0
United Kingdom,GBR,1959,3.0,9.0
United Kingdom,GBR,1960,3.0,9.0
United Kingdom,GBR,1961,3.0,9.0
United Kingdom,GBR,1962,3.0,9.0
United Kingdom,GBR,1963,3.0,9.0
United Kingdom,GBR,1964,3.0,9.0
United Kingdom,GBR,1965,3.0,9.0
United Kingdom,GBR,1966,3.0,9.0
United Kingdom,GBR,1967,3.0,9.0
United Kingdom,GBR,1968,3.0,9.0
United Kingdom,GBR,1969,3.0,9.0
United Kingdom,GBR,1970,3.0,9.0
United Kingdom,GBR,1971,3.0,9.0
United Kingdom,GBR,1972,3.0,9.0
United Kingdom,GBR,1973,3.0,9.0
United Kingdom,GBR,1974,3.0,9.0
United Kingdom,GBR,1975,3.0,9.0
United Kingdom,GBR,1976,3.0,9.0
United Kingdom,GBR,1977,3.0,9.0
United Kingdom,GBR,1978,3.0,9.0
United Kingdom,GBR,1979,3.0,9.0
United Kingdom,GBR,1980,3.0,9.0
United Kingdom,GBR,1981,3.0,9.0
United Kingdom,GBR,1982,3.0,9.0
United Kingdom,GBR,1983,3.0,9.0
United Kingdom,GBR,1984,3.0,9.0
United Kingdom,GBR,1985,3.0,9.0
United Kingdom,GBR,1986,3.0,9.0
United Kingdom,GBR,1987,3.0,9.0
United Kingdom,GBR,1988,3.0,9.0
United Kingdom,GBR,1989,3.0,9.0
United Kingdom,GBR,1990,3.0,9.0
United Kingdom,GBR,1991,3.0,9.0
United Kingdom,GBR,1992,3.0,9.0
United Kingdom,GBR,1993,3.0,9.0
United Kingdom,GBR,1994,3.0,9.0
United Kingdom,GBR,1995,3.0,9.0
United Kingdom,GBR,1996,3.0,9.0
United Kingdom,GBR,1997,3.0,9.0
United Kingdom,GBR,1998,3.0,9.0
United Kingdom,GBR,1999,3.0,9.0
United Kingdom,GBR,2000,3.0,9.0
United Kingdom,GBR,2001,3.0,9.0
United Kingdom,GBR,2002,3.0,9.0
United Kingdom,GBR,2003,3.0,9.0
United Kingdom,GBR,2004,3.0,9.0
United Kingdom,GBR,2005,3.0,9.0
United Kingdom,GBR,2006,3.0,9.0
United Kingdom,GBR,2007,3.0,9.0
United Kingdom,GBR,2008,3.0,9.0
United Kingdom,GBR,2009,3.0,9.0
United Kingdom,GBR,2010,3.0,9.0
United Kingdom,GBR,2011,3.0,9.0
United Kingdom,GBR,2012,3.0,9.0
United Kingdom,GBR,2013,3.0,9.0
United Kingdom,GBR,2014,3.0,9.0
United Kingdom,GBR,2015,3.0,9.0
United Kingdom,GBR,2016,3.0,9.0
United Kingdom,GBR,2017,3.0,9.0
United Kingdom,GBR,2018,3.0,9.0
United Kingdom,GBR,2019,3.0,9.0
United Kingdom,GBR,2020,3.0,9.0
United Kingdom,GBR,2021,3.0,9.0
United Kingdom,GBR,2022,3.0,8.0
United Kingdom,GBR,2023,3.0,8.0
United Kingdom,GBR,2024,2.0,7.0
United Kingdom,GBR,2025,2.0,7.0
Uruguay,URY,1825,,
Uruguay,URY,1826,,
Uruguay,URY,1827,,
Uruguay,URY,1828,,
Uruguay,URY,1829,,
Uruguay,URY,1830,,
Uruguay,URY,1831,,
Uruguay,URY,1832,,
Uruguay,URY,1833,,
Uruguay,URY,1834,,
Uruguay,URY,1835,,
Uruguay,URY,1836,,
Uruguay,URY,1837,,
Uruguay,URY,1838,,
Uruguay,URY,1839,,
Uruguay,URY,1840,,
Uruguay,URY,1841,,
Uruguay,URY,1842,,
Uruguay,URY,1843,,
Uruguay,URY,1844,,
Uruguay,URY,1845,,
Uruguay,URY,1846,,
Uruguay,URY,1847,,
Uruguay,URY,1848,,
Uruguay,URY,1849,,
Uruguay,URY,1850,,
Uruguay,URY,1851,,
Uruguay,URY,1852,,
Uruguay,URY,1853,,
Uruguay,URY,1854,,
Uruguay,URY,1855,,
Uruguay,URY,1856,,
Uruguay,URY,1857,,
Uruguay,URY,1858,,
Uruguay,URY,1859,,
Uruguay,URY,1860,,
Uruguay,URY,1861,,
Uruguay,URY,1862,,
Uruguay,URY,1863,,
Uruguay,URY,1864,,
Uruguay,URY,1865,,
Uruguay,URY,1866,,
Uruguay,URY,1867,,
Uruguay,URY,1868,,
Uruguay,URY,1869,,
Uruguay,URY,1870,,
Uruguay,URY,1871,,
Uruguay,URY,1872,,
Uruguay,URY,1873,,
Uruguay,URY,1874,,
Uruguay,URY,1875,,
Uruguay,URY,1876,,
Uruguay,URY,1877,,
Uruguay,URY,1878,,
Uruguay,URY,1879,,
Uruguay,URY,1880,,
Uruguay,URY,1881,,
Uruguay,URY,1882,,
Uruguay,URY,1883,,
Uruguay,URY,1884,,
Uruguay,URY,1885,,
Uruguay,URY,1886,,
Uruguay,URY,1887,,
Uruguay,URY,1888,,
Uruguay,URY,1889,,
Uruguay,URY,1890,,
Uruguay,URY,1891,,
Uruguay,URY,1892,,
Uruguay,URY,1893,,
Uruguay,URY,1894,,
Uruguay,URY,1895,,
Uruguay,URY,1896,,
Uruguay,URY,1897,,
Uruguay,URY,1898,,
Uruguay,URY,1899,,
Uruguay,URY,1900,1.0,3.0
Uruguay,URY,1901,1.0,3.0
Uruguay,URY,1902,1.0,3.0
Uruguay,URY,1903,1.0,3.0
Uruguay,URY,1904,1.0,3.0
Uruguay,URY,1905,1.0,3.0
Uruguay,URY,1906,1.0,3.0
Uruguay,URY,1907,0.0,1.0
Uruguay,URY,1908,0.0,1.0
Uruguay,URY,1909,0.0,1.0
Uruguay,URY,1910,0.0,1.0
Uruguay,URY,1911,1.0,3.0
Uruguay,URY,1912,1.0,3.0
Uruguay,URY,1913,1.0,3.0
Uruguay,URY,1914,1.0,3.0
Uruguay,URY,1915,1.0,3.0
Uruguay,URY,1916,1.0,3.0
Uruguay,URY,1917,1.0,3.0
Uruguay,URY,1918,1.0,3.0
Uruguay,URY,1919,1.0,4.0
Uruguay,URY,1920,1.0,4.0
Uruguay,URY,1921,1.0,4.0
Uruguay,URY,1922,1.0,4.0
Uruguay,URY,1923,2.0,5.0
Uruguay,URY,1924,2.0,5.0
Uruguay,URY,1925,2.0,6.0
Uruguay,URY,1926,2.0,6.0
Uruguay,URY,1927,2.0,6.0
Uruguay,URY,1928,2.0,6.0
Uruguay,URY,1929,2.0,6.0
Uruguay,URY,1930,2.0,6.0
Uruguay,URY,1931,2.0,6.0
Uruguay,URY,1932,2.0,6.0
Uruguay,URY,1933,0.0,0.0
Uruguay,URY,1934,0.0,1.0
Uruguay,URY,1935,0.0,1.0
Uruguay,URY,1936,0.0,1.0
Uruguay,URY,1937,0.0,1.0
Uruguay,URY,1938,1.0,4.0
Uruguay,URY,1939,2.0,6.0
Uruguay,URY,1940,2.0,6.0
Uruguay,URY,1941,2.0,6.0
Uruguay,URY,1942,2.0,6.0
Uruguay,URY,1943,2.0,6.0
Uruguay,URY,1944,2.0,6.0
Uruguay,URY,1945,2.0,6.0
Uruguay,URY,1946,2.0,7.0
Uruguay,URY,1947,2.0,7.0
Uruguay,URY,1948,2.0,7.0
Uruguay,URY,1949,2.0,7.0
Uruguay,URY,1950,2.0,7.0
Uruguay,URY,1951,2.0,7.0
Uruguay,URY,1952,2.0,7.0
Uruguay,URY,1953,2.0,7.0
Uruguay,URY,1954,2.0,7.0
Uruguay,URY,1955,2.0,7.0
Uruguay,URY,1956,2.0,7.0
Uruguay,URY,1957,2.0,7.0
Uruguay,URY,1958,2.0,7.0
Uruguay,URY,1959,2.0,7.0
Uruguay,URY,1960,2.0,7.0
Uruguay,URY,1961,2.0,7.0
Uruguay,URY,1962,2.0,7.0
Uruguay,URY,1963,2.0,7.0
Uruguay,URY,1964,2.0,7.0
Uruguay,URY,1965,2.0,7.0
Uruguay,URY,1966,2.0,7.0
Uruguay,URY,1967,2.0,7.0
Uruguay,URY,1968,2.0,6.0
Uruguay,URY,1969,2.0,6.0
Uruguay,URY,1970,2.0,6.0
Uruguay,URY,1971,2.0,5.0
Uruguay,URY,1972,1.0,4.0
Uruguay,URY,1973,0.0,1.0
Uruguay,URY,1974,0.0,0.0
Uruguay,URY,1975,0.0,0.0
Uruguay,URY,1976,0.0,0.0
Uruguay,URY,1977,0.0,0.0
Uruguay,URY,1978,0.0,0.0
Uruguay,URY,1979,0.0,0.0
Uruguay,URY,1980,0.0,0.0
Uruguay,URY,1981,0.0,0.0
Uruguay,URY,1982,0.0,0.0
Uruguay,URY,1983,0.0,0.0
Uruguay,URY,1984,1.0,3.0
Uruguay,URY,1985,3.0,8.0
Uruguay,URY,1986,3.0,9.0
Uruguay,URY,1987,3.0,9.0
Uruguay,URY,1988,3.0,9.0
Uruguay,URY,1989,3.0,9.0
Uruguay,URY,1990,3.0,9.0
Uruguay,URY,1991,3.0,9.0
Uruguay,URY,1992,3.0,9.0
Uruguay,URY,1993,3.0,9.0
Uruguay,URY,1994,3.0,9.0
Uruguay,URY,1995,3.0,9.0
Uruguay,URY,1996,3.0,9.0
Uruguay,URY,1997,3.0,9.0
Uruguay,URY,1998,3.0,9.0
Uruguay,URY,1999,3.0,9.0
Uruguay,URY,2000,3.0,9.0
Uruguay,URY,2001,3.0,9.0
Uruguay,URY,2002,3.0,9.0
Uruguay,URY,2003,3.0,9.0
Uruguay,URY,2004,3.0,9.0
Uruguay,URY,2005,3.0,9.0
Uruguay,URY,2006,3.0,9.0
Uruguay,URY,2007,3.0,9.0
Uruguay,URY,2008,3.0,9.0
Uruguay,URY,2009,3.0,9.0
Uruguay,URY,2010,3.0,9.0
Uruguay,URY,2011,3.0,9.0
Uruguay,URY,2012,3.0,9.0
Uruguay,URY,2013,3.0,9.0
Uruguay,URY,2014,3.0,9.0
Uruguay,URY,2015,3.0,9.0
Uruguay,URY,2016,3.0,9.0
Uruguay,URY,2017,3.0,9.0
Uruguay,URY,2018,3.0,9.0
Uruguay,URY,2019,3.0,9.0
Uruguay,URY,2020,3.0,9.0
Uruguay,URY,2021,3.0,9.0
Uruguay,URY,2022,3.0,9.0
Uruguay,URY,2023,3.0,8.0
Uruguay,URY,2024,3.0,8.0
Uruguay,URY,2025,3.0,8.0
Algeria,DZA,1900,0.0,0.0
Algeria,DZA,1901,0.0,0.0
Algeria,DZA,1902,0.0,0.0
Algeria,DZA,1903,0.0,0.0
Algeria,DZA,1904,0.0,0.0
Algeria,DZA,1905,0.0,0.0
Algeria,DZA,1906,0.0,0.0
Algeria,DZA,1907,0.0,0.0
Algeria,DZA,1908,0.0,0.0
Algeria,DZA,1909,0.0,0.0
Algeria,DZA,1910,0.0,0.0
Algeria,DZA,1911,0.0,0.0
Algeria,DZA,1912,0.0,0.0
Algeria,DZA,1913,0.0,0.0
Algeria,DZA,1914,0.0,0.0
Algeria,DZA,1915,0.0,0.0
Algeria,DZA,1916,0.0,0.0
Algeria,DZA,1917,0.0,0.0
Algeria,DZA,1918,0.0,0.0
Algeria,DZA,1919,0.0,0.0
Algeria,DZA,1920,0.0,0.0
Algeria,DZA,1921,0.0,0.0
Algeria,DZA,1922,0.0,0.0
Algeria,DZA,1923,0.0,0.0
Algeria,DZA,1924,0.0,0.0
Algeria,DZA,1925,0.0,0.0
Algeria,DZA,1926,0.0,0.0
Algeria,DZA,1927,0.0,0.0
Algeria,DZA,1928,0.0,0.0
Algeria,DZA,1929,0.0,0.0
Algeria,DZA,1930,0.0,0.0
Algeria,DZA,1931,0.0,0.0
Algeria,DZA,1932,0.0,0.0
Algeria,DZA,1933,0.0,0.0
Algeria,DZA,1934,0.0,0.0
Algeria,DZA,1935,0.0,0.0
Algeria,DZA,1936,0.0,0.0
Algeria,DZA,1937,0.0,0.0
Algeria,DZA,1938,0.0,0.0
Algeria,DZA,1939,0.0,0.0
Algeria,DZA,1940,0.0,0.0
Algeria,DZA,1941,0.0,0.0
Algeria,DZA,1942,0.0,0.0
Algeria,DZA,1943,0.0,0.0
Algeria,DZA,1944,0.0,0.0
Algeria,DZA,1945,0.0,0.0
Algeria,DZA,1946,0.0,0.0
Algeria,DZA,1947,0.0,0.0
Algeria,DZA,1948,0.0,0.0
Algeria,DZA,1949,0.0,0.0
Algeria,DZA,1950,0.0,0.0
Algeria,DZA,1951,0.0,0.0
Algeria,DZA,1952,0.0,0.0
Algeria,DZA,1953,0.0,0.0
Algeria,DZA,1954,0.0,0.0
Algeria,DZA,1955,0.0,0.0
Algeria,DZA,1956,0.0,0.0
Algeria,DZA,1957,0.0,0.0
Algeria,DZA,1958,0.0,0.0
Algeria,DZA,1959,0.0,0.0
Algeria,DZA,1960,0.0,0.0
Algeria,DZA,1961,0.0,0.0
Algeria,DZA,1962,1.0,2.0
Algeria,DZA,1963,1.0,2.0
Algeria,DZA,1964,1.0,2.0
Algeria,DZA,1965,1.0,2.0
Algeria,DZA,1966,0.0,0.0
Algeria,DZA,1967,0.0,0.0
Algeria,DZA,1968,0.0,0.0
Algeria,DZA,1969,0.0,0.0
Algeria,DZA,1970,0.0,0.0
Algeria,DZA,1971,0.0,0.0
Algeria,DZA,1972,0.0,0.0
Algeria,DZA,1973,0.0,0.0
Algeria,DZA,1974,0.0,0.0
Algeria,DZA,1975,0.0,0.0
Algeria,DZA,1976,0.0,0.0
Algeria,DZA,1977,0.0,0.0
Algeria,DZA,1978,0.0,0.0
Algeria,DZA,1979,0.0,0.0
Algeria,DZA,1980,0.0,0.0
Algeria,DZA,1981,0.0,0.0
Algeria,DZA,1982,0.0,0.0
Algeria,DZA,1983,0.0,0.0
Algeria,DZA,1984,0.0,0.0
Algeria,DZA,1985,0.0,0.0
Algeria,DZA,1986,0.0,0.0
Algeria,DZA,1987,0.0,0.0
Algeria,DZA,1988,0.0,0.0
Algeria,DZA,1989,0.0,0.0
Algeria,DZA,1990,0.0,0.0
Algeria,DZA,1991,0.0,0.0
Algeria,DZA,1992,0.0,0.0
Algeria,DZA,1993,0.0,0.0
Algeria,DZA,1994,0.0,0.0
Algeria,DZA,1995,1.0,3.0
Algeria,DZA,1996,1.0,3.0
Algeria,DZA,1997,1.0,3.0
Algeria,DZA,1998,1.0,3.0
Algeria,DZA,1999,1.0,3.0
Algeria,DZA,2000,1.0,3.0
Algeria,DZA,2001,1.0,3.0
Algeria,DZA,2002,1.0,3.0
Algeria,DZA,2003,1.0,3.0
Algeria,DZA,2004,1.0,3.0
Algeria,DZA,2005,1.0,3.0
Algeria,DZA,2006,1.0,3.0
Algeria,DZA,2007,1.0,3.0
Algeria,DZA,2008,1.0,3.0
Algeria,DZA,2009,1.0,3.0
Algeria,DZA,2010,1.0,3.0
Algeria,DZA,2011,1.0,3.0
Algeria,DZA,2012,1.0,3.0
Algeria,DZA,2013,1.0,3.0
Algeria,DZA,2014,1.0,3.0
Algeria,DZA,2015,1.0,3.0
Algeria,DZA,2016,1.0,3.0
Algeria,DZA,2017,1.0,3.0
Algeria,DZA,2018,1.0,3.0
Algeria,DZA,2019,1.0,3.0
Algeria,DZA,2020,1.0,3.0
Algeria,DZA,2021,1.0,3.0
Algeria,DZA,2022,1.0,3.0
Algeria,DZA,2023,1.0,3.0
Algeria,DZA,2024,1.0,3.0
Algeria,DZA,2025,1.0,3.0
Angola,AGO,1900,0.0,0.0
Angola,AGO,1901,0.0,0.0
Angola,AGO,1902,0.0,0.0
Angola,AGO,1903,0.0,0.0
Angola,AGO,1904,0.0,0.0
Angola,AGO,1905,0.0,0.0
Angola,AGO,1906,0.0,0.0
Angola,AGO,1907,0.0,0.0
Angola,AGO,1908,0.0,0.0
Angola,AGO,1909,0.0,0.0
Angola,AGO,1910,0.0,0.0
Angola,AGO,1911,0.0,0.0
Angola,AGO,1912,0.0,0.0
Angola,AGO,1913,0.0,0.0
Angola,AGO,1914,0.0,0.0
Angola,AGO,1915,0.0,0.0
Angola,AGO,1916,0.0,0.0
Angola,AGO,1917,0.0,0.0
Angola,AGO,1918,0.0,0.0
Angola,AGO,1919,0.0,0.0
Angola,AGO,1920,0.0,0.0
Angola,AGO,1921,0.0,0.0
Angola,AGO,1922,0.0,0.0
Angola,AGO,1923,0.0,0.0
Angola,AGO,1924,0.0,0.0
Angola,AGO,1925,0.0,0.0
Angola,AGO,1926,0.0,0.0
Angola,AGO,1927,0.0,0.0
Angola,AGO,1928,0.0,0.0
Angola,AGO,1929,0.0,0.0
Angola,AGO,1930,0.0,0.0
Angola,AGO,1931,0.0,0.0
Angola,AGO,1932,0.0,0.0
Angola,AGO,1933,0.0,0.0
Angola,AGO,1934,0.0,0.0
Angola,AGO,1935,0.0,0.0
Angola,AGO,1936,0.0,0.0
Angola,AGO,1937,0.0,0.0
Angola,AGO,1938,0.0,0.0
Angola,AGO,1939,0.0,0.0
Angola,AGO,1940,0.0,0.0
Angola,AGO,1941,0.0,0.0
Angola,AGO,1942,0.0,0.0
Angola,AGO,1943,0.0,0.0
Angola,AGO,1944,0.0,0.0
Angola,AGO,1945,0.0,0.0
Angola,AGO,1946,0.0,0.0
Angola,AGO,1947,0.0,0.0
Angola,AGO,1948,0.0,0.0
Angola,AGO,1949,0.0,0.0
Angola,AGO,1950,0.0,0.0
Angola,AGO,1951,0.0,0.0
Angola,AGO,1952,0.0,0.0
Angola,AGO,1953,0.0,0.0
Angola,AGO,1954,0.0,0.0
Angola,AGO,1955,0.0,0.0
Angola,AGO,1956,0.0,0.0
Angola,AGO,1957,0.0,0.0
Angola,AGO,1958,0.0,0.0
Angola,AGO,1959,0.0,0.0
Angola,AGO,1960,0.0,0.0
Angola,AGO,1961,0.0,0.0
Angola,AGO,1962,0.0,0.0
Angola,AGO,1963,0.0,0.0
Angola,AGO,1964,0.0,0.0
Angola,AGO,1965,0.0,0.0
Angola,AGO,1966,0.0,0.0
Angola,AGO,1967,0.0,0.0
Angola,AGO,1968,0.0,0.0
Angola,AGO,1969,0.0,0.0
Angola,AGO,1970,0.0,0.0
Angola,AGO,1971,0.0,0.0
Angola,AGO,1972,0.0,0.0
Angola,AGO,1973,0.0,0.0
Angola,AGO,1974,0.0,0.0
Angola,AGO,1975,0.0,0.0
Angola,AGO,1976,0.0,0.0
Angola,AGO,1977,0.0,0.0
Angola,AGO,1978,0.0,0.0
Angola,AGO,1979,0.0,0.0
Angola,AGO,1980,0.0,0.0
Angola,AGO,1981,0.0,0.0
Angola,AGO,1982,0.0,0.0
Angola,AGO,1983,0.0,0.0
Angola,AGO,1984,0.0,0.0
Angola,AGO,1985,0.0,0.0
Angola,AGO,1986,0.0,0.0
Angola,AGO,1987,0.0,0.0
Angola,AGO,1988,0.0,0.0
Angola,AGO,1989,0.0,0.0
Angola,AGO,1990,0.0,0.0
Angola,AGO,1991,0.0,0.0
Angola,AGO,1992,1.0,3.0
Angola,AGO,1993,0.0,0.0
Angola,AGO,1994,0.0,0.0
Angola,AGO,1995,0.0,0.0
Angola,AGO,1996,0.0,0.0
Angola,AGO,1997,0.0,0.0
Angola,AGO,1998,0.0,0.0
Angola,AGO,1999,0.0,0.0
Angola,AGO,2000,0.0,0.0
Angola,AGO,2001,0.0,0.0
Angola,AGO,2002,0.0,0.0
Angola,AGO,2003,0.0,0.0
Angola,AGO,2004,0.0,0.0
Angola,AGO,2005,0.0,0.0
Angola,AGO,2006,0.0,0.0
Angola,AGO,2007,0.0,0.0
Angola,AGO,2008,0.0,0.0
Angola,AGO,2009,0.0,0.0
Angola,AGO,2010,1.0,3.0
Angola,AGO,2011,1.0,3.0
Angola,AGO,2012,1.0,3.0
Angola,AGO,2013,1.0,3.0
Angola,AGO,2014,1.0,3.0
Angola,AGO,2015,1.0,3.0
Angola,AGO,2016,1.0,3.0
Angola,AGO,2017,1.0,3.0
Angola,AGO,2018,1.0,3.0
Angola,AGO,2019,1.0,3.0
Angola,AGO,2020,1.0,3.0
Angola,AGO,2021,1.0,3.0
Angola,AGO,2022,1.0,3.0
Angola,AGO,2023,1.0,3.0
Angola,AGO,2024,1.0,3.0
Angola,AGO,2025,1.0,3.0
Armenia,ARM,1990,2.0,6.0
Armenia,ARM,1991,2.0,6.0
Armenia,ARM,1992,2.0,6.0
Armenia,ARM,1993,2.0,6.0
Armenia,ARM,1994,2.0,6.0
Armenia,ARM,1995,1.0,4.0
Armenia,ARM,1996,1.0,3.0
Armenia,ARM,1997,1.0,3.0
Armenia,ARM,1998,1.0,3.0
Armenia,ARM,1999,1.0,3.0
Armenia,ARM,2000,1.0,3.0
Armenia,ARM,2001,1.0,3.0
Armenia,ARM,2002,1.0,3.0
Armenia,ARM,2003,1.0,3.0
Armenia,ARM,2004,1.0,3.0
Armenia,ARM,2005,1.0,3.0
Armenia,ARM,2006,1.0,3.0
Armenia,ARM,2007,1.0,3.0
Armenia,ARM,2008,1.0,3.0
Armenia,ARM,2009,1.0,3.0
Armenia,ARM,2010,1.0,3.0
Armenia,ARM,2011,1.0,3.0
Armenia,ARM,2012,1.0,3.0
Armenia,ARM,2013,1.0,3.0
Armenia,ARM,2014,1.0,3.0
Armenia,ARM,2015,1.0,3.0
Armenia,ARM,2016,1.0,3.0
Armenia,ARM,2017,1.0,3.0
Armenia,ARM,2018,2.0,5.0
Armenia,ARM,2019,2.0,7.0
Armenia,ARM,2020,2.0,6.0
Armenia,ARM,2021,2.0,6.0
Armenia,ARM,2022,2.0,6.0
Armenia,ARM,2023,2.0,6.0
Armenia,ARM,2024,2.0,6.0
Armenia,ARM,2025,2.0,6.0
Azerbaijan,AZE,1990,0.0,0.0
Azerbaijan,AZE,1991,1.0,3.0
Azerbaijan,AZE,1992,1.0,3.0
Azerbaijan,AZE,1993,1.0,3.0
Azerbaijan,AZE,1994,1.0,3.0
Azerbaijan,AZE,1995,1.0,3.0
Azerbaijan,AZE,1996,1.0,3.0
Azerbaijan,AZE,1997,1.0,3.0
Azerbaijan,AZE,1998,1.0,3.0
Azerbaijan,AZE,1999,1.0,3.0
Azerbaijan,AZE,2000,1.0,3.0
Azerbaijan,AZE,2001,1.0,3.0
Azerbaijan,AZE,2002,1.0,3.0
Azerbaijan,AZE,2003,1.0,3.0
Azerbaijan,AZE,2004,1.0,3.0
Azerbaijan,AZE,2005,1.0,3.0
Azerbaijan,AZE,2006,1.0,3.0
Azerbaijan,AZE,2007,1.0,3.0
Azerbaijan,AZE,2008,1.0,3.0
Azerbaijan,AZE,2009,1.0,3.0
Azerbaijan,AZE,2010,1.0,3.0
Azerbaijan,AZE,2011,1.0,3.0
Azerbaijan,AZE,2012,1.0,3.0
Azerbaijan,AZE,2013,1.0,3.0
Azerbaijan,AZE,2014,1.0,3.0
Azerbaijan,AZE,2015,1.0,3.0
Azerbaijan,AZE,2016,1.0,3.0
Azerbaijan,AZE,2017,1.0,3.0
Azerbaijan,AZE,2018,1.0,3.0
Azerbaijan,AZE,2019,1.0,3.0
Azerbaijan,AZE,2020,1.0,3.0
Azerbaijan,AZE,2021,1.0,3.0
Azerbaijan,AZE,2022,1.0,3.0
Azerbaijan,AZE,2023,1.0,3.0
Azerbaijan,AZE,2024,1.0,3.0
Azerbaijan,AZE,2025,1.0,3.0
Belarus,BLR,1990,1.0,4.0
Belarus,BLR,1991,1.0,4.0
Belarus,BLR,1992,2.0,6.0
Belarus,BLR,1993,2.0,5.0
Belarus,BLR,1994,2.0,5.0
Belarus,BLR,1995,2.0,5.0
Belarus,BLR,1996,1.0,3.0
Belarus,BLR,1997,1.0,3.0
Belarus,BLR,1998,1.0,3.0
Belarus,BLR,1999,1.0,3.0
Belarus,BLR,2000,1.0,3.0
Belarus,BLR,2001,1.0,3.0
Belarus,BLR,2002,1.0,3.0
Belarus,BLR,2003,1.0,3.0
Belarus,BLR,2004,1.0,3.0
Belarus,BLR,2005,1.0,3.0
Belarus,BLR,2006,1.0,3.0
Belarus,BLR,2007,1.0,3.0
Belarus,BLR,2008,1.0,3.0
Belarus,BLR,2009,1.0,3.0
Belarus,BLR,2010,1.0,3.0
Belarus,BLR,2011,1.0,3.0
Belarus,BLR,2012,1.0,3.0
Belarus,BLR,2013,1.0,3.0
Belarus,BLR,2014,1.0,3.0
Belarus,BLR,2015,1.0,3.0
Belarus,BLR,2016,1.0,3.0
Belarus,BLR,2017,1.0,3.0
Belarus,BLR,2018,1.0,3.0
Belarus,BLR,2019,1.0,3.0
Belarus,BLR,2020,1.0,3.0
Belarus,BLR,2021,1.0,3.0
Belarus,BLR,2022,1.0,3.0
Belarus,BLR,2023,1.0,3.0
Belarus,BLR,2024,0.0,0.0
Belarus,BLR,2025,0.0,0.0
Cameroon,CMR,1961,1.0,3.0
Cameroon,CMR,1962,1.0,3.0
Cameroon,CMR,1963,1.0,3.0
Cameroon,CMR,1964,1.0,3.0
Cameroon,CMR,1965,1.0,2.0
Cameroon,CMR,1966,1.0,2.0
Cameroon,CMR,1967,1.0,2.0
Cameroon,CMR,1968,1.0,2.0
Cameroon,CMR,1969,1.0,2.0
Cameroon,CMR,1970,1.0,2.0
Cameroon,CMR,1971,1.0,2.0
Cameroon,CMR,1972,1.0,2.0
Cameroon,CMR,1973,1.0,2.0
Cameroon,CMR,1974,1.0,2.0
Cameroon,CMR,1975,1.0,2.0
Cameroon,CMR,1976,1.0,2.0
Cameroon,CMR,1977,1.0,2.0
Cameroon,CMR,1978,1.0,2.0
Cameroon,CMR,1979,1.0,2.0
Cameroon,CMR,1980,1.0,2.0
Cameroon,CMR,1981,1.0,2.0
Cameroon,CMR,1982,1.0,2.0
Cameroon,CMR,1983,1.0,3.0
Cameroon,CMR,1984,1.0,3.0
Cameroon,CMR,1985,1.0,3.0
Cameroon,CMR,1986,1.0,3.0
Cameroon,CMR,1987,1.0,3.0
Cameroon,CMR,1988,1.0,3.0
Cameroon,CMR,1989,1.0,3.0
Cameroon,CMR,1990,1.0,3.0
Cameroon,CMR,1991,1.0,3.0
Cameroon,CMR,1992,1.0,3.0
Cameroon,CMR,1993,1.0,3.0
Cameroon,CMR,1994,1.0,3.0
Cameroon,CMR,1995,1.0,3.0
Cameroon,CMR,1996,1.0,3.0
Cameroon,CMR,1997,1.0,3.0
Cameroon,CMR,1998,1.0,3.0
Cameroon,CMR,1999,1.0,3.0
Cameroon,CMR,2000,1.0,3.0
Cameroon,CMR,2001,1.0,3.0
Cameroon,CMR,2002,1.0,3.0
Cameroon,CMR,2003,1.0,3.0
Cameroon,CMR,2004,1.0,3.0
Cameroon,CMR,2005,1.0,3.0
Cameroon,CMR,2006,1.0,3.0
Cameroon,CMR,2007,1.0,3.0
Cameroon,CMR,2008,1.0,3.0
Cameroon,CMR,2009,1.0,3.0
Cameroon,CMR,2010,1.0,3.0
Cameroon,CMR,2011,1.0,3.0
Cameroon,CMR,2012,1.0,3.0
Cameroon,CMR,2013,1.0,3.0
Cameroon,CMR,2014,1.0,3.0
Cameroon,CMR,2015,1.0,3.0
Cameroon,CMR,2016,1.0,3.0
Cameroon,CMR,2017,1.0,3.0
Cameroon,CMR,2018,1.0,3.0
Cameroon,CMR,2019,1.0,3.0
Cameroon,CMR,2020,1.0,3.0
Cameroon,CMR,2021,1.0,3.0
Cameroon,CMR,2022,1.0,3.0
Cameroon,CMR,2023,1.0,3.0
Cameroon,CMR,2024,1.0,3.0
Cameroon,CMR,2025,1.0,3.0
Chad,TCD,1920,0.0,0.0
Chad,TCD,1921,0.0,0.0
Chad,TCD,1922,0.0,0.0
Chad,TCD,1923,0.0,0.0
Chad,TCD,1924,0.0,0.0
Chad,TCD,1925,0.0,0.0
Chad,TCD,1926,0.0,0.0
Chad,TCD,1927,0.0,0.0
Chad,TCD,1928,0.0,0.0
Chad,TCD,1929,0.0,0.0
Chad,TCD,1930,0.0,0.0
Chad,TCD,1931,0.0,0.0
Chad,TCD,1932,0.0,0.0
Chad,TCD,1933,0.0,0.0
Chad,TCD,1934,0.0,0.0
Chad,TCD,1935,0.0,0.0
Chad,TCD,1936,0.0,0.0
Chad,TCD,1937,0.0,0.0
Chad,TCD,1938,0.0,0.0
Chad,TCD,1939,0.0,0.0
Chad,TCD,1940,0.0,0.0
Chad,TCD,1941,0.0,0.0
Chad,TCD,1942,0.0,0.0
Chad,TCD,1943,0.0,0.0
Chad,TCD,1944,0.0,0.0
Chad,TCD,1945,0.0,0.0
Chad,TCD,1946,0.0,0.0
Chad,TCD,1947,0.0,0.0
Chad,TCD,1948,0.0,0.0
Chad,TCD,1949,0.0,0.0
Chad,TCD,1950,0.0,0.0
Chad,TCD,1951,0.0,0.0
Chad,TCD,1952,0.0,0.0
Chad,TCD,1953,0.0,0.0
Chad,TCD,1954,0.0,0.0
Chad,TCD,1955,0.0,0.0
Chad,TCD,1956,0.0,0.0
Chad,TCD,1957,1.0,3.0
Chad,TCD,1958,1.0,3.0
Chad,TCD,1959,1.0,3.0
Chad,TCD,1960,1.0,3.0
Chad,TCD,1961,1.0,3.0
Chad,TCD,1962,1.0,2.0
Chad,TCD,1963,1.0,2.0
Chad,TCD,1964,1.0,2.0
Chad,TCD,1965,1.0,2.0
Chad,TCD,1966,1.0,2.0
Chad,TCD,1967,1.0,2.0
Chad,TCD,1968,1.0,2.0
Chad,TCD,1969,0.0,1.0
Chad,TCD,1970,0.0,1.0
Chad,TCD,1971,0.0,1.0
Chad,TCD,1972,0.0,1.0
Chad,TCD,1973,0.0,1.0
Chad,TCD,1974,0.0,1.0
Chad,TCD,1975,0.0,1.0
Chad,TCD,1976,0.0,0.0
Chad,TCD,1977,0.0,0.0
Chad,TCD,1978,0.0,0.0
Chad,TCD,1979,0.0,0.0
Chad,TCD,1980,0.0,0.0
Chad,TCD,1981,0.0,0.0
Chad,TCD,1982,0.0,0.0
Chad,TCD,1983,0.0,0.0
Chad,TCD,1984,0.0,0.0
Chad,TCD,1985,0.0,0.0
Chad,TCD,1986,0.0,0.0
Chad,TCD,1987,0.0,0.0
Chad,TCD,1988,0.0,0.0
Chad,TCD,1989,0.0,0.0
Chad,TCD,1990,0.0,0.0
Chad,TCD,1991,0.0,0.0
Chad,TCD,1992,0.0,0.0
Chad,TCD,1993,0.0,0.0
Chad,TCD,1994,0.0,0.0
Chad,TCD,1995,0.0,0.0
Chad,TCD,1996,1.0,3.0
Chad,TCD,1997,1.0,3.0
Chad,TCD,1998,1.0,3.0
Chad,TCD,1999,1.0,3.0
Chad,TCD,2000,1.0,3.0
Chad,TCD,2001,1.0,3.0
Chad,TCD,2002,1.0,3.0
Chad,TCD,2003,1.0,3.0
Chad,TCD,2004,1.0,3.0
Chad,TCD,2005,1.0,3.0
Chad,TCD,2006,1.0,3.0
Chad,TCD,2007,1.0,3.0
Chad,TCD,2008,1.0,3.0
Chad,TCD,2009,1.0,3.0
Chad,TCD,2010,1.0,3.0
Chad,TCD,2011,1.0,3.0
Chad,TCD,2012,1.0,3.0
Chad,TCD,2013,1.0,3.0
Chad,TCD,2014,1.0,3.0
Chad,TCD,2015,1.0,3.0
Chad,TCD,2016,1.0,3.0
Chad,TCD,2017,1.0,3.0
Chad,TCD,2018,1.0,3.0
Chad,TCD,2019,1.0,3.0
Chad,TCD,2020,1.0,3.0
Chad,TCD,2021,1.0,3.0
Chad,TCD,2022,0.0,0.0
Chad,TCD,2023,0.0,0.0
Chad,TCD,2024,1.0,3.0
Chad,TCD,2025,1.0,3.0
China,CHN,1789,,
China,CHN,1790,,
China,CHN,1791,,
China,CHN,1792,,
China,CHN,1793,,
China,CHN,1794,,
China,CHN,1795,,
China,CHN,1796,,
China,CHN,1797,,
China,CHN,1798,,
China,CHN,1799,,
China,CHN,1800,,
China,CHN,1801,,
China,CHN,1802,,
China,CHN,1803,,
China,CHN,1804,,
China,CHN,1805,,
China,CHN,1806,,
China,CHN,1807,,
China,CHN,1808,,
China,CHN,1809,,
China,CHN,1810,,
China,CHN,1811,,
China,CHN,1812,,
China,CHN,1813,,
China,CHN,1814,,
China,CHN,1815,,
China,CHN,1816,,
China,CHN,1817,,
China,CHN,1818,,
China,CHN,1819,,
China,CHN,1820,,
China,CHN,1821,,
China,CHN,1822,,
China,CHN,1823,,
China,CHN,1824,,
China,CHN,1825,,
China,CHN,1826,,
China,CHN,1827,,
China,CHN,1828,,
China,CHN,1829,,
China,CHN,1830,,
China,CHN,1831,,
China,CHN,1832,,
China,CHN,1833,,
China,CHN,1834,,
China,CHN,1835,,
China,CHN,1836,,
China,CHN,1837,,
China,CHN,1838,,
China,CHN,1839,,
China,CHN,1840,,
China,CHN,1841,,
China,CHN,1842,,
China,CHN,1843,,
China,CHN,1844,,
China,CHN,1845,,
China,CHN,1846,,
China,CHN,1847,,
China,CHN,1848,,
China,CHN,1849,,
China,CHN,1850,,
China,CHN,1851,,
China,CHN,1852,,
China,CHN,1853,,
China,CHN,1854,,
China,CHN,1855,,
China,CHN,1856,,
China,CHN,1857,,
China,CHN,1858,,
China,CHN,1859,,
China,CHN,1860,,
China,CHN,1861,,
China,CHN,1862,,
China,CHN,1863,,
China,CHN,1864,,
China,CHN,1865,,
China,CHN,1866,,
China,CHN,1867,,
China,CHN,1868,,
China,CHN,1869,,
China,CHN,1870,,
China,CHN,1871,,
China,CHN,1872,,
China,CHN,1873,,
China,CHN,1874,,
China,CHN,1875,,
China,CHN,1876,,
China,CHN,1877,,
China,CHN,1878,,
China,CHN,1879,,
China,CHN,1880,,
China,CHN,1881,,
China,CHN,1882,,
China,CHN,1883,,
China,CHN,1884,,
China,CHN,1885,,
China,CHN,1886,,
China,CHN,1887,,
China,CHN,1888,,
China,CHN,1889,,
China,CHN,1890,,
China,CHN,1891,,
China,CHN,1892,,
China,CHN,1893,,
China,CHN,1894,,
China,CHN,1895,,
China,CHN,1896,,
China,CHN,1897,,
China,CHN,1898,,
China,CHN,1899,,
China,CHN,1900,0.0,0.0
China,CHN,1901,0.0,0.0
China,CHN,1902,0.0,0.0
China,CHN,1903,0.0,0.0
China,CHN,1904,0.0,0.0
China,CHN,1905,0.0,0.0
China,CHN,1906,0.0,0.0
China,CHN,1907,0.0,0.0
China,CHN,1908,0.0,0.0
China,CHN,1909,0.0,0.0
China,CHN,1910,0.0,0.0
China,CHN,1911,0.0,0.0
China,CHN,1912,0.0,0.0
China,CHN,1913,0.0,0.0
China,CHN,1914,0.0,0.0
China,CHN,1915,0.0,0.0
China,CHN,1916,0.0,0.0
China,CHN,1917,0.0,0.0
China,CHN,1918,1.0,2.0
China,CHN,1919,1.0,2.0
China,CHN,1920,1.0,2.0
China,CHN,1921,0.0,0.0
China,CHN,1922,0.0,0.0
China,CHN,1923,0.0,0.0
China,CHN,1924,0.0,0.0
China,CHN,1925,0.0,0.0
China,CHN,1926,0.0,0.0
China,CHN,1927,0.0,0.0
China,CHN,1928,0.0,0.0
China,CHN,1929,0.0,0.0
China,CHN,1930,0.0,0.0
China,CHN,1931,0.0,0.0
China,CHN,1932,0.0,0.0
China,CHN,1933,0.0,0.0
China,CHN,1934,0.0,0.0
China,CHN,1935,0.0,0.0
China,CHN,1936,0.0,0.0
China,CHN,1937,0.0,0.0
China,CHN,1938,0.0,0.0
China,CHN,1939,0.0,0.0
China,CHN,1940,0.0,0.0
China,CHN,1941,0.0,0.0
China,CHN,1942,0.0,0.0
China,CHN,1943,0.0,0.0
China,CHN,1944,0.0,0.0
China,CHN,1945,0.0,0.0
China,CHN,1946,0.0,0.0
China,CHN,1947,0.0,0.0
China,CHN,1948,0.0,0.0
China,CHN,1949,0.0,0.0
China,CHN,1950,0.0,0.0
China,CHN,1951,0.0,0.0
China,CHN,1952,0.0,0.0
China,CHN,1953,0.0,0.0
China,CHN,1954,0.0,0.0
China,CHN,1955,0.0,0.0
China,CHN,1956,0.0,0.0
China,CHN,1957,0.0,0.0
China,CHN,1958,0.0,0.0
China,CHN,1959,0.0,0.0
China,CHN,1960,0.0,0.0
China,CHN,1961,0.0,0.0
China,CHN,1962,0.0,0.0
China,CHN,1963,0.0,0.0
China,CHN,1964,0.0,0.0
China,CHN,1965,0.0,0.0
China,CHN,1966,0.0,0.0
China,CHN,1967,0.0,0.0
China,CHN,1968,0.0,0.0
China,CHN,1969,0.0,0.0
China,CHN,1970,0.0,0.0
China,CHN,1971,0.0,0.0
China,CHN,1972,0.0,0.0
China,CHN,1973,0.0,0.0
China,CHN,1974,0.0,0.0
China,CHN,1975,0.0,0.0
China,CHN,1976,0.0,0.0
China,CHN,1977,0.0,0.0
China,CHN,1978,0.0,0.0
China,CHN,1979,0.0,0.0
China,CHN,1980,0.0,0.0
China,CHN,1981,0.0,0.0
China,CHN,1982,0.0,0.0
China,CHN,1983,0.0,0.0
China,CHN,1984,0.0,0.0
China,CHN,1985,0.0,0.0
China,CHN,1986,0.0,0.0
China,CHN,1987,0.0,0.0
China,CHN,1988,0.0,0.0
China,CHN,1989,0.0,0.0
China,CHN,1990,0.0,0.0
China,CHN,1991,0.0,0.0
China,CHN,1992,0.0,0.0
China,CHN,1993,0.0,0.0
China,CHN,1994,0.0,0.0
China,CHN,1995,0.0,0.0
China,CHN,1996,0.0,0.0
China,CHN,1997,0.0,0.0
China,CHN,1998,0.0,0.0
China,CHN,1999,0.0,0.0
China,CHN,2000,0.0,0.0
China,CHN,2001,0.0,0.0
China,CHN,2002,0.0,0.0
China,CHN,2003,0.0,0.0
China,CHN,2004,0.0,0.0
China,CHN,2005,0.0,0.0
China,CHN,2006,0.0,0.0
China,CHN,2007,0.0,0.0
China,CHN,2008,0.0,0.0
China,CHN,2009,0.0,0.0
China,CHN,2010,0.0,0.0
China,CHN,2011,0.0,0.0
China,CHN,2012,0.0,0.0
China,CHN,2013,0.0,0.0
China,CHN,2014,0.0,0.0
China,CHN,2015,0.0,0.0
China,CHN,2016,0.0,0.0
China,CHN,2017,0.0,0.0
China,CHN,2018,0.0,0.0
China,CHN,2019,0.0,0.0
China,CHN,2020,0.0,0.0
China,CHN,2021,0.0,0.0
China,CHN,2022,0.0,0.0
China,CHN,2023,0.0,0.0
China,CHN,2024,0.0,0.0
China,CHN,2025,0.0,0.0
Democratic Republic of the Congo,COD,1900,0.0,0.0
Democratic Republic of the Congo,COD,1901,0.0,0.0
Democratic Republic of the Congo,COD,1902,0.0,0.0
Democratic Republic of the Congo,COD,1903,0.0,0.0
Democratic Republic of the Congo,COD,1904,0.0,0.0
Democratic Republic of the Congo,COD,1905,0.0,0.0
Democratic Republic of the Congo,COD,1906,0.0,0.0
Democratic Republic of the Congo,COD,1907,0.0,0.0
Democratic Republic of the Congo,COD,1908,0.0,0.0
Democratic Republic of the Congo,COD,1909,0.0,0.0
Democratic Republic of the Congo,COD,1910,0.0,0.0
Democratic Republic of the Congo,COD,1911,0.0,0.0
Democratic Republic of the Congo,COD,1912,0.0,0.0
Democratic Republic of the Congo,COD,1913,0.0,0.0
Democratic Republic of the Congo,COD,1914,0.0,0.0
Democratic Republic of the Congo,COD,1915,0.0,0.0
Democratic Republic of the Congo,COD,1916,0.0,0.0
Democratic Republic of the Congo,COD,1917,0.0,0.0
Democratic Republic of the Congo,COD,1918,0.0,0.0
Democratic Republic of the Congo,COD,1919,0.0,0.0
Democratic Republic of the Congo,COD,1920,0.0,0.0
Democratic Republic of the Congo,COD,1921,0.0,0.0
Democratic Republic of the Congo,COD,1922,0.0,0.0
Democratic Republic of the Congo,COD,1923,0.0,0.0
Democratic Republic of the Congo,COD,1924,0.0,0.0
Democratic Republic of the Congo,COD,1925,0.0,0.0
Democratic Republic of the Congo,COD,1926,0.0,0.0
Democratic Republic of the Congo,COD,1927,0.0,0.0
Democratic Republic of the Congo,COD,1928,0.0,0.0
Democratic Republic of the Congo,COD,1929,0.0,0.0
Democratic Republic of the Congo,COD,1930,0.0,0.0
Democratic Republic of the Congo,COD,1931,0.0,0.0
Democratic Republic of the Congo,COD,1932,0.0,0.0
Democratic Republic of the Congo,COD,1933,0.0,0.0
Democratic Republic of the Congo,COD,1934,0.0,0.0
Democratic Republic of the Congo,COD,1935,0.0,0.0
Democratic Republic of the Congo,COD,1936,0.0,0.0
Democratic Republic of the Congo,COD,1937,0.0,0.0
Democratic Republic of the Congo,COD,1938,0.0,0.0
Democratic Republic of the Congo,COD,1939,0.0,0.0
Democratic Republic of the Congo,COD,1940,0.0,0.0
Democratic Republic of the Congo,COD,1941,0.0,0.0
Democratic Republic of the Congo,COD,1942,0.0,0.0
Democratic Republic of the Congo,COD,1943,0.0,0.0
Democratic Republic of the Congo,COD,1944,0.0,0.0
Democratic Republic of the Congo,COD,1945,0.0,0.0
Democratic Republic of the Congo,COD,1946,0.0,0.0
Democratic Republic of the Congo,COD,1947,0.0,0.0
Democratic Republic of the Congo,COD,1948,0.0,0.0
Democratic Republic of the Congo,COD,1949,0.0,0.0
Democratic Republic of the Congo,COD,1950,0.0,0.0
Democratic Republic of the Congo,COD,1951,0.0,0.0
Democratic Republic of the Congo,COD,1952,0.0,0.0
Democratic Republic of the Congo,COD,1953,0.0,0.0
Democratic Republic of the Congo,COD,1954,0.0,0.0
Democratic Republic of the Congo,COD,1955,0.0,0.0
Democratic Republic of the Congo,COD,1956,0.0,0.0
Democratic Republic of the Congo,COD,1957,0.0,0.0
Democratic Republic of the Congo,COD,1958,0.0,0.0
Democratic Republic of the Congo,COD,1959,0.0,0.0
Democratic Republic of the Congo,COD,1960,1.0,3.0
Democratic Republic of the Congo,COD,1961,1.0,3.0
Democratic Republic of the Congo,COD,1962,1.0,3.0
Democratic Republic of the Congo,COD,1963,1.0,3.0
Democratic Republic of the Congo,COD,1964,1.0,3.0
Democratic Republic of the Congo,COD,1965,0.0,0.0
Democratic Republic of the Congo,COD,1966,0.0,0.0
Democratic Republic of the Congo,COD,1967,0.0,0.0
Democratic Republic of the Congo,COD,1968,0.0,0.0
Democratic Republic of the Congo,COD,1969,0.0,0.0
Democratic Republic of the Congo,COD,1970,0.0,0.0
Democratic Republic of the Congo,COD,1971,0.0,0.0
Democratic Republic of the Congo,COD,1972,0.0,0.0
Democratic Republic of the Congo,COD,1973,0.0,0.0
Democratic Republic of the Congo,COD,1974,0.0,0.0
Democratic Republic of the Congo,COD,1975,0.0,0.0
Democratic Republic of the Congo,COD,1976,0.0,0.0
Democratic Republic of the Congo,COD,1977,0.0,0.0
Democratic Republic of the Congo,COD,1978,0.0,0.0
Democratic Republic of the Congo,COD,1979,0.0,0.0
Democratic Republic of the Congo,COD,1980,0.0,0.0
Democratic Republic of the Congo,COD,1981,0.0,0.0
Democratic Republic of the Congo,COD,1982,0.0,0.0
Democratic Republic of the Congo,COD,1983,0.0,0.0
Democratic Republic of the Congo,COD,1984,0.0,0.0
Democratic Republic of the Congo,COD,1985,0.0,0.0
Democratic Republic of the Congo,COD,1986,0.0,0.0
Democratic Republic of the Congo,COD,1987,0.0,0.0
Democratic Republic of the Congo,COD,1988,0.0,0.0
Democratic Republic of the Congo,COD,1989,0.0,0.0
Democratic Republic of the Congo,COD,1990,0.0,0.0
Democratic Republic of the Congo,COD,1991,0.0,0.0
Democratic Republic of the Congo,COD,1992,0.0,0.0
Democratic Republic of the Congo,COD,1993,0.0,0.0
Democratic Republic of the Congo,COD,1994,0.0,0.0
Democratic Republic of the Congo,COD,1995,0.0,0.0
Democratic Republic of the Congo,COD,1996,0.0,0.0
Democratic Republic of the Congo,COD,1997,0.0,0.0
Democratic Republic of the Congo,COD,1998,0.0,0.0
Democratic Republic of the Congo,COD,1999,0.0,0.0
Democratic Republic of the Congo,COD,2000,0.0,0.0
Democratic Republic of the Congo,COD,2001,0.0,0.0
Democratic Republic of the Congo,COD,2002,0.0,0.0
Democratic Republic of the Congo,COD,2003,0.0,0.0
Democratic Republic of the Congo,COD,2004,0.0,0.0
Democratic Republic of the Congo,COD,2005,0.0,0.0
Democratic Republic of the Congo,COD,2006,1.0,3.0
Democratic Republic of the Congo,COD,2007,1.0,3.0
Democratic Republic of the Congo,COD,2008,1.0,3.0
Democratic Republic of the Congo,COD,2009,1.0,3.0
Democratic Republic of the Congo,COD,2010,1.0,3.0
Democratic Republic of the Congo,COD,2011,1.0,3.0
Democratic Republic of the Congo,COD,2012,1.0,3.0
Democratic Republic of the Congo,COD,2013,1.0,3.0
Democratic Republic of the Congo,COD,2014,1.0,3.0
Democratic Republic of the Congo,COD,2015,1.0,3.0
Democratic Republic of the Congo,COD,2016,1.0,3.0
Democratic Republic of the Congo,COD,2017,1.0,3.0
Democratic Republic of the Congo,COD,2018,1.0,3.0
Democratic Republic of the Congo,COD,2019,1.0,3.0
Democratic Republic of the Congo,COD,2020,1.0,3.0
Democratic Republic of the Congo,COD,2021,1.0,3.0
Democratic Republic of the Congo,COD,2022,1.0,3.0
Democratic Republic of the Congo,COD,2023,1.0,3.0
Democratic Republic of the Congo,COD,2024,1.0,3.0
Democratic Republic of the Congo,COD,2025,1.0,3.0
Republic of the Congo,COG,1903,0.0,0.0
Republic of the Congo,COG,1904,0.0,0.0
Republic of the Congo,COG,1905,0.0,0.0
Republic of the Congo,COG,1906,0.0,0.0
Republic of the Congo,COG,1907,0.0,0.0
Republic of the Congo,COG,1908,0.0,0.0
Republic of the Congo,COG,1909,0.0,0.0
Republic of the Congo,COG,1910,0.0,0.0
Republic of the Congo,COG,1911,0.0,0.0
Republic of the Congo,COG,1912,0.0,0.0
Republic of the Congo,COG,1913,0.0,0.0
Republic of the Congo,COG,1914,0.0,0.0
Republic of the Congo,COG,1915,0.0,0.0
Republic of the Congo,COG,1916,0.0,0.0
Republic of the Congo,COG,1917,0.0,0.0
Republic of the Congo,COG,1918,0.0,0.0
Republic of the Congo,COG,1919,0.0,0.0
Republic of the Congo,COG,1920,0.0,0.0
Republic of the Congo,COG,1921,0.0,0.0
Republic of the Congo,COG,1922,0.0,0.0
Republic of the Congo,COG,1923,0.0,0.0
Republic of the Congo,COG,1924,0.0,0.0
Republic of the Congo,COG,1925,0.0,0.0
Republic of the Congo,COG,1926,0.0,0.0
Republic of the Congo,COG,1927,0.0,0.0
Republic of the Congo,COG,1928,0.0,0.0
Republic of the Congo,COG,1929,0.0,0.0
Republic of the Congo,COG,1930,0.0,0.0
Republic of the Congo,COG,1931,0.0,0.0
Republic of the Congo,COG,1932,0.0,0.0
Republic of the Congo,COG,1933,0.0,0.0
Republic of the Congo,COG,1934,0.0,0.0
Republic of the Congo,COG,1935,0.0,0.0
Republic of the Congo,COG,1936,0.0,0.0
Republic of the Congo,COG,1937,0.0,0.0
Republic of the Congo,COG,1938,0.0,0.0
Republic of the Congo,COG,1939,0.0,0.0
Republic of the Congo,COG,1940,0.0,0.0
Republic of the Congo,COG,1941,0.0,0.0
Republic of the Congo,COG,1942,0.0,0.0
Republic of the Congo,COG,1943,0.0,0.0
Republic of the Congo,COG,1944,0.0,0.0
Republic of the Congo,COG,1945,0.0,0.0
Republic of the Congo,COG,1946,0.0,0.0
Republic of the Congo,COG,1947,0.0,0.0
Republic of the Congo,COG,1948,0.0,0.0
Republic of the Congo,COG,1949,0.0,0.0
Republic of the Congo,COG,1950,0.0,0.0
Republic of the Congo,COG,1951,0.0,0.0
Republic of the Congo,COG,1952,0.0,0.0
Republic of the Congo,COG,1953,0.0,0.0
Republic of the Congo,COG,1954,0.0,0.0
Republic of the Congo,COG,1955,0.0,0.0
Republic of the Congo,COG,1956,0.0,0.0
Republic of the Congo,COG,1957,1.0,3.0
Republic of the Congo,COG,1958,1.0,3.0
Republic of the Congo,COG,1959,1.0,3.0
Republic of the Congo,COG,1960,1.0,3.0
Republic of the Congo,COG,1961,1.0,3.0
Republic of the Congo,COG,1962,1.0,3.0
Republic of the Congo,COG,1963,1.0,3.0
Republic of the Congo,COG,1964,0.0,0.0
Republic of the Congo,COG,1965,0.0,0.0
Republic of the Congo,COG,1966,0.0,0.0
Republic of the Congo,COG,1967,0.0,0.0
Republic of the Congo,COG,1968,0.0,0.0
Republic of the Congo,COG,1969,0.0,0.0
Republic of the Congo,COG,1970,0.0,0.0
Republic of the Congo,COG,1971,0.0,0.0
Republic of the Congo,COG,1972,0.0,0.0
Republic of the Congo,COG,1973,0.0,0.0
Republic of the Congo,COG,1974,0.0,0.0
Republic of the Congo,COG,1975,0.0,0.0
Republic of the Congo,COG,1976,0.0,0.0
Republic of the Congo,COG,1977,0.0,0.0
Republic of the Congo,COG,1978,0.0,0.0
Republic of the Congo,COG,1979,0.0,0.0
Republic of the Congo,COG,1980,0.0,0.0
Republic of the Congo,COG,1981,0.0,0.0
Republic of the Congo,COG,1982,0.0,0.0
Republic of the Congo,COG,1983,0.0,0.0
Republic of the Congo,COG,1984,0.0,0.0
Republic of the Congo,COG,1985,0.0,0.0
Republic of the Congo,COG,1986,0.0,0.0
Republic of the Congo,COG,1987,0.0,0.0
Republic of the Congo,COG,1988,0.0,0.0
Republic of the Congo,COG,1989,0.0,0.0
Republic of the Congo,COG,1990,0.0,0.0
Republic of the Congo,COG,1991,0.0,0.0
Republic of the Congo,COG,1992,1.0,3.0
Republic of the Congo,COG,1993,1.0,4.0
Republic of the Congo,COG,1994,1.0,4.0
Republic of the Congo,COG,1995,1.0,4.0
Republic of the Congo,COG,1996,1.0,4.0
Republic of the Congo,COG,1997,1.0,3.0
Republic of the Congo,COG,1998,0.0,0.0
Republic of the Congo,COG,1999,0.0,0.0
Republic of the Congo,COG,2000,0.0,0.0
Republic of the Congo,COG,2001,0.0,0.0
Republic of the Congo,COG,2002,1.0,3.0
Republic of the Congo,COG,2003,1.0,3.0
Republic of the Congo,COG,2004,1.0,3.0
Republic of the Congo,COG,2005,1.0,3.0
Republic of the Congo,COG,2006,1.0,3.0
Republic of the Congo,COG,2007,1.0,3.0
Republic of the Congo,COG,2008,1.0,3.0
Republic of the Congo,COG,2009,1.0,3.0
Republic of the Congo,COG,2010,1.0,3.0
Republic of the Congo,COG,2011,1.0,3.0
Republic of the Congo,COG,2012,1.0,3.0
Republic of the Congo,COG,2013,1.0,3.0
Republic of the Congo,COG,2014,1.0,3.0
Republic of the Congo,COG,2015,1.0,3.0
Republic of the Congo,COG,2016,1.0,3.0
Republic of the Congo,COG,2017,1.0,3.0
Republic of the Congo,COG,2018,1.0,3.0
Republic of the Congo,COG,2019,1.0,3.0
Republic of the Congo,COG,2020,1.0,3.0
Republic of the Congo,COG,2021,1.0,3.0
Republic of the Congo,COG,2022,1.0,3.0
Republic of the Congo,COG,2023,1.0,3.0
Republic of the Congo,COG,2024,1.0,3.0
Republic of the Congo,COG,2025,1.0,3.0
Djibouti,DJI,1900,0.0,0.0
Djibouti,DJI,1901,0.0,0.0
Djibouti,DJI,1902,0.0,0.0
Djibouti,DJI,1903,0.0,0.0
Djibouti,DJI,1904,0.0,0.0
Djibouti,DJI,1905,0.0,0.0
Djibouti,DJI,1906,0.0,0.0
Djibouti,DJI,1907,0.0,0.0
Djibouti,DJI,1908,0.0,0.0
Djibouti,DJI,1909,0.0,0.0
Djibouti,DJI,1910,0.0,0.0
Djibouti,DJI,1911,0.0,0.0
Djibouti,DJI,1912,0.0,0.0
Djibouti,DJI,1913,0.0,0.0
Djibouti,DJI,1914,0.0,0.0
Djibouti,DJI,1915,0.0,0.0
Djibouti,DJI,1916,0.0,0.0
Djibouti,DJI,1917,0.0,0.0
Djibouti,DJI,1918,0.0,0.0
Djibouti,DJI,1919,0.0,0.0
Djibouti,DJI,1920,0.0,0.0
Djibouti,DJI,1921,0.0,0.0
Djibouti,DJI,1922,0.0,0.0
Djibouti,DJI,1923,0.0,0.0
Djibouti,DJI,1924,0.0,0.0
Djibouti,DJI,1925,0.0,0.0
Djibouti,DJI,1926,0.0,0.0
Djibouti,DJI,1927,0.0,0.0
Djibouti,DJI,1928,0.0,0.0
Djibouti,DJI,1929,0.0,0.0
Djibouti,DJI,1930,0.0,0.0
Djibouti,DJI,1931,0.0,0.0
Djibouti,DJI,1932,0.0,0.0
Djibouti,DJI,1933,0.0,0.0
Djibouti,DJI,1934,0.0,0.0
Djibouti,DJI,1935,0.0,0.0
Djibouti,DJI,1936,0.0,0.0
Djibouti,DJI,1937,0.0,0.0
Djibouti,DJI,1938,0.0,0.0
Djibouti,DJI,1939,0.0,0.0
Djibouti,DJI,1940,0.0,0.0
Djibouti,DJI,1941,0.0,0.0
Djibouti,DJI,1942,0.0,0.0
Djibouti,DJI,1943,0.0,0.0
Djibouti,DJI,1944,0.0,0.0
Djibouti,DJI,1945,0.0,0.0
Djibouti,DJI,1946,0.0,0.0
Djibouti,DJI,1947,0.0,0.0
Djibouti,DJI,1948,0.0,0.0
Djibouti,DJI,1949,0.0,0.0
Djibouti,DJI,1950,0.0,0.0
Djibouti,DJI,1951,0.0,0.0
Djibouti,DJI,1952,0.0,0.0
Djibouti,DJI,1953,0.0,0.0
Djibouti,DJI,1954,0.0,0.0
Djibouti,DJI,1955,0.0,0.0
Djibouti,DJI,1956,0.0,0.0
Djibouti,DJI,1957,0.0,0.0
Djibouti,DJI,1958,0.0,0.0
Djibouti,DJI,1959,0.0,0.0
Djibouti,DJI,1960,0.0,0.0
Djibouti,DJI,1961,0.0,0.0
Djibouti,DJI,1962,0.0,0.0
Djibouti,DJI,1963,0.0,0.0
Djibouti,DJI,1964,0.0,0.0
Djibouti,DJI,1965,0.0,0.0
Djibouti,DJI,1966,0.0,0.0
Djibouti,DJI,1967,0.0,0.0
Djibouti,DJI,1968,0.0,0.0
Djibouti,DJI,1969,0.0,0.0
Djibouti,DJI,1970,0.0,0.0
Djibouti,DJI,1971,0.0,0.0
Djibouti,DJI,1972,0.0,0.0
Djibouti,DJI,1973,0.0,0.0
Djibouti,DJI,1974,0.0,0.0
Djibouti,DJI,1975,0.0,0.0
Djibouti,DJI,1976,0.0,0.0
Djibouti,DJI,1977,1.0,2.0
Djibouti,DJI,1978,1.0,2.0
Djibouti,DJI,1979,1.0,2.0
Djibouti,DJI,1980,1.0,2.0
Djibouti,DJI,1981,0.0,1.0
Djibouti,DJI,1982,0.0,1.0
Djibouti,DJI,1983,0.0,1.0
Djibouti,DJI,1984,0.0,1.0
Djibouti,DJI,1985,0.0,1.0
Djibouti,DJI,1986,0.0,1.0
Djibouti,DJI,1987,1.0,2.0
Djibouti,DJI,1988,1.0,2.0
Djibouti,DJI,1989,1.0,2.0
Djibouti,DJI,1990,1.0,2.0
Djibouti,DJI,1991,1.0,2.0
Djibouti,DJI,1992,1.0,2.0
Djibouti,DJI,1993,1.0,3.0
Djibouti,DJI,1994,1.0,3.0
Djibouti,DJI,1995,1.0,3.0
Djibouti,DJI,1996,1.0,3.0
Djibouti,DJI,1997,1.0,3.0
Djibouti,DJI,1998,1.0,3.0
Djibouti,DJI,1999,1.0,3.0
Djibouti,DJI,2000,1.0,3.0
Djibouti,DJI,2001,1.0,3.0
Djibouti,DJI,2002,1.0,3.0
Djibouti,DJI,2003,1.0,3.0
Djibouti,DJI,2004,1.0,3.0
Djibouti,DJI,2005,1.0,3.0
Djibouti,DJI,2006,1.0,3.0
Djibouti,DJI,2007,1.0,3.0
Djibouti,DJI,2008,1.0,3.0
Djibouti,DJI,2009,1.0,3.0
Djibouti,DJI,2010,1.0,3.0
Djibouti,DJI,2011,1.0,3.0
Djibouti,DJI,2012,1.0,3.0
Djibouti,DJI,2013,1.0,3.0
Djibouti,DJI,2014,1.0,3.0
Djibouti,DJI,2015,1.0,3.0
Djibouti,DJI,2016,1.0,3.0
Djibouti,DJI,2017,1.0,3.0
Djibouti,DJI,2018,1.0,3.0
Djibouti,DJI,2019,1.0,3.0
Djibouti,DJI,2020,1.0,3.0
Djibouti,DJI,2021,1.0,3.0
Djibouti,DJI,2022,1.0,3.0
Djibouti,DJI,2023,1.0,3.0
Djibouti,DJI,2024,1.0,3.0
Djibouti,DJI,2025,1.0,3.0
Dominican Republic,DOM,1789,,
Dominican Republic,DOM,1790,,
Dominican Republic,DOM,1791,,
Dominican Republic,DOM,1792,,
Dominican Republic,DOM,1793,,
Dominican Republic,DOM,1794,,
Dominican Republic,DOM,1795,,
Dominican Republic,DOM,1796,,
Dominican Republic,DOM,1797,,
Dominican Republic,DOM,1798,,
Dominican Republic,DOM,1799,,
Dominican Republic,DOM,1800,,
Dominican Republic,DOM,1801,,
Dominican Republic,DOM,1802,,
Dominican Republic,DOM,1803,,
Dominican Republic,DOM,1804,,
Dominican Republic,DOM,1805,,
Dominican Republic,DOM,1806,,
Dominican Republic,DOM,1807,,
Dominican Republic,DOM,1808,,
Dominican Republic,DOM,1809,,
Dominican Republic,DOM,1810,,
Dominican Republic,DOM,1811,,
Dominican Republic,DOM,1812,,
Dominican Republic,DOM,1813,,
Dominican Republic,DOM,1814,,
Dominican Republic,DOM,1815,,
Dominican Republic,DOM,1816,,
Dominican Republic,DOM,1817,,
Dominican Republic,DOM,1818,,
Dominican Republic,DOM,1819,,
Dominican Republic,DOM,1820,,
Dominican Republic,DOM,1821,,
Dominican Republic,DOM,1822,,
Dominican Republic,DOM,1844,,
Dominican Republic,DOM,1845,,
Dominican Republic,DOM,1846,,
Dominican Republic,DOM,1847,,
Dominican Republic,DOM,1848,,
Dominican Republic,DOM,1849,,
Dominican Republic,DOM,1850,,
Dominican Republic,DOM,1851,,
Dominican Republic,DOM,1852,,
Dominican Republic,DOM,1853,,
Dominican Republic,DOM,1854,,
Dominican Republic,DOM,1855,,
Dominican Republic,DOM,1856,,
Dominican Republic,DOM,1857,,
Dominican Republic,DOM,1858,,
Dominican Republic,DOM,1859,,
Dominican Republic,DOM,1860,,
Dominican Republic,DOM,1861,,
Dominican Republic,DOM,1862,,
Dominican Republic,DOM,1863,,
Dominican Republic,DOM,1864,,
Dominican Republic,DOM,1865,,
Dominican Republic,DOM,1866,,
Dominican Republic,DOM,1867,,
Dominican Republic,DOM,1868,,
Dominican Republic,DOM,1869,,
Dominican Republic,DOM,1870,,
Dominican Republic,DOM,1871,,
Dominican Republic,DOM,1872,,
Dominican Republic,DOM,1873,,
Dominican Republic,DOM,1874,,
Dominican Republic,DOM,1875,,
Dominican Republic,DOM,1876,,
Dominican Republic,DOM,1877,,
Dominican Republic,DOM,1878,,
Dominican Republic,DOM,1879,,
Dominican Republic,DOM,1880,,
Dominican Republic,DOM,1881,,
Dominican Republic,DOM,1882,,
Dominican Republic,DOM,1883,,
Dominican Republic,DOM,1884,,
Dominican Republic,DOM,1885,,
Dominican Republic,DOM,1886,,
Dominican Republic,DOM,1887,,
Dominican Republic,DOM,1888,,
Dominican Republic,DOM,1889,,
Dominican Republic,DOM,1890,,
Dominican Republic,DOM,1891,,
Dominican Republic,DOM,1892,,
Dominican Republic,DOM,1893,,
Dominican Republic,DOM,1894,,
Dominican Republic,DOM,1895,,
Dominican Republic,DOM,1896,,
Dominican Republic,DOM,1897,,
Dominican Republic,DOM,1898,,
Dominican Republic,DOM,1899,,
Dominican Republic,DOM,1900,1.0,3.0
Dominican Republic,DOM,1901,1.0,3.0
Dominican Republic,DOM,1902,1.0,3.0
Dominican Republic,DOM,1903,1.0,3.0
Dominican Republic,DOM,1904,1.0,3.0
Dominican Republic,DOM,1905,,
Dominican Republic,DOM,1906,0.0,0.0
Dominican Republic,DOM,1907,0.0,0.0
Dominican Republic,DOM,1908,0.0,0.0
Dominican Republic,DOM,1909,0.0,0.0
Dominican Republic,DOM,1910,0.0,0.0
Dominican Republic,DOM,1911,0.0,0.0
Dominican Republic,DOM,1912,1.0,3.0
Dominican Republic,DOM,1913,1.0,3.0
Dominican Republic,DOM,1914,1.0,3.0
Dominican Republic,DOM,1915,1.0,3.0
Dominican Republic,DOM,1916,1.0,3.0
Dominican Republic,DOM,1917,0.0,0.0
Dominican Republic,DOM,1918,0.0,0.0
Dominican Republic,DOM,1919,0.0,0.0
Dominican Republic,DOM,1920,0.0,0.0
Dominican Republic,DOM,1921,0.0,0.0
Dominican Republic,DOM,1922,0.0,0.0
Dominican Republic,DOM,1923,0.0,0.0
Dominican Republic,DOM,1924,1.0,3.0
Dominican Republic,DOM,1925,1.0,3.0
Dominican Republic,DOM,1926,1.0,3.0
Dominican Republic,DOM,1927,1.0,3.0
Dominican Republic,DOM,1928,1.0,3.0
Dominican Republic,DOM,1929,0.0,0.0
Dominican Republic,DOM,1930,0.0,0.0
Dominican Republic,DOM,1931,0.0,0.0
Dominican Republic,DOM,1932,0.0,0.0
Dominican Republic,DOM,1933,0.0,0.0
Dominican Republic,DOM,1934,0.0,0.0
Dominican Republic,DOM,1935,0.0,0.0
Dominican Republic,DOM,1936,0.0,0.0
Dominican Republic,DOM,1937,0.0,0.0
Dominican Republic,DOM,1938,0.0,0.0
Dominican Republic,DOM,1939,0.0,0.0
Dominican Republic,DOM,1940,0.0,0.0
Dominican Republic,DOM,1941,0.0,0.0
Dominican Republic,DOM,1942,0.0,0.0
Dominican Republic,DOM,1943,0.0,0.0
Dominican Republic,DOM,1944,0.0,0.0
Dominican Republic,DOM,1945,0.0,0.0
Dominican Republic,DOM,1946,0.0,0.0
Dominican Republic,DOM,1947,0.0,0.0
Dominican Republic,DOM,1948,0.0,0.0
Dominican Republic,DOM,1949,0.0,0.0
Dominican Republic,DOM,1950,0.0,0.0
Dominican Republic,DOM,1951,0.0,0.0
Dominican Republic,DOM,1952,0.0,0.0
Dominican Republic,DOM,1953,0.0,0.0
Dominican Republic,DOM,1954,0.0,0.0
Dominican Republic,DOM,1955,0.0,0.0
Dominican Republic,DOM,1956,0.0,0.0
Dominican Republic,DOM,1957,0.0,0.0
Dominican Republic,DOM,1958,0.0,0.0
Dominican Republic,DOM,1959,0.0,0.0
Dominican Republic,DOM,1960,0.0,0.0
Dominican Republic,DOM,1961,0.0,0.0
Dominican Republic,DOM,1962,1.0,3.0
Dominican Republic,DOM,1963,1.0,3.0
Dominican Republic,DOM,1964,0.0,0.0
Dominican Republic,DOM,1965,0.0,0.0
Dominican Republic,DOM,1966,1.0,3.0
Dominican Republic,DOM,1967,1.0,3.0
Dominican Republic,DOM,1968,1.0,3.0
Dominican Republic,DOM,1969,1.0,3.0
Dominican Republic,DOM,1970,1.0,3.0
Dominican Republic,DOM,1971,1.0,3.0
Dominican Republic,DOM,1972,1.0,3.0
Dominican Republic,DOM,1973,1.0,3.0
Dominican Republic,DOM,1974,1.0,3.0
Dominican Republic,DOM,1975,1.0,3.0
Dominican Republic,DOM,1976,1.0,3.0
Dominican Republic,DOM,1977,1.0,3.0
Dominican Republic,DOM,1978,1.0,3.0
Dominican Republic,DOM,1979,1.0,4.0
Dominican Republic,DOM,1980,1.0,4.0
Dominican Republic,DOM,1981,1.0,4.0
Dominican Republic,DOM,1982,2.0,5.0
Dominican Republic,DOM,1983,2.0,5.0
Dominican Republic,DOM,1984,2.0,5.0
Dominican Republic,DOM,1985,2.0,5.0
Dominican Republic,DOM,1986,2.0,5.0
Dominican Republic,DOM,1987,2.0,5.0
Dominican Republic,DOM,1988,2.0,5.0
Dominican Republic,DOM,1989,2.0,5.0
Dominican Republic,DOM,1990,1.0,4.0
Dominican Republic,DOM,1991,1.0,3.0
Dominican Republic,DOM,1992,1.0,3.0
Dominican Republic,DOM,1993,1.0,3.0
Dominican Republic,DOM,1994,1.0,3.0
Dominican Republic,DOM,1995,1.0,3.0
Dominican Republic,DOM,1996,2.0,5.0
Dominican Republic,DOM,1997,2.0,6.0
Dominican Republic,DOM,1998,2.0,6.0
Dominican Republic,DOM,1999,2.0,6.0
Dominican Republic,DOM,2000,2.0,6.0
Dominican Republic,DOM,2001,2.0,6.0
Dominican Republic,DOM,2002,2.0,6.0
Dominican Republic,DOM,2003,2.0,6.0
Dominican Republic,DOM,2004,2.0,6.0
Dominican Republic,DOM,2005,2.0,6.0
Dominican Republic,DOM,2006,2.0,6.0
Dominican Republic,DOM,2007,2.0,6.0
Dominican Republic,DOM,2008,2.0,6.0
Dominican Republic,DOM,2009,2.0,6.0
Dominican Republic,DOM,2010,2.0,6.0
Dominican Republic,DOM,2011,2.0,6.0
Dominican Republic,DOM,2012,2.0,6.0
Dominican Republic,DOM,2013,2.0,6.0
Dominican Republic,DOM,2014,2.0,6.0
Dominican Republic,DOM,2015,2.0,6.0
Dominican Republic,DOM,2016,2.0,6.0
Dominican Republic,DOM,2017,2.0,5.0
Dominican Republic,DOM,2018,2.0,6.0
Dominican Republic,DOM,2019,2.0,6.0
Dominican Republic,DOM,2020,2.0,6.0
Dominican Republic,DOM,2021,2.0,6.0
Dominican Republic,DOM,2022,2.0,6.0
Dominican Republic,DOM,2023,2.0,6.0
Dominican Republic,DOM,2024,2.0,6.0
Dominican Republic,DOM,2025,2.0,6.0
Eritrea,ERI,1900,0.0,0.0
Eritrea,ERI,1901,0.0,0.0
Eritrea,ERI,1902,0.0,0.0
Eritrea,ERI,1903,0.0,0.0
Eritrea,ERI,1904,0.0,0.0
Eritrea,ERI,1905,0.0,0.0
Eritrea,ERI,1906,0.0,0.0
Eritrea,ERI,1907,0.0,0.0
Eritrea,ERI,1908,0.0,0.0
Eritrea,ERI,1909,0.0,0.0
Eritrea,ERI,1910,0.0,0.0
Eritrea,ERI,1911,0.0,0.0
Eritrea,ERI,1912,0.0,0.0
Eritrea,ERI,1913,0.0,0.0
Eritrea,ERI,1914,0.0,0.0
Eritrea,ERI,1915,0.0,0.0
Eritrea,ERI,1916,0.0,0.0
Eritrea,ERI,1917,0.0,0.0
Eritrea,ERI,1918,0.0,0.0
Eritrea,ERI,1919,0.0,0.0
Eritrea,ERI,1920,0.0,0.0
Eritrea,ERI,1921,0.0,0.0
Eritrea,ERI,1922,0.0,0.0
Eritrea,ERI,1923,0.0,0.0
Eritrea,ERI,1924,0.0,0.0
Eritrea,ERI,1925,0.0,0.0
Eritrea,ERI,1926,0.0,0.0
Eritrea,ERI,1927,0.0,0.0
Eritrea,ERI,1928,0.0,0.0
Eritrea,ERI,1929,0.0,0.0
Eritrea,ERI,1930,0.0,0.0
Eritrea,ERI,1931,0.0,0.0
Eritrea,ERI,1932,0.0,0.0
Eritrea,ERI,1933,0.0,0.0
Eritrea,ERI,1934,0.0,0.0
Eritrea,ERI,1935,0.0,0.0
Eritrea,ERI,1936,0.0,0.0
Eritrea,ERI,1937,0.0,0.0
Eritrea,ERI,1938,0.0,0.0
Eritrea,ERI,1939,0.0,0.0
Eritrea,ERI,1940,0.0,0.0
Eritrea,ERI,1941,0.0,0.0
Eritrea,ERI,1942,0.0,0.0
Eritrea,ERI,1943,0.0,0.0
Eritrea,ERI,1944,0.0,0.0
Eritrea,ERI,1945,0.0,0.0
Eritrea,ERI,1946,0.0,0.0
Eritrea,ERI,1947,0.0,0.0
Eritrea,ERI,1948,0.0,0.0
Eritrea,ERI,1949,0.0,0.0
Eritrea,ERI,1950,0.0,0.0
Eritrea,ERI,1951,0.0,0.0
Eritrea,ERI,1952,0.0,0.0
Eritrea,ERI,1953,0.0,0.0
Eritrea,ERI,1954,0.0,0.0
Eritrea,ERI,1955,0.0,0.0
Eritrea,ERI,1956,0.0,0.0
Eritrea,ERI,1957,0.0,0.0
Eritrea,ERI,1958,0.0,0.0
Eritrea,ERI,1959,0.0,0.0
Eritrea,ERI,1960,0.0,0.0
Eritrea,ERI,1961,0.0,0.0
Eritrea,ERI,1962,0.0,0.0
Eritrea,ERI,1963,0.0,0.0
Eritrea,ERI,1964,0.0,0.0
Eritrea,ERI,1965,0.0,0.0
Eritrea,ERI,1966,0.0,0.0
Eritrea,ERI,1967,0.0,0.0
Eritrea,ERI,1968,0.0,0.0
Eritrea,ERI,1969,0.0,0.0
Eritrea,ERI,1970,0.0,0.0
Eritrea,ERI,1971,0.0,0.0
Eritrea,ERI,1972,0.0,0.0
Eritrea,ERI,1973,0.0,0.0
Eritrea,ERI,1974,0.0,0.0
Eritrea,ERI,1975,0.0,0.0
Eritrea,ERI,1976,0.0,0.0
Eritrea,ERI,1977,0.0,0.0
Eritrea,ERI,1978,0.0,0.0
Eritrea,ERI,1979,0.0,0.0
Eritrea,ERI,1980,0.0,0.0
Eritrea,ERI,1981,0.0,0.0
Eritrea,ERI,1982,0.0,0.0
Eritrea,ERI,1983,0.0,0.0
Eritrea,ERI,1984,0.0,0.0
Eritrea,ERI,1985,0.0,0.0
Eritrea,ERI,1986,0.0,0.0
Eritrea,ERI,1987,0.0,0.0
Eritrea,ERI,1988,0.0,0.0
Eritrea,ERI,1989,0.0,0.0
Eritrea,ERI,1990,0.0,0.0
Eritrea,ERI,1991,0.0,0.0
Eritrea,ERI,1992,0.0,0.0
Eritrea,ERI,1993,0.0,0.0
Eritrea,ERI,1994,0.0,0.0
Eritrea,ERI,1995,0.0,0.0
Eritrea,ERI,1996,0.0,0.0
Eritrea,ERI,1997,0.0,0.0
Eritrea,ERI,1998,0.0,0.0
Eritrea,ERI,1999,0.0,0.0
Eritrea,ERI,2000,0.0,0.0
Eritrea,ERI,2001,0.0,0.0
Eritrea,ERI,2002,0.0,0.0
Eritrea,ERI,2003,0.0,0.0
Eritrea,ERI,2004,0.0,0.0
Eritrea,ERI,2005,0.0,0.0
Eritrea,ERI,2006,0.0,0.0
Eritrea,ERI,2007,0.0,0.0
Eritrea,ERI,2008,0.0,0.0
Eritrea,ERI,2009,0.0,0.0
Eritrea,ERI,2010,0.0,0.0
Eritrea,ERI,2011,0.0,0.0
Eritrea,ERI,2012,0.0,0.0
Eritrea,ERI,2013,0.0,0.0
Eritrea,ERI,2014,0.0,0.0
Eritrea,ERI,2015,0.0,0.0
Eritrea,ERI,2016,0.0,0.0
Eritrea,ERI,2017,0.0,0.0
Eritrea,ERI,2018,0.0,0.0
Eritrea,ERI,2019,0.0,0.0
Eritrea,ERI,2020,0.0,0.0
Eritrea,ERI,2021,0.0,0.0
Eritrea,ERI,2022,0.0,0.0
Eritrea,ERI,2023,0.0,0.0
Eritrea,ERI,2024,0.0,0.0
Eritrea,ERI,2025,0.0,0.0
Gabon,GAB,1910,0.0,0.0
Gabon,GAB,1911,0.0,0.0
Gabon,GAB,1912,0.0,0.0
Gabon,GAB,1913,0.0,0.0
Gabon,GAB,1914,0.0,0.0
Gabon,GAB,1915,0.0,0.0
Gabon,GAB,1916,0.0,0.0
Gabon,GAB,1917,0.0,0.0
Gabon,GAB,1918,0.0,0.0
Gabon,GAB,1919,0.0,0.0
Gabon,GAB,1920,0.0,0.0
Gabon,GAB,1921,0.0,0.0
Gabon,GAB,1922,0.0,0.0
Gabon,GAB,1923,0.0,0.0
Gabon,GAB,1924,0.0,0.0
Gabon,GAB,1925,0.0,0.0
Gabon,GAB,1926,0.0,0.0
Gabon,GAB,1927,0.0,0.0
Gabon,GAB,1928,0.0,0.0
Gabon,GAB,1929,0.0,0.0
Gabon,GAB,1930,0.0,0.0
Gabon,GAB,1931,0.0,0.0
Gabon,GAB,1932,0.0,0.0
Gabon,GAB,1933,0.0,0.0
Gabon,GAB,1934,0.0,0.0
Gabon,GAB,1935,0.0,0.0
Gabon,GAB,1936,0.0,0.0
Gabon,GAB,1937,0.0,0.0
Gabon,GAB,1938,0.0,0.0
Gabon,GAB,1939,0.0,0.0
Gabon,GAB,1940,0.0,0.0
Gabon,GAB,1941,0.0,0.0
Gabon,GAB,1942,0.0,0.0
Gabon,GAB,1943,0.0,0.0
Gabon,GAB,1944,0.0,0.0
Gabon,GAB,1945,0.0,0.0
Gabon,GAB,1946,0.0,0.0
Gabon,GAB,1947,0.0,0.0
Gabon,GAB,1948,0.0,0.0
Gabon,GAB,1949,0.0,0.0
Gabon,GAB,1950,0.0,0.0
Gabon,GAB,1951,0.0,0.0
Gabon,GAB,1952,0.0,0.0
Gabon,GAB,1953,0.0,0.0
Gabon,GAB,1954,0.0,0.0
Gabon,GAB,1955,0.0,0.0
Gabon,GAB,1956,0.0,0.0
Gabon,GAB,1957,0.0,0.0
Gabon,GAB,1958,0.0,0.0
Gabon,GAB,1959,0.0,0.0
Gabon,GAB,1960,1.0,3.0
Gabon,GAB,1961,1.0,3.0
Gabon,GAB,1962,1.0,3.0
Gabon,GAB,1963,1.0,3.0
Gabon,GAB,1964,1.0,2.0
Gabon,GAB,1965,0.0,0.0
Gabon,GAB,1966,0.0,0.0
Gabon,GAB,1967,0.0,0.0
Gabon,GAB,1968,0.0,0.0
Gabon,GAB,1969,0.0,0.0
Gabon,GAB,1970,0.0,0.0
Gabon,GAB,1971,0.0,0.0
Gabon,GAB,1972,0.0,0.0
Gabon,GAB,1973,0.0,1.0
Gabon,GAB,1974,0.0,1.0
Gabon,GAB,1975,0.0,1.0
Gabon,GAB,1976,0.0,1.0
Gabon,GAB,1977,0.0,1.0
Gabon,GAB,1978,0.0,1.0
Gabon,GAB,1979,0.0,1.0
Gabon,GAB,1980,0.0,1.0
Gabon,GAB,1981,0.0,1.0
Gabon,GAB,1982,0.0,1.0
Gabon,GAB,1983,0.0,1.0
Gabon,GAB,1984,0.0,1.0
Gabon,GAB,1985,0.0,1.0
Gabon,GAB,1986,0.0,1.0
Gabon,GAB,1987,0.0,1.0
Gabon,GAB,1988,0.0,1.0
Gabon,GAB,1989,0.0,1.0
Gabon,GAB,1990,0.0,1.0
Gabon,GAB,1991,0.0,1.0
Gabon,GAB,1992,0.0,1.0
Gabon,GAB,1993,1.0,3.0
Gabon,GAB,1994,1.0,3.0
Gabon,GAB,1995,1.0,3.0
Gabon,GAB,1996,1.0,3.0
Gabon,GAB,1997,1.0,3.0
Gabon,GAB,1998,1.0,3.0
Gabon,GAB,1999,1.0,3.0
Gabon,GAB,2000,1.0,3.0
Gabon,GAB,2001,1.0,3.0
Gabon,GAB,2002,1.0,3.0
Gabon,GAB,2003,1.0,3.0
Gabon,GAB,2004,1.0,3.0
Gabon,GAB,2005,1.0,3.0
Gabon,GAB,2006,1.0,3.0
Gabon,GAB,2007,1.0,3.0
Gabon,GAB,2008,1.0,3.0
Gabon,GAB,2009,1.0,3.0
Gabon,GAB,2010,1.0,3.0
Gabon,GAB,2011,1.0,3.0
Gabon,GAB,2012,1.0,3.0
Gabon,GAB,2013,1.0,3.0
Gabon,GAB,2014,1.0,3.0
Gabon,GAB,2015,1.0,3.0
Gabon,GAB,2016,1.0,3.0
Gabon,GAB,2017,1.0,3.0
Gabon,GAB,2018,1.0,3.0
Gabon,GAB,2019,1.0,3.0
Gabon,GAB,2020,1.0,3.0
Gabon,GAB,2021,1.0,3.0
Gabon,GAB,2022,1.0,3.0
Gabon,GAB,2023,1.0,3.0
Gabon,GAB,2024,0.0,0.0
Gabon,GAB,2025,1.0,3.0
The Gambia,GMB,1900,0.0,0.0
The Gambia,GMB,1901,0.0,0.0
The Gambia,GMB,1902,0.0,0.0
The Gambia,GMB,1903,0.0,0.0
The Gambia,GMB,1904,0.0,0.0
The Gambia,GMB,1905,0.0,0.0
The Gambia,GMB,1906,0.0,0.0
The Gambia,GMB,1907,0.0,0.0
The Gambia,GMB,1908,0.0,0.0
The Gambia,GMB,1909,0.0,0.0
The Gambia,GMB,1910,0.0,0.0
The Gambia,GMB,1911,0.0,0.0
The Gambia,GMB,1912,0.0,0.0
The Gambia,GMB,1913,0.0,0.0
The Gambia,GMB,1914,0.0,0.0
The Gambia,GMB,1915,0.0,0.0
The Gambia,GMB,1916,0.0,0.0
The Gambia,GMB,1917,0.0,0.0
The Gambia,GMB,1918,0.0,0.0
The Gambia,GMB,1919,0.0,0.0
The Gambia,GMB,1920,0.0,0.0
The Gambia,GMB,1921,0.0,0.0
The Gambia,GMB,1922,0.0,0.0
The Gambia,GMB,1923,0.0,0.0
The Gambia,GMB,1924,0.0,0.0
The Gambia,GMB,1925,0.0,0.0
The Gambia,GMB,1926,0.0,0.0
The Gambia,GMB,1927,0.0,0.0
The Gambia,GMB,1928,0.0,0.0
The Gambia,GMB,1929,0.0,0.0
The Gambia,GMB,1930,0.0,0.0
The Gambia,GMB,1931,0.0,0.0
The Gambia,GMB,1932,0.0,0.0
The Gambia,GMB,1933,0.0,0.0
The Gambia,GMB,1934,0.0,0.0
The Gambia,GMB,1935,0.0,0.0
The Gambia,GMB,1936,0.0,0.0
The Gambia,GMB,1937,0.0,0.0
The Gambia,GMB,1938,0.0,0.0
The Gambia,GMB,1939,0.0,0.0
The Gambia,GMB,1940,0.0,0.0
The Gambia,GMB,1941,0.0,0.0
The Gambia,GMB,1942,0.0,0.0
The Gambia,GMB,1943,0.0,0.0
The Gambia,GMB,1944,0.0,0.0
The Gambia,GMB,1945,0.0,0.0
The Gambia,GMB,1946,0.0,0.0
The Gambia,GMB,1947,0.0,0.0
The Gambia,GMB,1948,0.0,0.0
The Gambia,GMB,1949,0.0,0.0
The Gambia,GMB,1950,0.0,0.0
The Gambia,GMB,1951,0.0,0.0
The Gambia,GMB,1952,0.0,0.0
The Gambia,GMB,1953,0.0,0.0
The Gambia,GMB,1954,0.0,0.0
The Gambia,GMB,1955,0.0,0.0
The Gambia,GMB,1956,0.0,0.0
The Gambia,GMB,1957,0.0,0.0
The Gambia,GMB,1958,0.0,0.0
The Gambia,GMB,1959,0.0,0.0
The Gambia,GMB,1960,0.0,0.0
The Gambia,GMB,1961,0.0,0.0
The Gambia,GMB,1962,1.0,3.0
The Gambia,GMB,1963,1.0,3.0
The Gambia,GMB,1964,1.0,3.0
The Gambia,GMB,1965,1.0,3.0
The Gambia,GMB,1966,1.0,3.0
The Gambia,GMB,1967,1.0,3.0
The Gambia,GMB,1968,1.0,3.0
The Gambia,GMB,1969,1.0,3.0
The Gambia,GMB,1970,1.0,4.0
The Gambia,GMB,1971,1.0,4.0
The Gambia,GMB,1972,1.0,4.0
The Gambia,GMB,1973,1.0,4.0
The Gambia,GMB,1974,1.0,4.0
The Gambia,GMB,1975,1.0,4.0
The Gambia,GMB,1976,1.0,4.0
The Gambia,GMB,1977,1.0,4.0
The Gambia,GMB,1978,1.0,4.0
The Gambia,GMB,1979,1.0,4.0
The Gambia,GMB,1980,1.0,4.0
The Gambia,GMB,1981,1.0,4.0
The Gambia,GMB,1982,1.0,4.0
The Gambia,GMB,1983,1.0,4.0
The Gambia,GMB,1984,1.0,4.0
The Gambia,GMB,1985,1.0,4.0
The Gambia,GMB,1986,1.0,4.0
The Gambia,GMB,1987,1.0,4.0
The Gambia,GMB,1988,1.0,4.0
The Gambia,GMB,1989,1.0,4.0
The Gambia,GMB,1990,1.0,4.0
The Gambia,GMB,1991,1.0,4.0
The Gambia,GMB,1992,1.0,4.0
The Gambia,GMB,1993,1.0,4.0
The Gambia,GMB,1994,1.0,3.0
The Gambia,GMB,1995,0.0,0.0
The Gambia,GMB,1996,1.0,3.0
The Gambia,GMB,1997,1.0,3.0
The Gambia,GMB,1998,1.0,3.0
The Gambia,GMB,1999,1.0,3.0
The Gambia,GMB,2000,1.0,3.0
The Gambia,GMB,2001,1.0,3.0
The Gambia,GMB,2002,1.0,3.0
The Gambia,GMB,2003,1.0,3.0
The Gambia,GMB,2004,1.0,3.0
The Gambia,GMB,2005,1.0,3.0
The Gambia,GMB,2006,1.0,3.0
The Gambia,GMB,2007,1.0,3.0
The Gambia,GMB,2008,1.0,3.0
The Gambia,GMB,2009,1.0,3.0
The Gambia,GMB,2010,1.0,3.0
The Gambia,GMB,2011,1.0,3.0
The Gambia,GMB,2012,1.0,3.0
The Gambia,GMB,2013,1.0,3.0
The Gambia,GMB,2014,1.0,3.0
The Gambia,GMB,2015,1.0,3.0
The Gambia,GMB,2016,1.0,3.0
The Gambia,GMB,2017,1.0,4.0
The Gambia,GMB,2018,2.0,5.0
The Gambia,GMB,2019,2.0,5.0
The Gambia,GMB,2020,1.0,4.0
The Gambia,GMB,2021,2.0,5.0
The Gambia,GMB,2022,2.0,7.0
The Gambia,GMB,2023,2.0,6.0
The Gambia,GMB,2024,2.0,7.0
The Gambia,GMB,2025,2.0,7.0
Georgia,GEO,1990,1.0,3.0
Georgia,GEO,1991,1.0,3.0
Georgia,GEO,1992,1.0,3.0
Georgia,GEO,1993,1.0,3.0
Georgia,GEO,1994,1.0,3.0
Georgia,GEO,1995,1.0,3.0
Georgia,GEO,1996,1.0,3.0
Georgia,GEO,1997,1.0,3.0
Georgia,GEO,1998,1.0,3.0
Georgia,GEO,1999,1.0,3.0
Georgia,GEO,2000,1.0,3.0
Georgia,GEO,2001,1.0,3.0
Georgia,GEO,2002,1.0,3.0
Georgia,GEO,2003,1.0,3.0
Georgia,GEO,2004,2.0,5.0
Georgia,GEO,2005,2.0,5.0
Georgia,GEO,2006,2.0,5.0
Georgia,GEO,2007,2.0,5.0
Georgia,GEO,2008,1.0,4.0
Georgia,GEO,2009,1.0,4.0
Georgia,GEO,2010,1.0,4.0
Georgia,GEO,2011,1.0,4.0
Georgia,GEO,2012,2.0,5.0
Georgia,GEO,2013,2.0,6.0
Georgia,GEO,2014,2.0,6.0
Georgia,GEO,2015,2.0,6.0
Georgia,GEO,2016,2.0,6.0
Georgia,GEO,2017,2.0,6.0
Georgia,GEO,2018,2.0,7.0
Georgia,GEO,2019,2.0,6.0
Georgia,GEO,2020,2.0,6.0
Georgia,GEO,2021,2.0,6.0
Georgia,GEO,2022,2.0,6.0
Georgia,GEO,2023,2.0,6.0
Georgia,GEO,2024,1.0,3.0
Georgia,GEO,2025,1.0,3.0
Guinea-Bissau,GNB,1900,0.0,0.0
Guinea-Bissau,GNB,1901,0.0,0.0
Guinea-Bissau,GNB,1902,0.0,0.0
Guinea-Bissau,GNB,1903,0.0,0.0
Guinea-Bissau,GNB,1904,0.0,0.0
Guinea-Bissau,GNB,1905,0.0,0.0
Guinea-Bissau,GNB,1906,0.0,0.0
Guinea-Bissau,GNB,1907,0.0,0.0
Guinea-Bissau,GNB,1908,0.0,0.0
Guinea-Bissau,GNB,1909,0.0,0.0
Guinea-Bissau,GNB,1910,0.0,0.0
Guinea-Bissau,GNB,1911,0.0,0.0
Guinea-Bissau,GNB,1912,0.0,0.0
Guinea-Bissau,GNB,1913,0.0,0.0
Guinea-Bissau,GNB,1914,0.0,0.0
Guinea-Bissau,GNB,1915,0.0,0.0
Guinea-Bissau,GNB,1916,0.0,0.0
Guinea-Bissau,GNB,1917,0.0,0.0
Guinea-Bissau,GNB,1918,0.0,0.0
Guinea-Bissau,GNB,1919,0.0,0.0
Guinea-Bissau,GNB,1920,0.0,0.0
Guinea-Bissau,GNB,1921,0.0,0.0
Guinea-Bissau,GNB,1922,0.0,0.0
Guinea-Bissau,GNB,1923,0.0,0.0
Guinea-Bissau,GNB,1924,0.0,0.0
Guinea-Bissau,GNB,1925,0.0,0.0
Guinea-Bissau,GNB,1926,0.0,0.0
Guinea-Bissau,GNB,1927,0.0,0.0
Guinea-Bissau,GNB,1928,0.0,0.0
Guinea-Bissau,GNB,1929,0.0,0.0
Guinea-Bissau,GNB,1930,0.0,0.0
Guinea-Bissau,GNB,1931,0.0,0.0
Guinea-Bissau,GNB,1932,0.0,0.0
Guinea-Bissau,GNB,1933,0.0,0.0
Guinea-Bissau,GNB,1934,0.0,0.0
Guinea-Bissau,GNB,1935,0.0,0.0
Guinea-Bissau,GNB,1936,0.0,0.0
Guinea-Bissau,GNB,1937,0.0,0.0
Guinea-Bissau,GNB,1938,0.0,0.0
Guinea-Bissau,GNB,1939,0.0,0.0
Guinea-Bissau,GNB,1940,0.0,0.0
Guinea-Bissau,GNB,1941,0.0,0.0
Guinea-Bissau,GNB,1942,0.0,0.0
Guinea-Bissau,GNB,1943,0.0,0.0
Guinea-Bissau,GNB,1944,0.0,0.0
Guinea-Bissau,GNB,1945,0.0,0.0
Guinea-Bissau,GNB,1946,0.0,0.0
Guinea-Bissau,GNB,1947,0.0,0.0
Guinea-Bissau,GNB,1948,0.0,0.0
Guinea-Bissau,GNB,1949,0.0,0.0
Guinea-Bissau,GNB,1950,0.0,0.0
Guinea-Bissau,GNB,1951,0.0,0.0
Guinea-Bissau,GNB,1952,0.0,0.0
Guinea-Bissau,GNB,1953,0.0,0.0
Guinea-Bissau,GNB,1954,0.0,0.0
Guinea-Bissau,GNB,1955,0.0,0.0
Guinea-Bissau,GNB,1956,0.0,0.0
Guinea-Bissau,GNB,1957,0.0,0.0
Guinea-Bissau,GNB,1958,0.0,0.0
Guinea-Bissau,GNB,1959,0.0,0.0
Guinea-Bissau,GNB,1960,0.0,0.0
Guinea-Bissau,GNB,1961,0.0,0.0
Guinea-Bissau,GNB,1962,0.0,0.0
Guinea-Bissau,GNB,1963,0.0,0.0
Guinea-Bissau,GNB,1964,0.0,0.0
Guinea-Bissau,GNB,1965,0.0,0.0
Guinea-Bissau,GNB,1966,0.0,0.0
Guinea-Bissau,GNB,1967,0.0,0.0
Guinea-Bissau,GNB,1968,0.0,0.0
Guinea-Bissau,GNB,1969,0.0,0.0
Guinea-Bissau,GNB,1970,0.0,0.0
Guinea-Bissau,GNB,1971,0.0,0.0
Guinea-Bissau,GNB,1972,0.0,0.0
Guinea-Bissau,GNB,1973,0.0,0.0
Guinea-Bissau,GNB,1974,0.0,0.0
Guinea-Bissau,GNB,1975,0.0,0.0
Guinea-Bissau,GNB,1976,0.0,0.0
Guinea-Bissau,GNB,1977,0.0,0.0
Guinea-Bissau,GNB,1978,0.0,0.0
Guinea-Bissau,GNB,1979,0.0,0.0
Guinea-Bissau,GNB,1980,0.0,0.0
Guinea-Bissau,GNB,1981,0.0,0.0
Guinea-Bissau,GNB,1982,0.0,0.0
Guinea-Bissau,GNB,1983,0.0,0.0
Guinea-Bissau,GNB,1984,0.0,0.0
Guinea-Bissau,GNB,1985,0.0,0.0
Guinea-Bissau,GNB,1986,0.0,0.0
Guinea-Bissau,GNB,1987,0.0,0.0
Guinea-Bissau,GNB,1988,0.0,0.0
Guinea-Bissau,GNB,1989,0.0,0.0
Guinea-Bissau,GNB,1990,0.0,0.0
Guinea-Bissau,GNB,1991,0.0,0.0
Guinea-Bissau,GNB,1992,0.0,0.0
Guinea-Bissau,GNB,1993,0.0,0.0
Guinea-Bissau,GNB,1994,1.0,3.0
Guinea-Bissau,GNB,1995,1.0,3.0
Guinea-Bissau,GNB,1996,1.0,3.0
Guinea-Bissau,GNB,1997,1.0,3.0
Guinea-Bissau,GNB,1998,1.0,3.0
Guinea-Bissau,GNB,1999,1.0,3.0
Guinea-Bissau,GNB,2000,1.0,3.0
Guinea-Bissau,GNB,2001,1.0,3.0
Guinea-Bissau,GNB,2002,1.0,3.0
Guinea-Bissau,GNB,2003,1.0,3.0
Guinea-Bissau,GNB,2004,1.0,3.0
Guinea-Bissau,GNB,2005,1.0,4.0
Guinea-Bissau,GNB,2006,1.0,3.0
Guinea-Bissau,GNB,2007,1.0,3.0
Guinea-Bissau,GNB,2008,1.0,3.0
Guinea-Bissau,GNB,2009,1.0,4.0
Guinea-Bissau,GNB,2010,1.0,3.0
Guinea-Bissau,GNB,2011,1.0,3.0
Guinea-Bissau,GNB,2012,1.0,3.0
Guinea-Bissau,GNB,2013,0.0,0.0
Guinea-Bissau,GNB,2014,1.0,3.0
Guinea-Bissau,GNB,2015,2.0,5.0
Guinea-Bissau,GNB,2016,2.0,5.0
Guinea-Bissau,GNB,2017,1.0,4.0
Guinea-Bissau,GNB,2018,2.0,5.0
Guinea-Bissau,GNB,2019,2.0,5.0
Guinea-Bissau,GNB,2020,2.0,5.0
Guinea-Bissau,GNB,2021,2.0,5.0
Guinea-Bissau,GNB,2022,1.0,3.0
Guinea-Bissau,GNB,2023,1.0,3.0
Guinea-Bissau,GNB,2024,1.0,3.0
Guinea-Bissau,GNB,2025,0.0,1.0
Jamaica,JAM,1900,0.0,0.0
Jamaica,JAM,1901,0.0,0.0
Jamaica,JAM,1902,0.0,0.0
Jamaica,JAM,1903,0.0,0.0
Jamaica,JAM,1904,0.0,0.0
Jamaica,JAM,1905,0.0,0.0
Jamaica,JAM,1906,0.0,0.0
Jamaica,JAM,1907,0.0,0.0
Jamaica,JAM,1908,0.0,0.0
Jamaica,JAM,1909,0.0,0.0
Jamaica,JAM,1910,0.0,0.0
Jamaica,JAM,1911,0.0,0.0
Jamaica,JAM,1912,0.0,0.0
Jamaica,JAM,1913,0.0,0.0
Jamaica,JAM,1914,0.0,0.0
Jamaica,JAM,1915,0.0,0.0
Jamaica,JAM,1916,0.0,0.0
Jamaica,JAM,1917,0.0,0.0
Jamaica,JAM,1918,0.0,0.0
Jamaica,JAM,1919,0.0,0.0
Jamaica,JAM,1920,0.0,0.0
Jamaica,JAM,1921,0.0,0.0
Jamaica,JAM,1922,0.0,0.0
Jamaica,JAM,1923,0.0,0.0
Jamaica,JAM,1924,0.0,0.0
Jamaica,JAM,1925,0.0,0.0
Jamaica,JAM,1926,0.0,0.0
Jamaica,JAM,1927,0.0,0.0
Jamaica,JAM,1928,0.0,0.0
Jamaica,JAM,1929,0.0,0.0
Jamaica,JAM,1930,0.0,0.0
Jamaica,JAM,1931,0.0,0.0
Jamaica,JAM,1932,0.0,0.0
Jamaica,JAM,1933,0.0,0.0
Jamaica,JAM,1934,0.0,0.0
Jamaica,JAM,1935,0.0,0.0
Jamaica,JAM,1936,0.0,0.0
Jamaica,JAM,1937,0.0,0.0
Jamaica,JAM,1938,0.0,0.0
Jamaica,JAM,1939,0.0,0.0
Jamaica,JAM,1940,0.0,0.0
Jamaica,JAM,1941,0.0,0.0
Jamaica,JAM,1942,0.0,0.0
Jamaica,JAM,1943,0.0,0.0
Jamaica,JAM,1944,0.0,0.0
Jamaica,JAM,1945,0.0,0.0
Jamaica,JAM,1946,0.0,0.0
Jamaica,JAM,1947,0.0,0.0
Jamaica,JAM,1948,0.0,0.0
Jamaica,JAM,1949,0.0,0.0
Jamaica,JAM,1950,0.0,0.0
Jamaica,JAM,1951,0.0,0.0
Jamaica,JAM,1952,0.0,0.0
Jamaica,JAM,1953,1.0,3.0
Jamaica,JAM,1954,1.0,3.0
Jamaica,JAM,1955,1.0,4.0
Jamaica,JAM,1956,2.0,5.0
Jamaica,JAM,1957,2.0,5.0
Jamaica,JAM,1958,2.0,5.0
Jamaica,JAM,1959,2.0,5.0
Jamaica,JAM,1960,2.0,5.0
Jamaica,JAM,1961,2.0,5.0
Jamaica,JAM,1962,2.0,5.0
Jamaica,JAM,1963,2.0,5.0
Jamaica,JAM,1964,2.0,5.0
Jamaica,JAM,1965,2.0,5.0
Jamaica,JAM,1966,2.0,5.0
Jamaica,JAM,1967,2.0,5.0
Jamaica,JAM,1968,2.0,5.0
Jamaica,JAM,1969,2.0,5.0
Jamaica,JAM,1970,2.0,5.0
Jamaica,JAM,1971,2.0,5.0
Jamaica,JAM,1972,2.0,5.0
Jamaica,JAM,1973,2.0,5.0
Jamaica,JAM,1974,2.0,5.0
Jamaica,JAM,1975,2.0,5.0
Jamaica,JAM,1976,2.0,5.0
Jamaica,JAM,1977,1.0,4.0
Jamaica,JAM,1978,1.0,4.0
Jamaica,JAM,1979,1.0,4.0
Jamaica,JAM,1980,1.0,4.0
Jamaica,JAM,1981,1.0,4.0
Jamaica,JAM,1982,1.0,4.0
Jamaica,JAM,1983,1.0,4.0
Jamaica,JAM,1984,2.0,5.0
Jamaica,JAM,1985,2.0,5.0
Jamaica,JAM,1986,2.0,5.0
Jamaica,JAM,1987,2.0,5.0
Jamaica,JAM,1988,2.0,5.0
Jamaica,JAM,1989,2.0,5.0
Jamaica,JAM,1990,2.0,6.0
Jamaica,JAM,1991,2.0,6.0
Jamaica,JAM,1992,2.0,6.0
Jamaica,JAM,1993,2.0,6.0
Jamaica,JAM,1994,2.0,6.0
Jamaica,JAM,1995,2.0,6.0
Jamaica,JAM,1996,2.0,6.0
Jamaica,JAM,1997,2.0,6.0
Jamaica,JAM,1998,2.0,6.0
Jamaica,JAM,1999,2.0,6.0
Jamaica,JAM,2000,2.0,6.0
Jamaica,JAM,2001,2.0,6.0
Jamaica,JAM,2002,2.0,6.0
Jamaica,JAM,2003,2.0,6.0
Jamaica,JAM,2004,2.0,6.0
Jamaica,JAM,2005,2.0,6.0
Jamaica,JAM,2006,2.0,6.0
Jamaica,JAM,2007,2.0,6.0
Jamaica,JAM,2008,2.0,6.0
Jamaica,JAM,2009,2.0,6.0
Jamaica,JAM,2010,2.0,6.0
Jamaica,JAM,2011,2.0,6.0
Jamaica,JAM,2012,2.0,6.0
Jamaica,JAM,2013,2.0,6.0
Jamaica,JAM,2014,2.0,6.0
Jamaica,JAM,2015,2.0,6.0
Jamaica,JAM,2016,2.0,6.0
Jamaica,JAM,2017,2.0,6.0
Jamaica,JAM,2018,2.0,6.0
Jamaica,JAM,2019,3.0,8.0
Jamaica,JAM,2020,2.0,7.0
Jamaica,JAM,2021,2.0,7.0
Jamaica,JAM,2022,2.0,7.0
Jamaica,JAM,2023,2.0,7.0
Jamaica,JAM,2024,2.0,7.0
Jamaica,JAM,2025,2.0,6.0
Kazakhstan,KAZ,1990,1.0,2.0
Kazakhstan,KAZ,1991,1.0,2.0
Kazakhstan,KAZ,1992,1.0,2.0
Kazakhstan,KAZ,1993,1.0,2.0
Kazakhstan,KAZ,1994,1.0,3.0
Kazakhstan,KAZ,1995,1.0,3.0
Kazakhstan,KAZ,1996,1.0,3.0
Kazakhstan,KAZ,1997,1.0,3.0
Kazakhstan,KAZ,1998,1.0,3.0
Kazakhstan,KAZ,1999,1.0,3.0
Kazakhstan,KAZ,2000,1.0,3.0
Kazakhstan,KAZ,2001,1.0,3.0
Kazakhstan,KAZ,2002,1.0,3.0
Kazakhstan,KAZ,2003,1.0,3.0
Kazakhstan,KAZ,2004,1.0,3.0
Kazakhstan,KAZ,2005,1.0,3.0
Kazakhstan,KAZ,2006,1.0,3.0
Kazakhstan,KAZ,2007,1.0,3.0
Kazakhstan,KAZ,2008,1.0,3.0
Kazakhstan,KAZ,2009,1.0,3.0
Kazakhstan,KAZ,2010,1.0,3.0
Kazakhstan,KAZ,2011,1.0,3.0
Kazakhstan,KAZ,2012,1.0,3.0
Kazakhstan,KAZ,2013,1.0,3.0
Kazakhstan,KAZ,2014,1.0,3.0
Kazakhstan,KAZ,2015,1.0,3.0
Kazakhstan,KAZ,2016,1.0,3.0
Kazakhstan,KAZ,2017,1.0,3.0
Kazakhstan,KAZ,2018,1.0,3.0
Kazakhstan,KAZ,2019,1.0,3.0
Kazakhstan,KAZ,2020,1.0,3.0
Kazakhstan,KAZ,2021,1.0,3.0
Kazakhstan,KAZ,2022,1.0,3.0
Kazakhstan,KAZ,2023,1.0,3.0
Kazakhstan,KAZ,2024,1.0,3.0
Kazakhstan,KAZ,2025,1.0,3.0
Kyrgyzstan,KGZ,1990,0.0,0.0
Kyrgyzstan,KGZ,1991,0.0,0.0
Kyrgyzstan,KGZ,1992,0.0,0.0
Kyrgyzstan,KGZ,1993,0.0,0.0
Kyrgyzstan,KGZ,1994,0.0,0.0
Kyrgyzstan,KGZ,1995,1.0,2.0
Kyrgyzstan,KGZ,1996,1.0,2.0
Kyrgyzstan,KGZ,1997,1.0,2.0
Kyrgyzstan,KGZ,1998,1.0,2.0
Kyrgyzstan,KGZ,1999,1.0,2.0
Kyrgyzstan,KGZ,2000,1.0,3.0
Kyrgyzstan,KGZ,2001,1.0,3.0
Kyrgyzstan,KGZ,2002,1.0,3.0
Kyrgyzstan,KGZ,2003,1.0,3.0
Kyrgyzstan,KGZ,2004,1.0,3.0
Kyrgyzstan,KGZ,2005,1.0,3.0
Kyrgyzstan,KGZ,2006,1.0,3.0
Kyrgyzstan,KGZ,2007,1.0,3.0
Kyrgyzstan,KGZ,2008,1.0,3.0
Kyrgyzstan,KGZ,2009,1.0,3.0
Kyrgyzstan,KGZ,2010,1.0,3.0
Kyrgyzstan,KGZ,2011,1.0,4.0
Kyrgyzstan,KGZ,2012,1.0,4.0
Kyrgyzstan,KGZ,2013,1.0,3.0
Kyrgyzstan,KGZ,2014,1.0,3.0
Kyrgyzstan,KGZ,2015,1.0,3.0
Kyrgyzstan,KGZ,2016,1.0,3.0
Kyrgyzstan,KGZ,2017,1.0,3.0
Kyrgyzstan,KGZ,2018,1.0,4.0
Kyrgyzstan,KGZ,2019,1.0,3.0
Kyrgyzstan,KGZ,2020,1.0,3.0
Kyrgyzstan,KGZ,2021,1.0,3.0
Kyrgyzstan,KGZ,2022,1.0,3.0
Kyrgyzstan,KGZ,2023,1.0,3.0
Kyrgyzstan,KGZ,2024,1.0,3.0
Kyrgyzstan,KGZ,2025,1.0,3.0
Laos,LAO,1900,0.0,0.0
Laos,LAO,1901,0.0,0.0
Laos,LAO,1902,0.0,0.0
Laos,LAO,1903,0.0,0.0
Laos,LAO,1904,0.0,0.0
Laos,LAO,1905,0.0,0.0
Laos,LAO,1906,0.0,0.0
Laos,LAO,1907,0.0,0.0
Laos,LAO,1908,0.0,0.0
Laos,LAO,1909,0.0,0.0
Laos,LAO,1910,0.0,0.0
Laos,LAO,1911,0.0,0.0
Laos,LAO,1912,0.0,0.0
Laos,LAO,1913,0.0,0.0
Laos,LAO,1914,0.0,0.0
Laos,LAO,1915,0.0,0.0
Laos,LAO,1916,0.0,0.0
Laos,LAO,1917,0.0,0.0
Laos,LAO,1918,0.0,0.0
Laos,LAO,1919,0.0,0.0
Laos,LAO,1920,0.0,0.0
Laos,LAO,1921,0.0,0.0
Laos,LAO,1922,0.0,0.0
Laos,LAO,1923,0.0,0.0
Laos,LAO,1924,0.0,0.0
Laos,LAO,1925,0.0,0.0
Laos,LAO,1926,0.0,0.0
Laos,LAO,1927,0.0,0.0
Laos,LAO,1928,0.0,0.0
Laos,LAO,1929,0.0,0.0
Laos,LAO,1930,0.0,0.0
Laos,LAO,1931,0.0,0.0
Laos,LAO,1932,0.0,0.0
Laos,LAO,1933,0.0,0.0
Laos,LAO,1934,0.0,0.0
Laos,LAO,1935,0.0,0.0
Laos,LAO,1936,0.0,0.0
Laos,LAO,1937,0.0,0.0
Laos,LAO,1938,0.0,0.0
Laos,LAO,1939,0.0,0.0
Laos,LAO,1940,0.0,0.0
Laos,LAO,1941,0.0,0.0
Laos,LAO,1942,0.0,0.0
Laos,LAO,1943,0.0,0.0
Laos,LAO,1944,0.0,0.0
Laos,LAO,1945,0.0,0.0
Laos,LAO,1946,1.0,3.0
Laos,LAO,1947,1.0,3.0
Laos,LAO,1948,1.0,3.0
Laos,LAO,1949,0.0,0.0
Laos,LAO,1950,1.0,3.0
Laos,LAO,1951,1.0,3.0
Laos,LAO,1952,1.0,3.0
Laos,LAO,1953,1.0,3.0
Laos,LAO,1954,1.0,3.0
Laos,LAO,1955,1.0,3.0
Laos,LAO,1956,1.0,3.0
Laos,LAO,1957,1.0,3.0
Laos,LAO,1958,1.0,3.0
Laos,LAO,1959,1.0,3.0
Laos,LAO,1960,1.0,3.0
Laos,LAO,1961,1.0,3.0
Laos,LAO,1962,1.0,3.0
Laos,LAO,1963,1.0,3.0
Laos,LAO,1964,1.0,3.0
Laos,LAO,1965,1.0,3.0
Laos,LAO,1966,1.0,3.0
Laos,LAO,1967,1.0,3.0
Laos,LAO,1968,1.0,3.0
Laos,LAO,1969,1.0,3.0
Laos,LAO,1970,1.0,3.0
Laos,LAO,1971,1.0,3.0
Laos,LAO,1972,1.0,3.0
Laos,LAO,1973,1.0,3.0
Laos,LAO,1974,1.0,3.0
Laos,LAO,1975,1.0,3.0
Laos,LAO,1976,0.0,0.0
Laos,LAO,1977,0.0,0.0
Laos,LAO,1978,0.0,0.0
Laos,LAO,1979,0.0,0.0
Laos,LAO,1980,0.0,0.0
Laos,LAO,1981,0.0,0.0
Laos,LAO,1982,0.0,0.0
Laos,LAO,1983,0.0,0.0
Laos,LAO,1984,0.0,0.0
Laos,LAO,1985,0.0,0.0
Laos,LAO,1986,0.0,0.0
Laos,LAO,1987,0.0,0.0
Laos,LAO,1988,0.0,0.0
Laos,LAO,1989,1.0,3.0
Laos,LAO,1990,1.0,3.0
Laos,LAO,1991,0.0,0.0
Laos,LAO,1992,0.0,0.0
Laos,LAO,1993,0.0,0.0
Laos,LAO,1994,0.0,0.0
Laos,LAO,1995,0.0,0.0
Laos,LAO,1996,0.0,0.0
Laos,LAO,1997,0.0,0.0
Laos,LAO,1998,0.0,0.0
Laos,LAO,1999,0.0,0.0
Laos,LAO,2000,0.0,0.0
Laos,LAO,2001,0.0,0.0
Laos,LAO,2002,0.0,0.0
Laos,LAO,2003,0.0,0.0
Laos,LAO,2004,0.0,0.0
Laos,LAO,2005,0.0,0.0
Laos,LAO,2006,0.0,0.0
Laos,LAO,2007,0.0,0.0
Laos,LAO,2008,0.0,0.0
Laos,LAO,2009,0.0,0.0
Laos,LAO,2010,0.0,0.0
Laos,LAO,2011,0.0,0.0
Laos,LAO,2012,0.0,0.0
Laos,LAO,2013,0.0,0.0
Laos,LAO,2014,0.0,0.0
Laos,LAO,2015,0.0,0.0
Laos,LAO,2016,0.0,0.0
Laos,LAO,2017,0.0,0.0
Laos,LAO,2018,0.0,0.0
Laos,LAO,2019,0.0,0.0
Laos,LAO,2020,0.0,0.0
Laos,LAO,2021,0.0,0.0
Laos,LAO,2022,0.0,0.0
Laos,LAO,2023,0.0,0.0
Laos,LAO,2024,0.0,0.0
Laos,LAO,2025,0.0,0.0
Libya,LBY,1789,,
Libya,LBY,1790,,
Libya,LBY,1791,,
Libya,LBY,1792,,
Libya,LBY,1793,,
Libya,LBY,1794,,
Libya,LBY,1795,,
Libya,LBY,1796,,
Libya,LBY,1797,,
Libya,LBY,1798,,
Libya,LBY,1799,,
Libya,LBY,1800,,
Libya,LBY,1801,,
Libya,LBY,1802,,
Libya,LBY,1803,,
Libya,LBY,1804,,
Libya,LBY,1805,,
Libya,LBY,1806,,
Libya,LBY,1807,,
Libya,LBY,1808,,
Libya,LBY,1809,,
Libya,LBY,1810,,
Libya,LBY,1811,,
Libya,LBY,1812,,
Libya,LBY,1813,,
Libya,LBY,1814,,
Libya,LBY,1815,,
Libya,LBY,1816,,
Libya,LBY,1817,,
Libya,LBY,1818,,
Libya,LBY,1819,,
Libya,LBY,1820,,
Libya,LBY,1821,,
Libya,LBY,1822,,
Libya,LBY,1823,,
Libya,LBY,1824,,
Libya,LBY,1825,,
Libya,LBY,1826,,
Libya,LBY,1827,,
Libya,LBY,1828,,
Libya,LBY,1829,,
Libya,LBY,1830,,
Libya,LBY,1831,,
Libya,LBY,1832,,
Libya,LBY,1833,,
Libya,LBY,1834,,
Libya,LBY,1911,,
Libya,LBY,1912,,
Libya,LBY,1913,,
Libya,LBY,1914,,
Libya,LBY,1915,,
Libya,LBY,1916,,
Libya,LBY,1917,,
Libya,LBY,1918,,
Libya,LBY,1919,,
Libya,LBY,1920,,
Libya,LBY,1921,,
Libya,LBY,1922,,
Libya,LBY,1923,,
Libya,LBY,1924,,
Libya,LBY,1925,,
Libya,LBY,1926,,
Libya,LBY,1927,,
Libya,LBY,1928,,
Libya,LBY,1929,,
Libya,LBY,1930,,
Libya,LBY,1931,,
Libya,LBY,1932,,
Libya,LBY,1933,,
Libya,LBY,1934,0.0,0.0
Libya,LBY,1935,0.0,0.0
Libya,LBY,1936,0.0,0.0
Libya,LBY,1937,0.0,0.0
Libya,LBY,1938,0.0,0.0
Libya,LBY,1939,0.0,0.0
Libya,LBY,1940,0.0,0.0
Libya,LBY,1941,0.0,0.0
Libya,LBY,1951,0.0,0.0
Libya,LBY,1952,0.0,0.0
Libya,LBY,1953,0.0,0.0
Libya,LBY,1954,0.0,0.0
Libya,LBY,1955,0.0,0.0
Libya,LBY,1956,0.0,0.0
Libya,LBY,1957,0.0,0.0
Libya,LBY,1958,0.0,0.0
Libya,LBY,1959,0.0,0.0
Libya,LBY,1960,0.0,0.0
Libya,LBY,1961,0.0,0.0
Libya,LBY,1962,0.0,0.0
Libya,LBY,1963,0.0,0.0
Libya,LBY,1964,0.0,0.0
Libya,LBY,1965,0.0,0.0
Libya,LBY,1966,0.0,0.0
Libya,LBY,1967,0.0,0.0
Libya,LBY,1968,0.0,0.0
Libya,LBY,1969,0.0,0.0
Libya,LBY,1970,0.0,0.0
Libya,LBY,1971,0.0,0.0
Libya,LBY,1972,0.0,0.0
Libya,LBY,1973,0.0,0.0
Libya,LBY,1974,0.0,0.0
Libya,LBY,1975,0.0,0.0
Libya,LBY,1976,0.0,0.0
Libya,LBY,1977,0.0,0.0
Libya,LBY,1978,0.0,0.0
Libya,LBY,1979,0.0,0.0
Libya,LBY,1980,0.0,0.0
Libya,LBY,1981,0.0,0.0
Libya,LBY,1982,0.0,0.0
Libya,LBY,1983,0.0,0.0
Libya,LBY,1984,0.0,0.0
Libya,LBY,1985,0.0,0.0
Libya,LBY,1986,0.0,0.0
Libya,LBY,1987,0.0,0.0
Libya,LBY,1988,0.0,0.0
Libya,LBY,1989,0.0,0.0
Libya,LBY,1990,0.0,0.0
Libya,LBY,1991,0.0,0.0
Libya,LBY,1992,0.0,0.0
Libya,LBY,1993,0.0,0.0
Libya,LBY,1994,0.0,0.0
Libya,LBY,1995,0.0,0.0
Libya,LBY,1996,0.0,0.0
Libya,LBY,1997,0.0,0.0
Libya,LBY,1998,0.0,0.0
Libya,LBY,1999,0.0,0.0
Libya,LBY,2000,0.0,0.0
Libya,LBY,2001,0.0,0.0
Libya,LBY,2002,0.0,0.0
Libya,LBY,2003,0.0,0.0
Libya,LBY,2004,0.0,0.0
Libya,LBY,2005,0.0,0.0
Libya,LBY,2006,0.0,0.0
Libya,LBY,2007,0.0,0.0
Libya,LBY,2008,0.0,0.0
Libya,LBY,2009,0.0,0.0
Libya,LBY,2010,0.0,0.0
Libya,LBY,2011,0.0,0.0
Libya,LBY,2012,1.0,3.0
Libya,LBY,2013,2.0,5.0
Libya,LBY,2014,0.0,0.0
Libya,LBY,2015,0.0,0.0
Libya,LBY,2016,0.0,0.0
Libya,LBY,2017,0.0,0.0
Libya,LBY,2018,0.0,0.0
Libya,LBY,2019,0.0,0.0
Libya,LBY,2020,0.0,0.0
Libya,LBY,2021,0.0,0.0
Libya,LBY,2022,0.0,0.0
Libya,LBY,2023,0.0,0.0
Libya,LBY,2024,0.0,0.0
Libya,LBY,2025,0.0,0.0
Madagascar,MDG,1817,,
Madagascar,MDG,1818,,
Madagascar,MDG,1819,,
Madagascar,MDG,1820,,
Madagascar,MDG,1821,,
Madagascar,MDG,1822,,
Madagascar,MDG,1823,,
Madagascar,MDG,1824,,
Madagascar,MDG,1825,,
Madagascar,MDG,1826,,
Madagascar,MDG,1827,,
Madagascar,MDG,1828,,
Madagascar,MDG,1829,,
Madagascar,MDG,1830,,
Madagascar,MDG,1831,,
Madagascar,MDG,1832,,
Madagascar,MDG,1833,,
Madagascar,MDG,1834,,
Madagascar,MDG,1835,,
Madagascar,MDG,1836,,
Madagascar,MDG,1837,,
Madagascar,MDG,1838,,
Madagascar,MDG,1839,,
Madagascar,MDG,1840,,
Madagascar,MDG,1841,,
Madagascar,MDG,1842,,
Madagascar,MDG,1843,,
Madagascar,MDG,1844,,
Madagascar,MDG,1845,,
Madagascar,MDG,1846,,
Madagascar,MDG,1847,,
Madagascar,MDG,1848,,
Madagascar,MDG,1849,,
Madagascar,MDG,1850,,
Madagascar,MDG,1851,,
Madagascar,MDG,1852,,
Madagascar,MDG,1853,,
Madagascar,MDG,1854,,
Madagascar,MDG,1855,,
Madagascar,MDG,1856,,
Madagascar,MDG,1857,,
Madagascar,MDG,1858,,
Madagascar,MDG,1859,,
Madagascar,MDG,1860,,
Madagascar,MDG,1861,,
Madagascar,MDG,1862,,
Madagascar,MDG,1863,,
Madagascar,MDG,1864,,
Madagascar,MDG,1865,,
Madagascar,MDG,1866,,
Madagascar,MDG,1867,,
Madagascar,MDG,1868,,
Madagascar,MDG,1869,,
Madagascar,MDG,1870,,
Madagascar,MDG,1871,,
Madagascar,MDG,1872,,
Madagascar,MDG,1873,,
Madagascar,MDG,1874,,
Madagascar,MDG,1875,,
Madagascar,MDG,1876,,
Madagascar,MDG,1877,,
Madagascar,MDG,1878,,
Madagascar,MDG,1879,,
Madagascar,MDG,1880,,
Madagascar,MDG,1881,,
Madagascar,MDG,1882,,
Madagascar,MDG,1883,,
Madagascar,MDG,1884,,
Madagascar,MDG,1885,,
Madagascar,MDG,1886,,
Madagascar,MDG,1887,,
Madagascar,MDG,1888,,
Madagascar,MDG,1889,,
Madagascar,MDG,1890,,
Madagascar,MDG,1891,,
Madagascar,MDG,1892,,
Madagascar,MDG,1893,,
Madagascar,MDG,1894,,
Madagascar,MDG,1895,,
Madagascar,MDG,1896,,
Madagascar,MDG,1897,,
Madagascar,MDG,1898,,
Madagascar,MDG,1899,,
Madagascar,MDG,1900,0.0,0.0
Madagascar,MDG,1901,0.0,0.0
Madagascar,MDG,1902,0.0,0.0
Madagascar,MDG,1903,0.0,0.0
Madagascar,MDG,1904,0.0,0.0
Madagascar,MDG,1905,0.0,0.0
Madagascar,MDG,1906,0.0,0.0
Madagascar,MDG,1907,0.0,0.0
Madagascar,MDG,1908,0.0,0.0
Madagascar,MDG,1909,0.0,0.0
Madagascar,MDG,1910,0.0,0.0
Madagascar,MDG,1911,0.0,0.0
Madagascar,MDG,1912,0.0,0.0
Madagascar,MDG,1913,0.0,0.0
Madagascar,MDG,1914,0.0,0.0
Madagascar,MDG,1915,0.0,0.0
Madagascar,MDG,1916,0.0,0.0
Madagascar,MDG,1917,0.0,0.0
Madagascar,MDG,1918,0.0,0.0
Madagascar,MDG,1919,0.0,0.0
Madagascar,MDG,1920,0.0,0.0
Madagascar,MDG,1921,0.0,0.0
Madagascar,MDG,1922,0.0,0.0
Madagascar,MDG,1923,0.0,0.0
Madagascar,MDG,1924,0.0,0.0
Madagascar,MDG,1925,0.0,0.0
Madagascar,MDG,1926,0.0,0.0
Madagascar,MDG,1927,0.0,0.0
Madagascar,MDG,1928,0.0,0.0
Madagascar,MDG,1929,0.0,0.0
Madagascar,MDG,1930,0.0,0.0
Madagascar,MDG,1931,0.0,0.0
Madagascar,MDG,1932,0.0,0.0
Madagascar,MDG,1933,0.0,0.0
Madagascar,MDG,1934,0.0,0.0
Madagascar,MDG,1935,0.0,0.0
Madagascar,MDG,1936,0.0,0.0
Madagascar,MDG,1937,0.0,0.0
Madagascar,MDG,1938,0.0,0.0
Madagascar,MDG,1939,0.0,0.0
Madagascar,MDG,1940,0.0,0.0
Madagascar,MDG,1941,0.0,0.0
Madagascar,MDG,1942,0.0,0.0
Madagascar,MDG,1943,0.0,0.0
Madagascar,MDG,1944,0.0,0.0
Madagascar,MDG,1945,0.0,0.0
Madagascar,MDG,1946,0.0,0.0
Madagascar,MDG,1947,0.0,0.0
Madagascar,MDG,1948,0.0,0.0
Madagascar,MDG,1949,0.0,0.0
Madagascar,MDG,1950,0.0,0.0
Madagascar,MDG,1951,0.0,0.0
Madagascar,MDG,1952,0.0,0.0
Madagascar,MDG,1953,0.0,0.0
Madagascar,MDG,1954,0.0,0.0
Madagascar,MDG,1955,0.0,0.0
Madagascar,MDG,1956,0.0,0.0
Madagascar,MDG,1957,0.0,0.0
Madagascar,MDG,1958,0.0,0.0
Madagascar,MDG,1959,0.0,0.0
Madagascar,MDG,1960,0.0,0.0
Madagascar,MDG,1961,1.0,3.0
Madagascar,MDG,1962,1.0,3.0
Madagascar,MDG,1963,1.0,3.0
Madagascar,MDG,1964,1.0,3.0
Madagascar,MDG,1965,1.0,3.0
Madagascar,MDG,1966,1.0,3.0
Madagascar,MDG,1967,1.0,3.0
Madagascar,MDG,1968,1.0,3.0
Madagascar,MDG,1969,1.0,3.0
Madagascar,MDG,1970,1.0,3.0
Madagascar,MDG,1971,1.0,3.0
Madagascar,MDG,1972,0.0,0.0
Madagascar,MDG,1973,0.0,0.0
Madagascar,MDG,1974,0.0,0.0
Madagascar,MDG,1975,1.0,3.0
Madagascar,MDG,1976,1.0,3.0
Madagascar,MDG,1977,1.0,3.0
Madagascar,MDG,1978,1.0,3.0
Madagascar,MDG,1979,1.0,3.0
Madagascar,MDG,1980,1.0,3.0
Madagascar,MDG,1981,1.0,3.0
Madagascar,MDG,1982,1.0,3.0
Madagascar,MDG,1983,1.0,3.0
Madagascar,MDG,1984,1.0,3.0
Madagascar,MDG,1985,1.0,3.0
Madagascar,MDG,1986,1.0,3.0
Madagascar,MDG,1987,1.0,3.0
Madagascar,MDG,1988,1.0,3.0
Madagascar,MDG,1989,1.0,3.0
Madagascar,MDG,1990,1.0,3.0
Madagascar,MDG,1991,1.0,3.0
Madagascar,MDG,1992,1.0,3.0
Madagascar,MDG,1993,1.0,3.0
Madagascar,MDG,1994,2.0,5.0
Madagascar,MDG,1995,2.0,5.0
Madagascar,MDG,1996,2.0,5.0
Madagascar,MDG,1997,2.0,5.0
Madagascar,MDG,1998,2.0,5.0
Madagascar,MDG,1999,2.0,5.0
Madagascar,MDG,2000,1.0,4.0
Madagascar,MDG,2001,1.0,4.0
Madagascar,MDG,2002,1.0,3.0
Madagascar,MDG,2003,1.0,4.0
Madagascar,MDG,2004,1.0,4.0
Madagascar,MDG,2005,1.0,4.0
Madagascar,MDG,2006,1.0,4.0
Madagascar,MDG,2007,1.0,4.0
Madagascar,MDG,2008,2.0,5.0
Madagascar,MDG,2009,1.0,3.0
Madagascar,MDG,2010,0.0,0.0
Madagascar,MDG,2011,0.0,0.0
Madagascar,MDG,2012,0.0,0.0
Madagascar,MDG,2013,1.0,3.0
Madagascar,MDG,2014,1.0,4.0
Madagascar,MDG,2015,1.0,4.0
Madagascar,MDG,2016,1.0,4.0
Madagascar,MDG,2017,1.0,4.0
Madagascar,MDG,2018,1.0,4.0
Madagascar,MDG,2019,1.0,4.0
Madagascar,MDG,2020,1.0,4.0
Madagascar,MDG,2021,1.0,4.0
Madagascar,MDG,2022,1.0,4.0
Madagascar,MDG,2023,1.0,3.0
Madagascar,MDG,2024,1.0,3.0
Madagascar,MDG,2025,1.0,3.0
Moldova,MDA,1990,1.0,3.0
Moldova,MDA,1991,1.0,4.0
Moldova,MDA,1992,2.0,5.0
Moldova,MDA,1993,1.0,4.0
Moldova,MDA,1994,2.0,6.0
Moldova,MDA,1995,2.0,6.0
Moldova,MDA,1996,2.0,6.0
Moldova,MDA,1997,2.0,6.0
Moldova,MDA,1998,2.0,6.0
Moldova,MDA,1999,2.0,6.0
Moldova,MDA,2000,2.0,6.0
Moldova,MDA,2001,2.0,5.0
Moldova,MDA,2002,2.0,5.0
Moldova,MDA,2003,2.0,5.0
Moldova,MDA,2004,2.0,5.0
Moldova,MDA,2005,1.0,3.0
Moldova,MDA,2006,1.0,3.0
Moldova,MDA,2007,1.0,3.0
Moldova,MDA,2008,1.0,3.0
Moldova,MDA,2009,1.0,4.0
Moldova,MDA,2010,2.0,7.0
Moldova,MDA,2011,2.0,7.0
Moldova,MDA,2012,2.0,7.0
Moldova,MDA,2013,2.0,6.0
Moldova,MDA,2014,2.0,6.0
Moldova,MDA,2015,2.0,6.0
Moldova,MDA,2016,2.0,5.0
Moldova,MDA,2017,2.0,5.0
Moldova,MDA,2018,2.0,5.0
Moldova,MDA,2019,2.0,6.0
Moldova,MDA,2020,2.0,6.0
Moldova,MDA,2021,2.0,7.0
Moldova,MDA,2022,2.0,7.0
Moldova,MDA,2023,2.0,7.0
Moldova,MDA,2024,2.0,6.0
Moldova,MDA,2025,2.0,5.0
Namibia,NAM,1900,0.0,0.0
Namibia,NAM,1901,0.0,0.0
Namibia,NAM,1902,0.0,0.0
Namibia,NAM,1903,0.0,0.0
Namibia,NAM,1904,0.0,0.0
Namibia,NAM,1905,0.0,0.0
Namibia,NAM,1906,0.0,0.0
Namibia,NAM,1907,0.0,0.0
Namibia,NAM,1908,0.0,0.0
Namibia,NAM,1909,0.0,0.0
Namibia,NAM,1910,0.0,0.0
Namibia,NAM,1911,0.0,0.0
Namibia,NAM,1912,0.0,0.0
Namibia,NAM,1913,0.0,0.0
Namibia,NAM,1914,0.0,0.0
Namibia,NAM,1915,0.0,0.0
Namibia,NAM,1916,0.0,0.0
Namibia,NAM,1917,0.0,0.0
Namibia,NAM,1918,0.0,0.0
Namibia,NAM,1919,0.0,0.0
Namibia,NAM,1920,0.0,0.0
Namibia,NAM,1921,0.0,0.0
Namibia,NAM,1922,0.0,0.0
Namibia,NAM,1923,0.0,0.0
Namibia,NAM,1924,0.0,0.0
Namibia,NAM,1925,0.0,0.0
Namibia,NAM,1926,0.0,0.0
Namibia,NAM,1927,0.0,0.0
Namibia,NAM,1928,0.0,0.0
Namibia,NAM,1929,0.0,0.0
Namibia,NAM,1930,0.0,0.0
Namibia,NAM,1931,0.0,0.0
Namibia,NAM,1932,0.0,0.0
Namibia,NAM,1933,0.0,0.0
Namibia,NAM,1934,0.0,0.0
Namibia,NAM,1935,0.0,0.0
Namibia,NAM,1936,0.0,0.0
Namibia,NAM,1937,0.0,0.0
Namibia,NAM,1938,0.0,0.0
Namibia,NAM,1939,0.0,0.0
Namibia,NAM,1940,0.0,0.0
Namibia,NAM,1941,0.0,0.0
Namibia,NAM,1942,0.0,0.0
Namibia,NAM,1943,0.0,0.0
Namibia,NAM,1944,0.0,0.0
Namibia,NAM,1945,0.0,0.0
Namibia,NAM,1946,0.0,0.0
Namibia,NAM,1947,0.0,0.0
Namibia,NAM,1948,0.0,0.0
Namibia,NAM,1949,0.0,0.0
Namibia,NAM,1950,0.0,0.0
Namibia,NAM,1951,0.0,0.0
Namibia,NAM,1952,0.0,0.0
Namibia,NAM,1953,0.0,0.0
Namibia,NAM,1954,0.0,0.0
Namibia,NAM,1955,0.0,0.0
Namibia,NAM,1956,0.0,0.0
Namibia,NAM,1957,0.0,0.0
Namibia,NAM,1958,0.0,0.0
Namibia,NAM,1959,0.0,0.0
Namibia,NAM,1960,0.0,0.0
Namibia,NAM,1961,0.0,0.0
Namibia,NAM,1962,0.0,0.0
Namibia,NAM,1963,0.0,0.0
Namibia,NAM,1964,0.0,0.0
Namibia,NAM,1965,0.0,0.0
Namibia,NAM,1966,0.0,0.0
Namibia,NAM,1967,0.0,0.0
Namibia,NAM,1968,0.0,0.0
Namibia,NAM,1969,0.0,0.0
Namibia,NAM,1970,0.0,0.0
Namibia,NAM,1971,0.0,0.0
Namibia,NAM,1972,0.0,0.0
Namibia,NAM,1973,0.0,0.0
Namibia,NAM,1974,0.0,0.0
Namibia,NAM,1975,0.0,0.0
Namibia,NAM,1976,0.0,0.0
Namibia,NAM,1977,0.0,0.0
Namibia,NAM,1978,0.0,0.0
Namibia,NAM,1979,0.0,0.0
Namibia,NAM,1980,0.0,0.0
Namibia,NAM,1981,0.0,0.0
Namibia,NAM,1982,0.0,0.0
Namibia,NAM,1983,0.0,0.0
Namibia,NAM,1984,0.0,0.0
Namibia,NAM,1985,0.0,0.0
Namibia,NAM,1986,0.0,0.0
Namibia,NAM,1987,0.0,0.0
Namibia,NAM,1988,0.0,0.0
Namibia,NAM,1989,0.0,0.0
Namibia,NAM,1990,2.0,5.0
Namibia,NAM,1991,2.0,5.0
Namibia,NAM,1992,2.0,5.0
Namibia,NAM,1993,2.0,5.0
Namibia,NAM,1994,2.0,6.0
Namibia,NAM,1995,2.0,6.0
Namibia,NAM,1996,2.0,6.0
Namibia,NAM,1997,2.0,6.0
Namibia,NAM,1998,2.0,6.0
Namibia,NAM,1999,2.0,6.0
Namibia,NAM,2000,2.0,7.0
Namibia,NAM,2001,2.0,7.0
Namibia,NAM,2002,2.0,7.0
Namibia,NAM,2003,2.0,7.0
Namibia,NAM,2004,2.0,7.0
Namibia,NAM,2005,2.0,7.0
Namibia,NAM,2006,2.0,7.0
Namibia,NAM,2007,2.0,7.0
Namibia,NAM,2008,2.0,7.0
Namibia,NAM,2009,2.0,7.0
Namibia,NAM,2010,2.0,7.0
Namibia,NAM,2011,2.0,7.0
Namibia,NAM,2012,2.0,7.0
Namibia,NAM,2013,2.0,7.0
Namibia,NAM,2014,2.0,7.0
Namibia,NAM,2015,2.0,7.0
Namibia,NAM,2016,2.0,7.0
Namibia,NAM,2017,2.0,6.0
Namibia,NAM,2018,2.0,6.0
Namibia,NAM,2019,2.0,7.0
Namibia,NAM,2020,2.0,7.0
Namibia,NAM,2021,2.0,7.0
Namibia,NAM,2022,2.0,7.0
Namibia,NAM,2023,2.0,7.0
Namibia,NAM,2024,2.0,5.0
Namibia,NAM,2025,2.0,5.0
Palestine/West Bank,PSE,1948,0.0,0.0
Palestine/West Bank,PSE,1949,0.0,0.0
Palestine/West Bank,PSE,1967,0.0,0.0
Palestine/West Bank,PSE,1968,0.0,0.0
Palestine/West Bank,PSE,1969,0.0,0.0
Palestine/West Bank,PSE,1970,0.0,0.0
Palestine/West Bank,PSE,1971,0.0,0.0
Palestine/West Bank,PSE,1972,0.0,0.0
Palestine/West Bank,PSE,1973,0.0,0.0
Palestine/West Bank,PSE,1974,0.0,0.0
Palestine/West Bank,PSE,1975,0.0,0.0
Palestine/West Bank,PSE,1976,0.0,0.0
Palestine/West Bank,PSE,1977,0.0,0.0
Palestine/West Bank,PSE,1978,0.0,0.0
Palestine/West Bank,PSE,1979,0.0,0.0
Palestine/West Bank,PSE,1980,0.0,0.0
Palestine/West Bank,PSE,1981,0.0,0.0
Palestine/West Bank,PSE,1982,0.0,0.0
Palestine/West Bank,PSE,1983,0.0,0.0
Palestine/West Bank,PSE,1984,0.0,0.0
Palestine/West Bank,PSE,1985,0.0,0.0
Palestine/West Bank,PSE,1986,0.0,0.0
Palestine/West Bank,PSE,1987,0.0,0.0
Palestine/West Bank,PSE,1988,0.0,0.0
Palestine/West Bank,PSE,1989,0.0,0.0
Palestine/West Bank,PSE,1990,0.0,0.0
Palestine/West Bank,PSE,1991,0.0,0.0
Palestine/West Bank,PSE,1992,0.0,0.0
Palestine/West Bank,PSE,1993,0.0,0.0
Palestine/West Bank,PSE,1994,0.0,0.0
Palestine/West Bank,PSE,1995,0.0,0.0
Palestine/West Bank,PSE,1996,1.0,3.0
Palestine/West Bank,PSE,1997,1.0,4.0
Palestine/West Bank,PSE,1998,1.0,4.0
Palestine/West Bank,PSE,1999,1.0,4.0
Palestine/West Bank,PSE,2000,1.0,4.0
Palestine/West Bank,PSE,2001,1.0,4.0
Palestine/West Bank,PSE,2002,1.0,4.0
Palestine/West Bank,PSE,2003,2.0,5.0
Palestine/West Bank,PSE,2004,2.0,5.0
Palestine/West Bank,PSE,2005,2.0,5.0
Palestine/West Bank,PSE,2006,2.0,5.0
Palestine/West Bank,PSE,2007,1.0,3.0
Palestine/West Bank,PSE,2008,1.0,3.0
Palestine/West Bank,PSE,2009,1.0,3.0
Palestine/West Bank,PSE,2010,1.0,3.0
Palestine/West Bank,PSE,2011,1.0,3.0
Palestine/West Bank,PSE,2012,1.0,3.0
Palestine/West Bank,PSE,2013,1.0,3.0
Palestine/West Bank,PSE,2014,1.0,3.0
Palestine/West Bank,PSE,2015,1.0,3.0
Palestine/West Bank,PSE,2016,1.0,3.0
Palestine/West Bank,PSE,2017,1.0,3.0
Palestine/West Bank,PSE,2018,1.0,3.0
Palestine/West Bank,PSE,2019,1.0,3.0
Palestine/West Bank,PSE,2020,1.0,3.0
Palestine/West Bank,PSE,2021,1.0,3.0
Palestine/West Bank,PSE,2022,1.0,3.0
Palestine/West Bank,PSE,2023,1.0,3.0
Palestine/West Bank,PSE,2024,1.0,3.0
Palestine/West Bank,PSE,2025,1.0,3.0
Rwanda,RWA,1916,0.0,0.0
Rwanda,RWA,1917,0.0,0.0
Rwanda,RWA,1918,0.0,0.0
Rwanda,RWA,1919,0.0,0.0
Rwanda,RWA,1920,0.0,0.0
Rwanda,RWA,1921,0.0,0.0
Rwanda,RWA,1922,0.0,0.0
Rwanda,RWA,1923,0.0,0.0
Rwanda,RWA,1924,0.0,0.0
Rwanda,RWA,1925,0.0,0.0
Rwanda,RWA,1926,0.0,0.0
Rwanda,RWA,1927,0.0,0.0
Rwanda,RWA,1928,0.0,0.0
Rwanda,RWA,1929,0.0,0.0
Rwanda,RWA,1930,0.0,0.0
Rwanda,RWA,1931,0.0,0.0
Rwanda,RWA,1932,0.0,0.0
Rwanda,RWA,1933,0.0,0.0
Rwanda,RWA,1934,0.0,0.0
Rwanda,RWA,1935,0.0,0.0
Rwanda,RWA,1936,0.0,0.0
Rwanda,RWA,1937,0.0,0.0
Rwanda,RWA,1938,0.0,0.0
Rwanda,RWA,1939,0.0,0.0
Rwanda,RWA,1940,0.0,0.0
Rwanda,RWA,1941,0.0,0.0
Rwanda,RWA,1942,0.0,0.0
Rwanda,RWA,1943,0.0,0.0
Rwanda,RWA,1944,0.0,0.0
Rwanda,RWA,1945,0.0,0.0
Rwanda,RWA,1946,0.0,0.0
Rwanda,RWA,1947,0.0,0.0
Rwanda,RWA,1948,0.0,0.0
Rwanda,RWA,1949,0.0,0.0
Rwanda,RWA,1950,0.0,0.0
Rwanda,RWA,1951,0.0,0.0
Rwanda,RWA,1952,0.0,0.0
Rwanda,RWA,1953,0.0,0.0
Rwanda,RWA,1954,0.0,0.0
Rwanda,RWA,1955,0.0,0.0
Rwanda,RWA,1956,0.0,0.0
Rwanda,RWA,1957,0.0,0.0
Rwanda,RWA,1958,0.0,0.0
Rwanda,RWA,1959,0.0,0.0
Rwanda,RWA,1960,0.0,0.0
Rwanda,RWA,1961,1.0,3.0
Rwanda,RWA,1962,1.0,3.0
Rwanda,RWA,1963,1.0,3.0
Rwanda,RWA,1964,1.0,3.0
Rwanda,RWA,1965,1.0,3.0
Rwanda,RWA,1966,1.0,3.0
Rwanda,RWA,1967,1.0,3.0
Rwanda,RWA,1968,1.0,3.0
Rwanda,RWA,1969,1.0,3.0
Rwanda,RWA,1970,1.0,3.0
Rwanda,RWA,1971,1.0,3.0
Rwanda,RWA,1972,1.0,3.0
Rwanda,RWA,1973,1.0,3.0
Rwanda,RWA,1974,0.0,0.0
Rwanda,RWA,1975,0.0,0.0
Rwanda,RWA,1976,0.0,0.0
Rwanda,RWA,1977,0.0,0.0
Rwanda,RWA,1978,0.0,0.0
Rwanda,RWA,1979,0.0,0.0
Rwanda,RWA,1980,0.0,0.0
Rwanda,RWA,1981,0.0,0.0
Rwanda,RWA,1982,0.0,0.0
Rwanda,RWA,1983,0.0,0.0
Rwanda,RWA,1984,0.0,0.0
Rwanda,RWA,1985,0.0,0.0
Rwanda,RWA,1986,0.0,0.0
Rwanda,RWA,1987,0.0,0.0
Rwanda,RWA,1988,0.0,0.0
Rwanda,RWA,1989,0.0,0.0
Rwanda,RWA,1990,0.0,0.0
Rwanda,RWA,1991,0.0,0.0
Rwanda,RWA,1992,0.0,0.0
Rwanda,RWA,1993,0.0,0.0
Rwanda,RWA,1994,0.0,0.0
Rwanda,RWA,1995,0.0,0.0
Rwanda,RWA,1996,0.0,0.0
Rwanda,RWA,1997,0.0,0.0
Rwanda,RWA,1998,0.0,0.0
Rwanda,RWA,1999,0.0,0.0
Rwanda,RWA,2000,0.0,0.0
Rwanda,RWA,2001,0.0,0.0
Rwanda,RWA,2002,0.0,0.0
Rwanda,RWA,2003,1.0,3.0
Rwanda,RWA,2004,1.0,3.0
Rwanda,RWA,2005,1.0,3.0
Rwanda,RWA,2006,1.0,3.0
Rwanda,RWA,2007,1.0,3.0
Rwanda,RWA,2008,1.0,3.0
Rwanda,RWA,2009,1.0,3.0
Rwanda,RWA,2010,1.0,3.0
Rwanda,RWA,2011,1.0,3.0
Rwanda,RWA,2012,1.0,3.0
Rwanda,RWA,2013,1.0,3.0
Rwanda,RWA,2014,1.0,3.0
Rwanda,RWA,2015,1.0,3.0
Rwanda,RWA,2016,1.0,3.0
Rwanda,RWA,2017,1.0,3.0
Rwanda,RWA,2018,1.0,3.0
Rwanda,RWA,2019,1.0,3.0
Rwanda,RWA,2020,1.0,3.0
Rwanda,RWA,2021,1.0,3.0
Rwanda,RWA,2022,1.0,3.0
Rwanda,RWA,2023,1.0,3.0
Rwanda,RWA,2024,1.0,3.0
Rwanda,RWA,2025,1.0,3.0
Somalia,SOM,1900,0.0,0.0
Somalia,SOM,1901,0.0,0.0
Somalia,SOM,1902,0.0,0.0
Somalia,SOM,1903,0.0,0.0
Somalia,SOM,1904,0.0,0.0
Somalia,SOM,1905,0.0,0.0
Somalia,SOM,1906,0.0,0.0
Somalia,SOM,1907,0.0,0.0
Somalia,SOM,1908,0.0,0.0
Somalia,SOM,1909,0.0,0.0
Somalia,SOM,1910,0.0,0.0
Somalia,SOM,1911,0.0,0.0
Somalia,SOM,1912,0.0,0.0
Somalia,SOM,1913,0.0,0.0
Somalia,SOM,1914,0.0,0.0
Somalia,SOM,1915,0.0,0.0
Somalia,SOM,1916,0.0,0.0
Somalia,SOM,1917,0.0,0.0
Somalia,SOM,1918,0.0,0.0
Somalia,SOM,1919,0.0,0.0
Somalia,SOM,1920,0.0,0.0
Somalia,SOM,1921,0.0,0.0
Somalia,SOM,1922,0.0,0.0
Somalia,SOM,1923,0.0,0.0
Somalia,SOM,1924,0.0,0.0
Somalia,SOM,1925,0.0,0.0
Somalia,SOM,1926,0.0,0.0
Somalia,SOM,1927,0.0,0.0
Somalia,SOM,1928,0.0,0.0
Somalia,SOM,1929,0.0,0.0
Somalia,SOM,1930,0.0,0.0
Somalia,SOM,1931,0.0,0.0
Somalia,SOM,1932,0.0,0.0
Somalia,SOM,1933,0.0,0.0
Somalia,SOM,1934,0.0,0.0
Somalia,SOM,1935,0.0,0.0
Somalia,SOM,1936,0.0,0.0
Somalia,SOM,1937,0.0,0.0
Somalia,SOM,1938,0.0,0.0
Somalia,SOM,1939,0.0,0.0
Somalia,SOM,1940,0.0,0.0
Somalia,SOM,1941,0.0,0.0
Somalia,SOM,1942,0.0,0.0
Somalia,SOM,1943,0.0,0.0
Somalia,SOM,1944,0.0,0.0
Somalia,SOM,1945,0.0,0.0
Somalia,SOM,1946,0.0,0.0
Somalia,SOM,1947,0.0,0.0
Somalia,SOM,1948,0.0,0.0
Somalia,SOM,1949,0.0,0.0
Somalia,SOM,1950,0.0,0.0
Somalia,SOM,1951,0.0,0.0
Somalia,SOM,1952,0.0,0.0
Somalia,SOM,1953,0.0,0.0
Somalia,SOM,1954,0.0,0.0
Somalia,SOM,1955,0.0,0.0
Somalia,SOM,1956,1.0,3.0
Somalia,SOM,1957,1.0,3.0
Somalia,SOM,1958,1.0,3.0
Somalia,SOM,1959,1.0,3.0
Somalia,SOM,1960,1.0,3.0
Somalia,SOM,1961,1.0,3.0
Somalia,SOM,1962,1.0,3.0
Somalia,SOM,1963,1.0,3.0
Somalia,SOM,1964,1.0,3.0
Somalia,SOM,1965,1.0,3.0
Somalia,SOM,1966,1.0,3.0
Somalia,SOM,1967,1.0,3.0
Somalia,SOM,1968,1.0,3.0
Somalia,SOM,1969,0.0,0.0
Somalia,SOM,1970,0.0,0.0
Somalia,SOM,1971,0.0,0.0
Somalia,SOM,1972,0.0,0.0
Somalia,SOM,1973,0.0,0.0
Somalia,SOM,1974,0.0,0.0
Somalia,SOM,1975,0.0,0.0
Somalia,SOM,1976,0.0,0.0
Somalia,SOM,1977,0.0,0.0
Somalia,SOM,1978,0.0,0.0
Somalia,SOM,1979,0.0,0.0
Somalia,SOM,1980,1.0,2.0
Somalia,SOM,1981,1.0,2.0
Somalia,SOM,1982,1.0,2.0
Somalia,SOM,1983,1.0,2.0
Somalia,SOM,1984,0.0,0.0
Somalia,SOM,1985,0.0,0.0
Somalia,SOM,1986,0.0,0.0
Somalia,SOM,1987,0.0,0.0
Somalia,SOM,1988,0.0,0.0
Somalia,SOM,1989,0.0,0.0
Somalia,SOM,1990,0.0,0.0
Somalia,SOM,1991,0.0,0.0
Somalia,SOM,1992,0.0,0.0
Somalia,SOM,1993,0.0,0.0
Somalia,SOM,1994,0.0,0.0
Somalia,SOM,1995,0.0,0.0
Somalia,SOM,1996,0.0,0.0
Somalia,SOM,1997,0.0,0.0
Somalia,SOM,1998,0.0,0.0
Somalia,SOM,1999,0.0,0.0
Somalia,SOM,2000,0.0,0.0
Somalia,SOM,2001,0.0,0.0
Somalia,SOM,2002,0.0,0.0
Somalia,SOM,2003,0.0,0.0
Somalia,SOM,2004,0.0,0.0
Somalia,SOM,2005,0.0,0.0
Somalia,SOM,2006,0.0,0.0
Somalia,SOM,2007,0.0,0.0
Somalia,SOM,2008,0.0,0.0
Somalia,SOM,2009,0.0,0.0
Somalia,SOM,2010,0.0,0.0
Somalia,SOM,2011,0.0,0.0
Somalia,SOM,2012,0.0,0.0
Somalia,SOM,2013,0.0,0.0
Somalia,SOM,2014,0.0,0.0
Somalia,SOM,2015,0.0,0.0
Somalia,SOM,2016,0.0,0.0
Somalia,SOM,2017,0.0,0.0
Somalia,SOM,2018,0.0,0.0
Somalia,SOM,2019,0.0,0.0
Somalia,SOM,2020,0.0,0.0
Somalia,SOM,2021,0.0,0.0
Somalia,SOM,2022,0.0,0.0
Somalia,SOM,2023,0.0,0.0
Somalia,SOM,2024,0.0,0.0
Somalia,SOM,2025,0.0,0.0
Sri Lanka,LKA,1900,0.0,0.0
Sri Lanka,LKA,1901,0.0,0.0
Sri Lanka,LKA,1902,0.0,0.0
Sri Lanka,LKA,1903,0.0,0.0
Sri Lanka,LKA,1904,0.0,0.0
Sri Lanka,LKA,1905,0.0,0.0
Sri Lanka,LKA,1906,0.0,0.0
Sri Lanka,LKA,1907,0.0,0.0
Sri Lanka,LKA,1908,0.0,0.0
Sri Lanka,LKA,1909,0.0,0.0
Sri Lanka,LKA,1910,0.0,0.0
Sri Lanka,LKA,1911,0.0,0.0
Sri Lanka,LKA,1912,0.0,0.0
Sri Lanka,LKA,1913,0.0,0.0
Sri Lanka,LKA,1914,0.0,0.0
Sri Lanka,LKA,1915,0.0,0.0
Sri Lanka,LKA,1916,0.0,0.0
Sri Lanka,LKA,1917,0.0,0.0
Sri Lanka,LKA,1918,0.0,0.0
Sri Lanka,LKA,1919,0.0,0.0
Sri Lanka,LKA,1920,0.0,0.0
Sri Lanka,LKA,1921,0.0,0.0
Sri Lanka,LKA,1922,0.0,0.0
Sri Lanka,LKA,1923,0.0,0.0
Sri Lanka,LKA,1924,0.0,0.0
Sri Lanka,LKA,1925,0.0,0.0
Sri Lanka,LKA,1926,0.0,0.0
Sri Lanka,LKA,1927,0.0,0.0
Sri Lanka,LKA,1928,0.0,0.0
Sri Lanka,LKA,1929,0.0,0.0
Sri Lanka,LKA,1930,0.0,0.0
Sri Lanka,LKA,1931,0.0,0.0
Sri Lanka,LKA,1932,0.0,0.0
Sri Lanka,LKA,1933,0.0,0.0
Sri Lanka,LKA,1934,0.0,0.0
Sri Lanka,LKA,1935,0.0,0.0
Sri Lanka,LKA,1936,0.0,0.0
Sri Lanka,LKA,1937,0.0,0.0
Sri Lanka,LKA,1938,0.0,0.0
Sri Lanka,LKA,1939,0.0,0.0
Sri Lanka,LKA,1940,0.0,0.0
Sri Lanka,LKA,1941,0.0,0.0
Sri Lanka,LKA,1942,0.0,0.0
Sri Lanka,LKA,1943,0.0,0.0
Sri Lanka,LKA,1944,0.0,0.0
Sri Lanka,LKA,1945,0.0,0.0
Sri Lanka,LKA,1946,0.0,0.0
Sri Lanka,LKA,1947,1.0,3.0
Sri Lanka,LKA,1948,2.0,6.0
Sri Lanka,LKA,1949,2.0,6.0
Sri Lanka,LKA,1950,2.0,6.0
Sri Lanka,LKA,1951,2.0,6.0
Sri Lanka,LKA,1952,2.0,6.0
Sri Lanka,LKA,1953,2.0,6.0
Sri Lanka,LKA,1954,2.0,6.0
Sri Lanka,LKA,1955,2.0,6.0
Sri Lanka,LKA,1956,2.0,6.0
Sri Lanka,LKA,1957,2.0,6.0
Sri Lanka,LKA,1958,2.0,6.0
Sri Lanka,LKA,1959,2.0,6.0
Sri Lanka,LKA,1960,2.0,6.0
Sri Lanka,LKA,1961,2.0,6.0
Sri Lanka,LKA,1962,2.0,6.0
Sri Lanka,LKA,1963,2.0,6.0
Sri Lanka,LKA,1964,2.0,6.0
Sri Lanka,LKA,1965,2.0,6.0
Sri Lanka,LKA,1966,2.0,6.0
Sri Lanka,LKA,1967,2.0,6.0
Sri Lanka,LKA,1968,2.0,6.0
Sri Lanka,LKA,1969,2.0,6.0
Sri Lanka,LKA,1970,2.0,6.0
Sri Lanka,LKA,1971,2.0,6.0
Sri Lanka,LKA,1972,2.0,6.0
Sri Lanka,LKA,1973,2.0,6.0
Sri Lanka,LKA,1974,2.0,6.0
Sri Lanka,LKA,1975,2.0,6.0
Sri Lanka,LKA,1976,2.0,6.0
Sri Lanka,LKA,1977,2.0,5.0
Sri Lanka,LKA,1978,2.0,5.0
Sri Lanka,LKA,1979,2.0,5.0
Sri Lanka,LKA,1980,2.0,5.0
Sri Lanka,LKA,1981,2.0,5.0
Sri Lanka,LKA,1982,2.0,5.0
Sri Lanka,LKA,1983,1.0,4.0
Sri Lanka,LKA,1984,1.0,4.0
Sri Lanka,LKA,1985,1.0,4.0
Sri Lanka,LKA,1986,1.0,4.0
Sri Lanka,LKA,1987,1.0,4.0
Sri Lanka,LKA,1988,1.0,4.0
Sri Lanka,LKA,1989,1.0,3.0
Sri Lanka,LKA,1990,1.0,4.0
Sri Lanka,LKA,1991,1.0,4.0
Sri Lanka,LKA,1992,1.0,4.0
Sri Lanka,LKA,1993,1.0,4.0
Sri Lanka,LKA,1994,1.0,4.0
Sri Lanka,LKA,1995,2.0,5.0
Sri Lanka,LKA,1996,2.0,5.0
Sri Lanka,LKA,1997,2.0,5.0
Sri Lanka,LKA,1998,2.0,5.0
Sri Lanka,LKA,1999,2.0,5.0
Sri Lanka,LKA,2000,1.0,4.0
Sri Lanka,LKA,2001,1.0,4.0
Sri Lanka,LKA,2002,2.0,5.0
Sri Lanka,LKA,2003,2.0,5.0
Sri Lanka,LKA,2004,2.0,5.0
Sri Lanka,LKA,2005,1.0,3.0
Sri Lanka,LKA,2006,1.0,3.0
Sri Lanka,LKA,2007,1.0,3.0
Sri Lanka,LKA,2008,1.0,3.0
Sri Lanka,LKA,2009,1.0,3.0
Sri Lanka,LKA,2010,1.0,3.0
Sri Lanka,LKA,2011,1.0,3.0
Sri Lanka,LKA,2012,1.0,3.0
Sri Lanka,LKA,2013,1.0,3.0
Sri Lanka,LKA,2014,1.0,3.0
Sri Lanka,LKA,2015,2.0,5.0
Sri Lanka,LKA,2016,2.0,6.0
Sri Lanka,LKA,2017,2.0,6.0
Sri Lanka,LKA,2018,2.0,6.0
Sri Lanka,LKA,2019,2.0,6.0
Sri Lanka,LKA,2020,2.0,6.0
Sri Lanka,LKA,2021,2.0,6.0
Sri Lanka,LKA,2022,2.0,6.0
Sri Lanka,LKA,2023,2.0,6.0
Sri Lanka,LKA,2024,2.0,6.0
Sri Lanka,LKA,2025,2.0,6.0
Eswatini,SWZ,1900,0.0,0.0
Eswatini,SWZ,1901,0.0,0.0
Eswatini,SWZ,1902,0.0,0.0
Eswatini,SWZ,1903,0.0,0.0
Eswatini,SWZ,1904,0.0,0.0
Eswatini,SWZ,1905,0.0,0.0
Eswatini,SWZ,1906,0.0,0.0
Eswatini,SWZ,1907,0.0,0.0
Eswatini,SWZ,1908,0.0,0.0
Eswatini,SWZ,1909,0.0,0.0
Eswatini,SWZ,1910,0.0,0.0
Eswatini,SWZ,1911,0.0,0.0
Eswatini,SWZ,1912,0.0,0.0
Eswatini,SWZ,1913,0.0,0.0
Eswatini,SWZ,1914,0.0,0.0
Eswatini,SWZ,1915,0.0,0.0
Eswatini,SWZ,1916,0.0,0.0
Eswatini,SWZ,1917,0.0,0.0
Eswatini,SWZ,1918,0.0,0.0
Eswatini,SWZ,1919,0.0,0.0
Eswatini,SWZ,1920,0.0,0.0
Eswatini,SWZ,1921,0.0,0.0
Eswatini,SWZ,1922,0.0,0.0
Eswatini,SWZ,1923,0.0,0.0
Eswatini,SWZ,1924,0.0,0.0
Eswatini,SWZ,1925,0.0,0.0
Eswatini,SWZ,1926,0.0,0.0
Eswatini,SWZ,1927,0.0,0.0
Eswatini,SWZ,1928,0.0,0.0
Eswatini,SWZ,1929,0.0,0.0
Eswatini,SWZ,1930,0.0,0.0
Eswatini,SWZ,1931,0.0,0.0
Eswatini,SWZ,1932,0.0,0.0
Eswatini,SWZ,1933,0.0,0.0
Eswatini,SWZ,1934,0.0,0.0
Eswatini,SWZ,1935,0.0,0.0
Eswatini,SWZ,1936,0.0,0.0
Eswatini,SWZ,1937,0.0,0.0
Eswatini,SWZ,1938,0.0,0.0
Eswatini,SWZ,1939,0.0,0.0
Eswatini,SWZ,1940,0.0,0.0
Eswatini,SWZ,1941,0.0,0.0
Eswatini,SWZ,1942,0.0,0.0
Eswatini,SWZ,1943,0.0,0.0
Eswatini,SWZ,1944,0.0,0.0
Eswatini,SWZ,1945,0.0,0.0
Eswatini,SWZ,1946,0.0,0.0
Eswatini,SWZ,1947,0.0,0.0
Eswatini,SWZ,1948,0.0,0.0
Eswatini,SWZ,1949,0.0,0.0
Eswatini,SWZ,1950,0.0,0.0
Eswatini,SWZ,1951,0.0,0.0
Eswatini,SWZ,1952,0.0,0.0
Eswatini,SWZ,1953,0.0,0.0
Eswatini,SWZ,1954,0.0,0.0
Eswatini,SWZ,1955,0.0,0.0
Eswatini,SWZ,1956,0.0,0.0
Eswatini,SWZ,1957,0.0,0.0
Eswatini,SWZ,1958,0.0,0.0
Eswatini,SWZ,1959,0.0,0.0
Eswatini,SWZ,1960,0.0,0.0
Eswatini,SWZ,1961,0.0,0.0
Eswatini,SWZ,1962,0.0,0.0
Eswatini,SWZ,1963,0.0,0.0
Eswatini,SWZ,1964,0.0,0.0
Eswatini,SWZ,1965,0.0,0.0
Eswatini,SWZ,1966,0.0,0.0
Eswatini,SWZ,1967,0.0,0.0
Eswatini,SWZ,1968,0.0,0.0
Eswatini,SWZ,1969,0.0,0.0
Eswatini,SWZ,1970,0.0,0.0
Eswatini,SWZ,1971,0.0,0.0
Eswatini,SWZ,1972,0.0,0.0
Eswatini,SWZ,1973,0.0,0.0
Eswatini,SWZ,1974,0.0,0.0
Eswatini,SWZ,1975,0.0,0.0
Eswatini,SWZ,1976,0.0,0.0
Eswatini,SWZ,1977,0.0,0.0
Eswatini,SWZ,1978,0.0,0.0
Eswatini,SWZ,1979,0.0,0.0
Eswatini,SWZ,1980,0.0,0.0
Eswatini,SWZ,1981,0.0,0.0
Eswatini,SWZ,1982,0.0,0.0
Eswatini,SWZ,1983,0.0,0.0
Eswatini,SWZ,1984,0.0,0.0
Eswatini,SWZ,1985,0.0,0.0
Eswatini,SWZ,1986,0.0,0.0
Eswatini,SWZ,1987,0.0,0.0
Eswatini,SWZ,1988,0.0,0.0
Eswatini,SWZ,1989,0.0,0.0
Eswatini,SWZ,1990,0.0,0.0
Eswatini,SWZ,1991,0.0,0.0
Eswatini,SWZ,1992,0.0,0.0
Eswatini,SWZ,1993,0.0,0.0
Eswatini,SWZ,1994,0.0,0.0
Eswatini,SWZ,1995,0.0,0.0
Eswatini,SWZ,1996,0.0,0.0
Eswatini,SWZ,1997,0.0,0.0
Eswatini,SWZ,1998,0.0,0.0
Eswatini,SWZ,1999,0.0,0.0
Eswatini,SWZ,2000,0.0,0.0
Eswatini,SWZ,2001,0.0,0.0
Eswatini,SWZ,2002,0.0,0.0
Eswatini,SWZ,2003,0.0,0.0
Eswatini,SWZ,2004,0.0,0.0
Eswatini,SWZ,2005,0.0,0.0
Eswatini,SWZ,2006,0.0,0.0
Eswatini,SWZ,2007,0.0,0.0
Eswatini,SWZ,2008,0.0,0.0
Eswatini,SWZ,2009,0.0,0.0
Eswatini,SWZ,2010,0.0,0.0
Eswatini,SWZ,2011,0.0,0.0
Eswatini,SWZ,2012,0.0,0.0
Eswatini,SWZ,2013,0.0,0.0
Eswatini,SWZ,2014,0.0,0.0
Eswatini,SWZ,2015,0.0,0.0
Eswatini,SWZ,2016,0.0,0.0
Eswatini,SWZ,2017,0.0,0.0
Eswatini,SWZ,2018,0.0,0.0
Eswatini,SWZ,2019,0.0,0.0
Eswatini,SWZ,2020,0.0,0.0
Eswatini,SWZ,2021,0.0,0.0
Eswatini,SWZ,2022,0.0,0.0
Eswatini,SWZ,2023,0.0,0.0
Eswatini,SWZ,2024,0.0,0.0
Eswatini,SWZ,2025,0.0,0.0
Tajikistan,TJK,1990,1.0,3.0
Tajikistan,TJK,1991,1.0,3.0
Tajikistan,TJK,1992,1.0,3.0
Tajikistan,TJK,1993,1.0,3.0
Tajikistan,TJK,1994,1.0,3.0
Tajikistan,TJK,1995,1.0,3.0
Tajikistan,TJK,1996,1.0,3.0
Tajikistan,TJK,1997,1.0,3.0
Tajikistan,TJK,1998,1.0,3.0
Tajikistan,TJK,1999,1.0,3.0
Tajikistan,TJK,2000,1.0,3.0
Tajikistan,TJK,2001,1.0,3.0
Tajikistan,TJK,2002,1.0,3.0
Tajikistan,TJK,2003,1.0,3.0
Tajikistan,TJK,2004,1.0,3.0
Tajikistan,TJK,2005,1.0,3.0
Tajikistan,TJK,2006,1.0,3.0
Tajikistan,TJK,2007,1.0,3.0
Tajikistan,TJK,2008,1.0,3.0
Tajikistan,TJK,2009,1.0,3.0
Tajikistan,TJK,2010,1.0,3.0
Tajikistan,TJK,2011,1.0,3.0
Tajikistan,TJK,2012,1.0,3.0
Tajikistan,TJK,2013,1.0,3.0
Tajikistan,TJK,2014,1.0,3.0
Tajikistan,TJK,2015,1.0,3.0
Tajikistan,TJK,2016,1.0,3.0
Tajikistan,TJK,2017,1.0,3.0
Tajikistan,TJK,2018,1.0,3.0
Tajikistan,TJK,2019,1.0,3.0
Tajikistan,TJK,2020,1.0,3.0
Tajikistan,TJK,2021,1.0,3.0
Tajikistan,TJK,2022,1.0,3.0
Tajikistan,TJK,2023,1.0,3.0
Tajikistan,TJK,2024,1.0,3.0
Tajikistan,TJK,2025,1.0,3.0
Togo,TGO,1916,0.0,0.0
Togo,TGO,1917,0.0,0.0
Togo,TGO,1918,0.0,0.0
Togo,TGO,1919,0.0,0.0
Togo,TGO,1920,0.0,0.0
Togo,TGO,1921,0.0,0.0
Togo,TGO,1922,0.0,0.0
Togo,TGO,1923,0.0,0.0
Togo,TGO,1924,0.0,0.0
Togo,TGO,1925,0.0,0.0
Togo,TGO,1926,0.0,0.0
Togo,TGO,1927,0.0,0.0
Togo,TGO,1928,0.0,0.0
Togo,TGO,1929,0.0,0.0
Togo,TGO,1930,0.0,0.0
Togo,TGO,1931,0.0,0.0
Togo,TGO,1932,0.0,0.0
Togo,TGO,1933,0.0,0.0
Togo,TGO,1934,0.0,0.0
Togo,TGO,1935,0.0,0.0
Togo,TGO,1936,0.0,0.0
Togo,TGO,1937,0.0,0.0
Togo,TGO,1938,0.0,0.0
Togo,TGO,1939,0.0,0.0
Togo,TGO,1940,0.0,0.0
Togo,TGO,1941,0.0,0.0
Togo,TGO,1942,0.0,0.0
Togo,TGO,1943,0.0,0.0
Togo,TGO,1944,0.0,0.0
Togo,TGO,1945,0.0,0.0
Togo,TGO,1946,0.0,0.0
Togo,TGO,1947,0.0,0.0
Togo,TGO,1948,0.0,0.0
Togo,TGO,1949,0.0,0.0
Togo,TGO,1950,0.0,0.0
Togo,TGO,1951,0.0,0.0
Togo,TGO,1952,0.0,0.0
Togo,TGO,1953,0.0,0.0
Togo,TGO,1954,0.0,0.0
Togo,TGO,1955,0.0,0.0
Togo,TGO,1956,0.0,0.0
Togo,TGO,1957,0.0,0.0
Togo,TGO,1958,1.0,3.0
Togo,TGO,1959,1.0,3.0
Togo,TGO,1960,1.0,3.0
Togo,TGO,1961,1.0,3.0
Togo,TGO,1962,1.0,3.0
Togo,TGO,1963,1.0,3.0
Togo,TGO,1964,1.0,3.0
Togo,TGO,1965,1.0,3.0
Togo,TGO,1966,1.0,3.0
Togo,TGO,1967,1.0,3.0
Togo,TGO,1968,0.0,0.0
Togo,TGO,1969,0.0,0.0
Togo,TGO,1970,0.0,0.0
Togo,TGO,1971,0.0,0.0
Togo,TGO,1972,0.0,0.0
Togo,TGO,1973,0.0,0.0
Togo,TGO,1974,0.0,0.0
Togo,TGO,1975,0.0,0.0
Togo,TGO,1976,0.0,0.0
Togo,TGO,1977,0.0,0.0
Togo,TGO,1978,0.0,0.0
Togo,TGO,1979,1.0,2.0
Togo,TGO,1980,1.0,2.0
Togo,TGO,1981,1.0,2.0
Togo,TGO,1982,1.0,2.0
Togo,TGO,1983,1.0,2.0
Togo,TGO,1984,1.0,2.0
Togo,TGO,1985,1.0,2.0
Togo,TGO,1986,1.0,2.0
Togo,TGO,1987,1.0,2.0
Togo,TGO,1988,1.0,2.0
Togo,TGO,1989,1.0,2.0
Togo,TGO,1990,1.0,2.0
Togo,TGO,1991,1.0,2.0
Togo,TGO,1992,1.0,2.0
Togo,TGO,1993,1.0,2.0
Togo,TGO,1994,1.0,3.0
Togo,TGO,1995,1.0,3.0
Togo,TGO,1996,1.0,3.0
Togo,TGO,1997,1.0,3.0
Togo,TGO,1998,1.0,3.0
Togo,TGO,1999,1.0,3.0
Togo,TGO,2000,1.0,3.0
Togo,TGO,2001,1.0,3.0
Togo,TGO,2002,1.0,3.0
Togo,TGO,2003,1.0,3.0
Togo,TGO,2004,1.0,3.0
Togo,TGO,2005,1.0,3.0
Togo,TGO,2006,1.0,3.0
Togo,TGO,2007,1.0,3.0
Togo,TGO,2008,1.0,3.0
Togo,TGO,2009,1.0,3.0
Togo,TGO,2010,1.0,3.0
Togo,TGO,2011,1.0,3.0
Togo,TGO,2012,1.0,3.0
Togo,TGO,2013,1.0,3.0
Togo,TGO,2014,1.0,4.0
Togo,TGO,2015,1.0,4.0
Togo,TGO,2016,1.0,4.0
Togo,TGO,2017,1.0,3.0
Togo,TGO,2018,1.0,3.0
Togo,TGO,2019,1.0,3.0
Togo,TGO,2020,1.0,3.0
Togo,TGO,2021,1.0,3.0
Togo,TGO,2022,1.0,3.0
Togo,TGO,2023,1.0,3.0
Togo,TGO,2024,1.0,3.0
Togo,TGO,2025,1.0,3.0
Trinidad and Tobago,TTO,1900,0.0,0.0
Trinidad and Tobago,TTO,1901,0.0,0.0
Trinidad and Tobago,TTO,1902,0.0,0.0
Trinidad and Tobago,TTO,1903,0.0,0.0
Trinidad and Tobago,TTO,1904,0.0,0.0
Trinidad and Tobago,TTO,1905,0.0,0.0
Trinidad and Tobago,TTO,1906,0.0,0.0
Trinidad and Tobago,TTO,1907,0.0,0.0
Trinidad and Tobago,TTO,1908,0.0,0.0
Trinidad and Tobago,TTO,1909,0.0,0.0
Trinidad and Tobago,TTO,1910,0.0,0.0
Trinidad and Tobago,TTO,1911,0.0,0.0
Trinidad and Tobago,TTO,1912,0.0,0.0
Trinidad and Tobago,TTO,1913,0.0,0.0
Trinidad and Tobago,TTO,1914,0.0,0.0
Trinidad and Tobago,TTO,1915,0.0,0.0
Trinidad and Tobago,TTO,1916,0.0,0.0
Trinidad and Tobago,TTO,1917,0.0,0.0
Trinidad and Tobago,TTO,1918,0.0,0.0
Trinidad and Tobago,TTO,1919,0.0,0.0
Trinidad and Tobago,TTO,1920,0.0,0.0
Trinidad and Tobago,TTO,1921,0.0,0.0
Trinidad and Tobago,TTO,1922,0.0,0.0
Trinidad and Tobago,TTO,1923,0.0,0.0
Trinidad and Tobago,TTO,1924,0.0,0.0
Trinidad and Tobago,TTO,1925,0.0,0.0
Trinidad and Tobago,TTO,1926,0.0,0.0
Trinidad and Tobago,TTO,1927,0.0,0.0
Trinidad and Tobago,TTO,1928,0.0,0.0
Trinidad and Tobago,TTO,1929,0.0,0.0
Trinidad and Tobago,TTO,1930,0.0,0.0
Trinidad and Tobago,TTO,1931,0.0,0.0
Trinidad and Tobago,TTO,1932,0.0,0.0
Trinidad and Tobago,TTO,1933,0.0,0.0
Trinidad and Tobago,TTO,1934,0.0,0.0
Trinidad and Tobago,TTO,1935,0.0,0.0
Trinidad and Tobago,TTO,1936,0.0,0.0
Trinidad and Tobago,TTO,1937,0.0,0.0
Trinidad and Tobago,TTO,1938,0.0,0.0
Trinidad and Tobago,TTO,1939,0.0,0.0
Trinidad and Tobago,TTO,1940,0.0,0.0
Trinidad and Tobago,TTO,1941,0.0,0.0
Trinidad and Tobago,TTO,1942,0.0,0.0
Trinidad and Tobago,TTO,1943,0.0,0.0
Trinidad and Tobago,TTO,1944,0.0,0.0
Trinidad and Tobago,TTO,1945,0.0,0.0
Trinidad and Tobago,TTO,1946,0.0,0.0
Trinidad and Tobago,TTO,1947,0.0,0.0
Trinidad and Tobago,TTO,1948,0.0,0.0
Trinidad and Tobago,TTO,1949,0.0,0.0
Trinidad and Tobago,TTO,1950,0.0,0.0
Trinidad and Tobago,TTO,1951,0.0,0.0
Trinidad and Tobago,TTO,1952,0.0,0.0
Trinidad and Tobago,TTO,1953,0.0,0.0
Trinidad and Tobago,TTO,1954,0.0,0.0
Trinidad and Tobago,TTO,1955,0.0,0.0
Trinidad and Tobago,TTO,1956,1.0,3.0
Trinidad and Tobago,TTO,1957,1.0,4.0
Trinidad and Tobago,TTO,1958,1.0,4.0
Trinidad and Tobago,TTO,1959,1.0,4.0
Trinidad and Tobago,TTO,1960,1.0,4.0
Trinidad and Tobago,TTO,1961,1.0,4.0
Trinidad and Tobago,TTO,1962,2.0,5.0
Trinidad and Tobago,TTO,1963,2.0,5.0
Trinidad and Tobago,TTO,1964,2.0,5.0
Trinidad and Tobago,TTO,1965,2.0,5.0
Trinidad and Tobago,TTO,1966,2.0,5.0
Trinidad and Tobago,TTO,1967,2.0,7.0
Trinidad and Tobago,TTO,1968,2.0,7.0
Trinidad and Tobago,TTO,1969,2.0,7.0
Trinidad and Tobago,TTO,1970,2.0,7.0
Trinidad and Tobago,TTO,1971,2.0,7.0
Trinidad and Tobago,TTO,1972,2.0,7.0
Trinidad and Tobago,TTO,1973,2.0,7.0
Trinidad and Tobago,TTO,1974,2.0,7.0
Trinidad and Tobago,TTO,1975,2.0,7.0
Trinidad and Tobago,TTO,1976,2.0,7.0
Trinidad and Tobago,TTO,1977,2.0,7.0
Trinidad and Tobago,TTO,1978,2.0,7.0
Trinidad and Tobago,TTO,1979,2.0,7.0
Trinidad and Tobago,TTO,1980,2.0,7.0
Trinidad and Tobago,TTO,1981,2.0,7.0
Trinidad and Tobago,TTO,1982,2.0,7.0
Trinidad and Tobago,TTO,1983,2.0,7.0
Trinidad and Tobago,TTO,1984,2.0,7.0
Trinidad and Tobago,TTO,1985,2.0,7.0
Trinidad and Tobago,TTO,1986,2.0,7.0
Trinidad and Tobago,TTO,1987,2.0,7.0
Trinidad and Tobago,TTO,1988,2.0,7.0
Trinidad and Tobago,TTO,1989,2.0,7.0
Trinidad and Tobago,TTO,1990,2.0,7.0
Trinidad and Tobago,TTO,1991,2.0,7.0
Trinidad and Tobago,TTO,1992,2.0,7.0
Trinidad and Tobago,TTO,1993,2.0,7.0
Trinidad and Tobago,TTO,1994,2.0,7.0
Trinidad and Tobago,TTO,1995,2.0,7.0
Trinidad and Tobago,TTO,1996,2.0,7.0
Trinidad and Tobago,TTO,1997,2.0,7.0
Trinidad and Tobago,TTO,1998,2.0,7.0
Trinidad and Tobago,TTO,1999,2.0,7.0
Trinidad and Tobago,TTO,2000,2.0,7.0
Trinidad and Tobago,TTO,2001,2.0,7.0
Trinidad and Tobago,TTO,2002,2.0,7.0
Trinidad and Tobago,TTO,2003,2.0,7.0
Trinidad and Tobago,TTO,2004,2.0,7.0
Trinidad and Tobago,TTO,2005,3.0,8.0
Trinidad and Tobago,TTO,2006,3.0,8.0
Trinidad and Tobago,TTO,2007,3.0,8.0
Trinidad and Tobago,TTO,2008,3.0,8.0
Trinidad and Tobago,TTO,2009,3.0,8.0
Trinidad and Tobago,TTO,2010,3.0,8.0
Trinidad and Tobago,TTO,2011,3.0,8.0
Trinidad and Tobago,TTO,2012,3.0,8.0
Trinidad and Tobago,TTO,2013,3.0,8.0
Trinidad and Tobago,TTO,2014,3.0,8.0
Trinidad and Tobago,TTO,2015,3.0,8.0
Trinidad and Tobago,TTO,2016,3.0,8.0
Trinidad and Tobago,TTO,2017,3.0,8.0
Trinidad and Tobago,TTO,2018,3.0,8.0
Trinidad and Tobago,TTO,2019,3.0,8.0
Trinidad and Tobago,TTO,2020,3.0,8.0
Trinidad and Tobago,TTO,2021,2.0,7.0
Trinidad and Tobago,TTO,2022,3.0,8.0
Trinidad and Tobago,TTO,2023,3.0,8.0
Trinidad and Tobago,TTO,2024,3.0,8.0
Trinidad and Tobago,TTO,2025,3.0,8.0
Turkmenistan,TKM,1990,,
Turkmenistan,TKM,1991,0.0,1.0
Turkmenistan,TKM,1992,0.0,0.0
Turkmenistan,TKM,1993,0.0,0.0
Turkmenistan,TKM,1994,0.0,0.0
Turkmenistan,TKM,1995,0.0,0.0
Turkmenistan,TKM,1996,0.0,0.0
Turkmenistan,TKM,1997,0.0,0.0
Turkmenistan,TKM,1998,0.0,0.0
Turkmenistan,TKM,1999,0.0,0.0
Turkmenistan,TKM,2000,0.0,0.0
Turkmenistan,TKM,2001,0.0,0.0
Turkmenistan,TKM,2002,0.0,0.0
Turkmenistan,TKM,2003,0.0,0.0
Turkmenistan,TKM,2004,0.0,0.0
Turkmenistan,TKM,2005,0.0,0.0
Turkmenistan,TKM,2006,0.0,0.0
Turkmenistan,TKM,2007,0.0,0.0
Turkmenistan,TKM,2008,0.0,1.0
Turkmenistan,TKM,2009,0.0,1.0
Turkmenistan,TKM,2010,0.0,1.0
Turkmenistan,TKM,2011,0.0,1.0
Turkmenistan,TKM,2012,0.0,1.0
Turkmenistan,TKM,2013,0.0,0.0
Turkmenistan,TKM,2014,0.0,0.0
Turkmenistan,TKM,2015,0.0,0.0
Turkmenistan,TKM,2016,0.0,0.0
Turkmenistan,TKM,2017,0.0,0.0
Turkmenistan,TKM,2018,1.0,2.0
Turkmenistan,TKM,2019,1.0,2.0
Turkmenistan,TKM,2020,1.0,2.0
Turkmenistan,TKM,2021,1.0,2.0
Turkmenistan,TKM,2022,0.0,1.0
Turkmenistan,TKM,2023,0.0,1.0
Turkmenistan,TKM,2024,0.0,1.0
Turkmenistan,TKM,2025,0.0,1.0
German Democratic Republic,DDR,1949,0.0,1.0
German Democratic Republic,DDR,1950,0.0,0.0
German Democratic Republic,DDR,1951,0.0,0.0
German Democratic Republic,DDR,1952,0.0,0.0
German Democratic Republic,DDR,1953,0.0,0.0
German Democratic Republic,DDR,1954,0.0,0.0
German Democratic Republic,DDR,1955,0.0,0.0
German Democratic Republic,DDR,1956,0.0,0.0
German Democratic Republic,DDR,1957,0.0,0.0
German Democratic Republic,DDR,1958,0.0,0.0
German Democratic Republic,DDR,1959,0.0,0.0
German Democratic Republic,DDR,1960,0.0,0.0
German Democratic Republic,DDR,1961,0.0,0.0
German Democratic Republic,DDR,1962,0.0,0.0
German Democratic Republic,DDR,1963,0.0,1.0
German Democratic Republic,DDR,1964,0.0,1.0
German Democratic Republic,DDR,1965,0.0,1.0
German Democratic Republic,DDR,1966,0.0,1.0
German Democratic Republic,DDR,1967,0.0,0.0
German Democratic Republic,DDR,1968,0.0,0.0
German Democratic Republic,DDR,1969,0.0,0.0
German Democratic Republic,DDR,1970,0.0,0.0
German Democratic Republic,DDR,1971,0.0,0.0
German Democratic Republic,DDR,1972,0.0,0.0
German Democratic Republic,DDR,1973,0.0,0.0
German Democratic Republic,DDR,1974,0.0,0.0
German Democratic Republic,DDR,1975,0.0,0.0
German Democratic Republic,DDR,1976,0.0,0.0
German Democratic Republic,DDR,1977,0.0,0.0
German Democratic Republic,DDR,1978,0.0,0.0
German Democratic Republic,DDR,1979,0.0,0.0
German Democratic Republic,DDR,1980,0.0,0.0
German Democratic Republic,DDR,1981,0.0,0.0
German Democratic Republic,DDR,1982,0.0,0.0
German Democratic Republic,DDR,1983,0.0,0.0
German Democratic Republic,DDR,1984,0.0,0.0
German Democratic Republic,DDR,1985,0.0,0.0
German Democratic Republic,DDR,1986,0.0,1.0
German Democratic Republic,DDR,1987,0.0,1.0
German Democratic Republic,DDR,1988,0.0,1.0
German Democratic Republic,DDR,1989,0.0,1.0
German Democratic Republic,DDR,1990,2.0,6.0
Palestine/Gaza,PSG,1948,0.0,0.0
Palestine/Gaza,PSG,1949,0.0,0.0
Palestine/Gaza,PSG,1950,0.0,0.0
Palestine/Gaza,PSG,1951,0.0,0.0
Palestine/Gaza,PSG,1952,0.0,0.0
Palestine/Gaza,PSG,1953,0.0,0.0
Palestine/Gaza,PSG,1954,0.0,0.0
Palestine/Gaza,PSG,1955,0.0,0.0
Palestine/Gaza,PSG,1956,0.0,0.0
Palestine/Gaza,PSG,1957,0.0,0.0
Palestine/Gaza,PSG,1958,0.0,0.0
Palestine/Gaza,PSG,1959,0.0,0.0
Palestine/Gaza,PSG,1960,0.0,0.0
Palestine/Gaza,PSG,1961,0.0,0.0
Palestine/Gaza,PSG,1962,0.0,0.0
Palestine/Gaza,PSG,1963,0.0,0.0
Palestine/Gaza,PSG,1964,0.0,0.0
Palestine/Gaza,PSG,1965,0.0,0.0
Palestine/Gaza,PSG,1966,0.0,0.0
Palestine/Gaza,PSG,2007,0.0,0.0
Palestine/Gaza,PSG,2008,0.0,0.0
Palestine/Gaza,PSG,2009,0.0,0.0
Palestine/Gaza,PSG,2010,0.0,0.0
Palestine/Gaza,PSG,2011,0.0,0.0
Palestine/Gaza,PSG,2012,0.0,0.0
Palestine/Gaza,PSG,2013,0.0,0.0
Palestine/Gaza,PSG,2014,0.0,0.0
Palestine/Gaza,PSG,2015,0.0,0.0
Palestine/Gaza,PSG,2016,0.0,0.0
Palestine/Gaza,PSG,2017,0.0,0.0
Palestine/Gaza,PSG,2018,0.0,0.0
Palestine/Gaza,PSG,2019,0.0,0.0
Palestine/Gaza,PSG,2020,0.0,0.0
Palestine/Gaza,PSG,2021,0.0,0.0
Palestine/Gaza,PSG,2022,0.0,0.0
Palestine/Gaza,PSG,2023,0.0,0.0
Palestine/Gaza,PSG,2024,0.0,0.0
Palestine/Gaza,PSG,2025,0.0,0.0
Somaliland,SML,1900,0.0,0.0
Somaliland,SML,1901,0.0,0.0
Somaliland,SML,1902,0.0,0.0
Somaliland,SML,1903,0.0,0.0
Somaliland,SML,1904,0.0,0.0
Somaliland,SML,1905,0.0,0.0
Somaliland,SML,1906,0.0,0.0
Somaliland,SML,1907,0.0,0.0
Somaliland,SML,1908,0.0,0.0
Somaliland,SML,1909,0.0,0.0
Somaliland,SML,1910,0.0,0.0
Somaliland,SML,1911,0.0,0.0
Somaliland,SML,1912,0.0,0.0
Somaliland,SML,1913,0.0,0.0
Somaliland,SML,1914,0.0,0.0
Somaliland,SML,1915,0.0,0.0
Somaliland,SML,1916,0.0,0.0
Somaliland,SML,1917,0.0,0.0
Somaliland,SML,1918,0.0,0.0
Somaliland,SML,1919,0.0,0.0
Somaliland,SML,1920,0.0,0.0
Somaliland,SML,1921,0.0,0.0
Somaliland,SML,1922,0.0,0.0
Somaliland,SML,1923,0.0,0.0
Somaliland,SML,1924,0.0,0.0
Somaliland,SML,1925,0.0,0.0
Somaliland,SML,1926,0.0,0.0
Somaliland,SML,1927,0.0,0.0
Somaliland,SML,1928,0.0,0.0
Somaliland,SML,1929,0.0,0.0
Somaliland,SML,1930,0.0,0.0
Somaliland,SML,1931,0.0,0.0
Somaliland,SML,1932,0.0,0.0
Somaliland,SML,1933,0.0,0.0
Somaliland,SML,1934,0.0,0.0
Somaliland,SML,1935,0.0,0.0
Somaliland,SML,1936,0.0,0.0
Somaliland,SML,1937,0.0,0.0
Somaliland,SML,1938,0.0,0.0
Somaliland,SML,1939,0.0,0.0
Somaliland,SML,1940,0.0,0.0
Somaliland,SML,1941,0.0,0.0
Somaliland,SML,1942,0.0,0.0
Somaliland,SML,1943,0.0,0.0
Somaliland,SML,1944,0.0,0.0
Somaliland,SML,1945,0.0,0.0
Somaliland,SML,1946,0.0,0.0
Somaliland,SML,1947,0.0,0.0
Somaliland,SML,1948,0.0,0.0
Somaliland,SML,1949,0.0,0.0
Somaliland,SML,1950,0.0,0.0
Somaliland,SML,1951,0.0,0.0
Somaliland,SML,1952,0.0,0.0
Somaliland,SML,1953,0.0,0.0
Somaliland,SML,1954,0.0,0.0
Somaliland,SML,1955,0.0,0.0
Somaliland,SML,1956,0.0,0.0
Somaliland,SML,1957,0.0,0.0
Somaliland,SML,1958,0.0,0.0
Somaliland,SML,1959,0.0,0.0
Somaliland,SML,1991,0.0,0.0
Somaliland,SML,1992,0.0,0.0
Somaliland,SML,1993,0.0,0.0
Somaliland,SML,1994,0.0,0.0
Somaliland,SML,1995,0.0,0.0
Somaliland,SML,1996,0.0,0.0
Somaliland,SML,1997,0.0,0.0
Somaliland,SML,1998,0.0,0.0
Somaliland,SML,1999,0.0,0.0
Somaliland,SML,2000,0.0,0.0
Somaliland,SML,2001,0.0,0.0
Somaliland,SML,2002,0.0,0.0
Somaliland,SML,2003,1.0,3.0
Somaliland,SML,2004,1.0,3.0
Somaliland,SML,2005,1.0,3.0
Somaliland,SML,2006,1.0,3.0
Somaliland,SML,2007,1.0,3.0
Somaliland,SML,2008,1.0,3.0
Somaliland,SML,2009,1.0,3.0
Somaliland,SML,2010,1.0,3.0
Somaliland,SML,2011,1.0,3.0
Somaliland,SML,2012,1.0,3.0
Somaliland,SML,2013,1.0,3.0
Somaliland,SML,2014,1.0,3.0
Somaliland,SML,2015,1.0,3.0
Somaliland,SML,2016,1.0,3.0
Somaliland,SML,2017,1.0,3.0
Somaliland,SML,2018,1.0,3.0
Somaliland,SML,2019,1.0,3.0
Somaliland,SML,2020,1.0,3.0
Somaliland,SML,2021,1.0,3.0
Somaliland,SML,2022,1.0,3.0
Somaliland,SML,2023,1.0,3.0
Somaliland,SML,2024,1.0,3.0
Somaliland,SML,2025,1.0,4.0
Uzbekistan,UZB,1789,,
Uzbekistan,UZB,1790,,
Uzbekistan,UZB,1791,,
Uzbekistan,UZB,1792,,
Uzbekistan,UZB,1793,,
Uzbekistan,UZB,1794,,
Uzbekistan,UZB,1795,,
Uzbekistan,UZB,1796,,
Uzbekistan,UZB,1797,,
Uzbekistan,UZB,1798,,
Uzbekistan,UZB,1799,,
Uzbekistan,UZB,1800,,
Uzbekistan,UZB,1801,,
Uzbekistan,UZB,1802,,
Uzbekistan,UZB,1803,,
Uzbekistan,UZB,1804,,
Uzbekistan,UZB,1805,,
Uzbekistan,UZB,1806,,
Uzbekistan,UZB,1807,,
Uzbekistan,UZB,1808,,
Uzbekistan,UZB,1809,,
Uzbekistan,UZB,1810,,
Uzbekistan,UZB,1811,,
Uzbekistan,UZB,1812,,
Uzbekistan,UZB,1813,,
Uzbekistan,UZB,1814,,
Uzbekistan,UZB,1815,,
Uzbekistan,UZB,1816,,
Uzbekistan,UZB,1817,,
Uzbekistan,UZB,1818,,
Uzbekistan,UZB,1819,,
Uzbekistan,UZB,1820,,
Uzbekistan,UZB,1821,,
Uzbekistan,UZB,1822,,
Uzbekistan,UZB,1823,,
Uzbekistan,UZB,1824,,
Uzbekistan,UZB,1825,,
Uzbekistan,UZB,1826,,
Uzbekistan,UZB,1827,,
Uzbekistan,UZB,1828,,
Uzbekistan,UZB,1829,,
Uzbekistan,UZB,1830,,
Uzbekistan,UZB,1831,,
Uzbekistan,UZB,1832,,
Uzbekistan,UZB,1833,,
Uzbekistan,UZB,1834,,
Uzbekistan,UZB,1835,,
Uzbekistan,UZB,1836,,
Uzbekistan,UZB,1837,,
Uzbekistan,UZB,1838,,
Uzbekistan,UZB,1839,,
Uzbekistan,UZB,1840,,
Uzbekistan,UZB,1841,,
Uzbekistan,UZB,1842,,
Uzbekistan,UZB,1843,,
Uzbekistan,UZB,1844,,
Uzbekistan,UZB,1845,,
Uzbekistan,UZB,1846,,
Uzbekistan,UZB,1847,,
Uzbekistan,UZB,1848,,
Uzbekistan,UZB,1849,,
Uzbekistan,UZB,1850,,
Uzbekistan,UZB,1851,,
Uzbekistan,UZB,1852,,
Uzbekistan,UZB,1853,,
Uzbekistan,UZB,1854,,
Uzbekistan,UZB,1855,,
Uzbekistan,UZB,1856,,
Uzbekistan,UZB,1857,,
Uzbekistan,UZB,1858,,
Uzbekistan,UZB,1859,,
Uzbekistan,UZB,1860,,
Uzbekistan,UZB,1861,,
Uzbekistan,UZB,1862,,
Uzbekistan,UZB,1863,,
Uzbekistan,UZB,1864,,
Uzbekistan,UZB,1865,,
Uzbekistan,UZB,1866,,
Uzbekistan,UZB,1867,,
Uzbekistan,UZB,1868,,
Uzbekistan,UZB,1869,,
Uzbekistan,UZB,1870,,
Uzbekistan,UZB,1871,,
Uzbekistan,UZB,1872,,
Uzbekistan,UZB,1873,,
Uzbekistan,UZB,1874,,
Uzbekistan,UZB,1875,,
Uzbekistan,UZB,1876,,
Uzbekistan,UZB,1877,,
Uzbekistan,UZB,1878,,
Uzbekistan,UZB,1879,,
Uzbekistan,UZB,1880,,
Uzbekistan,UZB,1881,,
Uzbekistan,UZB,1882,,
Uzbekistan,UZB,1883,,
Uzbekistan,UZB,1884,,
Uzbekistan,UZB,1885,,
Uzbekistan,UZB,1886,,
Uzbekistan,UZB,1887,,
Uzbekistan,UZB,1888,,
Uzbekistan,UZB,1889,,
Uzbekistan,UZB,1890,,
Uzbekistan,UZB,1891,,
Uzbekistan,UZB,1892,,
Uzbekistan,UZB,1893,,
Uzbekistan,UZB,1894,,
Uzbekistan,UZB,1895,,
Uzbekistan,UZB,1896,,
Uzbekistan,UZB,1897,,
Uzbekistan,UZB,1898,,
Uzbekistan,UZB,1899,,
Uzbekistan,UZB,1900,,
Uzbekistan,UZB,1901,,
Uzbekistan,UZB,1902,,
Uzbekistan,UZB,1903,,
Uzbekistan,UZB,1904,,
Uzbekistan,UZB,1905,,
Uzbekistan,UZB,1906,,
Uzbekistan,UZB,1907,,
Uzbekistan,UZB,1908,,
Uzbekistan,UZB,1909,,
Uzbekistan,UZB,1910,,
Uzbekistan,UZB,1911,,
Uzbekistan,UZB,1912,0.0,0.0
Uzbekistan,UZB,1913,0.0,0.0
Uzbekistan,UZB,1914,0.0,0.0
Uzbekistan,UZB,1915,0.0,0.0
Uzbekistan,UZB,1916,0.0,0.0
Uzbekistan,UZB,1917,0.0,0.0
Uzbekistan,UZB,1918,0.0,0.0
Uzbekistan,UZB,1919,0.0,0.0
Uzbekistan,UZB,1920,0.0,0.0
Uzbekistan,UZB,1990,0.0,1.0
Uzbekistan,UZB,1991,0.0,1.0
Uzbekistan,UZB,1992,0.0,1.0
Uzbekistan,UZB,1993,0.0,1.0
Uzbekistan,UZB,1994,1.0,3.0
Uzbekistan,UZB,1995,1.0,3.0
Uzbekistan,UZB,1996,1.0,3.0
Uzbekistan,UZB,1997,1.0,3.0
Uzbekistan,UZB,1998,1.0,3.0
Uzbekistan,UZB,1999,1.0,2.0
Uzbekistan,UZB,2000,1.0,2.0
Uzbekistan,UZB,2001,1.0,2.0
Uzbekistan,UZB,2002,1.0,2.0
Uzbekistan,UZB,2003,1.0,2.0
Uzbekistan,UZB,2004,1.0,2.0
Uzbekistan,UZB,2005,1.0,2.0
Uzbekistan,UZB,2006,1.0,2.0
Uzbekistan,UZB,2007,1.0,2.0
Uzbekistan,UZB,2008,1.0,2.0
Uzbekistan,UZB,2009,1.0,2.0
Uzbekistan,UZB,2010,1.0,2.0
Uzbekistan,UZB,2011,1.0,2.0
Uzbekistan,UZB,2012,1.0,2.0
Uzbekistan,UZB,2013,1.0,2.0
Uzbekistan,UZB,2014,0.0,1.0
Uzbekistan,UZB,2015,0.0,0.0
Uzbekistan,UZB,2016,0.0,0.0
Uzbekistan,UZB,2017,0.0,0.0
Uzbekistan,UZB,2018,0.0,0.0
Uzbekistan,UZB,2019,1.0,2.0
Uzbekistan,UZB,2020,0.0,1.0
Uzbekistan,UZB,2021,0.0,1.0
Uzbekistan,UZB,2022,0.0,1.0
Uzbekistan,UZB,2023,0.0,1.0
Uzbekistan,UZB,2024,0.0,1.0
Uzbekistan,UZB,2025,0.0,1.0
Austria,AUT,1789,,
Austria,AUT,1790,,
Austria,AUT,1791,,
Austria,AUT,1792,,
Austria,AUT,1793,,
Austria,AUT,1794,,
Austria,AUT,1795,,
Austria,AUT,1796,,
Austria,AUT,1797,,
Austria,AUT,1798,,
Austria,AUT,1799,,
Austria,AUT,1800,,
Austria,AUT,1801,,
Austria,AUT,1802,,
Austria,AUT,1803,,
Austria,AUT,1804,,
Austria,AUT,1805,,
Austria,AUT,1806,,
Austria,AUT,1807,,
Austria,AUT,1808,,
Austria,AUT,1809,,
Austria,AUT,1810,,
Austria,AUT,1811,,
Austria,AUT,1812,,
Austria,AUT,1813,,
Austria,AUT,1814,,
Austria,AUT,1815,,
Austria,AUT,1816,,
Austria,AUT,1817,,
Austria,AUT,1818,,
Austria,AUT,1819,,
Austria,AUT,1820,,
Austria,AUT,1821,,
Austria,AUT,1822,,
Austria,AUT,1823,,
Austria,AUT,1824,,
Austria,AUT,1825,,
Austria,AUT,1826,,
Austria,AUT,1827,,
Austria,AUT,1828,,
Austria,AUT,1829,,
Austria,AUT,1830,,
Austria,AUT,1831,,
Austria,AUT,1832,,
Austria,AUT,1833,,
Austria,AUT,1834,,
Austria,AUT,1835,,
Austria,AUT,1836,,
Austria,AUT,1837,,
Austria,AUT,1838,,
Austria,AUT,1839,,
Austria,AUT,1840,,
Austria,AUT,1841,,
Austria,AUT,1842,,
Austria,AUT,1843,,
Austria,AUT,1844,,
Austria,AUT,1845,,
Austria,AUT,1846,,
Austria,AUT,1847,,
Austria,AUT,1848,,
Austria,AUT,1849,,
Austria,AUT,1850,,
Austria,AUT,1851,,
Austria,AUT,1852,,
Austria,AUT,1853,,
Austria,AUT,1854,,
Austria,AUT,1855,,
Austria,AUT,1856,,
Austria,AUT,1857,,
Austria,AUT,1858,,
Austria,AUT,1859,,
Austria,AUT,1860,,
Austria,AUT,1861,,
Austria,AUT,1862,,
Austria,AUT,1863,,
Austria,AUT,1864,,
Austria,AUT,1865,,
Austria,AUT,1866,,
Austria,AUT,1867,,
Austria,AUT,1868,,
Austria,AUT,1869,,
Austria,AUT,1870,,
Austria,AUT,1871,,
Austria,AUT,1872,,
Austria,AUT,1873,,
Austria,AUT,1874,,
Austria,AUT,1875,,
Austria,AUT,1876,,
Austria,AUT,1877,,
Austria,AUT,1878,,
Austria,AUT,1879,,
Austria,AUT,1880,,
Austria,AUT,1881,,
Austria,AUT,1882,,
Austria,AUT,1883,,
Austria,AUT,1884,,
Austria,AUT,1885,,
Austria,AUT,1886,,
Austria,AUT,1887,,
Austria,AUT,1888,,
Austria,AUT,1889,,
Austria,AUT,1890,,
Austria,AUT,1891,,
Austria,AUT,1892,,
Austria,AUT,1893,,
Austria,AUT,1894,,
Austria,AUT,1895,,
Austria,AUT,1896,,
Austria,AUT,1897,,
Austria,AUT,1898,,
Austria,AUT,1899,,
Austria,AUT,1900,0.0,0.0
Austria,AUT,1901,0.0,0.0
Austria,AUT,1902,0.0,0.0
Austria,AUT,1903,0.0,0.0
Austria,AUT,1904,0.0,0.0
Austria,AUT,1905,0.0,0.0
Austria,AUT,1906,0.0,0.0
Austria,AUT,1907,0.0,0.0
Austria,AUT,1908,0.0,0.0
Austria,AUT,1909,0.0,0.0
Austria,AUT,1910,0.0,0.0
Austria,AUT,1911,0.0,0.0
Austria,AUT,1912,0.0,0.0
Austria,AUT,1913,0.0,0.0
Austria,AUT,1914,0.0,0.0
Austria,AUT,1915,0.0,0.0
Austria,AUT,1916,0.0,0.0
Austria,AUT,1917,0.0,0.0
Austria,AUT,1918,1.0,3.0
Austria,AUT,1919,1.0,3.0
Austria,AUT,1920,1.0,3.0
Austria,AUT,1921,2.0,6.0
Austria,AUT,1922,2.0,6.0
Austria,AUT,1923,2.0,6.0
Austria,AUT,1924,2.0,6.0
Austria,AUT,1925,2.0,6.0
Austria,AUT,1926,2.0,6.0
Austria,AUT,1927,2.0,6.0
Austria,AUT,1928,2.0,6.0
Austria,AUT,1929,2.0,6.0
Austria,AUT,1930,2.0,6.0
Austria,AUT,1931,2.0,6.0
Austria,AUT,1932,2.0,6.0
Austria,AUT,1933,1.0,3.0
Austria,AUT,1934,0.0,0.0
Austria,AUT,1935,0.0,0.0
Austria,AUT,1936,0.0,0.0
Austria,AUT,1937,0.0,0.0
Austria,AUT,1938,0.0,0.0
Austria,AUT,1945,2.0,6.0
Austria,AUT,1946,2.0,7.0
Austria,AUT,1947,2.0,7.0
Austria,AUT,1948,2.0,7.0
Austria,AUT,1949,2.0,7.0
Austria,AUT,1950,2.0,7.0
Austria,AUT,1951,2.0,7.0
Austria,AUT,1952,2.0,7.0
Austria,AUT,1953,2.0,7.0
Austria,AUT,1954,2.0,7.0
Austria,AUT,1955,2.0,7.0
Austria,AUT,1956,3.0,8.0
Austria,AUT,1957,3.0,8.0
Austria,AUT,1958,3.0,8.0
Austria,AUT,1959,3.0,8.0
Austria,AUT,1960,3.0,8.0
Austria,AUT,1961,3.0,8.0
Austria,AUT,1962,3.0,8.0
Austria,AUT,1963,3.0,8.0
Austria,AUT,1964,3.0,8.0
Austria,AUT,1965,3.0,8.0
Austria,AUT,1966,3.0,8.0
Austria,AUT,1967,3.0,8.0
Austria,AUT,1968,3.0,8.0
Austria,AUT,1969,3.0,8.0
Austria,AUT,1970,3.0,9.0
Austria,AUT,1971,3.0,9.0
Austria,AUT,1972,3.0,9.0
Austria,AUT,1973,3.0,9.0
Austria,AUT,1974,3.0,9.0
Austria,AUT,1975,3.0,9.0
Austria,AUT,1976,3.0,9.0
Austria,AUT,1977,3.0,9.0
Austria,AUT,1978,3.0,9.0
Austria,AUT,1979,3.0,9.0
Austria,AUT,1980,3.0,9.0
Austria,AUT,1981,3.0,9.0
Austria,AUT,1982,3.0,9.0
Austria,AUT,1983,3.0,9.0
Austria,AUT,1984,3.0,9.0
Austria,AUT,1985,3.0,9.0
Austria,AUT,1986,3.0,9.0
Austria,AUT,1987,3.0,9.0
Austria,AUT,1988,3.0,9.0
Austria,AUT,1989,3.0,9.0
Austria,AUT,1990,3.0,9.0
Austria,AUT,1991,3.0,9.0
Austria,AUT,1992,3.0,9.0
Austria,AUT,1993,3.0,9.0
Austria,AUT,1994,3.0,9.0
Austria,AUT,1995,3.0,9.0
Austria,AUT,1996,3.0,9.0
Austria,AUT,1997,3.0,9.0
Austria,AUT,1998,3.0,9.0
Austria,AUT,1999,3.0,9.0
Austria,AUT,2000,3.0,9.0
Austria,AUT,2001,3.0,9.0
Austria,AUT,2002,3.0,9.0
Austria,AUT,2003,3.0,9.0
Austria,AUT,2004,3.0,9.0
Austria,AUT,2005,3.0,9.0
Austria,AUT,2006,3.0,9.0
Austria,AUT,2007,3.0,9.0
Austria,AUT,2008,3.0,9.0
Austria,AUT,2009,3.0,9.0
Austria,AUT,2010,3.0,9.0
Austria,AUT,2011,3.0,9.0
Austria,AUT,2012,3.0,9.0
Austria,AUT,2013,3.0,9.0
Austria,AUT,2014,3.0,9.0
Austria,AUT,2015,3.0,9.0
Austria,AUT,2016,3.0,9.0
Austria,AUT,2017,3.0,9.0
Austria,AUT,2018,3.0,9.0
Austria,AUT,2019,3.0,9.0
Austria,AUT,2020,3.0,9.0
Austria,AUT,2021,3.0,8.0
Austria,AUT,2022,3.0,8.0
Austria,AUT,2023,3.0,8.0
Austria,AUT,2024,3.0,8.0
Austria,AUT,2025,3.0,8.0
Bahrain,BHR,1900,0.0,0.0
Bahrain,BHR,1901,0.0,0.0
Bahrain,BHR,1902,0.0,0.0
Bahrain,BHR,1903,0.0,0.0
Bahrain,BHR,1904,0.0,0.0
Bahrain,BHR,1905,0.0,0.0
Bahrain,BHR,1906,0.0,0.0
Bahrain,BHR,1907,0.0,0.0
Bahrain,BHR,1908,0.0,0.0
Bahrain,BHR,1909,0.0,0.0
Bahrain,BHR,1910,0.0,0.0
Bahrain,BHR,1911,0.0,0.0
Bahrain,BHR,1912,0.0,0.0
Bahrain,BHR,1913,0.0,0.0
Bahrain,BHR,1914,0.0,0.0
Bahrain,BHR,1915,0.0,0.0
Bahrain,BHR,1916,0.0,0.0
Bahrain,BHR,1917,0.0,0.0
Bahrain,BHR,1918,0.0,0.0
Bahrain,BHR,1919,0.0,0.0
Bahrain,BHR,1920,0.0,0.0
Bahrain,BHR,1921,0.0,0.0
Bahrain,BHR,1922,0.0,0.0
Bahrain,BHR,1923,0.0,0.0
Bahrain,BHR,1924,0.0,0.0
Bahrain,BHR,1925,0.0,0.0
Bahrain,BHR,1926,0.0,0.0
Bahrain,BHR,1927,0.0,0.0
Bahrain,BHR,1928,0.0,0.0
Bahrain,BHR,1929,0.0,0.0
Bahrain,BHR,1930,0.0,0.0
Bahrain,BHR,1931,0.0,0.0
Bahrain,BHR,1932,0.0,0.0
Bahrain,BHR,1933,0.0,0.0
Bahrain,BHR,1934,0.0,0.0
Bahrain,BHR,1935,0.0,0.0
Bahrain,BHR,1936,0.0,0.0
Bahrain,BHR,1937,0.0,0.0
Bahrain,BHR,1938,0.0,0.0
Bahrain,BHR,1939,0.0,0.0
Bahrain,BHR,1940,0.0,0.0
Bahrain,BHR,1941,0.0,0.0
Bahrain,BHR,1942,0.0,0.0
Bahrain,BHR,1943,0.0,0.0
Bahrain,BHR,1944,0.0,0.0
Bahrain,BHR,1945,0.0,0.0
Bahrain,BHR,1946,0.0,0.0
Bahrain,BHR,1947,0.0,0.0
Bahrain,BHR,1948,0.0,0.0
Bahrain,BHR,1949,0.0,0.0
Bahrain,BHR,1950,0.0,0.0
Bahrain,BHR,1951,0.0,0.0
Bahrain,BHR,1952,0.0,0.0
Bahrain,BHR,1953,0.0,0.0
Bahrain,BHR,1954,0.0,0.0
Bahrain,BHR,1955,0.0,0.0
Bahrain,BHR,1956,0.0,0.0
Bahrain,BHR,1957,0.0,0.0
Bahrain,BHR,1958,0.0,0.0
Bahrain,BHR,1959,0.0,0.0
Bahrain,BHR,1960,0.0,0.0
Bahrain,BHR,1961,0.0,0.0
Bahrain,BHR,1962,0.0,0.0
Bahrain,BHR,1963,0.0,0.0
Bahrain,BHR,1964,0.0,0.0
Bahrain,BHR,1965,0.0,0.0
Bahrain,BHR,1966,0.0,0.0
Bahrain,BHR,1967,0.0,0.0
Bahrain,BHR,1968,0.0,0.0
Bahrain,BHR,1969,0.0,0.0
Bahrain,BHR,1970,0.0,0.0
Bahrain,BHR,1971,0.0,0.0
Bahrain,BHR,1972,0.0,0.0
Bahrain,BHR,1973,0.0,0.0
Bahrain,BHR,1974,0.0,0.0
Bahrain,BHR,1975,0.0,0.0
Bahrain,BHR,1976,0.0,0.0
Bahrain,BHR,1977,0.0,0.0
Bahrain,BHR,1978,0.0,0.0
Bahrain,BHR,1979,0.0,0.0
Bahrain,BHR,1980,0.0,0.0
Bahrain,BHR,1981,0.0,0.0
Bahrain,BHR,1982,0.0,0.0
Bahrain,BHR,1983,0.0,0.0
Bahrain,BHR,1984,0.0,0.0
Bahrain,BHR,1985,0.0,0.0
Bahrain,BHR,1986,0.0,0.0
Bahrain,BHR,1987,0.0,0.0
Bahrain,BHR,1988,0.0,0.0
Bahrain,BHR,1989,0.0,0.0
Bahrain,BHR,1990,0.0,0.0
Bahrain,BHR,1991,0.0,0.0
Bahrain,BHR,1992,0.0,0.0
Bahrain,BHR,1993,0.0,0.0
Bahrain,BHR,1994,0.0,0.0
Bahrain,BHR,1995,0.0,0.0
Bahrain,BHR,1996,0.0,0.0
Bahrain,BHR,1997,0.0,0.0
Bahrain,BHR,1998,0.0,0.0
Bahrain,BHR,1999,0.0,0.0
Bahrain,BHR,2000,0.0,0.0
Bahrain,BHR,2001,0.0,0.0
Bahrain,BHR,2002,0.0,0.0
Bahrain,BHR,2003,0.0,0.0
Bahrain,BHR,2004,0.0,0.0
Bahrain,BHR,2005,0.0,0.0
Bahrain,BHR,2006,0.0,0.0
Bahrain,BHR,2007,0.0,0.0
Bahrain,BHR,2008,0.0,0.0
Bahrain,BHR,2009,0.0,0.0
Bahrain,BHR,2010,0.0,0.0
Bahrain,BHR,2011,0.0,0.0
Bahrain,BHR,2012,0.0,0.0
Bahrain,BHR,2013,0.0,0.0
Bahrain,BHR,2014,0.0,0.0
Bahrain,BHR,2015,0.0,0.0
Bahrain,BHR,2016,0.0,0.0
Bahrain,BHR,2017,0.0,0.0
Bahrain,BHR,2018,0.0,0.0
Bahrain,BHR,2019,0.0,0.0
Bahrain,BHR,2020,0.0,0.0
Bahrain,BHR,2021,0.0,0.0
Bahrain,BHR,2022,0.0,0.0
Bahrain,BHR,2023,0.0,0.0
Bahrain,BHR,2024,0.0,0.0
Bahrain,BHR,2025,0.0,0.0
Barbados,BRB,1900,0.0,0.0
Barbados,BRB,1901,0.0,0.0
Barbados,BRB,1902,0.0,0.0
Barbados,BRB,1903,0.0,0.0
Barbados,BRB,1904,0.0,0.0
Barbados,BRB,1905,0.0,0.0
Barbados,BRB,1906,0.0,0.0
Barbados,BRB,1907,0.0,0.0
Barbados,BRB,1908,0.0,0.0
Barbados,BRB,1909,0.0,0.0
Barbados,BRB,1910,0.0,0.0
Barbados,BRB,1911,0.0,0.0
Barbados,BRB,1912,0.0,0.0
Barbados,BRB,1913,0.0,0.0
Barbados,BRB,1914,0.0,0.0
Barbados,BRB,1915,0.0,0.0
Barbados,BRB,1916,0.0,0.0
Barbados,BRB,1917,0.0,0.0
Barbados,BRB,1918,0.0,0.0
Barbados,BRB,1919,0.0,0.0
Barbados,BRB,1920,0.0,0.0
Barbados,BRB,1921,0.0,0.0
Barbados,BRB,1922,0.0,0.0
Barbados,BRB,1923,0.0,0.0
Barbados,BRB,1924,0.0,0.0
Barbados,BRB,1925,0.0,0.0
Barbados,BRB,1926,0.0,0.0
Barbados,BRB,1927,0.0,0.0
Barbados,BRB,1928,0.0,0.0
Barbados,BRB,1929,0.0,0.0
Barbados,BRB,1930,0.0,0.0
Barbados,BRB,1931,0.0,0.0
Barbados,BRB,1932,0.0,0.0
Barbados,BRB,1933,0.0,0.0
Barbados,BRB,1934,0.0,0.0
Barbados,BRB,1935,0.0,0.0
Barbados,BRB,1936,0.0,0.0
Barbados,BRB,1937,0.0,0.0
Barbados,BRB,1938,0.0,0.0
Barbados,BRB,1939,0.0,0.0
Barbados,BRB,1940,0.0,0.0
Barbados,BRB,1941,0.0,0.0
Barbados,BRB,1942,0.0,0.0
Barbados,BRB,1943,0.0,0.0
Barbados,BRB,1944,0.0,0.0
Barbados,BRB,1945,0.0,0.0
Barbados,BRB,1946,0.0,0.0
Barbados,BRB,1947,0.0,0.0
Barbados,BRB,1948,0.0,0.0
Barbados,BRB,1949,0.0,0.0
Barbados,BRB,1950,0.0,0.0
Barbados,BRB,1951,0.0,0.0
Barbados,BRB,1952,0.0,0.0
Barbados,BRB,1953,0.0,0.0
Barbados,BRB,1954,1.0,3.0
Barbados,BRB,1955,1.0,4.0
Barbados,BRB,1956,1.0,4.0
Barbados,BRB,1957,1.0,4.0
Barbados,BRB,1958,1.0,4.0
Barbados,BRB,1959,1.0,4.0
Barbados,BRB,1960,2.0,6.0
Barbados,BRB,1961,2.0,6.0
Barbados,BRB,1962,2.0,6.0
Barbados,BRB,1963,2.0,6.0
Barbados,BRB,1964,2.0,6.0
Barbados,BRB,1965,2.0,6.0
Barbados,BRB,1966,2.0,6.0
Barbados,BRB,1967,2.0,6.0
Barbados,BRB,1968,2.0,6.0
Barbados,BRB,1969,2.0,6.0
Barbados,BRB,1970,2.0,7.0
Barbados,BRB,1971,2.0,7.0
Barbados,BRB,1972,2.0,7.0
Barbados,BRB,1973,2.0,7.0
Barbados,BRB,1974,2.0,7.0
Barbados,BRB,1975,2.0,7.0
Barbados,BRB,1976,2.0,7.0
Barbados,BRB,1977,2.0,7.0
Barbados,BRB,1978,2.0,7.0
Barbados,BRB,1979,2.0,7.0
Barbados,BRB,1980,2.0,7.0
Barbados,BRB,1981,2.0,7.0
Barbados,BRB,1982,2.0,7.0
Barbados,BRB,1983,2.0,7.0
Barbados,BRB,1984,2.0,7.0
Barbados,BRB,1985,2.0,7.0
Barbados,BRB,1986,2.0,7.0
Barbados,BRB,1987,2.0,7.0
Barbados,BRB,1988,2.0,7.0
Barbados,BRB,1989,2.0,7.0
Barbados,BRB,1990,2.0,7.0
Barbados,BRB,1991,2.0,7.0
Barbados,BRB,1992,2.0,7.0
Barbados,BRB,1993,2.0,7.0
Barbados,BRB,1994,2.0,7.0
Barbados,BRB,1995,2.0,7.0
Barbados,BRB,1996,2.0,7.0
Barbados,BRB,1997,2.0,7.0
Barbados,BRB,1998,2.0,7.0
Barbados,BRB,1999,2.0,7.0
Barbados,BRB,2000,2.0,7.0
Barbados,BRB,2001,2.0,7.0
Barbados,BRB,2002,2.0,7.0
Barbados,BRB,2003,2.0,7.0
Barbados,BRB,2004,2.0,7.0
Barbados,BRB,2005,2.0,7.0
Barbados,BRB,2006,2.0,7.0
Barbados,BRB,2007,2.0,7.0
Barbados,BRB,2008,2.0,7.0
Barbados,BRB,2009,2.0,7.0
Barbados,BRB,2010,2.0,6.0
Barbados,BRB,2011,2.0,6.0
Barbados,BRB,2012,2.0,6.0
Barbados,BRB,2013,2.0,6.0
Barbados,BRB,2014,2.0,6.0
Barbados,BRB,2015,3.0,8.0
Barbados,BRB,2016,3.0,8.0
Barbados,BRB,2017,3.0,8.0
Barbados,BRB,2018,3.0,8.0
Barbados,BRB,2019,3.0,8.0
Barbados,BRB,2020,3.0,8.0
Barbados,BRB,2021,3.0,8.0
Barbados,BRB,2022,3.0,8.0
Barbados,BRB,2023,3.0,8.0
Barbados,BRB,2024,3.0,8.0
Barbados,BRB,2025,3.0,8.0
Belgium,BEL,1789,,
Belgium,BEL,1790,,
Belgium,BEL,1791,,
Belgium,BEL,1792,,
Belgium,BEL,1793,,
Belgium,BEL,1794,,
Belgium,BEL,1795,,
Belgium,BEL,1830,,
Belgium,BEL,1831,,
Belgium,BEL,1832,,
Belgium,BEL,1833,,
Belgium,BEL,1834,,
Belgium,BEL,1835,,
Belgium,BEL,1836,,
Belgium,BEL,1837,,
Belgium,BEL,1838,,
Belgium,BEL,1839,,
Belgium,BEL,1840,,
Belgium,BEL,1841,,
Belgium,BEL,1842,,
Belgium,BEL,1843,,
Belgium,BEL,1844,,
Belgium,BEL,1845,,
Belgium,BEL,1846,,
Belgium,BEL,1847,,
Belgium,BEL,1848,,
Belgium,BEL,1849,,
Belgium,BEL,1850,,
Belgium,BEL,1851,,
Belgium,BEL,1852,,
Belgium,BEL,1853,,
Belgium,BEL,1854,,
Belgium,BEL,1855,,
Belgium,BEL,1856,,
Belgium,BEL,1857,,
Belgium,BEL,1858,,
Belgium,BEL,1859,,
Belgium,BEL,1860,,
Belgium,BEL,1861,,
Belgium,BEL,1862,,
Belgium,BEL,1863,,
Belgium,BEL,1864,,
Belgium,BEL,1865,,
Belgium,BEL,1866,,
Belgium,BEL,1867,,
Belgium,BEL,1868,,
Belgium,BEL,1869,,
Belgium,BEL,1870,,
Belgium,BEL,1871,,
Belgium,BEL,1872,,
Belgium,BEL,1873,,
Belgium,BEL,1874,,
Belgium,BEL,1875,,
Belgium,BEL,1876,,
Belgium,BEL,1877,,
Belgium,BEL,1878,,
Belgium,BEL,1879,,
Belgium,BEL,1880,,
Belgium,BEL,1881,,
Belgium,BEL,1882,,
Belgium,BEL,1883,,
Belgium,BEL,1884,,
Belgium,BEL,1885,,
Belgium,BEL,1886,,
Belgium,BEL,1887,,
Belgium,BEL,1888,,
Belgium,BEL,1889,,
Belgium,BEL,1890,,
Belgium,BEL,1891,,
Belgium,BEL,1892,,
Belgium,BEL,1893,,
Belgium,BEL,1894,,
Belgium,BEL,1895,,
Belgium,BEL,1896,,
Belgium,BEL,1897,,
Belgium,BEL,1898,,
Belgium,BEL,1899,,
Belgium,BEL,1900,3.0,8.0
Belgium,BEL,1901,3.0,8.0
Belgium,BEL,1902,3.0,8.0
Belgium,BEL,1903,3.0,8.0
Belgium,BEL,1904,3.0,8.0
Belgium,BEL,1905,3.0,8.0
Belgium,BEL,1906,3.0,8.0
Belgium,BEL,1907,3.0,8.0
Belgium,BEL,1908,3.0,8.0
Belgium,BEL,1909,3.0,8.0
Belgium,BEL,1910,3.0,8.0
Belgium,BEL,1911,3.0,8.0
Belgium,BEL,1912,3.0,8.0
Belgium,BEL,1913,3.0,8.0
Belgium,BEL,1914,0.0,0.0
Belgium,BEL,1915,0.0,0.0
Belgium,BEL,1916,0.0,0.0
Belgium,BEL,1917,0.0,0.0
Belgium,BEL,1918,0.0,0.0
Belgium,BEL,1919,1.0,4.0
Belgium,BEL,1920,1.0,4.0
Belgium,BEL,1921,3.0,9.0
Belgium,BEL,1922,3.0,9.0
Belgium,BEL,1923,3.0,9.0
Belgium,BEL,1924,3.0,9.0
Belgium,BEL,1925,3.0,8.0
Belgium,BEL,1926,3.0,8.0
Belgium,BEL,1927,3.0,8.0
Belgium,BEL,1928,3.0,8.0
Belgium,BEL,1929,3.0,8.0
Belgium,BEL,1930,3.0,8.0
Belgium,BEL,1931,3.0,8.0
Belgium,BEL,1932,3.0,8.0
Belgium,BEL,1933,3.0,8.0
Belgium,BEL,1934,3.0,8.0
Belgium,BEL,1935,3.0,8.0
Belgium,BEL,1936,3.0,8.0
Belgium,BEL,1937,3.0,8.0
Belgium,BEL,1938,3.0,8.0
Belgium,BEL,1939,3.0,8.0
Belgium,BEL,1940,0.0,0.0
Belgium,BEL,1941,0.0,0.0
Belgium,BEL,1942,0.0,0.0
Belgium,BEL,1943,0.0,0.0
Belgium,BEL,1944,0.0,0.0
Belgium,BEL,1945,0.0,0.0
Belgium,BEL,1946,3.0,8.0
Belgium,BEL,1947,3.0,8.0
Belgium,BEL,1948,3.0,8.0
Belgium,BEL,1949,3.0,8.0
Belgium,BEL,1950,3.0,8.0
Belgium,BEL,1951,3.0,8.0
Belgium,BEL,1952,3.0,8.0
Belgium,BEL,1953,3.0,8.0
Belgium,BEL,1954,3.0,8.0
Belgium,BEL,1955,3.0,8.0
Belgium,BEL,1956,3.0,8.0
Belgium,BEL,1957,3.0,8.0
Belgium,BEL,1958,3.0,8.0
Belgium,BEL,1959,3.0,8.0
Belgium,BEL,1960,3.0,8.0
Belgium,BEL,1961,3.0,8.0
Belgium,BEL,1962,3.0,8.0
Belgium,BEL,1963,3.0,9.0
Belgium,BEL,1964,3.0,9.0
Belgium,BEL,1965,3.0,9.0
Belgium,BEL,1966,3.0,9.0
Belgium,BEL,1967,3.0,9.0
Belgium,BEL,1968,3.0,9.0
Belgium,BEL,1969,3.0,9.0
Belgium,BEL,1970,3.0,9.0
Belgium,BEL,1971,3.0,9.0
Belgium,BEL,1972,3.0,9.0
Belgium,BEL,1973,3.0,9.0
Belgium,BEL,1974,3.0,9.0
Belgium,BEL,1975,3.0,9.0
Belgium,BEL,1976,3.0,9.0
Belgium,BEL,1977,3.0,9.0
Belgium,BEL,1978,3.0,9.0
Belgium,BEL,1979,3.0,9.0
Belgium,BEL,1980,3.0,9.0
Belgium,BEL,1981,3.0,9.0
Belgium,BEL,1982,3.0,9.0
Belgium,BEL,1983,3.0,9.0
Belgium,BEL,1984,3.0,9.0
Belgium,BEL,1985,3.0,9.0
Belgium,BEL,1986,3.0,9.0
Belgium,BEL,1987,3.0,9.0
Belgium,BEL,1988,3.0,9.0
Belgium,BEL,1989,3.0,9.0
Belgium,BEL,1990,3.0,9.0
Belgium,BEL,1991,3.0,9.0
Belgium,BEL,1992,3.0,9.0
Belgium,BEL,1993,3.0,9.0
Belgium,BEL,1994,3.0,9.0
Belgium,BEL,1995,3.0,9.0
Belgium,BEL,1996,3.0,9.0
Belgium,BEL,1997,3.0,9.0
Belgium,BEL,1998,3.0,9.0
Belgium,BEL,1999,3.0,9.0
Belgium,BEL,2000,3.0,9.0
Belgium,BEL,2001,3.0,9.0
Belgium,BEL,2002,3.0,9.0
Belgium,BEL,2003,3.0,9.0
Belgium,BEL,2004,3.0,9.0
Belgium,BEL,2005,3.0,9.0
Belgium,BEL,2006,3.0,9.0
Belgium,BEL,2007,3.0,9.0
Belgium,BEL,2008,3.0,9.0
Belgium,BEL,2009,3.0,9.0
Belgium,BEL,2010,3.0,9.0
Belgium,BEL,2011,3.0,9.0
Belgium,BEL,2012,3.0,9.0
Belgium,BEL,2013,3.0,9.0
Belgium,BEL,2014,3.0,9.0
Belgium,BEL,2015,3.0,9.0
Belgium,BEL,2016,3.0,9.0
Belgium,BEL,2017,3.0,9.0
Belgium,BEL,2018,3.0,9.0
Belgium,BEL,2019,3.0,9.0
Belgium,BEL,2020,3.0,9.0
Belgium,BEL,2021,3.0,9.0
Belgium,BEL,2022,3.0,9.0
Belgium,BEL,2023,3.0,9.0
Belgium,BEL,2024,3.0,9.0
Belgium,BEL,2025,3.0,9.0
Bosnia and Herzegovina,BIH,1992,0.0,0.0
Bosnia and Herzegovina,BIH,1993,0.0,0.0
Bosnia and Herzegovina,BIH,1994,0.0,0.0
Bosnia and Herzegovina,BIH,1995,0.0,0.0
Bosnia and Herzegovina,BIH,1996,1.0,3.0
Bosnia and Herzegovina,BIH,1997,2.0,6.0
Bosnia and Herzegovina,BIH,1998,2.0,6.0
Bosnia and Herzegovina,BIH,1999,2.0,6.0
Bosnia and Herzegovina,BIH,2000,2.0,6.0
Bosnia and Herzegovina,BIH,2001,2.0,6.0
Bosnia and Herzegovina,BIH,2002,2.0,6.0
Bosnia and Herzegovina,BIH,2003,2.0,6.0
Bosnia and Herzegovina,BIH,2004,2.0,6.0
Bosnia and Herzegovina,BIH,2005,2.0,6.0
Bosnia and Herzegovina,BIH,2006,2.0,6.0
Bosnia and Herzegovina,BIH,2007,2.0,6.0
Bosnia and Herzegovina,BIH,2008,2.0,5.0
Bosnia and Herzegovina,BIH,2009,2.0,5.0
Bosnia and Herzegovina,BIH,2010,2.0,6.0
Bosnia and Herzegovina,BIH,2011,2.0,5.0
Bosnia and Herzegovina,BIH,2012,2.0,6.0
Bosnia and Herzegovina,BIH,2013,2.0,6.0
Bosnia and Herzegovina,BIH,2014,2.0,5.0
Bosnia and Herzegovina,BIH,2015,2.0,5.0
Bosnia and Herzegovina,BIH,2016,2.0,5.0
Bosnia and Herzegovina,BIH,2017,2.0,5.0
Bosnia and Herzegovina,BIH,2018,2.0,5.0
Bosnia and Herzegovina,BIH,2019,2.0,5.0
Bosnia and Herzegovina,BIH,2020,2.0,5.0
Bosnia and Herzegovina,BIH,2021,2.0,5.0
Bosnia and Herzegovina,BIH,2022,2.0,5.0
Bosnia and Herzegovina,BIH,2023,2.0,5.0
Bosnia and Herzegovina,BIH,2024,2.0,5.0
Bosnia and Herzegovina,BIH,2025,1.0,4.0
Bulgaria,BGR,1878,,
Bulgaria,BGR,1879,,
Bulgaria,BGR,1880,,
Bulgaria,BGR,1881,,
Bulgaria,BGR,1882,,
Bulgaria,BGR,1883,,
Bulgaria,BGR,1884,,
Bulgaria,BGR,1885,,
Bulgaria,BGR,1886,,
Bulgaria,BGR,1887,,
Bulgaria,BGR,1888,,
Bulgaria,BGR,1889,,
Bulgaria,BGR,1890,,
Bulgaria,BGR,1891,,
Bulgaria,BGR,1892,,
Bulgaria,BGR,1893,,
Bulgaria,BGR,1894,,
Bulgaria,BGR,1895,,
Bulgaria,BGR,1896,,
Bulgaria,BGR,1897,,
Bulgaria,BGR,1898,,
Bulgaria,BGR,1899,,
Bulgaria,BGR,1900,0.0,0.0
Bulgaria,BGR,1901,0.0,0.0
Bulgaria,BGR,1902,0.0,0.0
Bulgaria,BGR,1903,0.0,0.0
Bulgaria,BGR,1904,0.0,0.0
Bulgaria,BGR,1905,0.0,0.0
Bulgaria,BGR,1906,0.0,0.0
Bulgaria,BGR,1907,0.0,0.0
Bulgaria,BGR,1908,0.0,0.0
Bulgaria,BGR,1909,0.0,0.0
Bulgaria,BGR,1910,0.0,0.0
Bulgaria,BGR,1911,0.0,0.0
Bulgaria,BGR,1912,0.0,0.0
Bulgaria,BGR,1913,0.0,0.0
Bulgaria,BGR,1914,0.0,0.0
Bulgaria,BGR,1915,0.0,0.0
Bulgaria,BGR,1916,0.0,0.0
Bulgaria,BGR,1917,0.0,0.0
Bulgaria,BGR,1918,0.0,0.0
Bulgaria,BGR,1919,0.0,0.0
Bulgaria,BGR,1920,0.0,0.0
Bulgaria,BGR,1921,0.0,0.0
Bulgaria,BGR,1922,0.0,0.0
Bulgaria,BGR,1923,0.0,0.0
Bulgaria,BGR,1924,0.0,0.0
Bulgaria,BGR,1925,0.0,0.0
Bulgaria,BGR,1926,0.0,0.0
Bulgaria,BGR,1927,0.0,0.0
Bulgaria,BGR,1928,0.0,0.0
Bulgaria,BGR,1929,0.0,0.0
Bulgaria,BGR,1930,0.0,0.0
Bulgaria,BGR,1931,0.0,0.0
Bulgaria,BGR,1932,0.0,0.0
Bulgaria,BGR,1933,0.0,0.0
Bulgaria,BGR,1934,0.0,0.0
Bulgaria,BGR,1935,0.0,0.0
Bulgaria,BGR,1936,0.0,0.0
Bulgaria,BGR,1937,0.0,0.0
Bulgaria,BGR,1938,0.0,0.0
Bulgaria,BGR,1939,0.0,0.0
Bulgaria,BGR,1940,0.0,0.0
Bulgaria,BGR,1941,0.0,0.0
Bulgaria,BGR,1942,0.0,0.0
Bulgaria,BGR,1943,1.0,3.0
Bulgaria,BGR,1944,0.0,0.0
Bulgaria,BGR,1945,0.0,0.0
Bulgaria,BGR,1946,0.0,0.0
Bulgaria,BGR,1947,1.0,3.0
Bulgaria,BGR,1948,1.0,3.0
Bulgaria,BGR,1949,0.0,0.0
Bulgaria,BGR,1950,0.0,0.0
Bulgaria,BGR,1951,0.0,0.0
Bulgaria,BGR,1952,0.0,0.0
Bulgaria,BGR,1953,0.0,0.0
Bulgaria,BGR,1954,0.0,0.0
Bulgaria,BGR,1955,0.0,0.0
Bulgaria,BGR,1956,0.0,0.0
Bulgaria,BGR,1957,0.0,0.0
Bulgaria,BGR,1958,0.0,0.0
Bulgaria,BGR,1959,0.0,0.0
Bulgaria,BGR,1960,0.0,0.0
Bulgaria,BGR,1961,0.0,0.0
Bulgaria,BGR,1962,0.0,0.0
Bulgaria,BGR,1963,0.0,0.0
Bulgaria,BGR,1964,0.0,0.0
Bulgaria,BGR,1965,0.0,0.0
Bulgaria,BGR,1966,0.0,0.0
Bulgaria,BGR,1967,0.0,0.0
Bulgaria,BGR,1968,0.0,0.0
Bulgaria,BGR,1969,0.0,0.0
Bulgaria,BGR,1970,0.0,0.0
Bulgaria,BGR,1971,0.0,0.0
Bulgaria,BGR,1972,0.0,0.0
Bulgaria,BGR,1973,0.0,0.0
Bulgaria,BGR,1974,0.0,0.0
Bulgaria,BGR,1975,0.0,0.0
Bulgaria,BGR,1976,0.0,0.0
Bulgaria,BGR,1977,0.0,0.0
Bulgaria,BGR,1978,0.0,0.0
Bulgaria,BGR,1979,0.0,0.0
Bulgaria,BGR,1980,0.0,0.0
Bulgaria,BGR,1981,0.0,0.0
Bulgaria,BGR,1982,0.0,0.0
Bulgaria,BGR,1983,0.0,0.0
Bulgaria,BGR,1984,0.0,0.0
Bulgaria,BGR,1985,0.0,0.0
Bulgaria,BGR,1986,0.0,0.0
Bulgaria,BGR,1987,0.0,0.0
Bulgaria,BGR,1988,0.0,0.0
Bulgaria,BGR,1989,0.0,0.0
Bulgaria,BGR,1990,2.0,6.0
Bulgaria,BGR,1991,2.0,6.0
Bulgaria,BGR,1992,2.0,6.0
Bulgaria,BGR,1993,2.0,6.0
Bulgaria,BGR,1994,2.0,6.0
Bulgaria,BGR,1995,2.0,6.0
Bulgaria,BGR,1996,2.0,6.0
Bulgaria,BGR,1997,2.0,6.0
Bulgaria,BGR,1998,2.0,6.0
Bulgaria,BGR,1999,2.0,6.0
Bulgaria,BGR,2000,2.0,6.0
Bulgaria,BGR,2001,2.0,6.0
Bulgaria,BGR,2002,2.0,6.0
Bulgaria,BGR,2003,2.0,6.0
Bulgaria,BGR,2004,2.0,6.0
Bulgaria,BGR,2005,2.0,6.0
Bulgaria,BGR,2006,2.0,6.0
Bulgaria,BGR,2007,2.0,6.0
Bulgaria,BGR,2008,2.0,6.0
Bulgaria,BGR,2009,2.0,6.0
Bulgaria,BGR,2010,2.0,6.0
Bulgaria,BGR,2011,2.0,6.0
Bulgaria,BGR,2012,2.0,6.0
Bulgaria,BGR,2013,2.0,6.0
Bulgaria,BGR,2014,2.0,6.0
Bulgaria,BGR,2015,2.0,6.0
Bulgaria,BGR,2016,2.0,6.0
Bulgaria,BGR,2017,2.0,6.0
Bulgaria,BGR,2018,2.0,6.0
Bulgaria,BGR,2019,2.0,6.0
Bulgaria,BGR,2020,2.0,6.0
Bulgaria,BGR,2021,2.0,6.0
Bulgaria,BGR,2022,2.0,6.0
Bulgaria,BGR,2023,2.0,6.0
Bulgaria,BGR,2024,2.0,6.0
Bulgaria,BGR,2025,2.0,6.0
Comoros,COM,1900,0.0,0.0
Comoros,COM,1901,0.0,0.0
Comoros,COM,1902,0.0,0.0
Comoros,COM,1903,0.0,0.0
Comoros,COM,1904,0.0,0.0
Comoros,COM,1905,0.0,0.0
Comoros,COM,1906,0.0,0.0
Comoros,COM,1907,0.0,0.0
Comoros,COM,1908,0.0,0.0
Comoros,COM,1909,0.0,0.0
Comoros,COM,1910,0.0,0.0
Comoros,COM,1911,0.0,0.0
Comoros,COM,1912,0.0,0.0
Comoros,COM,1913,0.0,0.0
Comoros,COM,1946,0.0,0.0
Comoros,COM,1947,0.0,0.0
Comoros,COM,1948,0.0,0.0
Comoros,COM,1949,0.0,0.0
Comoros,COM,1950,0.0,0.0
Comoros,COM,1951,0.0,0.0
Comoros,COM,1952,0.0,0.0
Comoros,COM,1953,0.0,0.0
Comoros,COM,1954,0.0,0.0
Comoros,COM,1955,0.0,0.0
Comoros,COM,1956,0.0,0.0
Comoros,COM,1957,0.0,0.0
Comoros,COM,1958,0.0,0.0
Comoros,COM,1959,0.0,0.0
Comoros,COM,1960,0.0,0.0
Comoros,COM,1961,0.0,0.0
Comoros,COM,1962,0.0,0.0
Comoros,COM,1963,0.0,0.0
Comoros,COM,1964,0.0,0.0
Comoros,COM,1965,0.0,0.0
Comoros,COM,1966,0.0,0.0
Comoros,COM,1967,0.0,0.0
Comoros,COM,1968,0.0,0.0
Comoros,COM,1969,0.0,0.0
Comoros,COM,1970,0.0,0.0
Comoros,COM,1971,0.0,0.0
Comoros,COM,1972,0.0,0.0
Comoros,COM,1973,0.0,0.0
Comoros,COM,1974,0.0,0.0
Comoros,COM,1975,0.0,0.0
Comoros,COM,1976,1.0,2.0
Comoros,COM,1977,1.0,2.0
Comoros,COM,1978,0.0,1.0
Comoros,COM,1979,0.0,1.0
Comoros,COM,1980,0.0,1.0
Comoros,COM,1981,0.0,1.0
Comoros,COM,1982,0.0,1.0
Comoros,COM,1983,0.0,1.0
Comoros,COM,1984,0.0,1.0
Comoros,COM,1985,0.0,1.0
Comoros,COM,1986,0.0,1.0
Comoros,COM,1987,0.0,1.0
Comoros,COM,1988,0.0,1.0
Comoros,COM,1989,1.0,2.0
Comoros,COM,1990,1.0,2.0
Comoros,COM,1991,1.0,2.0
Comoros,COM,1992,1.0,3.0
Comoros,COM,1993,1.0,3.0
Comoros,COM,1994,1.0,3.0
Comoros,COM,1995,1.0,3.0
Comoros,COM,1996,1.0,3.0
Comoros,COM,1997,1.0,3.0
Comoros,COM,1998,1.0,3.0
Comoros,COM,1999,1.0,3.0
Comoros,COM,2000,0.0,0.0
Comoros,COM,2001,0.0,0.0
Comoros,COM,2002,1.0,3.0
Comoros,COM,2003,1.0,3.0
Comoros,COM,2004,1.0,3.0
Comoros,COM,2005,1.0,3.0
Comoros,COM,2006,1.0,3.0
Comoros,COM,2007,1.0,3.0
Comoros,COM,2008,1.0,3.0
Comoros,COM,2009,1.0,3.0
Comoros,COM,2010,1.0,3.0
Comoros,COM,2011,1.0,3.0
Comoros,COM,2012,1.0,3.0
Comoros,COM,2013,1.0,4.0
Comoros,COM,2014,1.0,4.0
Comoros,COM,2015,1.0,3.0
Comoros,COM,2016,1.0,3.0
Comoros,COM,2017,1.0,3.0
Comoros,COM,2018,1.0,3.0
Comoros,COM,2019,1.0,3.0
Comoros,COM,2020,1.0,3.0
Comoros,COM,2021,1.0,3.0
Comoros,COM,2022,1.0,3.0
Comoros,COM,2023,1.0,3.0
Comoros,COM,2024,1.0,3.0
Comoros,COM,2025,1.0,3.0
Croatia,HRV,1941,0.0,0.0
Croatia,HRV,1942,0.0,0.0
Croatia,HRV,1943,0.0,0.0
Croatia,HRV,1944,0.0,0.0
Croatia,HRV,1991,0.0,0.0
Croatia,HRV,1992,1.0,3.0
Croatia,HRV,1993,1.0,3.0
Croatia,HRV,1994,1.0,3.0
Croatia,HRV,1995,1.0,3.0
Croatia,HRV,1996,1.0,3.0
Croatia,HRV,1997,1.0,3.0
Croatia,HRV,1998,1.0,3.0
Croatia,HRV,1999,1.0,3.0
Croatia,HRV,2000,2.0,7.0
Croatia,HRV,2001,2.0,7.0
Croatia,HRV,2002,2.0,7.0
Croatia,HRV,2003,2.0,7.0
Croatia,HRV,2004,2.0,7.0
Croatia,HRV,2005,2.0,6.0
Croatia,HRV,2006,2.0,6.0
Croatia,HRV,2007,2.0,6.0
Croatia,HRV,2008,2.0,6.0
Croatia,HRV,2009,2.0,7.0
Croatia,HRV,2010,2.0,7.0
Croatia,HRV,2011,2.0,7.0
Croatia,HRV,2012,2.0,7.0
Croatia,HRV,2013,2.0,7.0
Croatia,HRV,2014,2.0,6.0
Croatia,HRV,2015,2.0,6.0
Croatia,HRV,2016,2.0,6.0
Croatia,HRV,2017,2.0,6.0
Croatia,HRV,2018,2.0,6.0
Croatia,HRV,2019,2.0,6.0
Croatia,HRV,2020,2.0,6.0
Croatia,HRV,2021,2.0,7.0
Croatia,HRV,2022,2.0,7.0
Croatia,HRV,2023,2.0,6.0
Croatia,HRV,2024,2.0,6.0
Croatia,HRV,2025,2.0,6.0
Cuba,CUB,1789,,
Cuba,CUB,1790,,
Cuba,CUB,1791,,
Cuba,CUB,1792,,
Cuba,CUB,1793,,
Cuba,CUB,1794,,
Cuba,CUB,1795,,
Cuba,CUB,1796,,
Cuba,CUB,1797,,
Cuba,CUB,1798,,
Cuba,CUB,1799,,
Cuba,CUB,1800,,
Cuba,CUB,1801,,
Cuba,CUB,1802,,
Cuba,CUB,1803,,
Cuba,CUB,1804,,
Cuba,CUB,1805,,
Cuba,CUB,1806,,
Cuba,CUB,1807,,
Cuba,CUB,1808,,
Cuba,CUB,1809,,
Cuba,CUB,1810,,
Cuba,CUB,1811,,
Cuba,CUB,1812,,
Cuba,CUB,1813,,
Cuba,CUB,1814,,
Cuba,CUB,1815,,
Cuba,CUB,1816,,
Cuba,CUB,1817,,
Cuba,CUB,1818,,
Cuba,CUB,1819,,
Cuba,CUB,1820,,
Cuba,CUB,1821,,
Cuba,CUB,1822,,
Cuba,CUB,1823,,
Cuba,CUB,1824,,
Cuba,CUB,1825,,
Cuba,CUB,1826,,
Cuba,CUB,1827,,
Cuba,CUB,1828,,
Cuba,CUB,1829,,
Cuba,CUB,1830,,
Cuba,CUB,1831,,
Cuba,CUB,1832,,
Cuba,CUB,1833,,
Cuba,CUB,1834,,
Cuba,CUB,1835,,
Cuba,CUB,1836,,
Cuba,CUB,1837,,
Cuba,CUB,1838,,
Cuba,CUB,1839,,
Cuba,CUB,1840,,
Cuba,CUB,1841,,
Cuba,CUB,1842,,
Cuba,CUB,1843,,
Cuba,CUB,1844,,
Cuba,CUB,1845,,
Cuba,CUB,1846,,
Cuba,CUB,1847,,
Cuba,CUB,1848,,
Cuba,CUB,1849,,
Cuba,CUB,1850,,
Cuba,CUB,1851,,
Cuba,CUB,1852,,
Cuba,CUB,1853,,
Cuba,CUB,1854,,
Cuba,CUB,1855,,
Cuba,CUB,1856,,
Cuba,CUB,1857,,
Cuba,CUB,1858,,
Cuba,CUB,1859,,
Cuba,CUB,1860,,
Cuba,CUB,1861,,
Cuba,CUB,1862,,
Cuba,CUB,1863,,
Cuba,CUB,1864,,
Cuba,CUB,1865,,
Cuba,CUB,1866,,
Cuba,CUB,1867,,
Cuba,CUB,1868,,
Cuba,CUB,1869,,
Cuba,CUB,1870,,
Cuba,CUB,1871,,
Cuba,CUB,1872,,
Cuba,CUB,1873,,
Cuba,CUB,1874,,
Cuba,CUB,1875,,
Cuba,CUB,1876,,
Cuba,CUB,1877,,
Cuba,CUB,1878,,
Cuba,CUB,1879,,
Cuba,CUB,1880,,
Cuba,CUB,1881,,
Cuba,CUB,1882,,
Cuba,CUB,1883,,
Cuba,CUB,1884,,
Cuba,CUB,1885,,
Cuba,CUB,1886,,
Cuba,CUB,1887,,
Cuba,CUB,1888,,
Cuba,CUB,1889,,
Cuba,CUB,1890,,
Cuba,CUB,1891,,
Cuba,CUB,1892,,
Cuba,CUB,1893,,
Cuba,CUB,1894,,
Cuba,CUB,1895,,
Cuba,CUB,1896,,
Cuba,CUB,1897,,
Cuba,CUB,1898,,
Cuba,CUB,1899,,
Cuba,CUB,1900,0.0,0.0
Cuba,CUB,1901,1.0,3.0
Cuba,CUB,1902,1.0,3.0
Cuba,CUB,1903,1.0,3.0
Cuba,CUB,1904,1.0,3.0
Cuba,CUB,1905,1.0,3.0
Cuba,CUB,1906,1.0,3.0
Cuba,CUB,1907,0.0,0.0
Cuba,CUB,1908,1.0,3.0
Cuba,CUB,1909,1.0,3.0
Cuba,CUB,1910,1.0,3.0
Cuba,CUB,1911,1.0,3.0
Cuba,CUB,1912,1.0,3.0
Cuba,CUB,1913,1.0,3.0
Cuba,CUB,1914,1.0,3.0
Cuba,CUB,1915,1.0,3.0
Cuba,CUB,1916,1.0,3.0
Cuba,CUB,1917,1.0,3.0
Cuba,CUB,1918,1.0,3.0
Cuba,CUB,1919,1.0,3.0
Cuba,CUB,1920,1.0,3.0
Cuba,CUB,1921,1.0,3.0
Cuba,CUB,1922,1.0,3.0
Cuba,CUB,1923,1.0,3.0
Cuba,CUB,1924,1.0,3.0
Cuba,CUB,1925,1.0,3.0
Cuba,CUB,1926,1.0,3.0
Cuba,CUB,1927,1.0,3.0
Cuba,CUB,1928,1.0,3.0
Cuba,CUB,1929,1.0,3.0
Cuba,CUB,1930,1.0,3.0
Cuba,CUB,1931,1.0,3.0
Cuba,CUB,1932,1.0,3.0
Cuba,CUB,1933,1.0,3.0
Cuba,CUB,1934,0.0,0.0
Cuba,CUB,1935,0.0,0.0
Cuba,CUB,1936,1.0,3.0
Cuba,CUB,1937,1.0,3.0
Cuba,CUB,1938,1.0,3.0
Cuba,CUB,1939,1.0,3.0
Cuba,CUB,1940,1.0,3.0
Cuba,CUB,1941,1.0,3.0
Cuba,CUB,1942,1.0,3.0
Cuba,CUB,1943,1.0,3.0
Cuba,CUB,1944,1.0,3.0
Cuba,CUB,1945,1.0,3.0
Cuba,CUB,1946,1.0,3.0
Cuba,CUB,1947,1.0,3.0
Cuba,CUB,1948,1.0,3.0
Cuba,CUB,1949,1.0,3.0
Cuba,CUB,1950,1.0,3.0
Cuba,CUB,1951,1.0,3.0
Cuba,CUB,1952,1.0,3.0
Cuba,CUB,1953,0.0,0.0
Cuba,CUB,1954,1.0,3.0
Cuba,CUB,1955,1.0,3.0
Cuba,CUB,1956,1.0,3.0
Cuba,CUB,1957,1.0,3.0
Cuba,CUB,1958,1.0,3.0
Cuba,CUB,1959,1.0,3.0
Cuba,CUB,1960,0.0,0.0
Cuba,CUB,1961,0.0,0.0
Cuba,CUB,1962,0.0,0.0
Cuba,CUB,1963,0.0,0.0
Cuba,CUB,1964,0.0,0.0
Cuba,CUB,1965,0.0,0.0
Cuba,CUB,1966,0.0,0.0
Cuba,CUB,1967,0.0,0.0
Cuba,CUB,1968,0.0,0.0
Cuba,CUB,1969,0.0,0.0
Cuba,CUB,1970,0.0,0.0
Cuba,CUB,1971,0.0,0.0
Cuba,CUB,1972,0.0,0.0
Cuba,CUB,1973,0.0,0.0
Cuba,CUB,1974,0.0,0.0
Cuba,CUB,1975,0.0,0.0
Cuba,CUB,1976,0.0,0.0
Cuba,CUB,1977,0.0,0.0
Cuba,CUB,1978,0.0,0.0
Cuba,CUB,1979,0.0,0.0
Cuba,CUB,1980,0.0,0.0
Cuba,CUB,1981,0.0,0.0
Cuba,CUB,1982,0.0,0.0
Cuba,CUB,1983,0.0,0.0
Cuba,CUB,1984,0.0,0.0
Cuba,CUB,1985,0.0,0.0
Cuba,CUB,1986,0.0,0.0
Cuba,CUB,1987,0.0,0.0
Cuba,CUB,1988,0.0,0.0
Cuba,CUB,1989,0.0,0.0
Cuba,CUB,1990,0.0,0.0
Cuba,CUB,1991,0.0,0.0
Cuba,CUB,1992,0.0,0.0
Cuba,CUB,1993,0.0,0.0
Cuba,CUB,1994,0.0,0.0
Cuba,CUB,1995,0.0,0.0
Cuba,CUB,1996,0.0,0.0
Cuba,CUB,1997,0.0,0.0
Cuba,CUB,1998,0.0,0.0
Cuba,CUB,1999,0.0,0.0
Cuba,CUB,2000,0.0,0.0
Cuba,CUB,2001,0.0,0.0
Cuba,CUB,2002,0.0,0.0
Cuba,CUB,2003,0.0,0.0
Cuba,CUB,2004,0.0,0.0
Cuba,CUB,2005,0.0,0.0
Cuba,CUB,2006,0.0,0.0
Cuba,CUB,2007,0.0,0.0
Cuba,CUB,2008,0.0,0.0
Cuba,CUB,2009,0.0,0.0
Cuba,CUB,2010,0.0,0.0
Cuba,CUB,2011,0.0,0.0
Cuba,CUB,2012,0.0,0.0
Cuba,CUB,2013,0.0,0.0
Cuba,CUB,2014,0.0,0.0
Cuba,CUB,2015,0.0,0.0
Cuba,CUB,2016,0.0,0.0
Cuba,CUB,2017,0.0,0.0
Cuba,CUB,2018,0.0,0.0
Cuba,CUB,2019,0.0,0.0
Cuba,CUB,2020,0.0,0.0
Cuba,CUB,2021,0.0,0.0
Cuba,CUB,2022,0.0,0.0
Cuba,CUB,2023,0.0,0.0
Cuba,CUB,2024,0.0,0.0
Cuba,CUB,2025,0.0,0.0
Cyprus,CYP,1900,0.0,0.0
Cyprus,CYP,1901,0.0,0.0
Cyprus,CYP,1902,0.0,0.0
Cyprus,CYP,1903,0.0,0.0
Cyprus,CYP,1904,0.0,0.0
Cyprus,CYP,1905,0.0,0.0
Cyprus,CYP,1906,0.0,0.0
Cyprus,CYP,1907,0.0,0.0
Cyprus,CYP,1908,0.0,0.0
Cyprus,CYP,1909,0.0,0.0
Cyprus,CYP,1910,0.0,0.0
Cyprus,CYP,1911,0.0,0.0
Cyprus,CYP,1912,0.0,0.0
Cyprus,CYP,1913,0.0,0.0
Cyprus,CYP,1914,0.0,0.0
Cyprus,CYP,1915,0.0,0.0
Cyprus,CYP,1916,0.0,0.0
Cyprus,CYP,1917,0.0,0.0
Cyprus,CYP,1918,0.0,0.0
Cyprus,CYP,1919,0.0,0.0
Cyprus,CYP,1920,0.0,0.0
Cyprus,CYP,1921,0.0,0.0
Cyprus,CYP,1922,0.0,0.0
Cyprus,CYP,1923,0.0,0.0
Cyprus,CYP,1924,0.0,0.0
Cyprus,CYP,1925,0.0,0.0
Cyprus,CYP,1926,0.0,0.0
Cyprus,CYP,1927,0.0,0.0
Cyprus,CYP,1928,0.0,0.0
Cyprus,CYP,1929,0.0,0.0
Cyprus,CYP,1930,0.0,0.0
Cyprus,CYP,1931,0.0,0.0
Cyprus,CYP,1932,0.0,0.0
Cyprus,CYP,1933,0.0,0.0
Cyprus,CYP,1934,0.0,0.0
Cyprus,CYP,1935,0.0,0.0
Cyprus,CYP,1936,0.0,0.0
Cyprus,CYP,1937,0.0,0.0
Cyprus,CYP,1938,0.0,0.0
Cyprus,CYP,1939,0.0,0.0
Cyprus,CYP,1940,0.0,0.0
Cyprus,CYP,1941,0.0,0.0
Cyprus,CYP,1942,0.0,0.0
Cyprus,CYP,1943,0.0,0.0
Cyprus,CYP,1944,0.0,0.0
Cyprus,CYP,1945,0.0,0.0
Cyprus,CYP,1946,0.0,0.0
Cyprus,CYP,1947,0.0,0.0
Cyprus,CYP,1948,0.0,0.0
Cyprus,CYP,1949,0.0,0.0
Cyprus,CYP,1950,0.0,0.0
Cyprus,CYP,1951,0.0,0.0
Cyprus,CYP,1952,0.0,0.0
Cyprus,CYP,1953,0.0,0.0
Cyprus,CYP,1954,0.0,0.0
Cyprus,CYP,1955,0.0,0.0
Cyprus,CYP,1956,0.0,0.0
Cyprus,CYP,1957,0.0,0.0
Cyprus,CYP,1958,0.0,0.0
Cyprus,CYP,1959,0.0,0.0
Cyprus,CYP,1960,1.0,3.0
Cyprus,CYP,1961,1.0,4.0
Cyprus,CYP,1962,1.0,4.0
Cyprus,CYP,1963,1.0,4.0
Cyprus,CYP,1964,1.0,4.0
Cyprus,CYP,1965,1.0,4.0
Cyprus,CYP,1966,1.0,4.0
Cyprus,CYP,1967,1.0,4.0
Cyprus,CYP,1968,1.0,4.0
Cyprus,CYP,1969,1.0,4.0
Cyprus,CYP,1970,1.0,4.0
Cyprus,CYP,1971,1.0,4.0
Cyprus,CYP,1972,1.0,4.0
Cyprus,CYP,1973,1.0,4.0
Cyprus,CYP,1974,1.0,4.0
Cyprus,CYP,1975,2.0,5.0
Cyprus,CYP,1976,2.0,5.0
Cyprus,CYP,1977,2.0,6.0
Cyprus,CYP,1978,2.0,6.0
Cyprus,CYP,1979,2.0,6.0
Cyprus,CYP,1980,2.0,6.0
Cyprus,CYP,1981,2.0,6.0
Cyprus,CYP,1982,2.0,6.0
Cyprus,CYP,1983,2.0,6.0
Cyprus,CYP,1984,2.0,6.0
Cyprus,CYP,1985,2.0,6.0
Cyprus,CYP,1986,2.0,6.0
Cyprus,CYP,1987,2.0,6.0
Cyprus,CYP,1988,2.0,6.0
Cyprus,CYP,1989,2.0,6.0
Cyprus,CYP,1990,2.0,7.0
Cyprus,CYP,1991,2.0,7.0
Cyprus,CYP,1992,2.0,7.0
Cyprus,CYP,1993,2.0,7.0
Cyprus,CYP,1994,2.0,7.0
Cyprus,CYP,1995,2.0,7.0
Cyprus,CYP,1996,2.0,7.0
Cyprus,CYP,1997,2.0,7.0
Cyprus,CYP,1998,2.0,7.0
Cyprus,CYP,1999,2.0,7.0
Cyprus,CYP,2000,2.0,7.0
Cyprus,CYP,2001,2.0,7.0
Cyprus,CYP,2002,2.0,7.0
Cyprus,CYP,2003,2.0,7.0
Cyprus,CYP,2004,3.0,9.0
Cyprus,CYP,2005,3.0,9.0
Cyprus,CYP,2006,3.0,9.0
Cyprus,CYP,2007,3.0,9.0
Cyprus,CYP,2008,3.0,9.0
Cyprus,CYP,2009,3.0,9.0
Cyprus,CYP,2010,3.0,9.0
Cyprus,CYP,2011,3.0,9.0
Cyprus,CYP,2012,3.0,9.0
Cyprus,CYP,2013,3.0,9.0
Cyprus,CYP,2014,3.0,9.0
Cyprus,CYP,2015,3.0,9.0
Cyprus,CYP,2016,3.0,9.0
Cyprus,CYP,2017,3.0,9.0
Cyprus,CYP,2018,3.0,9.0
Cyprus,CYP,2019,3.0,8.0
Cyprus,CYP,2020,3.0,8.0
Cyprus,CYP,2021,3.0,8.0
Cyprus,CYP,2022,3.0,8.0
Cyprus,CYP,2023,3.0,8.0
Cyprus,CYP,2024,3.0,8.0
Cyprus,CYP,2025,3.0,8.0
Czechia,CZE,1918,0.0,0.0
Czechia,CZE,1919,0.0,0.0
Czechia,CZE,1920,2.0,7.0
Czechia,CZE,1921,2.0,7.0
Czechia,CZE,1922,2.0,7.0
Czechia,CZE,1923,2.0,7.0
Czechia,CZE,1924,2.0,7.0
Czechia,CZE,1925,2.0,7.0
Czechia,CZE,1926,2.0,7.0
Czechia,CZE,1927,2.0,7.0
Czechia,CZE,1928,2.0,7.0
Czechia,CZE,1929,2.0,7.0
Czechia,CZE,1930,2.0,7.0
Czechia,CZE,1931,2.0,7.0
Czechia,CZE,1932,2.0,7.0
Czechia,CZE,1933,2.0,7.0
Czechia,CZE,1934,2.0,7.0
Czechia,CZE,1935,2.0,7.0
Czechia,CZE,1936,2.0,7.0
Czechia,CZE,1937,2.0,7.0
Czechia,CZE,1938,2.0,6.0
Czechia,CZE,1939,0.0,0.0
Czechia,CZE,1940,0.0,0.0
Czechia,CZE,1941,0.0,0.0
Czechia,CZE,1942,0.0,0.0
Czechia,CZE,1943,0.0,0.0
Czechia,CZE,1944,0.0,0.0
Czechia,CZE,1945,0.0,0.0
Czechia,CZE,1946,0.0,0.0
Czechia,CZE,1947,0.0,0.0
Czechia,CZE,1948,0.0,0.0
Czechia,CZE,1949,0.0,0.0
Czechia,CZE,1950,0.0,0.0
Czechia,CZE,1951,0.0,0.0
Czechia,CZE,1952,0.0,0.0
Czechia,CZE,1953,0.0,0.0
Czechia,CZE,1954,0.0,0.0
Czechia,CZE,1955,0.0,0.0
Czechia,CZE,1956,0.0,0.0
Czechia,CZE,1957,0.0,0.0
Czechia,CZE,1958,0.0,0.0
Czechia,CZE,1959,0.0,0.0
Czechia,CZE,1960,0.0,0.0
Czechia,CZE,1961,0.0,0.0
Czechia,CZE,1962,0.0,0.0
Czechia,CZE,1963,0.0,0.0
Czechia,CZE,1964,0.0,0.0
Czechia,CZE,1965,0.0,0.0
Czechia,CZE,1966,0.0,0.0
Czechia,CZE,1967,0.0,0.0
Czechia,CZE,1968,0.0,0.0
Czechia,CZE,1969,0.0,0.0
Czechia,CZE,1970,0.0,0.0
Czechia,CZE,1971,0.0,0.0
Czechia,CZE,1972,0.0,0.0
Czechia,CZE,1973,0.0,0.0
Czechia,CZE,1974,0.0,0.0
Czechia,CZE,1975,0.0,0.0
Czechia,CZE,1976,0.0,0.0
Czechia,CZE,1977,0.0,0.0
Czechia,CZE,1978,0.0,0.0
Czechia,CZE,1979,0.0,0.0
Czechia,CZE,1980,0.0,0.0
Czechia,CZE,1981,0.0,0.0
Czechia,CZE,1982,0.0,0.0
Czechia,CZE,1983,0.0,0.0
Czechia,CZE,1984,0.0,0.0
Czechia,CZE,1985,0.0,0.0
Czechia,CZE,1986,0.0,0.0
Czechia,CZE,1987,0.0,0.0
Czechia,CZE,1988,0.0,0.0
Czechia,CZE,1989,0.0,0.0
Czechia,CZE,1990,3.0,9.0
Czechia,CZE,1991,3.0,9.0
Czechia,CZE,1992,3.0,9.0
Czechia,CZE,1993,3.0,9.0
Czechia,CZE,1994,3.0,9.0
Czechia,CZE,1995,3.0,9.0
Czechia,CZE,1996,3.0,9.0
Czechia,CZE,1997,3.0,9.0
Czechia,CZE,1998,3.0,9.0
Czechia,CZE,1999,3.0,9.0
Czechia,CZE,2000,3.0,9.0
Czechia,CZE,2001,3.0,9.0
Czechia,CZE,2002,3.0,9.0
Czechia,CZE,2003,3.0,9.0
Czechia,CZE,2004,3.0,9.0
Czechia,CZE,2005,3.0,9.0
Czechia,CZE,2006,3.0,9.0
Czechia,CZE,2007,3.0,9.0
Czechia,CZE,2008,3.0,9.0
Czechia,CZE,2009,3.0,9.0
Czechia,CZE,2010,3.0,9.0
Czechia,CZE,2011,3.0,9.0
Czechia,CZE,2012,3.0,9.0
Czechia,CZE,2013,3.0,9.0
Czechia,CZE,2014,3.0,9.0
Czechia,CZE,2015,3.0,9.0
Czechia,CZE,2016,3.0,8.0
Czechia,CZE,2017,3.0,8.0
Czechia,CZE,2018,3.0,8.0
Czechia,CZE,2019,3.0,8.0
Czechia,CZE,2020,2.0,6.0
Czechia,CZE,2021,2.0,6.0
Czechia,CZE,2022,3.0,9.0
Czechia,CZE,2023,3.0,9.0
Czechia,CZE,2024,3.0,9.0
Czechia,CZE,2025,3.0,9.0
Denmark,DNK,1789,,
Denmark,DNK,1790,,
Denmark,DNK,1791,,
Denmark,DNK,1792,,
Denmark,DNK,1793,,
Denmark,DNK,1794,,
Denmark,DNK,1795,,
Denmark,DNK,1796,,
Denmark,DNK,1797,,
Denmark,DNK,1798,,
Denmark,DNK,1799,,
Denmark,DNK,1800,,
Denmark,DNK,1801,,
Denmark,DNK,1802,,
Denmark,DNK,1803,,
Denmark,DNK,1804,,
Denmark,DNK,1805,,
Denmark,DNK,1806,,
Denmark,DNK,1807,,
Denmark,DNK,1808,,
Denmark,DNK,1809,,
Denmark,DNK,1810,,
Denmark,DNK,1811,,
Denmark,DNK,1812,,
Denmark,DNK,1813,,
Denmark,DNK,1814,,
Denmark,DNK,1815,,
Denmark,DNK,1816,,
Denmark,DNK,1817,,
Denmark,DNK,1818,,
Denmark,DNK,1819,,
Denmark,DNK,1820,,
Denmark,DNK,1821,,
Denmark,DNK,1822,,
Denmark,DNK,1823,,
Denmark,DNK,1824,,
Denmark,DNK,1825,,
Denmark,DNK,1826,,
Denmark,DNK,1827,,
Denmark,DNK,1828,,
Denmark,DNK,1829,,
Denmark,DNK,1830,,
Denmark,DNK,1831,,
Denmark,DNK,1832,,
Denmark,DNK,1833,,
Denmark,DNK,1834,,
Denmark,DNK,1835,,
Denmark,DNK,1836,,
Denmark,DNK,1837,,
Denmark,DNK,1838,,
Denmark,DNK,1839,,
Denmark,DNK,1840,,
Denmark,DNK,1841,,
Denmark,DNK,1842,,
Denmark,DNK,1843,,
Denmark,DNK,1844,,
Denmark,DNK,1845,,
Denmark,DNK,1846,,
Denmark,DNK,1847,,
Denmark,DNK,1848,,
Denmark,DNK,1849,,
Denmark,DNK,1850,,
Denmark,DNK,1851,,
Denmark,DNK,1852,,
Denmark,DNK,1853,,
Denmark,DNK,1854,,
Denmark,DNK,1855,,
Denmark,DNK,1856,,
Denmark,DNK,1857,,
Denmark,DNK,1858,,
Denmark,DNK,1859,,
Denmark,DNK,1860,,
Denmark,DNK,1861,,
Denmark,DNK,1862,,
Denmark,DNK,1863,,
Denmark,DNK,1864,,
Denmark,DNK,1865,,
Denmark,DNK,1866,,
Denmark,DNK,1867,,
Denmark,DNK,1868,,
Denmark,DNK,1869,,
Denmark,DNK,1870,,
Denmark,DNK,1871,,
Denmark,DNK,1872,,
Denmark,DNK,1873,,
Denmark,DNK,1874,,
Denmark,DNK,1875,,
Denmark,DNK,1876,,
Denmark,DNK,1877,,
Denmark,DNK,1878,,
Denmark,DNK,1879,,
Denmark,DNK,1880,,
Denmark,DNK,1881,,
Denmark,DNK,1882,,
Denmark,DNK,1883,,
Denmark,DNK,1884,,
Denmark,DNK,1885,,
Denmark,DNK,1886,,
Denmark,DNK,1887,,
Denmark,DNK,1888,,
Denmark,DNK,1889,,
Denmark,DNK,1890,,
Denmark,DNK,1891,,
Denmark,DNK,1892,,
Denmark,DNK,1893,,
Denmark,DNK,1894,,
Denmark,DNK,1895,,
Denmark,DNK,1896,,
Denmark,DNK,1897,,
Denmark,DNK,1898,,
Denmark,DNK,1899,,
Denmark,DNK,1900,0.0,0.0
Denmark,DNK,1901,1.0,3.0
Denmark,DNK,1902,3.0,8.0
Denmark,DNK,1903,3.0,8.0
Denmark,DNK,1904,3.0,8.0
Denmark,DNK,1905,3.0,8.0
Denmark,DNK,1906,3.0,8.0
Denmark,DNK,1907,3.0,8.0
Denmark,DNK,1908,3.0,8.0
Denmark,DNK,1909,3.0,8.0
Denmark,DNK,1910,3.0,8.0
Denmark,DNK,1911,3.0,8.0
Denmark,DNK,1912,3.0,8.0
Denmark,DNK,1913,3.0,8.0
Denmark,DNK,1914,3.0,8.0
Denmark,DNK,1915,3.0,8.0
Denmark,DNK,1916,3.0,8.0
Denmark,DNK,1917,3.0,8.0
Denmark,DNK,1918,3.0,8.0
Denmark,DNK,1919,3.0,9.0
Denmark,DNK,1920,3.0,9.0
Denmark,DNK,1921,3.0,9.0
Denmark,DNK,1922,3.0,9.0
Denmark,DNK,1923,3.0,9.0
Denmark,DNK,1924,3.0,9.0
Denmark,DNK,1925,3.0,9.0
Denmark,DNK,1926,3.0,9.0
Denmark,DNK,1927,3.0,9.0
Denmark,DNK,1928,3.0,9.0
Denmark,DNK,1929,3.0,9.0
Denmark,DNK,1930,3.0,9.0
Denmark,DNK,1931,3.0,9.0
Denmark,DNK,1932,3.0,9.0
Denmark,DNK,1933,3.0,9.0
Denmark,DNK,1934,3.0,9.0
Denmark,DNK,1935,3.0,9.0
Denmark,DNK,1936,3.0,9.0
Denmark,DNK,1937,3.0,9.0
Denmark,DNK,1938,3.0,9.0
Denmark,DNK,1939,3.0,9.0
Denmark,DNK,1940,2.0,7.0
Denmark,DNK,1941,2.0,6.0
Denmark,DNK,1942,2.0,6.0
Denmark,DNK,1943,0.0,0.0
Denmark,DNK,1944,0.0,0.0
Denmark,DNK,1945,1.0,3.0
Denmark,DNK,1946,3.0,9.0
Denmark,DNK,1947,3.0,9.0
Denmark,DNK,1948,3.0,9.0
Denmark,DNK,1949,3.0,9.0
Denmark,DNK,1950,3.0,9.0
Denmark,DNK,1951,3.0,9.0
Denmark,DNK,1952,3.0,9.0
Denmark,DNK,1953,3.0,9.0
Denmark,DNK,1954,3.0,9.0
Denmark,DNK,1955,3.0,9.0
Denmark,DNK,1956,3.0,9.0
Denmark,DNK,1957,3.0,9.0
Denmark,DNK,1958,3.0,9.0
Denmark,DNK,1959,3.0,9.0
Denmark,DNK,1960,3.0,9.0
Denmark,DNK,1961,3.0,9.0
Denmark,DNK,1962,3.0,9.0
Denmark,DNK,1963,3.0,9.0
Denmark,DNK,1964,3.0,9.0
Denmark,DNK,1965,3.0,9.0
Denmark,DNK,1966,3.0,9.0
Denmark,DNK,1967,3.0,9.0
Denmark,DNK,1968,3.0,9.0
Denmark,DNK,1969,3.0,9.0
Denmark,DNK,1970,3.0,9.0
Denmark,DNK,1971,3.0,9.0
Denmark,DNK,1972,3.0,9.0
Denmark,DNK,1973,3.0,9.0
Denmark,DNK,1974,3.0,9.0
Denmark,DNK,1975,3.0,9.0
Denmark,DNK,1976,3.0,9.0
Denmark,DNK,1977,3.0,9.0
Denmark,DNK,1978,3.0,9.0
Denmark,DNK,1979,3.0,9.0
Denmark,DNK,1980,3.0,9.0
Denmark,DNK,1981,3.0,9.0
Denmark,DNK,1982,3.0,9.0
Denmark,DNK,1983,3.0,9.0
Denmark,DNK,1984,3.0,9.0
Denmark,DNK,1985,3.0,9.0
Denmark,DNK,1986,3.0,9.0
Denmark,DNK,1987,3.0,9.0
Denmark,DNK,1988,3.0,9.0
Denmark,DNK,1989,3.0,9.0
Denmark,DNK,1990,3.0,9.0
Denmark,DNK,1991,3.0,9.0
Denmark,DNK,1992,3.0,9.0
Denmark,DNK,1993,3.0,9.0
Denmark,DNK,1994,3.0,9.0
Denmark,DNK,1995,3.0,9.0
Denmark,DNK,1996,3.0,9.0
Denmark,DNK,1997,3.0,9.0
Denmark,DNK,1998,3.0,9.0
Denmark,DNK,1999,3.0,9.0
Denmark,DNK,2000,3.0,9.0
Denmark,DNK,2001,3.0,9.0
Denmark,DNK,2002,3.0,9.0
Denmark,DNK,2003,3.0,9.0
Denmark,DNK,2004,3.0,9.0
Denmark,DNK,2005,3.0,9.0
Denmark,DNK,2006,3.0,9.0
Denmark,DNK,2007,3.0,9.0
Denmark,DNK,2008,3.0,9.0
Denmark,DNK,2009,3.0,9.0
Denmark,DNK,2010,3.0,9.0
Denmark,DNK,2011,3.0,9.0
Denmark,DNK,2012,3.0,9.0
Denmark,DNK,2013,3.0,9.0
Denmark,DNK,2014,3.0,9.0
Denmark,DNK,2015,3.0,9.0
Denmark,DNK,2016,3.0,9.0
Denmark,DNK,2017,3.0,9.0
Denmark,DNK,2018,3.0,9.0
Denmark,DNK,2019,3.0,9.0
Denmark,DNK,2020,3.0,8.0
Denmark,DNK,2021,3.0,8.0
Denmark,DNK,2022,3.0,9.0
Denmark,DNK,2023,3.0,9.0
Denmark,DNK,2024,3.0,9.0
Denmark,DNK,2025,3.0,9.0
Equatorial Guinea,GNQ,1900,0.0,0.0
Equatorial Guinea,GNQ,1901,0.0,0.0
Equatorial Guinea,GNQ,1902,0.0,0.0
Equatorial Guinea,GNQ,1903,0.0,0.0
Equatorial Guinea,GNQ,1904,0.0,0.0
Equatorial Guinea,GNQ,1905,0.0,0.0
Equatorial Guinea,GNQ,1906,0.0,0.0
Equatorial Guinea,GNQ,1907,0.0,0.0
Equatorial Guinea,GNQ,1908,0.0,0.0
Equatorial Guinea,GNQ,1909,0.0,0.0
Equatorial Guinea,GNQ,1910,0.0,0.0
Equatorial Guinea,GNQ,1911,0.0,0.0
Equatorial Guinea,GNQ,1912,0.0,0.0
Equatorial Guinea,GNQ,1913,0.0,0.0
Equatorial Guinea,GNQ,1914,0.0,0.0
Equatorial Guinea,GNQ,1915,0.0,0.0
Equatorial Guinea,GNQ,1916,0.0,0.0
Equatorial Guinea,GNQ,1917,0.0,0.0
Equatorial Guinea,GNQ,1918,0.0,0.0
Equatorial Guinea,GNQ,1919,0.0,0.0
Equatorial Guinea,GNQ,1920,0.0,0.0
Equatorial Guinea,GNQ,1921,0.0,0.0
Equatorial Guinea,GNQ,1922,0.0,0.0
Equatorial Guinea,GNQ,1923,0.0,0.0
Equatorial Guinea,GNQ,1924,0.0,0.0
Equatorial Guinea,GNQ,1925,0.0,0.0
Equatorial Guinea,GNQ,1926,0.0,0.0
Equatorial Guinea,GNQ,1927,0.0,0.0
Equatorial Guinea,GNQ,1928,0.0,0.0
Equatorial Guinea,GNQ,1929,0.0,0.0
Equatorial Guinea,GNQ,1930,0.0,0.0
Equatorial Guinea,GNQ,1931,0.0,0.0
Equatorial Guinea,GNQ,1932,0.0,0.0
Equatorial Guinea,GNQ,1933,0.0,0.0
Equatorial Guinea,GNQ,1934,0.0,0.0
Equatorial Guinea,GNQ,1935,0.0,0.0
Equatorial Guinea,GNQ,1936,0.0,0.0
Equatorial Guinea,GNQ,1937,0.0,0.0
Equatorial Guinea,GNQ,1938,0.0,0.0
Equatorial Guinea,GNQ,1939,0.0,0.0
Equatorial Guinea,GNQ,1940,0.0,0.0
Equatorial Guinea,GNQ,1941,0.0,0.0
Equatorial Guinea,GNQ,1942,0.0,0.0
Equatorial Guinea,GNQ,1943,0.0,0.0
Equatorial Guinea,GNQ,1944,0.0,0.0
Equatorial Guinea,GNQ,1945,0.0,0.0
Equatorial Guinea,GNQ,1946,0.0,0.0
Equatorial Guinea,GNQ,1947,0.0,0.0
Equatorial Guinea,GNQ,1948,0.0,0.0
Equatorial Guinea,GNQ,1949,0.0,0.0
Equatorial Guinea,GNQ,1950,0.0,0.0
Equatorial Guinea,GNQ,1951,0.0,0.0
Equatorial Guinea,GNQ,1952,0.0,0.0
Equatorial Guinea,GNQ,1953,0.0,0.0
Equatorial Guinea,GNQ,1954,0.0,0.0
Equatorial Guinea,GNQ,1955,0.0,0.0
Equatorial Guinea,GNQ,1956,0.0,0.0
Equatorial Guinea,GNQ,1957,0.0,0.0
Equatorial Guinea,GNQ,1958,0.0,0.0
Equatorial Guinea,GNQ,1959,0.0,0.0
Equatorial Guinea,GNQ,1960,0.0,0.0
Equatorial Guinea,GNQ,1961,0.0,0.0
Equatorial Guinea,GNQ,1962,0.0,0.0
Equatorial Guinea,GNQ,1963,0.0,0.0
Equatorial Guinea,GNQ,1964,0.0,0.0
Equatorial Guinea,GNQ,1965,0.0,0.0
Equatorial Guinea,GNQ,1966,0.0,0.0
Equatorial Guinea,GNQ,1967,0.0,0.0
Equatorial Guinea,GNQ,1968,1.0,3.0
Equatorial Guinea,GNQ,1969,1.0,3.0
Equatorial Guinea,GNQ,1970,1.0,3.0
Equatorial Guinea,GNQ,1971,1.0,3.0
Equatorial Guinea,GNQ,1972,1.0,3.0
Equatorial Guinea,GNQ,1973,1.0,3.0
Equatorial Guinea,GNQ,1974,1.0,3.0
Equatorial Guinea,GNQ,1975,1.0,3.0
Equatorial Guinea,GNQ,1976,1.0,3.0
Equatorial Guinea,GNQ,1977,1.0,3.0
Equatorial Guinea,GNQ,1978,1.0,3.0
Equatorial Guinea,GNQ,1979,0.0,0.0
Equatorial Guinea,GNQ,1980,0.0,0.0
Equatorial Guinea,GNQ,1981,0.0,0.0
Equatorial Guinea,GNQ,1982,0.0,0.0
Equatorial Guinea,GNQ,1983,0.0,0.0
Equatorial Guinea,GNQ,1984,0.0,0.0
Equatorial Guinea,GNQ,1985,0.0,0.0
Equatorial Guinea,GNQ,1986,0.0,0.0
Equatorial Guinea,GNQ,1987,0.0,0.0
Equatorial Guinea,GNQ,1988,0.0,0.0
Equatorial Guinea,GNQ,1989,0.0,0.0
Equatorial Guinea,GNQ,1990,0.0,0.0
Equatorial Guinea,GNQ,1991,0.0,0.0
Equatorial Guinea,GNQ,1992,0.0,0.0
Equatorial Guinea,GNQ,1993,0.0,0.0
Equatorial Guinea,GNQ,1994,0.0,0.0
Equatorial Guinea,GNQ,1995,0.0,0.0
Equatorial Guinea,GNQ,1996,1.0,3.0
Equatorial Guinea,GNQ,1997,1.0,3.0
Equatorial Guinea,GNQ,1998,1.0,3.0
Equatorial Guinea,GNQ,1999,1.0,3.0
Equatorial Guinea,GNQ,2000,1.0,3.0
Equatorial Guinea,GNQ,2001,1.0,3.0
Equatorial Guinea,GNQ,2002,1.0,3.0
Equatorial Guinea,GNQ,2003,1.0,3.0
Equatorial Guinea,GNQ,2004,1.0,3.0
Equatorial Guinea,GNQ,2005,1.0,3.0
Equatorial Guinea,GNQ,2006,1.0,3.0
Equatorial Guinea,GNQ,2007,1.0,3.0
Equatorial Guinea,GNQ,2008,1.0,3.0
Equatorial Guinea,GNQ,2009,1.0,3.0
Equatorial Guinea,GNQ,2010,1.0,3.0
Equatorial Guinea,GNQ,2011,1.0,3.0
Equatorial Guinea,GNQ,2012,1.0,3.0
Equatorial Guinea,GNQ,2013,1.0,3.0
Equatorial Guinea,GNQ,2014,1.0,3.0
Equatorial Guinea,GNQ,2015,1.0,3.0
Equatorial Guinea,GNQ,2016,1.0,3.0
Equatorial Guinea,GNQ,2017,1.0,2.0
Equatorial Guinea,GNQ,2018,1.0,2.0
Equatorial Guinea,GNQ,2019,1.0,2.0
Equatorial Guinea,GNQ,2020,1.0,2.0
Equatorial Guinea,GNQ,2021,1.0,2.0
Equatorial Guinea,GNQ,2022,1.0,3.0
Equatorial Guinea,GNQ,2023,1.0,3.0
Equatorial Guinea,GNQ,2024,1.0,3.0
Equatorial Guinea,GNQ,2025,1.0,3.0
Estonia,EST,1918,0.0,0.0
Estonia,EST,1919,1.0,4.0
Estonia,EST,1920,2.0,7.0
Estonia,EST,1921,2.0,7.0
Estonia,EST,1922,2.0,7.0
Estonia,EST,1923,2.0,7.0
Estonia,EST,1924,2.0,7.0
Estonia,EST,1925,2.0,7.0
Estonia,EST,1926,2.0,7.0
Estonia,EST,1927,2.0,7.0
Estonia,EST,1928,2.0,7.0
Estonia,EST,1929,2.0,7.0
Estonia,EST,1930,2.0,7.0
Estonia,EST,1931,2.0,7.0
Estonia,EST,1932,2.0,7.0
Estonia,EST,1933,2.0,7.0
Estonia,EST,1934,1.0,3.0
Estonia,EST,1935,0.0,0.0
Estonia,EST,1936,0.0,0.0
Estonia,EST,1937,0.0,0.0
Estonia,EST,1938,0.0,0.0
Estonia,EST,1939,0.0,0.0
Estonia,EST,1990,2.0,6.0
Estonia,EST,1991,2.0,6.0
Estonia,EST,1992,1.0,3.0
Estonia,EST,1993,2.0,6.0
Estonia,EST,1994,2.0,6.0
Estonia,EST,1995,2.0,6.0
Estonia,EST,1996,3.0,8.0
Estonia,EST,1997,3.0,8.0
Estonia,EST,1998,3.0,8.0
Estonia,EST,1999,3.0,9.0
Estonia,EST,2000,3.0,9.0
Estonia,EST,2001,3.0,9.0
Estonia,EST,2002,3.0,9.0
Estonia,EST,2003,3.0,9.0
Estonia,EST,2004,3.0,9.0
Estonia,EST,2005,3.0,9.0
Estonia,EST,2006,3.0,9.0
Estonia,EST,2007,3.0,9.0
Estonia,EST,2008,3.0,9.0
Estonia,EST,2009,3.0,9.0
Estonia,EST,2010,3.0,9.0
Estonia,EST,2011,3.0,9.0
Estonia,EST,2012,3.0,9.0
Estonia,EST,2013,3.0,9.0
Estonia,EST,2014,3.0,9.0
Estonia,EST,2015,3.0,9.0
Estonia,EST,2016,3.0,9.0
Estonia,EST,2017,3.0,9.0
Estonia,EST,2018,3.0,9.0
Estonia,EST,2019,3.0,9.0
Estonia,EST,2020,3.0,9.0
Estonia,EST,2021,3.0,9.0
Estonia,EST,2022,3.0,9.0
Estonia,EST,2023,3.0,9.0
Estonia,EST,2024,3.0,9.0
Estonia,EST,2025,3.0,9.0
Fiji,FJI,1900,0.0,0.0
Fiji,FJI,1901,0.0,0.0
Fiji,FJI,1902,0.0,0.0
Fiji,FJI,1903,0.0,0.0
Fiji,FJI,1904,0.0,0.0
Fiji,FJI,1905,0.0,0.0
Fiji,FJI,1906,0.0,0.0
Fiji,FJI,1907,0.0,0.0
Fiji,FJI,1908,0.0,0.0
Fiji,FJI,1909,0.0,0.0
Fiji,FJI,1910,0.0,0.0
Fiji,FJI,1911,0.0,0.0
Fiji,FJI,1912,0.0,0.0
Fiji,FJI,1913,0.0,0.0
Fiji,FJI,1914,0.0,0.0
Fiji,FJI,1915,0.0,0.0
Fiji,FJI,1916,0.0,0.0
Fiji,FJI,1917,0.0,0.0
Fiji,FJI,1918,0.0,0.0
Fiji,FJI,1919,0.0,0.0
Fiji,FJI,1920,0.0,0.0
Fiji,FJI,1921,0.0,0.0
Fiji,FJI,1922,0.0,0.0
Fiji,FJI,1923,0.0,0.0
Fiji,FJI,1924,0.0,0.0
Fiji,FJI,1925,0.0,0.0
Fiji,FJI,1926,0.0,0.0
Fiji,FJI,1927,0.0,0.0
Fiji,FJI,1928,0.0,0.0
Fiji,FJI,1929,0.0,0.0
Fiji,FJI,1930,0.0,0.0
Fiji,FJI,1931,0.0,0.0
Fiji,FJI,1932,0.0,0.0
Fiji,FJI,1933,0.0,0.0
Fiji,FJI,1934,0.0,0.0
Fiji,FJI,1935,0.0,0.0
Fiji,FJI,1936,0.0,0.0
Fiji,FJI,1937,0.0,0.0
Fiji,FJI,1938,0.0,0.0
Fiji,FJI,1939,0.0,0.0
Fiji,FJI,1940,0.0,0.0
Fiji,FJI,1941,0.0,0.0
Fiji,FJI,1942,0.0,0.0
Fiji,FJI,1943,0.0,0.0
Fiji,FJI,1944,0.0,0.0
Fiji,FJI,1945,0.0,0.0
Fiji,FJI,1946,0.0,0.0
Fiji,FJI,1947,0.0,0.0
Fiji,FJI,1948,0.0,0.0
Fiji,FJI,1949,0.0,0.0
Fiji,FJI,1950,0.0,0.0
Fiji,FJI,1951,0.0,0.0
Fiji,FJI,1952,0.0,0.0
Fiji,FJI,1953,0.0,0.0
Fiji,FJI,1954,0.0,0.0
Fiji,FJI,1955,0.0,0.0
Fiji,FJI,1956,0.0,0.0
Fiji,FJI,1957,0.0,0.0
Fiji,FJI,1958,0.0,0.0
Fiji,FJI,1959,0.0,0.0
Fiji,FJI,1960,0.0,0.0
Fiji,FJI,1961,0.0,0.0
Fiji,FJI,1962,0.0,0.0
Fiji,FJI,1963,0.0,0.0
Fiji,FJI,1964,0.0,0.0
Fiji,FJI,1965,0.0,0.0
Fiji,FJI,1966,0.0,0.0
Fiji,FJI,1967,1.0,3.0
Fiji,FJI,1968,1.0,4.0
Fiji,FJI,1969,1.0,4.0
Fiji,FJI,1970,2.0,5.0
Fiji,FJI,1971,2.0,5.0
Fiji,FJI,1972,2.0,5.0
Fiji,FJI,1973,2.0,6.0
Fiji,FJI,1974,2.0,6.0
Fiji,FJI,1975,2.0,6.0
Fiji,FJI,1976,2.0,6.0
Fiji,FJI,1977,2.0,6.0
Fiji,FJI,1978,2.0,6.0
Fiji,FJI,1979,2.0,6.0
Fiji,FJI,1980,2.0,6.0
Fiji,FJI,1981,2.0,6.0
Fiji,FJI,1982,2.0,6.0
Fiji,FJI,1983,2.0,6.0
Fiji,FJI,1984,2.0,6.0
Fiji,FJI,1985,2.0,6.0
Fiji,FJI,1986,2.0,6.0
Fiji,FJI,1987,0.0,0.0
Fiji,FJI,1988,0.0,0.0
Fiji,FJI,1989,0.0,0.0
Fiji,FJI,1990,0.0,0.0
Fiji,FJI,1991,0.0,0.0
Fiji,FJI,1992,1.0,3.0
Fiji,FJI,1993,2.0,5.0
Fiji,FJI,1994,2.0,5.0
Fiji,FJI,1995,2.0,5.0
Fiji,FJI,1996,2.0,5.0
Fiji,FJI,1997,2.0,5.0
Fiji,FJI,1998,2.0,5.0
Fiji,FJI,1999,2.0,5.0
Fiji,FJI,2000,0.0,0.0
Fiji,FJI,2001,0.0,0.0
Fiji,FJI,2002,1.0,3.0
Fiji,FJI,2003,2.0,5.0
Fiji,FJI,2004,2.0,5.0
Fiji,FJI,2005,2.0,5.0
Fiji,FJI,2006,1.0,3.0
Fiji,FJI,2007,0.0,0.0
Fiji,FJI,2008,0.0,0.0
Fiji,FJI,2009,0.0,0.0
Fiji,FJI,2010,0.0,0.0
Fiji,FJI,2011,0.0,0.0
Fiji,FJI,2012,0.0,0.0
Fiji,FJI,2013,0.0,0.0
Fiji,FJI,2014,1.0,3.0
Fiji,FJI,2015,1.0,3.0
Fiji,FJI,2016,1.0,3.0
Fiji,FJI,2017,1.0,3.0
Fiji,FJI,2018,1.0,3.0
Fiji,FJI,2019,1.0,3.0
Fiji,FJI,2020,1.0,3.0
Fiji,FJI,2021,1.0,3.0
Fiji,FJI,2022,1.0,3.0
Fiji,FJI,2023,2.0,5.0
Fiji,FJI,2024,2.0,5.0
Fiji,FJI,2025,2.0,5.0
Finland,FIN,1809,,
Finland,FIN,1810,,
Finland,FIN,1811,,
Finland,FIN,1812,,
Finland,FIN,1813,,
Finland,FIN,1814,,
Finland,FIN,1815,,
Finland,FIN,1816,,
Finland,FIN,1817,,
Finland,FIN,1818,,
Finland,FIN,1819,,
Finland,FIN,1820,,
Finland,FIN,1821,,
Finland,FIN,1822,,
Finland,FIN,1823,,
Finland,FIN,1824,,
Finland,FIN,1825,,
Finland,FIN,1826,,
Finland,FIN,1827,,
Finland,FIN,1828,,
Finland,FIN,1829,,
Finland,FIN,1830,,
Finland,FIN,1831,,
Finland,FIN,1832,,
Finland,FIN,1833,,
Finland,FIN,1834,,
Finland,FIN,1835,,
Finland,FIN,1836,,
Finland,FIN,1837,,
Finland,FIN,1838,,
Finland,FIN,1839,,
Finland,FIN,1840,,
Finland,FIN,1841,,
Finland,FIN,1842,,
Finland,FIN,1843,,
Finland,FIN,1844,,
Finland,FIN,1845,,
Finland,FIN,1846,,
Finland,FIN,1847,,
Finland,FIN,1848,,
Finland,FIN,1849,,
Finland,FIN,1850,,
Finland,FIN,1851,,
Finland,FIN,1852,,
Finland,FIN,1853,,
Finland,FIN,1854,,
Finland,FIN,1855,,
Finland,FIN,1856,,
Finland,FIN,1857,,
Finland,FIN,1858,,
Finland,FIN,1859,,
Finland,FIN,1860,,
Finland,FIN,1861,,
Finland,FIN,1862,,
Finland,FIN,1863,,
Finland,FIN,1864,,
Finland,FIN,1865,,
Finland,FIN,1866,,
Finland,FIN,1867,,
Finland,FIN,1868,,
Finland,FIN,1869,,
Finland,FIN,1870,,
Finland,FIN,1871,,
Finland,FIN,1872,,
Finland,FIN,1873,,
Finland,FIN,1874,,
Finland,FIN,1875,,
Finland,FIN,1876,,
Finland,FIN,1877,,
Finland,FIN,1878,,
Finland,FIN,1879,,
Finland,FIN,1880,,
Finland,FIN,1881,,
Finland,FIN,1882,,
Finland,FIN,1883,,
Finland,FIN,1884,,
Finland,FIN,1885,,
Finland,FIN,1886,,
Finland,FIN,1887,,
Finland,FIN,1888,,
Finland,FIN,1889,,
Finland,FIN,1890,,
Finland,FIN,1891,,
Finland,FIN,1892,,
Finland,FIN,1893,,
Finland,FIN,1894,,
Finland,FIN,1895,,
Finland,FIN,1896,,
Finland,FIN,1897,,
Finland,FIN,1898,,
Finland,FIN,1899,,
Finland,FIN,1900,0.0,0.0
Finland,FIN,1901,0.0,0.0
Finland,FIN,1902,0.0,0.0
Finland,FIN,1903,0.0,0.0
Finland,FIN,1904,0.0,0.0
Finland,FIN,1905,0.0,0.0
Finland,FIN,1906,0.0,0.0
Finland,FIN,1907,0.0,0.0
Finland,FIN,1908,0.0,0.0
Finland,FIN,1909,0.0,0.0
Finland,FIN,1910,0.0,0.0
Finland,FIN,1911,0.0,0.0
Finland,FIN,1912,0.0,0.0
Finland,FIN,1913,0.0,0.0
Finland,FIN,1914,0.0,0.0
Finland,FIN,1915,0.0,0.0
Finland,FIN,1916,0.0,0.0
Finland,FIN,1917,1.0,3.0
Finland,FIN,1918,2.0,5.0
Finland,FIN,1919,2.0,6.0
Finland,FIN,1920,2.0,6.0
Finland,FIN,1921,2.0,6.0
Finland,FIN,1922,2.0,7.0
Finland,FIN,1923,2.0,7.0
Finland,FIN,1924,2.0,7.0
Finland,FIN,1925,2.0,7.0
Finland,FIN,1926,2.0,7.0
Finland,FIN,1927,2.0,7.0
Finland,FIN,1928,2.0,7.0
Finland,FIN,1929,2.0,7.0
Finland,FIN,1930,2.0,7.0
Finland,FIN,1931,2.0,7.0
Finland,FIN,1932,2.0,7.0
Finland,FIN,1933,2.0,7.0
Finland,FIN,1934,2.0,7.0
Finland,FIN,1935,2.0,7.0
Finland,FIN,1936,2.0,7.0
Finland,FIN,1937,2.0,7.0
Finland,FIN,1938,2.0,7.0
Finland,FIN,1939,2.0,5.0
Finland,FIN,1940,2.0,5.0
Finland,FIN,1941,2.0,5.0
Finland,FIN,1942,1.0,4.0
Finland,FIN,1943,1.0,4.0
Finland,FIN,1944,1.0,4.0
Finland,FIN,1945,2.0,7.0
Finland,FIN,1946,2.0,7.0
Finland,FIN,1947,2.0,7.0
Finland,FIN,1948,2.0,7.0
Finland,FIN,1949,3.0,9.0
Finland,FIN,1950,3.0,9.0
Finland,FIN,1951,3.0,9.0
Finland,FIN,1952,3.0,9.0
Finland,FIN,1953,3.0,9.0
Finland,FIN,1954,3.0,9.0
Finland,FIN,1955,3.0,9.0
Finland,FIN,1956,3.0,9.0
Finland,FIN,1957,3.0,9.0
Finland,FIN,1958,3.0,9.0
Finland,FIN,1959,3.0,9.0
Finland,FIN,1960,3.0,9.0
Finland,FIN,1961,3.0,9.0
Finland,FIN,1962,3.0,9.0
Finland,FIN,1963,3.0,9.0
Finland,FIN,1964,3.0,9.0
Finland,FIN,1965,3.0,9.0
Finland,FIN,1966,3.0,9.0
Finland,FIN,1967,3.0,9.0
Finland,FIN,1968,3.0,9.0
Finland,FIN,1969,3.0,9.0
Finland,FIN,1970,3.0,9.0
Finland,FIN,1971,3.0,9.0
Finland,FIN,1972,3.0,9.0
Finland,FIN,1973,3.0,9.0
Finland,FIN,1974,3.0,9.0
Finland,FIN,1975,3.0,9.0
Finland,FIN,1976,3.0,9.0
Finland,FIN,1977,3.0,9.0
Finland,FIN,1978,3.0,9.0
Finland,FIN,1979,3.0,9.0
Finland,FIN,1980,3.0,9.0
Finland,FIN,1981,3.0,9.0
Finland,FIN,1982,3.0,9.0
Finland,FIN,1983,3.0,9.0
Finland,FIN,1984,3.0,9.0
Finland,FIN,1985,3.0,9.0
Finland,FIN,1986,3.0,9.0
Finland,FIN,1987,3.0,9.0
Finland,FIN,1988,3.0,9.0
Finland,FIN,1989,3.0,9.0
Finland,FIN,1990,3.0,9.0
Finland,FIN,1991,3.0,9.0
Finland,FIN,1992,3.0,9.0
Finland,FIN,1993,3.0,9.0
Finland,FIN,1994,3.0,9.0
Finland,FIN,1995,3.0,9.0
Finland,FIN,1996,3.0,9.0
Finland,FIN,1997,3.0,9.0
Finland,FIN,1998,3.0,9.0
Finland,FIN,1999,3.0,9.0
Finland,FIN,2000,3.0,9.0
Finland,FIN,2001,3.0,9.0
Finland,FIN,2002,3.0,9.0
Finland,FIN,2003,3.0,9.0
Finland,FIN,2004,3.0,9.0
Finland,FIN,2005,3.0,9.0
Finland,FIN,2006,3.0,9.0
Finland,FIN,2007,3.0,9.0
Finland,FIN,2008,3.0,9.0
Finland,FIN,2009,3.0,9.0
Finland,FIN,2010,3.0,9.0
Finland,FIN,2011,3.0,9.0
Finland,FIN,2012,3.0,9.0
Finland,FIN,2013,3.0,9.0
Finland,FIN,2014,3.0,9.0
Finland,FIN,2015,3.0,9.0
Finland,FIN,2016,3.0,9.0
Finland,FIN,2017,3.0,9.0
Finland,FIN,2018,3.0,9.0
Finland,FIN,2019,3.0,9.0
Finland,FIN,2020,3.0,9.0
Finland,FIN,2021,3.0,9.0
Finland,FIN,2022,3.0,9.0
Finland,FIN,2023,3.0,9.0
Finland,FIN,2024,3.0,9.0
Finland,FIN,2025,3.0,9.0
Greece,GRC,1822,,
Greece,GRC,1823,,
Greece,GRC,1824,,
Greece,GRC,1825,,
Greece,GRC,1826,,
Greece,GRC,1827,,
Greece,GRC,1828,,
Greece,GRC,1829,,
Greece,GRC,1830,,
Greece,GRC,1831,,
Greece,GRC,1832,,
Greece,GRC,1833,,
Greece,GRC,1834,,
Greece,GRC,1835,,
Greece,GRC,1836,,
Greece,GRC,1837,,
Greece,GRC,1838,,
Greece,GRC,1839,,
Greece,GRC,1840,,
Greece,GRC,1841,,
Greece,GRC,1842,,
Greece,GRC,1843,,
Greece,GRC,1844,,
Greece,GRC,1845,,
Greece,GRC,1846,,
Greece,GRC,1847,,
Greece,GRC,1848,,
Greece,GRC,1849,,
Greece,GRC,1850,,
Greece,GRC,1851,,
Greece,GRC,1852,,
Greece,GRC,1853,,
Greece,GRC,1854,,
Greece,GRC,1855,,
Greece,GRC,1856,,
Greece,GRC,1857,,
Greece,GRC,1858,,
Greece,GRC,1859,,
Greece,GRC,1860,,
Greece,GRC,1861,,
Greece,GRC,1862,,
Greece,GRC,1863,,
Greece,GRC,1864,,
Greece,GRC,1865,,
Greece,GRC,1866,,
Greece,GRC,1867,,
Greece,GRC,1868,,
Greece,GRC,1869,,
Greece,GRC,1870,,
Greece,GRC,1871,,
Greece,GRC,1872,,
Greece,GRC,1873,,
Greece,GRC,1874,,
Greece,GRC,1875,,
Greece,GRC,1876,,
Greece,GRC,1877,,
Greece,GRC,1878,,
Greece,GRC,1879,,
Greece,GRC,1880,,
Greece,GRC,1881,,
Greece,GRC,1882,,
Greece,GRC,1883,,
Greece,GRC,1884,,
Greece,GRC,1885,,
Greece,GRC,1886,,
Greece,GRC,1887,,
Greece,GRC,1888,,
Greece,GRC,1889,,
Greece,GRC,1890,,
Greece,GRC,1891,,
Greece,GRC,1892,,
Greece,GRC,1893,,
Greece,GRC,1894,,
Greece,GRC,1895,,
Greece,GRC,1896,,
Greece,GRC,1897,,
Greece,GRC,1898,,
Greece,GRC,1899,,
Greece,GRC,1900,1.0,3.0
Greece,GRC,1901,1.0,3.0
Greece,GRC,1902,1.0,3.0
Greece,GRC,1903,1.0,3.0
Greece,GRC,1904,1.0,3.0
Greece,GRC,1905,1.0,3.0
Greece,GRC,1906,1.0,3.0
Greece,GRC,1907,1.0,3.0
Greece,GRC,1908,1.0,3.0
Greece,GRC,1909,1.0,3.0
Greece,GRC,1910,1.0,3.0
Greece,GRC,1911,1.0,3.0
Greece,GRC,1912,1.0,3.0
Greece,GRC,1913,1.0,3.0
Greece,GRC,1914,1.0,3.0
Greece,GRC,1915,1.0,3.0
Greece,GRC,1916,0.0,0.0
Greece,GRC,1917,0.0,0.0
Greece,GRC,1918,,
Greece,GRC,1919,,
Greece,GRC,1920,1.0,3.0
Greece,GRC,1921,1.0,3.0
Greece,GRC,1922,1.0,3.0
Greece,GRC,1923,0.0,0.0
Greece,GRC,1924,1.0,3.0
Greece,GRC,1925,1.0,3.0
Greece,GRC,1926,1.0,3.0
Greece,GRC,1927,1.0,3.0
Greece,GRC,1928,1.0,3.0
Greece,GRC,1929,1.0,3.0
Greece,GRC,1930,1.0,3.0
Greece,GRC,1931,1.0,3.0
Greece,GRC,1932,1.0,3.0
Greece,GRC,1933,1.0,3.0
Greece,GRC,1934,1.0,3.0
Greece,GRC,1935,0.0,0.0
Greece,GRC,1936,0.0,0.0
Greece,GRC,1937,0.0,0.0
Greece,GRC,1938,0.0,0.0
Greece,GRC,1939,0.0,0.0
Greece,GRC,1940,0.0,0.0
Greece,GRC,1941,0.0,0.0
Greece,GRC,1942,0.0,0.0
Greece,GRC,1943,0.0,0.0
Greece,GRC,1944,0.0,0.0
Greece,GRC,1945,0.0,0.0
Greece,GRC,1946,0.0,0.0
Greece,GRC,1947,1.0,3.0
Greece,GRC,1948,1.0,3.0
Greece,GRC,1949,1.0,3.0
Greece,GRC,1950,1.0,3.0
Greece,GRC,1951,1.0,3.0
Greece,GRC,1952,1.0,3.0
Greece,GRC,1953,1.0,3.0
Greece,GRC,1954,1.0,3.0
Greece,GRC,1955,1.0,3.0
Greece,GRC,1956,1.0,3.0
Greece,GRC,1957,1.0,3.0
Greece,GRC,1958,1.0,3.0
Greece,GRC,1959,1.0,3.0
Greece,GRC,1960,1.0,3.0
Greece,GRC,1961,1.0,3.0
Greece,GRC,1962,1.0,3.0
Greece,GRC,1963,1.0,3.0
Greece,GRC,1964,1.0,3.0
Greece,GRC,1965,1.0,3.0
Greece,GRC,1966,1.0,3.0
Greece,GRC,1967,0.0,0.0
Greece,GRC,1968,0.0,0.0
Greece,GRC,1969,0.0,0.0
Greece,GRC,1970,0.0,0.0
Greece,GRC,1971,0.0,0.0
Greece,GRC,1972,0.0,0.0
Greece,GRC,1973,0.0,0.0
Greece,GRC,1974,1.0,3.0
Greece,GRC,1975,2.0,7.0
Greece,GRC,1976,3.0,8.0
Greece,GRC,1977,3.0,8.0
Greece,GRC,1978,3.0,8.0
Greece,GRC,1979,3.0,8.0
Greece,GRC,1980,3.0,8.0
Greece,GRC,1981,3.0,8.0
Greece,GRC,1982,3.0,9.0
Greece,GRC,1983,3.0,9.0
Greece,GRC,1984,3.0,9.0
Greece,GRC,1985,3.0,9.0
Greece,GRC,1986,3.0,9.0
Greece,GRC,1987,3.0,9.0
Greece,GRC,1988,3.0,9.0
Greece,GRC,1989,3.0,9.0
Greece,GRC,1990,3.0,9.0
Greece,GRC,1991,3.0,9.0
Greece,GRC,1992,3.0,9.0
Greece,GRC,1993,3.0,9.0
Greece,GRC,1994,3.0,9.0
Greece,GRC,1995,3.0,9.0
Greece,GRC,1996,3.0,9.0
Greece,GRC,1997,3.0,9.0
Greece,GRC,1998,3.0,9.0
Greece,GRC,1999,3.0,9.0
Greece,GRC,2000,3.0,9.0
Greece,GRC,2001,3.0,9.0
Greece,GRC,2002,3.0,9.0
Greece,GRC,2003,3.0,9.0
Greece,GRC,2004,3.0,9.0
Greece,GRC,2005,3.0,9.0
Greece,GRC,2006,3.0,9.0
Greece,GRC,2007,3.0,9.0
Greece,GRC,2008,3.0,9.0
Greece,GRC,2009,3.0,9.0
Greece,GRC,2010,3.0,9.0
Greece,GRC,2011,3.0,9.0
Greece,GRC,2012,3.0,9.0
Greece,GRC,2013,3.0,9.0
Greece,GRC,2014,3.0,9.0
Greece,GRC,2015,3.0,8.0
Greece,GRC,2016,3.0,8.0
Greece,GRC,2017,3.0,8.0
Greece,GRC,2018,3.0,8.0
Greece,GRC,2019,3.0,8.0
Greece,GRC,2020,2.0,7.0
Greece,GRC,2021,2.0,7.0
Greece,GRC,2022,2.0,7.0
Greece,GRC,2023,2.0,6.0
Greece,GRC,2024,2.0,6.0
Greece,GRC,2025,2.0,6.0
Guyana,GUY,1900,0.0,0.0
Guyana,GUY,1901,0.0,0.0
Guyana,GUY,1902,0.0,0.0
Guyana,GUY,1903,0.0,0.0
Guyana,GUY,1904,0.0,0.0
Guyana,GUY,1905,0.0,0.0
Guyana,GUY,1906,0.0,0.0
Guyana,GUY,1907,0.0,0.0
Guyana,GUY,1908,0.0,0.0
Guyana,GUY,1909,0.0,0.0
Guyana,GUY,1910,0.0,0.0
Guyana,GUY,1911,0.0,0.0
Guyana,GUY,1912,0.0,0.0
Guyana,GUY,1913,0.0,0.0
Guyana,GUY,1914,0.0,0.0
Guyana,GUY,1915,0.0,0.0
Guyana,GUY,1916,0.0,0.0
Guyana,GUY,1917,0.0,0.0
Guyana,GUY,1918,0.0,0.0
Guyana,GUY,1919,0.0,0.0
Guyana,GUY,1920,0.0,0.0
Guyana,GUY,1921,0.0,0.0
Guyana,GUY,1922,0.0,0.0
Guyana,GUY,1923,0.0,0.0
Guyana,GUY,1924,0.0,0.0
Guyana,GUY,1925,0.0,0.0
Guyana,GUY,1926,0.0,0.0
Guyana,GUY,1927,0.0,0.0
Guyana,GUY,1928,0.0,0.0
Guyana,GUY,1929,0.0,0.0
Guyana,GUY,1930,0.0,0.0
Guyana,GUY,1931,0.0,0.0
Guyana,GUY,1932,0.0,0.0
Guyana,GUY,1933,0.0,0.0
Guyana,GUY,1934,0.0,0.0
Guyana,GUY,1935,0.0,0.0
Guyana,GUY,1936,0.0,0.0
Guyana,GUY,1937,0.0,0.0
Guyana,GUY,1938,0.0,0.0
Guyana,GUY,1939,0.0,0.0
Guyana,GUY,1940,0.0,0.0
Guyana,GUY,1941,0.0,0.0
Guyana,GUY,1942,0.0,0.0
Guyana,GUY,1943,0.0,0.0
Guyana,GUY,1944,0.0,0.0
Guyana,GUY,1945,0.0,0.0
Guyana,GUY,1946,0.0,0.0
Guyana,GUY,1947,0.0,0.0
Guyana,GUY,1948,0.0,0.0
Guyana,GUY,1949,0.0,0.0
Guyana,GUY,1950,0.0,0.0
Guyana,GUY,1951,0.0,0.0
Guyana,GUY,1952,0.0,0.0
Guyana,GUY,1953,0.0,0.0
Guyana,GUY,1954,0.0,0.0
Guyana,GUY,1955,0.0,0.0
Guyana,GUY,1956,0.0,0.0
Guyana,GUY,1957,0.0,0.0
Guyana,GUY,1958,0.0,0.0
Guyana,GUY,1959,0.0,0.0
Guyana,GUY,1960,0.0,0.0
Guyana,GUY,1961,0.0,0.0
Guyana,GUY,1962,0.0,0.0
Guyana,GUY,1963,0.0,0.0
Guyana,GUY,1964,0.0,0.0
Guyana,GUY,1965,0.0,0.0
Guyana,GUY,1966,1.0,3.0
Guyana,GUY,1967,1.0,3.0
Guyana,GUY,1968,1.0,3.0
Guyana,GUY,1969,1.0,3.0
Guyana,GUY,1970,1.0,3.0
Guyana,GUY,1971,1.0,3.0
Guyana,GUY,1972,1.0,3.0
Guyana,GUY,1973,1.0,3.0
Guyana,GUY,1974,1.0,3.0
Guyana,GUY,1975,1.0,3.0
Guyana,GUY,1976,1.0,3.0
Guyana,GUY,1977,1.0,3.0
Guyana,GUY,1978,1.0,3.0
Guyana,GUY,1979,1.0,3.0
Guyana,GUY,1980,1.0,3.0
Guyana,GUY,1981,1.0,3.0
Guyana,GUY,1982,1.0,3.0
Guyana,GUY,1983,1.0,3.0
Guyana,GUY,1984,1.0,3.0
Guyana,GUY,1985,1.0,3.0
Guyana,GUY,1986,1.0,3.0
Guyana,GUY,1987,1.0,3.0
Guyana,GUY,1988,1.0,3.0
Guyana,GUY,1989,1.0,3.0
Guyana,GUY,1990,1.0,3.0
Guyana,GUY,1991,1.0,3.0
Guyana,GUY,1992,1.0,3.0
Guyana,GUY,1993,1.0,3.0
Guyana,GUY,1994,1.0,3.0
Guyana,GUY,1995,1.0,3.0
Guyana,GUY,1996,1.0,3.0
Guyana,GUY,1997,1.0,4.0
Guyana,GUY,1998,2.0,5.0
Guyana,GUY,1999,2.0,5.0
Guyana,GUY,2000,2.0,5.0
Guyana,GUY,2001,2.0,5.0
Guyana,GUY,2002,2.0,6.0
Guyana,GUY,2003,2.0,6.0
Guyana,GUY,2004,2.0,6.0
Guyana,GUY,2005,2.0,6.0
Guyana,GUY,2006,2.0,6.0
Guyana,GUY,2007,2.0,6.0
Guyana,GUY,2008,2.0,6.0
Guyana,GUY,2009,2.0,6.0
Guyana,GUY,2010,2.0,6.0
Guyana,GUY,2011,2.0,6.0
Guyana,GUY,2012,2.0,6.0
Guyana,GUY,2013,2.0,6.0
Guyana,GUY,2014,2.0,6.0
Guyana,GUY,2015,2.0,6.0
Guyana,GUY,2016,2.0,6.0
Guyana,GUY,2017,2.0,6.0
Guyana,GUY,2018,2.0,6.0
Guyana,GUY,2019,2.0,6.0
Guyana,GUY,2020,2.0,5.0
Guyana,GUY,2021,1.0,4.0
Guyana,GUY,2022,1.0,4.0
Guyana,GUY,2023,1.0,4.0
Guyana,GUY,2024,1.0,4.0
Guyana,GUY,2025,2.0,5.0
Hong Kong,HKG,1900,0.0,0.0
Hong Kong,HKG,1901,0.0,0.0
Hong Kong,HKG,1902,0.0,0.0
Hong Kong,HKG,1903,0.0,0.0
Hong Kong,HKG,1904,0.0,0.0
Hong Kong,HKG,1905,0.0,0.0
Hong Kong,HKG,1906,0.0,0.0
Hong Kong,HKG,1907,0.0,0.0
Hong Kong,HKG,1908,0.0,0.0
Hong Kong,HKG,1909,0.0,0.0
Hong Kong,HKG,1910,0.0,0.0
Hong Kong,HKG,1911,0.0,0.0
Hong Kong,HKG,1912,0.0,0.0
Hong Kong,HKG,1913,0.0,0.0
Hong Kong,HKG,1914,0.0,0.0
Hong Kong,HKG,1915,0.0,0.0
Hong Kong,HKG,1916,0.0,0.0
Hong Kong,HKG,1917,0.0,0.0
Hong Kong,HKG,1918,0.0,0.0
Hong Kong,HKG,1919,0.0,0.0
Hong Kong,HKG,1920,0.0,0.0
Hong Kong,HKG,1921,0.0,0.0
Hong Kong,HKG,1922,0.0,0.0
Hong Kong,HKG,1923,0.0,0.0
Hong Kong,HKG,1924,0.0,0.0
Hong Kong,HKG,1925,0.0,0.0
Hong Kong,HKG,1926,0.0,0.0
Hong Kong,HKG,1927,0.0,0.0
Hong Kong,HKG,1928,0.0,0.0
Hong Kong,HKG,1929,0.0,0.0
Hong Kong,HKG,1930,0.0,0.0
Hong Kong,HKG,1931,0.0,0.0
Hong Kong,HKG,1932,0.0,0.0
Hong Kong,HKG,1933,0.0,0.0
Hong Kong,HKG,1934,0.0,0.0
Hong Kong,HKG,1935,0.0,0.0
Hong Kong,HKG,1936,0.0,0.0
Hong Kong,HKG,1937,0.0,0.0
Hong Kong,HKG,1938,0.0,0.0
Hong Kong,HKG,1939,0.0,0.0
Hong Kong,HKG,1940,0.0,0.0
Hong Kong,HKG,1941,0.0,0.0
Hong Kong,HKG,1942,0.0,0.0
Hong Kong,HKG,1943,0.0,0.0
Hong Kong,HKG,1944,0.0,0.0
Hong Kong,HKG,1945,0.0,0.0
Hong Kong,HKG,1946,0.0,0.0
Hong Kong,HKG,1947,0.0,0.0
Hong Kong,HKG,1948,0.0,0.0
Hong Kong,HKG,1949,0.0,0.0
Hong Kong,HKG,1950,0.0,0.0
Hong Kong,HKG,1951,0.0,0.0
Hong Kong,HKG,1952,0.0,0.0
Hong Kong,HKG,1953,0.0,0.0
Hong Kong,HKG,1954,0.0,0.0
Hong Kong,HKG,1955,0.0,0.0
Hong Kong,HKG,1956,0.0,0.0
Hong Kong,HKG,1957,0.0,0.0
Hong Kong,HKG,1958,0.0,0.0
Hong Kong,HKG,1959,0.0,0.0
Hong Kong,HKG,1960,0.0,0.0
Hong Kong,HKG,1961,0.0,0.0
Hong Kong,HKG,1962,0.0,0.0
Hong Kong,HKG,1963,0.0,0.0
Hong Kong,HKG,1964,0.0,0.0
Hong Kong,HKG,1965,0.0,0.0
Hong Kong,HKG,1966,0.0,0.0
Hong Kong,HKG,1967,0.0,0.0
Hong Kong,HKG,1968,0.0,0.0
Hong Kong,HKG,1969,0.0,0.0
Hong Kong,HKG,1970,0.0,0.0
Hong Kong,HKG,1971,0.0,0.0
Hong Kong,HKG,1972,0.0,0.0
Hong Kong,HKG,1973,0.0,0.0
Hong Kong,HKG,1974,0.0,0.0
Hong Kong,HKG,1975,0.0,0.0
Hong Kong,HKG,1976,0.0,0.0
Hong Kong,HKG,1977,0.0,0.0
Hong Kong,HKG,1978,0.0,0.0
Hong Kong,HKG,1979,0.0,0.0
Hong Kong,HKG,1980,0.0,0.0
Hong Kong,HKG,1981,0.0,0.0
Hong Kong,HKG,1982,0.0,0.0
Hong Kong,HKG,1983,0.0,0.0
Hong Kong,HKG,1984,0.0,0.0
Hong Kong,HKG,1985,0.0,0.0
Hong Kong,HKG,1986,0.0,0.0
Hong Kong,HKG,1987,0.0,0.0
Hong Kong,HKG,1988,0.0,0.0
Hong Kong,HKG,1989,0.0,0.0
Hong Kong,HKG,1990,0.0,0.0
Hong Kong,HKG,1991,0.0,0.0
Hong Kong,HKG,1992,0.0,0.0
Hong Kong,HKG,1993,0.0,0.0
Hong Kong,HKG,1994,0.0,0.0
Hong Kong,HKG,1995,0.0,0.0
Hong Kong,HKG,1996,0.0,0.0
Hong Kong,HKG,1997,0.0,0.0
Hong Kong,HKG,1998,0.0,0.0
Hong Kong,HKG,1999,0.0,0.0
Hong Kong,HKG,2000,0.0,0.0
Hong Kong,HKG,2001,0.0,0.0
Hong Kong,HKG,2002,0.0,0.0
Hong Kong,HKG,2003,0.0,0.0
Hong Kong,HKG,2004,0.0,0.0
Hong Kong,HKG,2005,0.0,0.0
Hong Kong,HKG,2006,0.0,0.0
Hong Kong,HKG,2007,0.0,0.0
Hong Kong,HKG,2008,0.0,0.0
Hong Kong,HKG,2009,0.0,0.0
Hong Kong,HKG,2010,0.0,0.0
Hong Kong,HKG,2011,0.0,0.0
Hong Kong,HKG,2012,0.0,0.0
Hong Kong,HKG,2013,0.0,0.0
Hong Kong,HKG,2014,0.0,0.0
Hong Kong,HKG,2015,0.0,0.0
Hong Kong,HKG,2016,0.0,0.0
Hong Kong,HKG,2017,0.0,0.0
Hong Kong,HKG,2018,0.0,0.0
Hong Kong,HKG,2019,0.0,0.0
Hong Kong,HKG,2020,0.0,0.0
Hong Kong,HKG,2021,0.0,0.0
Hong Kong,HKG,2022,0.0,0.0
Hong Kong,HKG,2023,0.0,0.0
Hong Kong,HKG,2024,0.0,0.0
Hong Kong,HKG,2025,0.0,0.0
Iceland,ISL,1900,0.0,0.0
Iceland,ISL,1901,0.0,0.0
Iceland,ISL,1902,0.0,0.0
Iceland,ISL,1903,0.0,0.0
Iceland,ISL,1904,2.0,5.0
Iceland,ISL,1905,2.0,7.0
Iceland,ISL,1906,2.0,7.0
Iceland,ISL,1907,2.0,7.0
Iceland,ISL,1908,2.0,7.0
Iceland,ISL,1909,2.0,7.0
Iceland,ISL,1910,2.0,7.0
Iceland,ISL,1911,2.0,7.0
Iceland,ISL,1912,2.0,7.0
Iceland,ISL,1913,2.0,7.0
Iceland,ISL,1914,2.0,7.0
Iceland,ISL,1915,2.0,7.0
Iceland,ISL,1916,2.0,7.0
Iceland,ISL,1917,2.0,7.0
Iceland,ISL,1918,2.0,7.0
Iceland,ISL,1919,2.0,7.0
Iceland,ISL,1920,3.0,8.0
Iceland,ISL,1921,3.0,8.0
Iceland,ISL,1922,3.0,8.0
Iceland,ISL,1923,3.0,8.0
Iceland,ISL,1924,3.0,8.0
Iceland,ISL,1925,3.0,8.0
Iceland,ISL,1926,3.0,8.0
Iceland,ISL,1927,3.0,8.0
Iceland,ISL,1928,3.0,8.0
Iceland,ISL,1929,3.0,8.0
Iceland,ISL,1930,2.0,7.0
Iceland,ISL,1931,2.0,7.0
Iceland,ISL,1932,2.0,7.0
Iceland,ISL,1933,2.0,7.0
Iceland,ISL,1934,2.0,7.0
Iceland,ISL,1935,2.0,7.0
Iceland,ISL,1936,2.0,7.0
Iceland,ISL,1937,2.0,7.0
Iceland,ISL,1938,2.0,7.0
Iceland,ISL,1939,2.0,7.0
Iceland,ISL,1940,2.0,7.0
Iceland,ISL,1941,2.0,7.0
Iceland,ISL,1942,2.0,7.0
Iceland,ISL,1943,2.0,7.0
Iceland,ISL,1944,3.0,8.0
Iceland,ISL,1945,3.0,8.0
Iceland,ISL,1946,3.0,8.0
Iceland,ISL,1947,3.0,8.0
Iceland,ISL,1948,3.0,8.0
Iceland,ISL,1949,3.0,8.0
Iceland,ISL,1950,3.0,8.0
Iceland,ISL,1951,3.0,8.0
Iceland,ISL,1952,3.0,8.0
Iceland,ISL,1953,3.0,8.0
Iceland,ISL,1954,3.0,8.0
Iceland,ISL,1955,3.0,8.0
Iceland,ISL,1956,3.0,8.0
Iceland,ISL,1957,3.0,8.0
Iceland,ISL,1958,3.0,8.0
Iceland,ISL,1959,3.0,8.0
Iceland,ISL,1960,3.0,8.0
Iceland,ISL,1961,3.0,8.0
Iceland,ISL,1962,3.0,8.0
Iceland,ISL,1963,3.0,8.0
Iceland,ISL,1964,3.0,8.0
Iceland,ISL,1965,3.0,8.0
Iceland,ISL,1966,3.0,8.0
Iceland,ISL,1967,3.0,8.0
Iceland,ISL,1968,3.0,8.0
Iceland,ISL,1969,3.0,8.0
Iceland,ISL,1970,3.0,8.0
Iceland,ISL,1971,3.0,8.0
Iceland,ISL,1972,3.0,8.0
Iceland,ISL,1973,3.0,8.0
Iceland,ISL,1974,3.0,8.0
Iceland,ISL,1975,3.0,8.0
Iceland,ISL,1976,3.0,8.0
Iceland,ISL,1977,3.0,8.0
Iceland,ISL,1978,3.0,8.0
Iceland,ISL,1979,3.0,8.0
Iceland,ISL,1980,3.0,8.0
Iceland,ISL,1981,3.0,8.0
Iceland,ISL,1982,3.0,8.0
Iceland,ISL,1983,3.0,8.0
Iceland,ISL,1984,3.0,8.0
Iceland,ISL,1985,3.0,8.0
Iceland,ISL,1986,3.0,8.0
Iceland,ISL,1987,3.0,8.0
Iceland,ISL,1988,3.0,8.0
Iceland,ISL,1989,3.0,8.0
Iceland,ISL,1990,3.0,8.0
Iceland,ISL,1991,3.0,8.0
Iceland,ISL,1992,3.0,8.0
Iceland,ISL,1993,3.0,8.0
Iceland,ISL,1994,3.0,8.0
Iceland,ISL,1995,3.0,9.0
Iceland,ISL,1996,3.0,9.0
Iceland,ISL,1997,3.0,9.0
Iceland,ISL,1998,3.0,9.0
Iceland,ISL,1999,3.0,9.0
Iceland,ISL,2000,3.0,9.0
Iceland,ISL,2001,3.0,9.0
Iceland,ISL,2002,3.0,9.0
Iceland,ISL,2003,3.0,9.0
Iceland,ISL,2004,3.0,9.0
Iceland,ISL,2005,3.0,9.0
Iceland,ISL,2006,3.0,9.0
Iceland,ISL,2007,3.0,9.0
Iceland,ISL,2008,3.0,9.0
Iceland,ISL,2009,3.0,9.0
Iceland,ISL,2010,3.0,9.0
Iceland,ISL,2011,3.0,9.0
Iceland,ISL,2012,3.0,9.0
Iceland,ISL,2013,3.0,9.0
Iceland,ISL,2014,3.0,9.0
Iceland,ISL,2015,3.0,9.0
Iceland,ISL,2016,3.0,9.0
Iceland,ISL,2017,3.0,9.0
Iceland,ISL,2018,3.0,9.0
Iceland,ISL,2019,3.0,9.0
Iceland,ISL,2020,3.0,9.0
Iceland,ISL,2021,3.0,9.0
Iceland,ISL,2022,3.0,9.0
Iceland,ISL,2023,3.0,9.0
Iceland,ISL,2024,3.0,9.0
Iceland,ISL,2025,3.0,9.0
Israel,ISR,1948,0.0,0.0
Israel,ISR,1949,2.0,7.0
Israel,ISR,1950,2.0,7.0
Israel,ISR,1951,2.0,7.0
Israel,ISR,1952,2.0,7.0
Israel,ISR,1953,2.0,7.0
Israel,ISR,1954,2.0,7.0
Israel,ISR,1955,2.0,7.0
Israel,ISR,1956,2.0,7.0
Israel,ISR,1957,2.0,7.0
Israel,ISR,1958,2.0,7.0
Israel,ISR,1959,2.0,7.0
Israel,ISR,1960,2.0,7.0
Israel,ISR,1961,2.0,7.0
Israel,ISR,1962,2.0,7.0
Israel,ISR,1963,2.0,7.0
Israel,ISR,1964,2.0,7.0
Israel,ISR,1965,2.0,7.0
Israel,ISR,1966,3.0,8.0
Israel,ISR,1967,3.0,8.0
Israel,ISR,1968,3.0,8.0
Israel,ISR,1969,3.0,8.0
Israel,ISR,1970,3.0,8.0
Israel,ISR,1971,3.0,8.0
Israel,ISR,1972,3.0,8.0
Israel,ISR,1973,3.0,8.0
Israel,ISR,1974,3.0,8.0
Israel,ISR,1975,3.0,8.0
Israel,ISR,1976,3.0,9.0
Israel,ISR,1977,3.0,9.0
Israel,ISR,1978,3.0,9.0
Israel,ISR,1979,3.0,9.0
Israel,ISR,1980,3.0,9.0
Israel,ISR,1981,3.0,9.0
Israel,ISR,1982,3.0,9.0
Israel,ISR,1983,3.0,9.0
Israel,ISR,1984,3.0,9.0
Israel,ISR,1985,3.0,9.0
Israel,ISR,1986,3.0,9.0
Israel,ISR,1987,3.0,9.0
Israel,ISR,1988,3.0,9.0
Israel,ISR,1989,3.0,9.0
Israel,ISR,1990,3.0,9.0
Israel,ISR,1991,3.0,9.0
Israel,ISR,1992,3.0,9.0
Israel,ISR,1993,3.0,9.0
Israel,ISR,1994,3.0,9.0
Israel,ISR,1995,3.0,9.0
Israel,ISR,1996,3.0,9.0
Israel,ISR,1997,3.0,9.0
Israel,ISR,1998,3.0,9.0
Israel,ISR,1999,3.0,9.0
Israel,ISR,2000,3.0,9.0
Israel,ISR,2001,3.0,9.0
Israel,ISR,2002,3.0,9.0
Israel,ISR,2003,3.0,9.0
Israel,ISR,2004,3.0,9.0
Israel,ISR,2005,3.0,9.0
Israel,ISR,2006,3.0,9.0
Israel,ISR,2007,3.0,9.0
Israel,ISR,2008,3.0,9.0
Israel,ISR,2009,3.0,9.0
Israel,ISR,2010,3.0,9.0
Israel,ISR,2011,3.0,9.0
Israel,ISR,2012,3.0,9.0
Israel,ISR,2013,3.0,9.0
Israel,ISR,2014,3.0,9.0
Israel,ISR,2015,3.0,9.0
Israel,ISR,2016,3.0,9.0
Israel,ISR,2017,3.0,9.0
Israel,ISR,2018,3.0,9.0
Israel,ISR,2019,3.0,9.0
Israel,ISR,2020,3.0,9.0
Israel,ISR,2021,3.0,9.0
Israel,ISR,2022,3.0,9.0
Israel,ISR,2023,2.0,7.0
Israel,ISR,2024,2.0,7.0
Israel,ISR,2025,2.0,7.0
Kuwait,KWT,1789,,
Kuwait,KWT,1790,,
Kuwait,KWT,1791,,
Kuwait,KWT,1792,,
Kuwait,KWT,1793,,
Kuwait,KWT,1794,,
Kuwait,KWT,1795,,
Kuwait,KWT,1796,,
Kuwait,KWT,1797,,
Kuwait,KWT,1798,,
Kuwait,KWT,1799,,
Kuwait,KWT,1800,,
Kuwait,KWT,1801,,
Kuwait,KWT,1802,,
Kuwait,KWT,1803,,
Kuwait,KWT,1804,,
Kuwait,KWT,1805,,
Kuwait,KWT,1806,,
Kuwait,KWT,1807,,
Kuwait,KWT,1808,,
Kuwait,KWT,1809,,
Kuwait,KWT,1810,,
Kuwait,KWT,1811,,
Kuwait,KWT,1812,,
Kuwait,KWT,1813,,
Kuwait,KWT,1814,,
Kuwait,KWT,1815,,
Kuwait,KWT,1816,,
Kuwait,KWT,1817,,
Kuwait,KWT,1818,,
Kuwait,KWT,1819,,
Kuwait,KWT,1820,,
Kuwait,KWT,1821,,
Kuwait,KWT,1822,,
Kuwait,KWT,1823,,
Kuwait,KWT,1824,,
Kuwait,KWT,1825,,
Kuwait,KWT,1826,,
Kuwait,KWT,1827,,
Kuwait,KWT,1828,,
Kuwait,KWT,1829,,
Kuwait,KWT,1830,,
Kuwait,KWT,1831,,
Kuwait,KWT,1832,,
Kuwait,KWT,1833,,
Kuwait,KWT,1834,,
Kuwait,KWT,1835,,
Kuwait,KWT,1836,,
Kuwait,KWT,1837,,
Kuwait,KWT,1838,,
Kuwait,KWT,1839,,
Kuwait,KWT,1840,,
Kuwait,KWT,1841,,
Kuwait,KWT,1842,,
Kuwait,KWT,1843,,
Kuwait,KWT,1844,,
Kuwait,KWT,1845,,
Kuwait,KWT,1846,,
Kuwait,KWT,1847,,
Kuwait,KWT,1848,,
Kuwait,KWT,1849,,
Kuwait,KWT,1850,,
Kuwait,KWT,1851,,
Kuwait,KWT,1852,,
Kuwait,KWT,1853,,
Kuwait,KWT,1854,,
Kuwait,KWT,1855,,
Kuwait,KWT,1856,,
Kuwait,KWT,1857,,
Kuwait,KWT,1858,,
Kuwait,KWT,1859,,
Kuwait,KWT,1860,,
Kuwait,KWT,1861,,
Kuwait,KWT,1862,,
Kuwait,KWT,1863,,
Kuwait,KWT,1864,,
Kuwait,KWT,1865,,
Kuwait,KWT,1866,,
Kuwait,KWT,1867,,
Kuwait,KWT,1868,,
Kuwait,KWT,1869,,
Kuwait,KWT,1870,,
Kuwait,KWT,1871,,
Kuwait,KWT,1872,,
Kuwait,KWT,1873,,
Kuwait,KWT,1874,,
Kuwait,KWT,1875,,
Kuwait,KWT,1876,,
Kuwait,KWT,1877,,
Kuwait,KWT,1878,,
Kuwait,KWT,1879,,
Kuwait,KWT,1880,,
Kuwait,KWT,1881,,
Kuwait,KWT,1882,,
Kuwait,KWT,1883,,
Kuwait,KWT,1884,,
Kuwait,KWT,1885,,
Kuwait,KWT,1886,,
Kuwait,KWT,1887,,
Kuwait,KWT,1888,,
Kuwait,KWT,1889,,
Kuwait,KWT,1890,,
Kuwait,KWT,1891,,
Kuwait,KWT,1892,,
Kuwait,KWT,1893,,
Kuwait,KWT,1894,,
Kuwait,KWT,1895,,
Kuwait,KWT,1896,,
Kuwait,KWT,1897,,
Kuwait,KWT,1898,,
Kuwait,KWT,1899,,
Kuwait,KWT,1900,0.0,0.0
Kuwait,KWT,1901,0.0,0.0
Kuwait,KWT,1902,0.0,0.0
Kuwait,KWT,1903,0.0,0.0
Kuwait,KWT,1904,0.0,0.0
Kuwait,KWT,1905,0.0,0.0
Kuwait,KWT,1906,0.0,0.0
Kuwait,KWT,1907,0.0,0.0
Kuwait,KWT,1908,0.0,0.0
Kuwait,KWT,1909,0.0,0.0
Kuwait,KWT,1910,0.0,0.0
Kuwait,KWT,1911,0.0,0.0
Kuwait,KWT,1912,0.0,0.0
Kuwait,KWT,1913,0.0,0.0
Kuwait,KWT,1914,0.0,0.0
Kuwait,KWT,1915,0.0,0.0
Kuwait,KWT,1916,0.0,0.0
Kuwait,KWT,1917,0.0,0.0
Kuwait,KWT,1918,0.0,0.0
Kuwait,KWT,1919,0.0,0.0
Kuwait,KWT,1920,0.0,0.0
Kuwait,KWT,1921,0.0,0.0
Kuwait,KWT,1922,0.0,0.0
Kuwait,KWT,1923,0.0,0.0
Kuwait,KWT,1924,0.0,0.0
Kuwait,KWT,1925,0.0,0.0
Kuwait,KWT,1926,0.0,0.0
Kuwait,KWT,1927,0.0,0.0
Kuwait,KWT,1928,0.0,0.0
Kuwait,KWT,1929,0.0,0.0
Kuwait,KWT,1930,0.0,0.0
Kuwait,KWT,1931,0.0,0.0
Kuwait,KWT,1932,0.0,0.0
Kuwait,KWT,1933,0.0,0.0
Kuwait,KWT,1934,0.0,0.0
Kuwait,KWT,1935,0.0,0.0
Kuwait,KWT,1936,0.0,0.0
Kuwait,KWT,1937,0.0,0.0
Kuwait,KWT,1938,0.0,0.0
Kuwait,KWT,1939,0.0,0.0
Kuwait,KWT,1940,0.0,0.0
Kuwait,KWT,1941,0.0,0.0
Kuwait,KWT,1942,0.0,0.0
Kuwait,KWT,1943,0.0,0.0
Kuwait,KWT,1944,0.0,0.0
Kuwait,KWT,1945,0.0,0.0
Kuwait,KWT,1946,0.0,0.0
Kuwait,KWT,1947,0.0,0.0
Kuwait,KWT,1948,0.0,0.0
Kuwait,KWT,1949,0.0,0.0
Kuwait,KWT,1950,0.0,0.0
Kuwait,KWT,1951,0.0,0.0
Kuwait,KWT,1952,0.0,0.0
Kuwait,KWT,1953,0.0,0.0
Kuwait,KWT,1954,0.0,0.0
Kuwait,KWT,1955,0.0,0.0
Kuwait,KWT,1956,0.0,0.0
Kuwait,KWT,1957,0.0,0.0
Kuwait,KWT,1958,0.0,0.0
Kuwait,KWT,1959,0.0,0.0
Kuwait,KWT,1960,0.0,0.0
Kuwait,KWT,1961,0.0,0.0
Kuwait,KWT,1962,0.0,0.0
Kuwait,KWT,1963,0.0,0.0
Kuwait,KWT,1964,0.0,0.0
Kuwait,KWT,1965,0.0,1.0
Kuwait,KWT,1966,0.0,1.0
Kuwait,KWT,1967,0.0,1.0
Kuwait,KWT,1968,0.0,1.0
Kuwait,KWT,1969,0.0,1.0
Kuwait,KWT,1970,0.0,1.0
Kuwait,KWT,1971,0.0,1.0
Kuwait,KWT,1972,0.0,1.0
Kuwait,KWT,1973,0.0,1.0
Kuwait,KWT,1974,0.0,1.0
Kuwait,KWT,1975,0.0,1.0
Kuwait,KWT,1976,0.0,0.0
Kuwait,KWT,1977,0.0,0.0
Kuwait,KWT,1978,0.0,0.0
Kuwait,KWT,1979,0.0,0.0
Kuwait,KWT,1980,0.0,0.0
Kuwait,KWT,1981,0.0,1.0
Kuwait,KWT,1982,0.0,1.0
Kuwait,KWT,1983,0.0,1.0
Kuwait,KWT,1984,0.0,1.0
Kuwait,KWT,1985,0.0,1.0
Kuwait,KWT,1986,0.0,0.0
Kuwait,KWT,1987,0.0,0.0
Kuwait,KWT,1988,0.0,0.0
Kuwait,KWT,1989,0.0,0.0
Kuwait,KWT,1990,0.0,0.0
Kuwait,KWT,1991,0.0,0.0
Kuwait,KWT,1992,0.0,1.0
Kuwait,KWT,1993,0.0,1.0
Kuwait,KWT,1994,0.0,1.0
Kuwait,KWT,1995,0.0,1.0
Kuwait,KWT,1996,0.0,1.0
Kuwait,KWT,1997,0.0,1.0
Kuwait,KWT,1998,0.0,1.0
Kuwait,KWT,1999,0.0,1.0
Kuwait,KWT,2000,0.0,1.0
Kuwait,KWT,2001,0.0,0.0
Kuwait,KWT,2002,0.0,1.0
Kuwait,KWT,2003,0.0,1.0
Kuwait,KWT,2004,0.0,1.0
Kuwait,KWT,2005,0.0,1.0
Kuwait,KWT,2006,0.0,1.0
Kuwait,KWT,2007,0.0,1.0
Kuwait,KWT,2008,0.0,1.0
Kuwait,KWT,2009,0.0,1.0
Kuwait,KWT,2010,0.0,1.0
Kuwait,KWT,2011,0.0,1.0
Kuwait,KWT,2012,0.0,1.0
Kuwait,KWT,2013,0.0,1.0
Kuwait,KWT,2014,0.0,1.0
Kuwait,KWT,2015,0.0,1.0
Kuwait,KWT,2016,0.0,1.0
Kuwait,KWT,2017,0.0,1.0
Kuwait,KWT,2018,0.0,1.0
Kuwait,KWT,2019,0.0,1.0
Kuwait,KWT,2020,0.0,1.0
Kuwait,KWT,2021,0.0,1.0
Kuwait,KWT,2022,0.0,1.0
Kuwait,KWT,2023,0.0,1.0
Kuwait,KWT,2024,0.0,1.0
Kuwait,KWT,2025,0.0,0.0
Lithuania,LTU,1918,0.0,0.0
Lithuania,LTU,1919,0.0,0.0
Lithuania,LTU,1920,1.0,4.0
Lithuania,LTU,1921,2.0,6.0
Lithuania,LTU,1922,2.0,7.0
Lithuania,LTU,1923,2.0,7.0
Lithuania,LTU,1924,2.0,7.0
Lithuania,LTU,1925,2.0,6.0
Lithuania,LTU,1926,2.0,5.0
Lithuania,LTU,1927,0.0,0.0
Lithuania,LTU,1928,0.0,0.0
Lithuania,LTU,1929,0.0,0.0
Lithuania,LTU,1930,0.0,0.0
Lithuania,LTU,1931,0.0,0.0
Lithuania,LTU,1932,0.0,0.0
Lithuania,LTU,1933,0.0,0.0
Lithuania,LTU,1934,0.0,0.0
Lithuania,LTU,1935,0.0,0.0
Lithuania,LTU,1936,0.0,0.0
Lithuania,LTU,1937,0.0,0.0
Lithuania,LTU,1938,0.0,0.0
Lithuania,LTU,1939,0.0,0.0
Lithuania,LTU,1990,2.0,7.0
Lithuania,LTU,1991,2.0,7.0
Lithuania,LTU,1992,2.0,6.0
Lithuania,LTU,1993,3.0,8.0
Lithuania,LTU,1994,3.0,8.0
Lithuania,LTU,1995,3.0,8.0
Lithuania,LTU,1996,3.0,8.0
Lithuania,LTU,1997,3.0,8.0
Lithuania,LTU,1998,3.0,8.0
Lithuania,LTU,1999,3.0,8.0
Lithuania,LTU,2000,3.0,8.0
Lithuania,LTU,2001,3.0,9.0
Lithuania,LTU,2002,3.0,9.0
Lithuania,LTU,2003,3.0,9.0
Lithuania,LTU,2004,3.0,8.0
Lithuania,LTU,2005,3.0,8.0
Lithuania,LTU,2006,3.0,9.0
Lithuania,LTU,2007,3.0,9.0
Lithuania,LTU,2008,3.0,9.0
Lithuania,LTU,2009,3.0,9.0
Lithuania,LTU,2010,3.0,9.0
Lithuania,LTU,2011,3.0,9.0
Lithuania,LTU,2012,3.0,9.0
Lithuania,LTU,2013,3.0,9.0
Lithuania,LTU,2014,3.0,9.0
Lithuania,LTU,2015,3.0,9.0
Lithuania,LTU,2016,2.0,7.0
Lithuania,LTU,2017,2.0,6.0
Lithuania,LTU,2018,2.0,7.0
Lithuania,LTU,2019,2.0,7.0
Lithuania,LTU,2020,2.0,7.0
Lithuania,LTU,2021,2.0,7.0
Lithuania,LTU,2022,2.0,7.0
Lithuania,LTU,2023,2.0,7.0
Lithuania,LTU,2024,2.0,7.0
Lithuania,LTU,2025,3.0,8.0
Luxembourg,LUX,1815,,
Luxembourg,LUX,1816,,
Luxembourg,LUX,1817,,
Luxembourg,LUX,1818,,
Luxembourg,LUX,1819,,
Luxembourg,LUX,1820,,
Luxembourg,LUX,1821,,
Luxembourg,LUX,1822,,
Luxembourg,LUX,1823,,
Luxembourg,LUX,1824,,
Luxembourg,LUX,1825,,
Luxembourg,LUX,1826,,
Luxembourg,LUX,1827,,
Luxembourg,LUX,1828,,
Luxembourg,LUX,1829,,
Luxembourg,LUX,1830,,
Luxembourg,LUX,1831,,
Luxembourg,LUX,1832,,
Luxembourg,LUX,1833,,
Luxembourg,LUX,1834,,
Luxembourg,LUX,1835,,
Luxembourg,LUX,1836,,
Luxembourg,LUX,1837,,
Luxembourg,LUX,1838,,
Luxembourg,LUX,1839,,
Luxembourg,LUX,1840,,
Luxembourg,LUX,1841,,
Luxembourg,LUX,1842,,
Luxembourg,LUX,1843,,
Luxembourg,LUX,1844,,
Luxembourg,LUX,1845,,
Luxembourg,LUX,1846,,
Luxembourg,LUX,1847,,
Luxembourg,LUX,1848,,
Luxembourg,LUX,1849,,
Luxembourg,LUX,1850,,
Luxembourg,LUX,1851,,
Luxembourg,LUX,1852,,
Luxembourg,LUX,1853,,
Luxembourg,LUX,1854,,
Luxembourg,LUX,1855,,
Luxembourg,LUX,1856,,
Luxembourg,LUX,1857,,
Luxembourg,LUX,1858,,
Luxembourg,LUX,1859,,
Luxembourg,LUX,1860,,
Luxembourg,LUX,1861,,
Luxembourg,LUX,1862,,
Luxembourg,LUX,1863,,
Luxembourg,LUX,1864,,
Luxembourg,LUX,1865,,
Luxembourg,LUX,1866,,
Luxembourg,LUX,1867,,
Luxembourg,LUX,1868,,
Luxembourg,LUX,1869,,
Luxembourg,LUX,1870,,
Luxembourg,LUX,1871,,
Luxembourg,LUX,1872,,
Luxembourg,LUX,1873,,
Luxembourg,LUX,1874,,
Luxembourg,LUX,1875,,
Luxembourg,LUX,1876,,
Luxembourg,LUX,1877,,
Luxembourg,LUX,1878,,
Luxembourg,LUX,1879,,
Luxembourg,LUX,1880,,
Luxembourg,LUX,1881,,
Luxembourg,LUX,1882,,
Luxembourg,LUX,1883,,
Luxembourg,LUX,1884,,
Luxembourg,LUX,1885,,
Luxembourg,LUX,1886,,
Luxembourg,LUX,1887,,
Luxembourg,LUX,1888,,
Luxembourg,LUX,1889,,
Luxembourg,LUX,1890,,
Luxembourg,LUX,1891,,
Luxembourg,LUX,1892,,
Luxembourg,LUX,1893,,
Luxembourg,LUX,1894,,
Luxembourg,LUX,1895,,
Luxembourg,LUX,1896,,
Luxembourg,LUX,1897,,
Luxembourg,LUX,1898,,
Luxembourg,LUX,1899,,
Luxembourg,LUX,1900,,
Luxembourg,LUX,1901,,
Luxembourg,LUX,1902,,
Luxembourg,LUX,1903,,
Luxembourg,LUX,1904,,
Luxembourg,LUX,1905,,
Luxembourg,LUX,1906,,
Luxembourg,LUX,1907,,
Luxembourg,LUX,1908,,
Luxembourg,LUX,1909,,
Luxembourg,LUX,1910,,
Luxembourg,LUX,1911,,
Luxembourg,LUX,1912,,
Luxembourg,LUX,1913,,
Luxembourg,LUX,1914,,
Luxembourg,LUX,1915,1.0,3.0
Luxembourg,LUX,1916,1.0,3.0
Luxembourg,LUX,1917,1.0,3.0
Luxembourg,LUX,1918,1.0,3.0
Luxembourg,LUX,1919,2.0,5.0
Luxembourg,LUX,1920,2.0,7.0
Luxembourg,LUX,1921,2.0,7.0
Luxembourg,LUX,1922,2.0,7.0
Luxembourg,LUX,1923,2.0,7.0
Luxembourg,LUX,1924,2.0,7.0
Luxembourg,LUX,1925,2.0,7.0
Luxembourg,LUX,1926,2.0,7.0
Luxembourg,LUX,1927,2.0,7.0
Luxembourg,LUX,1928,2.0,7.0
Luxembourg,LUX,1929,2.0,7.0
Luxembourg,LUX,1930,2.0,7.0
Luxembourg,LUX,1931,2.0,7.0
Luxembourg,LUX,1932,2.0,7.0
Luxembourg,LUX,1933,2.0,7.0
Luxembourg,LUX,1934,2.0,7.0
Luxembourg,LUX,1935,2.0,7.0
Luxembourg,LUX,1936,2.0,7.0
Luxembourg,LUX,1937,2.0,7.0
Luxembourg,LUX,1938,2.0,7.0
Luxembourg,LUX,1939,2.0,7.0
Luxembourg,LUX,1940,0.0,0.0
Luxembourg,LUX,1941,0.0,0.0
Luxembourg,LUX,1942,0.0,0.0
Luxembourg,LUX,1943,0.0,0.0
Luxembourg,LUX,1944,0.0,0.0
Luxembourg,LUX,1945,1.0,3.0
Luxembourg,LUX,1946,3.0,8.0
Luxembourg,LUX,1947,3.0,8.0
Luxembourg,LUX,1948,3.0,8.0
Luxembourg,LUX,1949,3.0,8.0
Luxembourg,LUX,1950,3.0,8.0
Luxembourg,LUX,1951,3.0,8.0
Luxembourg,LUX,1952,3.0,8.0
Luxembourg,LUX,1953,3.0,8.0
Luxembourg,LUX,1954,3.0,8.0
Luxembourg,LUX,1955,3.0,8.0
Luxembourg,LUX,1956,3.0,8.0
Luxembourg,LUX,1957,3.0,9.0
Luxembourg,LUX,1958,3.0,9.0
Luxembourg,LUX,1959,3.0,9.0
Luxembourg,LUX,1960,3.0,9.0
Luxembourg,LUX,1961,3.0,9.0
Luxembourg,LUX,1962,3.0,9.0
Luxembourg,LUX,1963,3.0,9.0
Luxembourg,LUX,1964,3.0,9.0
Luxembourg,LUX,1965,3.0,9.0
Luxembourg,LUX,1966,3.0,9.0
Luxembourg,LUX,1967,3.0,9.0
Luxembourg,LUX,1968,3.0,9.0
Luxembourg,LUX,1969,3.0,9.0
Luxembourg,LUX,1970,3.0,9.0
Luxembourg,LUX,1971,3.0,9.0
Luxembourg,LUX,1972,3.0,9.0
Luxembourg,LUX,1973,3.0,9.0
Luxembourg,LUX,1974,3.0,9.0
Luxembourg,LUX,1975,3.0,9.0
Luxembourg,LUX,1976,3.0,9.0
Luxembourg,LUX,1977,3.0,9.0
Luxembourg,LUX,1978,3.0,9.0
Luxembourg,LUX,1979,3.0,9.0
Luxembourg,LUX,1980,3.0,9.0
Luxembourg,LUX,1981,3.0,9.0
Luxembourg,LUX,1982,3.0,9.0
Luxembourg,LUX,1983,3.0,9.0
Luxembourg,LUX,1984,3.0,9.0
Luxembourg,LUX,1985,3.0,9.0
Luxembourg,LUX,1986,3.0,9.0
Luxembourg,LUX,1987,3.0,9.0
Luxembourg,LUX,1988,3.0,9.0
Luxembourg,LUX,1989,3.0,9.0
Luxembourg,LUX,1990,3.0,9.0
Luxembourg,LUX,1991,3.0,9.0
Luxembourg,LUX,1992,3.0,9.0
Luxembourg,LUX,1993,3.0,9.0
Luxembourg,LUX,1994,3.0,9.0
Luxembourg,LUX,1995,3.0,9.0
Luxembourg,LUX,1996,3.0,9.0
Luxembourg,LUX,1997,3.0,9.0
Luxembourg,LUX,1998,3.0,9.0
Luxembourg,LUX,1999,3.0,9.0
Luxembourg,LUX,2000,3.0,9.0
Luxembourg,LUX,2001,3.0,9.0
Luxembourg,LUX,2002,3.0,9.0
Luxembourg,LUX,2003,3.0,9.0
Luxembourg,LUX,2004,3.0,9.0
Luxembourg,LUX,2005,3.0,9.0
Luxembourg,LUX,2006,3.0,9.0
Luxembourg,LUX,2007,3.0,9.0
Luxembourg,LUX,2008,3.0,9.0
Luxembourg,LUX,2009,3.0,9.0
Luxembourg,LUX,2010,3.0,9.0
Luxembourg,LUX,2011,3.0,9.0
Luxembourg,LUX,2012,3.0,9.0
Luxembourg,LUX,2013,3.0,9.0
Luxembourg,LUX,2014,3.0,9.0
Luxembourg,LUX,2015,3.0,9.0
Luxembourg,LUX,2016,3.0,9.0
Luxembourg,LUX,2017,3.0,9.0
Luxembourg,LUX,2018,3.0,9.0
Luxembourg,LUX,2019,3.0,9.0
Luxembourg,LUX,2020,3.0,9.0
Luxembourg,LUX,2021,3.0,9.0
Luxembourg,LUX,2022,3.0,9.0
Luxembourg,LUX,2023,3.0,9.0
Luxembourg,LUX,2024,3.0,9.0
Luxembourg,LUX,2025,3.0,9.0
North Macedonia,MKD,1991,0.0,0.0
North Macedonia,MKD,1992,0.0,0.0
North Macedonia,MKD,1993,0.0,0.0
North Macedonia,MKD,1994,1.0,3.0
North Macedonia,MKD,1995,1.0,4.0
North Macedonia,MKD,1996,1.0,4.0
North Macedonia,MKD,1997,1.0,4.0
North Macedonia,MKD,1998,2.0,5.0
North Macedonia,MKD,1999,1.0,4.0
North Macedonia,MKD,2000,1.0,4.0
North Macedonia,MKD,2001,1.0,3.0
North Macedonia,MKD,2002,2.0,5.0
North Macedonia,MKD,2003,2.0,6.0
North Macedonia,MKD,2004,2.0,6.0
North Macedonia,MKD,2005,2.0,6.0
North Macedonia,MKD,2006,2.0,6.0
North Macedonia,MKD,2007,2.0,6.0
North Macedonia,MKD,2008,2.0,5.0
North Macedonia,MKD,2009,2.0,5.0
North Macedonia,MKD,2010,2.0,5.0
North Macedonia,MKD,2011,1.0,4.0
North Macedonia,MKD,2012,1.0,3.0
North Macedonia,MKD,2013,1.0,3.0
North Macedonia,MKD,2014,1.0,3.0
North Macedonia,MKD,2015,1.0,3.0
North Macedonia,MKD,2016,1.0,4.0
North Macedonia,MKD,2017,2.0,5.0
North Macedonia,MKD,2018,2.0,6.0
North Macedonia,MKD,2019,2.0,6.0
North Macedonia,MKD,2020,2.0,6.0
North Macedonia,MKD,2021,2.0,6.0
North Macedonia,MKD,2022,2.0,6.0
North Macedonia,MKD,2023,2.0,5.0
North Macedonia,MKD,2024,2.0,5.0
North Macedonia,MKD,2025,2.0,5.0
Malaysia,MYS,1900,0.0,0.0
Malaysia,MYS,1901,0.0,0.0
Malaysia,MYS,1902,0.0,0.0
Malaysia,MYS,1903,0.0,0.0
Malaysia,MYS,1904,0.0,0.0
Malaysia,MYS,1905,0.0,0.0
Malaysia,MYS,1906,0.0,0.0
Malaysia,MYS,1907,0.0,0.0
Malaysia,MYS,1908,0.0,0.0
Malaysia,MYS,1909,0.0,0.0
Malaysia,MYS,1910,0.0,0.0
Malaysia,MYS,1911,0.0,0.0
Malaysia,MYS,1912,0.0,0.0
Malaysia,MYS,1913,0.0,0.0
Malaysia,MYS,1914,0.0,0.0
Malaysia,MYS,1915,0.0,0.0
Malaysia,MYS,1916,0.0,0.0
Malaysia,MYS,1917,0.0,0.0
Malaysia,MYS,1918,0.0,0.0
Malaysia,MYS,1919,0.0,0.0
Malaysia,MYS,1920,0.0,0.0
Malaysia,MYS,1921,0.0,0.0
Malaysia,MYS,1922,0.0,0.0
Malaysia,MYS,1923,0.0,0.0
Malaysia,MYS,1924,0.0,0.0
Malaysia,MYS,1925,0.0,0.0
Malaysia,MYS,1926,0.0,0.0
Malaysia,MYS,1927,0.0,0.0
Malaysia,MYS,1928,0.0,0.0
Malaysia,MYS,1929,0.0,0.0
Malaysia,MYS,1930,0.0,0.0
Malaysia,MYS,1931,0.0,0.0
Malaysia,MYS,1932,0.0,0.0
Malaysia,MYS,1933,0.0,0.0
Malaysia,MYS,1934,0.0,0.0
Malaysia,MYS,1935,0.0,0.0
Malaysia,MYS,1936,0.0,0.0
Malaysia,MYS,1937,0.0,0.0
Malaysia,MYS,1938,0.0,0.0
Malaysia,MYS,1939,0.0,0.0
Malaysia,MYS,1940,0.0,0.0
Malaysia,MYS,1941,0.0,0.0
Malaysia,MYS,1942,0.0,0.0
Malaysia,MYS,1943,0.0,0.0
Malaysia,MYS,1944,0.0,0.0
Malaysia,MYS,1945,0.0,0.0
Malaysia,MYS,1946,0.0,0.0
Malaysia,MYS,1947,0.0,0.0
Malaysia,MYS,1948,0.0,0.0
Malaysia,MYS,1949,0.0,0.0
Malaysia,MYS,1950,0.0,0.0
Malaysia,MYS,1951,0.0,0.0
Malaysia,MYS,1952,0.0,0.0
Malaysia,MYS,1953,0.0,0.0
Malaysia,MYS,1954,0.0,0.0
Malaysia,MYS,1955,1.0,3.0
Malaysia,MYS,1956,1.0,3.0
Malaysia,MYS,1957,1.0,3.0
Malaysia,MYS,1958,1.0,3.0
Malaysia,MYS,1959,1.0,3.0
Malaysia,MYS,1960,1.0,3.0
Malaysia,MYS,1961,1.0,3.0
Malaysia,MYS,1962,1.0,3.0
Malaysia,MYS,1963,1.0,3.0
Malaysia,MYS,1964,1.0,3.0
Malaysia,MYS,1965,1.0,3.0
Malaysia,MYS,1966,1.0,3.0
Malaysia,MYS,1967,1.0,3.0
Malaysia,MYS,1968,1.0,3.0
Malaysia,MYS,1969,1.0,3.0
Malaysia,MYS,1970,0.0,0.0
Malaysia,MYS,1971,0.0,0.0
Malaysia,MYS,1972,0.0,0.0
Malaysia,MYS,1973,0.0,0.0
Malaysia,MYS,1974,1.0,3.0
Malaysia,MYS,1975,1.0,3.0
Malaysia,MYS,1976,1.0,3.0
Malaysia,MYS,1977,1.0,3.0
Malaysia,MYS,1978,1.0,3.0
Malaysia,MYS,1979,1.0,3.0
Malaysia,MYS,1980,1.0,3.0
Malaysia,MYS,1981,1.0,3.0
Malaysia,MYS,1982,1.0,3.0
Malaysia,MYS,1983,1.0,3.0
Malaysia,MYS,1984,1.0,3.0
Malaysia,MYS,1985,1.0,3.0
Malaysia,MYS,1986,1.0,3.0
Malaysia,MYS,1987,1.0,3.0
Malaysia,MYS,1988,1.0,3.0
Malaysia,MYS,1989,1.0,3.0
Malaysia,MYS,1990,1.0,3.0
Malaysia,MYS,1991,1.0,3.0
Malaysia,MYS,1992,1.0,3.0
Malaysia,MYS,1993,1.0,3.0
Malaysia,MYS,1994,1.0,3.0
Malaysia,MYS,1995,1.0,3.0
Malaysia,MYS,1996,1.0,3.0
Malaysia,MYS,1997,1.0,3.0
Malaysia,MYS,1998,1.0,3.0
Malaysia,MYS,1999,1.0,3.0
Malaysia,MYS,2000,1.0,3.0
Malaysia,MYS,2001,1.0,3.0
Malaysia,MYS,2002,1.0,3.0
Malaysia,MYS,2003,1.0,3.0
Malaysia,MYS,2004,1.0,3.0
Malaysia,MYS,2005,1.0,3.0
Malaysia,MYS,2006,1.0,3.0
Malaysia,MYS,2007,1.0,3.0
Malaysia,MYS,2008,1.0,3.0
Malaysia,MYS,2009,1.0,3.0
Malaysia,MYS,2010,1.0,3.0
Malaysia,MYS,2011,1.0,3.0
Malaysia,MYS,2012,1.0,3.0
Malaysia,MYS,2013,1.0,3.0
Malaysia,MYS,2014,1.0,3.0
Malaysia,MYS,2015,1.0,3.0
Malaysia,MYS,2016,1.0,3.0
Malaysia,MYS,2017,1.0,3.0
Malaysia,MYS,2018,1.0,3.0
Malaysia,MYS,2019,1.0,4.0
Malaysia,MYS,2020,1.0,3.0
Malaysia,MYS,2021,1.0,3.0
Malaysia,MYS,2022,1.0,4.0
Malaysia,MYS,2023,2.0,5.0
Malaysia,MYS,2024,2.0,5.0
Malaysia,MYS,2025,2.0,5.0
Malta,MLT,1900,0.0,0.0
Malta,MLT,1901,0.0,0.0
Malta,MLT,1902,0.0,0.0
Malta,MLT,1903,0.0,0.0
Malta,MLT,1904,0.0,0.0
Malta,MLT,1905,0.0,0.0
Malta,MLT,1906,0.0,0.0
Malta,MLT,1907,0.0,0.0
Malta,MLT,1908,0.0,0.0
Malta,MLT,1909,0.0,0.0
Malta,MLT,1910,0.0,0.0
Malta,MLT,1911,0.0,0.0
Malta,MLT,1912,0.0,0.0
Malta,MLT,1913,0.0,0.0
Malta,MLT,1914,0.0,0.0
Malta,MLT,1915,0.0,0.0
Malta,MLT,1916,0.0,0.0
Malta,MLT,1917,0.0,0.0
Malta,MLT,1918,0.0,0.0
Malta,MLT,1919,0.0,0.0
Malta,MLT,1920,0.0,0.0
Malta,MLT,1921,1.0,3.0
Malta,MLT,1922,1.0,3.0
Malta,MLT,1923,1.0,3.0
Malta,MLT,1924,1.0,3.0
Malta,MLT,1925,1.0,3.0
Malta,MLT,1926,1.0,3.0
Malta,MLT,1927,1.0,3.0
Malta,MLT,1928,1.0,3.0
Malta,MLT,1929,1.0,3.0
Malta,MLT,1930,1.0,3.0
Malta,MLT,1931,0.0,0.0
Malta,MLT,1932,1.0,3.0
Malta,MLT,1933,0.0,0.0
Malta,MLT,1934,0.0,0.0
Malta,MLT,1935,0.0,0.0
Malta,MLT,1936,0.0,0.0
Malta,MLT,1937,0.0,0.0
Malta,MLT,1938,0.0,0.0
Malta,MLT,1939,0.0,0.0
Malta,MLT,1940,0.0,0.0
Malta,MLT,1941,0.0,0.0
Malta,MLT,1942,0.0,0.0
Malta,MLT,1943,0.0,0.0
Malta,MLT,1944,0.0,0.0
Malta,MLT,1945,0.0,0.0
Malta,MLT,1946,0.0,0.0
Malta,MLT,1947,1.0,3.0
Malta,MLT,1948,2.0,6.0
Malta,MLT,1949,2.0,6.0
Malta,MLT,1950,2.0,6.0
Malta,MLT,1951,2.0,6.0
Malta,MLT,1952,2.0,6.0
Malta,MLT,1953,2.0,6.0
Malta,MLT,1954,2.0,6.0
Malta,MLT,1955,2.0,6.0
Malta,MLT,1956,2.0,6.0
Malta,MLT,1957,2.0,6.0
Malta,MLT,1958,0.0,0.0
Malta,MLT,1959,0.0,0.0
Malta,MLT,1960,0.0,0.0
Malta,MLT,1961,0.0,0.0
Malta,MLT,1962,1.0,3.0
Malta,MLT,1963,2.0,6.0
Malta,MLT,1964,2.0,6.0
Malta,MLT,1965,2.0,6.0
Malta,MLT,1966,2.0,6.0
Malta,MLT,1967,2.0,6.0
Malta,MLT,1968,2.0,6.0
Malta,MLT,1969,2.0,6.0
Malta,MLT,1970,2.0,6.0
Malta,MLT,1971,2.0,6.0
Malta,MLT,1972,2.0,6.0
Malta,MLT,1973,2.0,6.0
Malta,MLT,1974,2.0,6.0
Malta,MLT,1975,2.0,6.0
Malta,MLT,1976,2.0,6.0
Malta,MLT,1977,2.0,6.0
Malta,MLT,1978,2.0,6.0
Malta,MLT,1979,2.0,6.0
Malta,MLT,1980,2.0,6.0
Malta,MLT,1981,2.0,6.0
Malta,MLT,1982,2.0,6.0
Malta,MLT,1983,2.0,6.0
Malta,MLT,1984,2.0,6.0
Malta,MLT,1985,2.0,6.0
Malta,MLT,1986,2.0,6.0
Malta,MLT,1987,2.0,6.0
Malta,MLT,1988,2.0,6.0
Malta,MLT,1989,2.0,6.0
Malta,MLT,1990,2.0,6.0
Malta,MLT,1991,2.0,6.0
Malta,MLT,1992,2.0,6.0
Malta,MLT,1993,2.0,6.0
Malta,MLT,1994,2.0,6.0
Malta,MLT,1995,2.0,6.0
Malta,MLT,1996,2.0,6.0
Malta,MLT,1997,2.0,6.0
Malta,MLT,1998,2.0,6.0
Malta,MLT,1999,2.0,6.0
Malta,MLT,2000,2.0,6.0
Malta,MLT,2001,2.0,6.0
Malta,MLT,2002,2.0,6.0
Malta,MLT,2003,2.0,6.0
Malta,MLT,2004,2.0,6.0
Malta,MLT,2005,2.0,6.0
Malta,MLT,2006,2.0,6.0
Malta,MLT,2007,2.0,6.0
Malta,MLT,2008,2.0,6.0
Malta,MLT,2009,2.0,6.0
Malta,MLT,2010,2.0,6.0
Malta,MLT,2011,2.0,6.0
Malta,MLT,2012,2.0,6.0
Malta,MLT,2013,2.0,6.0
Malta,MLT,2014,2.0,6.0
Malta,MLT,2015,2.0,6.0
Malta,MLT,2016,2.0,6.0
Malta,MLT,2017,2.0,6.0
Malta,MLT,2018,2.0,6.0
Malta,MLT,2019,2.0,6.0
Malta,MLT,2020,2.0,7.0
Malta,MLT,2021,2.0,7.0
Malta,MLT,2022,2.0,7.0
Malta,MLT,2023,2.0,7.0
Malta,MLT,2024,2.0,7.0
Malta,MLT,2025,2.0,7.0
Mauritius,MUS,1900,0.0,0.0
Mauritius,MUS,1901,0.0,0.0
Mauritius,MUS,1902,0.0,0.0
Mauritius,MUS,1903,0.0,0.0
Mauritius,MUS,1904,0.0,0.0
Mauritius,MUS,1905,0.0,0.0
Mauritius,MUS,1906,0.0,0.0
Mauritius,MUS,1907,0.0,0.0
Mauritius,MUS,1908,0.0,0.0
Mauritius,MUS,1909,0.0,0.0
Mauritius,MUS,1910,0.0,0.0
Mauritius,MUS,1911,0.0,0.0
Mauritius,MUS,1912,0.0,0.0
Mauritius,MUS,1913,0.0,0.0
Mauritius,MUS,1914,0.0,0.0
Mauritius,MUS,1915,0.0,0.0
Mauritius,MUS,1916,0.0,0.0
Mauritius,MUS,1917,0.0,0.0
Mauritius,MUS,1918,0.0,0.0
Mauritius,MUS,1919,0.0,0.0
Mauritius,MUS,1920,0.0,0.0
Mauritius,MUS,1921,0.0,0.0
Mauritius,MUS,1922,0.0,0.0
Mauritius,MUS,1923,0.0,0.0
Mauritius,MUS,1924,0.0,0.0
Mauritius,MUS,1925,0.0,0.0
Mauritius,MUS,1926,0.0,0.0
Mauritius,MUS,1927,0.0,0.0
Mauritius,MUS,1928,0.0,0.0
Mauritius,MUS,1929,0.0,0.0
Mauritius,MUS,1930,0.0,0.0
Mauritius,MUS,1931,0.0,0.0
Mauritius,MUS,1932,0.0,0.0
Mauritius,MUS,1933,0.0,0.0
Mauritius,MUS,1934,0.0,0.0
Mauritius,MUS,1935,0.0,0.0
Mauritius,MUS,1936,0.0,0.0
Mauritius,MUS,1937,0.0,0.0
Mauritius,MUS,1938,0.0,0.0
Mauritius,MUS,1939,0.0,0.0
Mauritius,MUS,1940,0.0,0.0
Mauritius,MUS,1941,0.0,0.0
Mauritius,MUS,1942,0.0,0.0
Mauritius,MUS,1943,0.0,0.0
Mauritius,MUS,1944,0.0,0.0
Mauritius,MUS,1945,0.0,0.0
Mauritius,MUS,1946,0.0,0.0
Mauritius,MUS,1947,0.0,0.0
Mauritius,MUS,1948,0.0,0.0
Mauritius,MUS,1949,0.0,0.0
Mauritius,MUS,1950,0.0,0.0
Mauritius,MUS,1951,0.0,0.0
Mauritius,MUS,1952,0.0,0.0
Mauritius,MUS,1953,0.0,0.0
Mauritius,MUS,1954,0.0,0.0
Mauritius,MUS,1955,0.0,0.0
Mauritius,MUS,1956,0.0,0.0
Mauritius,MUS,1957,0.0,0.0
Mauritius,MUS,1958,0.0,0.0
Mauritius,MUS,1959,0.0,0.0
Mauritius,MUS,1960,0.0,0.0
Mauritius,MUS,1961,1.0,3.0
Mauritius,MUS,1962,1.0,4.0
Mauritius,MUS,1963,1.0,4.0
Mauritius,MUS,1964,1.0,4.0
Mauritius,MUS,1965,1.0,4.0
Mauritius,MUS,1966,1.0,4.0
Mauritius,MUS,1967,1.0,4.0
Mauritius,MUS,1968,2.0,7.0
Mauritius,MUS,1969,2.0,7.0
Mauritius,MUS,1970,2.0,7.0
Mauritius,MUS,1971,2.0,7.0
Mauritius,MUS,1972,2.0,7.0
Mauritius,MUS,1973,2.0,7.0
Mauritius,MUS,1974,2.0,7.0
Mauritius,MUS,1975,2.0,7.0
Mauritius,MUS,1976,2.0,7.0
Mauritius,MUS,1977,2.0,7.0
Mauritius,MUS,1978,2.0,7.0
Mauritius,MUS,1979,2.0,7.0
Mauritius,MUS,1980,2.0,7.0
Mauritius,MUS,1981,2.0,7.0
Mauritius,MUS,1982,2.0,7.0
Mauritius,MUS,1983,2.0,7.0
Mauritius,MUS,1984,2.0,7.0
Mauritius,MUS,1985,3.0,8.0
Mauritius,MUS,1986,3.0,8.0
Mauritius,MUS,1987,3.0,8.0
Mauritius,MUS,1988,3.0,8.0
Mauritius,MUS,1989,3.0,8.0
Mauritius,MUS,1990,3.0,8.0
Mauritius,MUS,1991,3.0,8.0
Mauritius,MUS,1992,3.0,8.0
Mauritius,MUS,1993,3.0,8.0
Mauritius,MUS,1994,3.0,8.0
Mauritius,MUS,1995,3.0,8.0
Mauritius,MUS,1996,3.0,8.0
Mauritius,MUS,1997,3.0,8.0
Mauritius,MUS,1998,3.0,8.0
Mauritius,MUS,1999,3.0,8.0
Mauritius,MUS,2000,3.0,8.0
Mauritius,MUS,2001,3.0,8.0
Mauritius,MUS,2002,3.0,8.0
Mauritius,MUS,2003,3.0,8.0
Mauritius,MUS,2004,3.0,8.0
Mauritius,MUS,2005,3.0,8.0
Mauritius,MUS,2006,3.0,8.0
Mauritius,MUS,2007,3.0,8.0
Mauritius,MUS,2008,3.0,8.0
Mauritius,MUS,2009,3.0,8.0
Mauritius,MUS,2010,3.0,9.0
Mauritius,MUS,2011,3.0,9.0
Mauritius,MUS,2012,3.0,9.0
Mauritius,MUS,2013,3.0,9.0
Mauritius,MUS,2014,3.0,8.0
Mauritius,MUS,2015,3.0,8.0
Mauritius,MUS,2016,3.0,8.0
Mauritius,MUS,2017,2.0,7.0
Mauritius,MUS,2018,2.0,7.0
Mauritius,MUS,2019,2.0,5.0
Mauritius,MUS,2020,2.0,5.0
Mauritius,MUS,2021,2.0,5.0
Mauritius,MUS,2022,2.0,5.0
Mauritius,MUS,2023,1.0,4.0
Mauritius,MUS,2024,1.0,4.0
Mauritius,MUS,2025,2.0,7.0
Montenegro,MNE,1789,,
Montenegro,MNE,1790,,
Montenegro,MNE,1791,,
Montenegro,MNE,1792,,
Montenegro,MNE,1793,,
Montenegro,MNE,1794,,
Montenegro,MNE,1795,,
Montenegro,MNE,1796,,
Montenegro,MNE,1797,,
Montenegro,MNE,1798,,
Montenegro,MNE,1799,,
Montenegro,MNE,1800,,
Montenegro,MNE,1801,,
Montenegro,MNE,1802,,
Montenegro,MNE,1803,,
Montenegro,MNE,1804,,
Montenegro,MNE,1805,,
Montenegro,MNE,1806,,
Montenegro,MNE,1807,,
Montenegro,MNE,1808,,
Montenegro,MNE,1809,,
Montenegro,MNE,1810,,
Montenegro,MNE,1811,,
Montenegro,MNE,1812,,
Montenegro,MNE,1813,,
Montenegro,MNE,1814,,
Montenegro,MNE,1815,,
Montenegro,MNE,1816,,
Montenegro,MNE,1817,,
Montenegro,MNE,1818,,
Montenegro,MNE,1819,,
Montenegro,MNE,1820,,
Montenegro,MNE,1821,,
Montenegro,MNE,1822,,
Montenegro,MNE,1823,,
Montenegro,MNE,1824,,
Montenegro,MNE,1825,,
Montenegro,MNE,1826,,
Montenegro,MNE,1827,,
Montenegro,MNE,1828,,
Montenegro,MNE,1829,,
Montenegro,MNE,1830,,
Montenegro,MNE,1831,,
Montenegro,MNE,1832,,
Montenegro,MNE,1833,,
Montenegro,MNE,1834,,
Montenegro,MNE,1835,,
Montenegro,MNE,1836,,
Montenegro,MNE,1837,,
Montenegro,MNE,1838,,
Montenegro,MNE,1839,,
Montenegro,MNE,1840,,
Montenegro,MNE,1841,,
Montenegro,MNE,1842,,
Montenegro,MNE,1843,,
Montenegro,MNE,1844,,
Montenegro,MNE,1845,,
Montenegro,MNE,1846,,
Montenegro,MNE,1847,,
Montenegro,MNE,1848,,
Montenegro,MNE,1849,,
Montenegro,MNE,1850,,
Montenegro,MNE,1851,,
Montenegro,MNE,1852,,
Montenegro,MNE,1853,,
Montenegro,MNE,1854,,
Montenegro,MNE,1855,,
Montenegro,MNE,1856,,
Montenegro,MNE,1857,,
Montenegro,MNE,1858,,
Montenegro,MNE,1859,,
Montenegro,MNE,1860,,
Montenegro,MNE,1861,,
Montenegro,MNE,1862,,
Montenegro,MNE,1863,,
Montenegro,MNE,1864,,
Montenegro,MNE,1865,,
Montenegro,MNE,1866,,
Montenegro,MNE,1867,,
Montenegro,MNE,1868,,
Montenegro,MNE,1869,,
Montenegro,MNE,1870,,
Montenegro,MNE,1871,,
Montenegro,MNE,1872,,
Montenegro,MNE,1873,,
Montenegro,MNE,1874,,
Montenegro,MNE,1875,,
Montenegro,MNE,1876,,
Montenegro,MNE,1877,,
Montenegro,MNE,1878,,
Montenegro,MNE,1879,,
Montenegro,MNE,1880,,
Montenegro,MNE,1881,,
Montenegro,MNE,1882,,
Montenegro,MNE,1883,,
Montenegro,MNE,1884,,
Montenegro,MNE,1885,,
Montenegro,MNE,1886,,
Montenegro,MNE,1887,,
Montenegro,MNE,1888,,
Montenegro,MNE,1889,,
Montenegro,MNE,1890,,
Montenegro,MNE,1891,,
Montenegro,MNE,1892,,
Montenegro,MNE,1893,,
Montenegro,MNE,1894,,
Montenegro,MNE,1895,,
Montenegro,MNE,1896,,
Montenegro,MNE,1897,,
Montenegro,MNE,1898,,
Montenegro,MNE,1899,,
Montenegro,MNE,1900,0.0,0.0
Montenegro,MNE,1901,0.0,0.0
Montenegro,MNE,1902,0.0,0.0
Montenegro,MNE,1903,0.0,0.0
Montenegro,MNE,1904,0.0,0.0
Montenegro,MNE,1905,0.0,0.0
Montenegro,MNE,1906,0.0,0.0
Montenegro,MNE,1907,0.0,0.0
Montenegro,MNE,1908,0.0,0.0
Montenegro,MNE,1909,0.0,0.0
Montenegro,MNE,1910,0.0,0.0
Montenegro,MNE,1911,0.0,0.0
Montenegro,MNE,1912,0.0,0.0
Montenegro,MNE,1913,0.0,0.0
Montenegro,MNE,1914,0.0,0.0
Montenegro,MNE,1915,0.0,0.0
Montenegro,MNE,1916,0.0,0.0
Montenegro,MNE,1917,0.0,0.0
Montenegro,MNE,1918,,
Montenegro,MNE,1998,1.0,3.0
Montenegro,MNE,1999,1.0,3.0
Montenegro,MNE,2000,1.0,3.0
Montenegro,MNE,2001,1.0,4.0
Montenegro,MNE,2002,1.0,4.0
Montenegro,MNE,2003,2.0,5.0
Montenegro,MNE,2004,2.0,5.0
Montenegro,MNE,2005,2.0,5.0
Montenegro,MNE,2006,2.0,5.0
Montenegro,MNE,2007,1.0,4.0
Montenegro,MNE,2008,2.0,5.0
Montenegro,MNE,2009,2.0,5.0
Montenegro,MNE,2010,2.0,5.0
Montenegro,MNE,2011,2.0,5.0
Montenegro,MNE,2012,2.0,5.0
Montenegro,MNE,2013,1.0,4.0
Montenegro,MNE,2014,1.0,4.0
Montenegro,MNE,2015,1.0,4.0
Montenegro,MNE,2016,1.0,4.0
Montenegro,MNE,2017,1.0,4.0
Montenegro,MNE,2018,1.0,4.0
Montenegro,MNE,2019,1.0,4.0
Montenegro,MNE,2020,1.0,4.0
Montenegro,MNE,2021,2.0,5.0
Montenegro,MNE,2022,2.0,5.0
Montenegro,MNE,2023,2.0,7.0
Montenegro,MNE,2024,2.0,7.0
Montenegro,MNE,2025,2.0,7.0
New Zealand,NZL,1841,,
New Zealand,NZL,1842,,
New Zealand,NZL,1843,,
New Zealand,NZL,1844,,
New Zealand,NZL,1845,,
New Zealand,NZL,1846,,
New Zealand,NZL,1847,,
New Zealand,NZL,1848,,
New Zealand,NZL,1849,,
New Zealand,NZL,1850,,
New Zealand,NZL,1851,,
New Zealand,NZL,1852,,
New Zealand,NZL,1853,,
New Zealand,NZL,1854,,
New Zealand,NZL,1855,,
New Zealand,NZL,1856,,
New Zealand,NZL,1857,,
New Zealand,NZL,1858,,
New Zealand,NZL,1859,,
New Zealand,NZL,1860,,
New Zealand,NZL,1861,,
New Zealand,NZL,1862,,
New Zealand,NZL,1863,,
New Zealand,NZL,1864,,
New Zealand,NZL,1865,,
New Zealand,NZL,1866,,
New Zealand,NZL,1867,,
New Zealand,NZL,1868,,
New Zealand,NZL,1869,,
New Zealand,NZL,1870,,
New Zealand,NZL,1871,,
New Zealand,NZL,1872,,
New Zealand,NZL,1873,,
New Zealand,NZL,1874,,
New Zealand,NZL,1875,,
New Zealand,NZL,1876,,
New Zealand,NZL,1877,,
New Zealand,NZL,1878,,
New Zealand,NZL,1879,,
New Zealand,NZL,1880,,
New Zealand,NZL,1881,,
New Zealand,NZL,1882,,
New Zealand,NZL,1883,,
New Zealand,NZL,1884,,
New Zealand,NZL,1885,,
New Zealand,NZL,1886,,
New Zealand,NZL,1887,,
New Zealand,NZL,1888,,
New Zealand,NZL,1889,,
New Zealand,NZL,1890,,
New Zealand,NZL,1891,,
New Zealand,NZL,1892,,
New Zealand,NZL,1893,,
New Zealand,NZL,1894,,
New Zealand,NZL,1895,,
New Zealand,NZL,1896,,
New Zealand,NZL,1897,,
New Zealand,NZL,1898,,
New Zealand,NZL,1899,,
New Zealand,NZL,1900,2.0,7.0
New Zealand,NZL,1901,2.0,7.0
New Zealand,NZL,1902,2.0,7.0
New Zealand,NZL,1903,2.0,7.0
New Zealand,NZL,1904,2.0,7.0
New Zealand,NZL,1905,2.0,7.0
New Zealand,NZL,1906,2.0,7.0
New Zealand,NZL,1907,2.0,7.0
New Zealand,NZL,1908,2.0,7.0
New Zealand,NZL,1909,2.0,7.0
New Zealand,NZL,1910,2.0,7.0
New Zealand,NZL,1911,2.0,7.0
New Zealand,NZL,1912,2.0,7.0
New Zealand,NZL,1913,3.0,8.0
New Zealand,NZL,1914,3.0,8.0
New Zealand,NZL,1915,3.0,8.0
New Zealand,NZL,1916,3.0,8.0
New Zealand,NZL,1917,3.0,8.0
New Zealand,NZL,1918,3.0,8.0
New Zealand,NZL,1919,3.0,8.0
New Zealand,NZL,1920,3.0,8.0
New Zealand,NZL,1921,3.0,8.0
New Zealand,NZL,1922,3.0,8.0
New Zealand,NZL,1923,3.0,8.0
New Zealand,NZL,1924,3.0,8.0
New Zealand,NZL,1925,3.0,8.0
New Zealand,NZL,1926,3.0,8.0
New Zealand,NZL,1927,3.0,8.0
New Zealand,NZL,1928,3.0,8.0
New Zealand,NZL,1929,3.0,8.0
New Zealand,NZL,1930,3.0,8.0
New Zealand,NZL,1931,3.0,8.0
New Zealand,NZL,1932,3.0,8.0
New Zealand,NZL,1933,3.0,8.0
New Zealand,NZL,1934,3.0,8.0
New Zealand,NZL,1935,3.0,8.0
New Zealand,NZL,1936,3.0,8.0
New Zealand,NZL,1937,3.0,8.0
New Zealand,NZL,1938,3.0,8.0
New Zealand,NZL,1939,3.0,8.0
New Zealand,NZL,1940,3.0,8.0
New Zealand,NZL,1941,3.0,8.0
New Zealand,NZL,1942,3.0,8.0
New Zealand,NZL,1943,3.0,8.0
New Zealand,NZL,1944,3.0,8.0
New Zealand,NZL,1945,3.0,8.0
New Zealand,NZL,1946,3.0,8.0
New Zealand,NZL,1947,3.0,8.0
New Zealand,NZL,1948,3.0,8.0
New Zealand,NZL,1949,3.0,8.0
New Zealand,NZL,1950,3.0,8.0
New Zealand,NZL,1951,3.0,8.0
New Zealand,NZL,1952,3.0,8.0
New Zealand,NZL,1953,3.0,8.0
New Zealand,NZL,1954,3.0,8.0
New Zealand,NZL,1955,3.0,8.0
New Zealand,NZL,1956,3.0,8.0
New Zealand,NZL,1957,3.0,8.0
New Zealand,NZL,1958,3.0,8.0
New Zealand,NZL,1959,3.0,8.0
New Zealand,NZL,1960,3.0,8.0
New Zealand,NZL,1961,3.0,8.0
New Zealand,NZL,1962,3.0,8.0
New Zealand,NZL,1963,3.0,8.0
New Zealand,NZL,1964,3.0,8.0
New Zealand,NZL,1965,3.0,8.0
New Zealand,NZL,1966,3.0,8.0
New Zealand,NZL,1967,3.0,8.0
New Zealand,NZL,1968,3.0,8.0
New Zealand,NZL,1969,3.0,8.0
New Zealand,NZL,1970,3.0,8.0
New Zealand,NZL,1971,3.0,8.0
New Zealand,NZL,1972,3.0,8.0
New Zealand,NZL,1973,3.0,8.0
New Zealand,NZL,1974,3.0,8.0
New Zealand,NZL,1975,3.0,8.0
New Zealand,NZL,1976,3.0,8.0
New Zealand,NZL,1977,3.0,8.0
New Zealand,NZL,1978,3.0,8.0
New Zealand,NZL,1979,3.0,8.0
New Zealand,NZL,1980,3.0,9.0
New Zealand,NZL,1981,3.0,9.0
New Zealand,NZL,1982,3.0,9.0
New Zealand,NZL,1983,3.0,9.0
New Zealand,NZL,1984,3.0,9.0
New Zealand,NZL,1985,3.0,9.0
New Zealand,NZL,1986,3.0,9.0
New Zealand,NZL,1987,3.0,9.0
New Zealand,NZL,1988,3.0,9.0
New Zealand,NZL,1989,3.0,9.0
New Zealand,NZL,1990,3.0,9.0
New Zealand,NZL,1991,3.0,9.0
New Zealand,NZL,1992,3.0,9.0
New Zealand,NZL,1993,3.0,9.0
New Zealand,NZL,1994,3.0,9.0
New Zealand,NZL,1995,3.0,9.0
New Zealand,NZL,1996,3.0,9.0
New Zealand,NZL,1997,3.0,9.0
New Zealand,NZL,1998,3.0,9.0
New Zealand,NZL,1999,3.0,9.0
New Zealand,NZL,2000,3.0,9.0
New Zealand,NZL,2001,3.0,9.0
New Zealand,NZL,2002,3.0,9.0
New Zealand,NZL,2003,3.0,9.0
New Zealand,NZL,2004,3.0,9.0
New Zealand,NZL,2005,3.0,9.0
New Zealand,NZL,2006,3.0,9.0
New Zealand,NZL,2007,3.0,9.0
New Zealand,NZL,2008,3.0,9.0
New Zealand,NZL,2009,3.0,9.0
New Zealand,NZL,2010,3.0,9.0
New Zealand,NZL,2011,3.0,9.0
New Zealand,NZL,2012,3.0,9.0
New Zealand,NZL,2013,3.0,9.0
New Zealand,NZL,2014,3.0,9.0
New Zealand,NZL,2015,3.0,9.0
New Zealand,NZL,2016,3.0,9.0
New Zealand,NZL,2017,3.0,9.0
New Zealand,NZL,2018,3.0,9.0
New Zealand,NZL,2019,3.0,9.0
New Zealand,NZL,2020,3.0,9.0
New Zealand,NZL,2021,3.0,8.0
New Zealand,NZL,2022,3.0,9.0
New Zealand,NZL,2023,3.0,9.0
New Zealand,NZL,2024,3.0,9.0
New Zealand,NZL,2025,3.0,9.0
Norway,NOR,1789,,
Norway,NOR,1790,,
Norway,NOR,1791,,
Norway,NOR,1792,,
Norway,NOR,1793,,
Norway,NOR,1794,,
Norway,NOR,1795,,
Norway,NOR,1796,,
Norway,NOR,1797,,
Norway,NOR,1798,,
Norway,NOR,1799,,
Norway,NOR,1800,,
Norway,NOR,1801,,
Norway,NOR,1802,,
Norway,NOR,1803,,
Norway,NOR,1804,,
Norway,NOR,1805,,
Norway,NOR,1806,,
Norway,NOR,1807,,
Norway,NOR,1808,,
Norway,NOR,1809,,
Norway,NOR,1810,,
Norway,NOR,1811,,
Norway,NOR,1812,,
Norway,NOR,1813,,
Norway,NOR,1814,,
Norway,NOR,1815,,
Norway,NOR,1816,,
Norway,NOR,1817,,
Norway,NOR,1818,,
Norway,NOR,1819,,
Norway,NOR,1820,,
Norway,NOR,1821,,
Norway,NOR,1822,,
Norway,NOR,1823,,
Norway,NOR,1824,,
Norway,NOR,1825,,
Norway,NOR,1826,,
Norway,NOR,1827,,
Norway,NOR,1828,,
Norway,NOR,1829,,
Norway,NOR,1830,,
Norway,NOR,1831,,
Norway,NOR,1832,,
Norway,NOR,1833,,
Norway,NOR,1834,,
Norway,NOR,1835,,
Norway,NOR,1836,,
Norway,NOR,1837,,
Norway,NOR,1838,,
Norway,NOR,1839,,
Norway,NOR,1840,,
Norway,NOR,1841,,
Norway,NOR,1842,,
Norway,NOR,1843,,
Norway,NOR,1844,,
Norway,NOR,1845,,
Norway,NOR,1846,,
Norway,NOR,1847,,
Norway,NOR,1848,,
Norway,NOR,1849,,
Norway,NOR,1850,,
Norway,NOR,1851,,
Norway,NOR,1852,,
Norway,NOR,1853,,
Norway,NOR,1854,,
Norway,NOR,1855,,
Norway,NOR,1856,,
Norway,NOR,1857,,
Norway,NOR,1858,,
Norway,NOR,1859,,
Norway,NOR,1860,,
Norway,NOR,1861,,
Norway,NOR,1862,,
Norway,NOR,1863,,
Norway,NOR,1864,,
Norway,NOR,1865,,
Norway,NOR,1866,,
Norway,NOR,1867,,
Norway,NOR,1868,,
Norway,NOR,1869,,
Norway,NOR,1870,,
Norway,NOR,1871,,
Norway,NOR,1872,,
Norway,NOR,1873,,
Norway,NOR,1874,,
Norway,NOR,1875,,
Norway,NOR,1876,,
Norway,NOR,1877,,
Norway,NOR,1878,,
Norway,NOR,1879,,
Norway,NOR,1880,,
Norway,NOR,1881,,
Norway,NOR,1882,,
Norway,NOR,1883,,
Norway,NOR,1884,,
Norway,NOR,1885,,
Norway,NOR,1886,,
Norway,NOR,1887,,
Norway,NOR,1888,,
Norway,NOR,1889,,
Norway,NOR,1890,,
Norway,NOR,1891,,
Norway,NOR,1892,,
Norway,NOR,1893,,
Norway,NOR,1894,,
Norway,NOR,1895,,
Norway,NOR,1896,,
Norway,NOR,1897,,
Norway,NOR,1898,,
Norway,NOR,1899,,
Norway,NOR,1900,1.0,3.0
Norway,NOR,1901,1.0,3.0
Norway,NOR,1902,1.0,3.0
Norway,NOR,1903,1.0,3.0
Norway,NOR,1904,1.0,3.0
Norway,NOR,1905,1.0,3.0
Norway,NOR,1906,2.0,5.0
Norway,NOR,1907,2.0,5.0
Norway,NOR,1908,2.0,5.0
Norway,NOR,1909,2.0,5.0
Norway,NOR,1910,2.0,7.0
Norway,NOR,1911,2.0,7.0
Norway,NOR,1912,2.0,7.0
Norway,NOR,1913,2.0,7.0
Norway,NOR,1914,2.0,7.0
Norway,NOR,1915,2.0,7.0
Norway,NOR,1916,2.0,7.0
Norway,NOR,1917,2.0,7.0
Norway,NOR,1918,2.0,7.0
Norway,NOR,1919,2.0,7.0
Norway,NOR,1920,2.0,7.0
Norway,NOR,1921,2.0,7.0
Norway,NOR,1922,2.0,7.0
Norway,NOR,1923,2.0,7.0
Norway,NOR,1924,2.0,7.0
Norway,NOR,1925,2.0,7.0
Norway,NOR,1926,2.0,7.0
Norway,NOR,1927,2.0,7.0
Norway,NOR,1928,2.0,7.0
Norway,NOR,1929,2.0,7.0
Norway,NOR,1930,2.0,7.0
Norway,NOR,1931,2.0,7.0
Norway,NOR,1932,2.0,7.0
Norway,NOR,1933,2.0,7.0
Norway,NOR,1934,2.0,7.0
Norway,NOR,1935,2.0,7.0
Norway,NOR,1936,2.0,7.0
Norway,NOR,1937,2.0,7.0
Norway,NOR,1938,2.0,7.0
Norway,NOR,1939,2.0,7.0
Norway,NOR,1940,1.0,3.0
Norway,NOR,1941,1.0,3.0
Norway,NOR,1942,0.0,0.0
Norway,NOR,1943,0.0,0.0
Norway,NOR,1944,0.0,0.0
Norway,NOR,1945,1.0,3.0
Norway,NOR,1946,3.0,8.0
Norway,NOR,1947,3.0,8.0
Norway,NOR,1948,3.0,8.0
Norway,NOR,1949,3.0,8.0
Norway,NOR,1950,3.0,8.0
Norway,NOR,1951,3.0,8.0
Norway,NOR,1952,3.0,8.0
Norway,NOR,1953,3.0,8.0
Norway,NOR,1954,3.0,8.0
Norway,NOR,1955,3.0,8.0
Norway,NOR,1956,3.0,8.0
Norway,NOR,1957,3.0,8.0
Norway,NOR,1958,3.0,8.0
Norway,NOR,1959,3.0,8.0
Norway,NOR,1960,3.0,8.0
Norway,NOR,1961,3.0,8.0
Norway,NOR,1962,3.0,8.0
Norway,NOR,1963,3.0,8.0
Norway,NOR,1964,3.0,9.0
Norway,NOR,1965,3.0,9.0
Norway,NOR,1966,3.0,9.0
Norway,NOR,1967,3.0,9.0
Norway,NOR,1968,3.0,9.0
Norway,NOR,1969,3.0,9.0
Norway,NOR,1970,3.0,9.0
Norway,NOR,1971,3.0,9.0
Norway,NOR,1972,3.0,9.0
Norway,NOR,1973,3.0,9.0
Norway,NOR,1974,3.0,9.0
Norway,NOR,1975,3.0,9.0
Norway,NOR,1976,3.0,9.0
Norway,NOR,1977,3.0,9.0
Norway,NOR,1978,3.0,9.0
Norway,NOR,1979,3.0,9.0
Norway,NOR,1980,3.0,9.0
Norway,NOR,1981,3.0,9.0
Norway,NOR,1982,3.0,9.0
Norway,NOR,1983,3.0,9.0
Norway,NOR,1984,3.0,9.0
Norway,NOR,1985,3.0,9.0
Norway,NOR,1986,3.0,9.0
Norway,NOR,1987,3.0,9.0
Norway,NOR,1988,3.0,9.0
Norway,NOR,1989,3.0,9.0
Norway,NOR,1990,3.0,9.0
Norway,NOR,1991,3.0,9.0
Norway,NOR,1992,3.0,9.0
Norway,NOR,1993,3.0,9.0
Norway,NOR,1994,3.0,9.0
Norway,NOR,1995,3.0,9.0
Norway,NOR,1996,3.0,9.0
Norway,NOR,1997,3.0,9.0
Norway,NOR,1998,3.0,9.0
Norway,NOR,1999,3.0,9.0
Norway,NOR,2000,3.0,9.0
Norway,NOR,2001,3.0,9.0
Norway,NOR,2002,3.0,9.0
Norway,NOR,2003,3.0,9.0
Norway,NOR,2004,3.0,9.0
Norway,NOR,2005,3.0,9.0
Norway,NOR,2006,3.0,9.0
Norway,NOR,2007,3.0,9.0
Norway,NOR,2008,3.0,9.0
Norway,NOR,2009,3.0,9.0
Norway,NOR,2010,3.0,9.0
Norway,NOR,2011,3.0,9.0
Norway,NOR,2012,3.0,9.0
Norway,NOR,2013,3.0,9.0
Norway,NOR,2014,3.0,9.0
Norway,NOR,2015,3.0,9.0
Norway,NOR,2016,3.0,9.0
Norway,NOR,2017,3.0,9.0
Norway,NOR,2018,3.0,9.0
Norway,NOR,2019,3.0,9.0
Norway,NOR,2020,3.0,8.0
Norway,NOR,2021,3.0,8.0
Norway,NOR,2022,3.0,8.0
Norway,NOR,2023,3.0,8.0
Norway,NOR,2024,3.0,9.0
Norway,NOR,2025,3.0,9.0
Oman,OMN,1789,,
Oman,OMN,1790,,
Oman,OMN,1791,,
Oman,OMN,1792,,
Oman,OMN,1793,,
Oman,OMN,1794,,
Oman,OMN,1795,,
Oman,OMN,1796,,
Oman,OMN,1797,,
Oman,OMN,1798,,
Oman,OMN,1799,,
Oman,OMN,1800,,
Oman,OMN,1801,,
Oman,OMN,1802,,
Oman,OMN,1803,,
Oman,OMN,1804,,
Oman,OMN,1805,,
Oman,OMN,1806,,
Oman,OMN,1807,,
Oman,OMN,1808,,
Oman,OMN,1809,,
Oman,OMN,1810,,
Oman,OMN,1811,,
Oman,OMN,1812,,
Oman,OMN,1813,,
Oman,OMN,1814,,
Oman,OMN,1815,,
Oman,OMN,1816,,
Oman,OMN,1817,,
Oman,OMN,1818,,
Oman,OMN,1819,,
Oman,OMN,1820,,
Oman,OMN,1821,,
Oman,OMN,1822,,
Oman,OMN,1823,,
Oman,OMN,1824,,
Oman,OMN,1825,,
Oman,OMN,1826,,
Oman,OMN,1827,,
Oman,OMN,1828,,
Oman,OMN,1829,,
Oman,OMN,1830,,
Oman,OMN,1831,,
Oman,OMN,1832,,
Oman,OMN,1833,,
Oman,OMN,1834,,
Oman,OMN,1835,,
Oman,OMN,1836,,
Oman,OMN,1837,,
Oman,OMN,1838,,
Oman,OMN,1839,,
Oman,OMN,1840,,
Oman,OMN,1841,,
Oman,OMN,1842,,
Oman,OMN,1843,,
Oman,OMN,1844,,
Oman,OMN,1845,,
Oman,OMN,1846,,
Oman,OMN,1847,,
Oman,OMN,1848,,
Oman,OMN,1849,,
Oman,OMN,1850,,
Oman,OMN,1851,,
Oman,OMN,1852,,
Oman,OMN,1853,,
Oman,OMN,1854,,
Oman,OMN,1855,,
Oman,OMN,1856,,
Oman,OMN,1857,,
Oman,OMN,1858,,
Oman,OMN,1859,,
Oman,OMN,1860,,
Oman,OMN,1861,,
Oman,OMN,1862,,
Oman,OMN,1863,,
Oman,OMN,1864,,
Oman,OMN,1865,,
Oman,OMN,1866,,
Oman,OMN,1867,,
Oman,OMN,1868,,
Oman,OMN,1869,,
Oman,OMN,1870,,
Oman,OMN,1871,,
Oman,OMN,1872,,
Oman,OMN,1873,,
Oman,OMN,1874,,
Oman,OMN,1875,,
Oman,OMN,1876,,
Oman,OMN,1877,,
Oman,OMN,1878,,
Oman,OMN,1879,,
Oman,OMN,1880,,
Oman,OMN,1881,,
Oman,OMN,1882,,
Oman,OMN,1883,,
Oman,OMN,1884,,
Oman,OMN,1885,,
Oman,OMN,1886,,
Oman,OMN,1887,,
Oman,OMN,1888,,
Oman,OMN,1889,,
Oman,OMN,1890,,
Oman,OMN,1891,,
Oman,OMN,1892,,
Oman,OMN,1893,,
Oman,OMN,1894,,
Oman,OMN,1895,,
Oman,OMN,1896,,
Oman,OMN,1897,,
Oman,OMN,1898,,
Oman,OMN,1899,,
Oman,OMN,1900,0.0,0.0
Oman,OMN,1901,0.0,0.0
Oman,OMN,1902,0.0,0.0
Oman,OMN,1903,0.0,0.0
Oman,OMN,1904,0.0,0.0
Oman,OMN,1905,0.0,0.0
Oman,OMN,1906,0.0,0.0
Oman,OMN,1907,0.0,0.0
Oman,OMN,1908,0.0,0.0
Oman,OMN,1909,0.0,0.0
Oman,OMN,1910,0.0,0.0
Oman,OMN,1911,0.0,0.0
Oman,OMN,1912,0.0,0.0
Oman,OMN,1913,0.0,0.0
Oman,OMN,1914,0.0,0.0
Oman,OMN,1915,0.0,0.0
Oman,OMN,1916,0.0,0.0
Oman,OMN,1917,0.0,0.0
Oman,OMN,1918,0.0,0.0
Oman,OMN,1919,0.0,0.0
Oman,OMN,1920,0.0,0.0
Oman,OMN,1921,0.0,0.0
Oman,OMN,1922,0.0,0.0
Oman,OMN,1923,0.0,0.0
Oman,OMN,1924,0.0,0.0
Oman,OMN,1925,0.0,0.0
Oman,OMN,1926,0.0,0.0
Oman,OMN,1927,0.0,0.0
Oman,OMN,1928,0.0,0.0
Oman,OMN,1929,0.0,0.0
Oman,OMN,1930,0.0,0.0
Oman,OMN,1931,0.0,0.0
Oman,OMN,1932,0.0,0.0
Oman,OMN,1933,0.0,0.0
Oman,OMN,1934,0.0,0.0
Oman,OMN,1935,0.0,0.0
Oman,OMN,1936,0.0,0.0
Oman,OMN,1937,0.0,0.0
Oman,OMN,1938,0.0,0.0
Oman,OMN,1939,0.0,0.0
Oman,OMN,1940,0.0,0.0
Oman,OMN,1941,0.0,0.0
Oman,OMN,1942,0.0,0.0
Oman,OMN,1943,0.0,0.0
Oman,OMN,1944,0.0,0.0
Oman,OMN,1945,0.0,0.0
Oman,OMN,1946,0.0,0.0
Oman,OMN,1947,0.0,0.0
Oman,OMN,1948,0.0,0.0
Oman,OMN,1949,0.0,0.0
Oman,OMN,1950,0.0,0.0
Oman,OMN,1951,0.0,0.0
Oman,OMN,1952,0.0,0.0
Oman,OMN,1953,0.0,0.0
Oman,OMN,1954,0.0,0.0
Oman,OMN,1955,0.0,0.0
Oman,OMN,1956,0.0,0.0
Oman,OMN,1957,0.0,0.0
Oman,OMN,1958,0.0,0.0
Oman,OMN,1959,0.0,0.0
Oman,OMN,1960,0.0,0.0
Oman,OMN,1961,0.0,0.0
Oman,OMN,1962,0.0,0.0
Oman,OMN,1963,0.0,0.0
Oman,OMN,1964,0.0,0.0
Oman,OMN,1965,0.0,0.0
Oman,OMN,1966,0.0,0.0
Oman,OMN,1967,0.0,0.0
Oman,OMN,1968,0.0,0.0
Oman,OMN,1969,0.0,0.0
Oman,OMN,1970,0.0,0.0
Oman,OMN,1971,0.0,0.0
Oman,OMN,1972,0.0,0.0
Oman,OMN,1973,0.0,0.0
Oman,OMN,1974,0.0,0.0
Oman,OMN,1975,0.0,0.0
Oman,OMN,1976,0.0,0.0
Oman,OMN,1977,0.0,0.0
Oman,OMN,1978,0.0,0.0
Oman,OMN,1979,0.0,0.0
Oman,OMN,1980,0.0,0.0
Oman,OMN,1981,0.0,0.0
Oman,OMN,1982,0.0,0.0
Oman,OMN,1983,0.0,0.0
Oman,OMN,1984,0.0,0.0
Oman,OMN,1985,0.0,0.0
Oman,OMN,1986,0.0,0.0
Oman,OMN,1987,0.0,0.0
Oman,OMN,1988,0.0,0.0
Oman,OMN,1989,0.0,0.0
Oman,OMN,1990,0.0,0.0
Oman,OMN,1991,0.0,0.0
Oman,OMN,1992,0.0,0.0
Oman,OMN,1993,0.0,0.0
Oman,OMN,1994,0.0,0.0
Oman,OMN,1995,0.0,0.0
Oman,OMN,1996,0.0,0.0
Oman,OMN,1997,0.0,0.0
Oman,OMN,1998,0.0,0.0
Oman,OMN,1999,0.0,0.0
Oman,OMN,2000,0.0,0.0
Oman,OMN,2001,0.0,0.0
Oman,OMN,2002,0.0,0.0
Oman,OMN,2003,0.0,0.0
Oman,OMN,2004,0.0,0.0
Oman,OMN,2005,0.0,0.0
Oman,OMN,2006,0.0,0.0
Oman,OMN,2007,0.0,0.0
Oman,OMN,2008,0.0,0.0
Oman,OMN,2009,0.0,0.0
Oman,OMN,2010,0.0,0.0
Oman,OMN,2011,0.0,0.0
Oman,OMN,2012,0.0,0.0
Oman,OMN,2013,0.0,0.0
Oman,OMN,2014,0.0,0.0
Oman,OMN,2015,0.0,0.0
Oman,OMN,2016,0.0,0.0
Oman,OMN,2017,0.0,0.0
Oman,OMN,2018,0.0,0.0
Oman,OMN,2019,0.0,0.0
Oman,OMN,2020,0.0,0.0
Oman,OMN,2021,0.0,0.0
Oman,OMN,2022,0.0,0.0
Oman,OMN,2023,0.0,0.0
Oman,OMN,2024,0.0,0.0
Oman,OMN,2025,0.0,0.0
Paraguay,PRY,1811,,
Paraguay,PRY,1812,,
Paraguay,PRY,1813,,
Paraguay,PRY,1814,,
Paraguay,PRY,1815,,
Paraguay,PRY,1816,,
Paraguay,PRY,1817,,
Paraguay,PRY,1818,,
Paraguay,PRY,1819,,
Paraguay,PRY,1820,,
Paraguay,PRY,1821,,
Paraguay,PRY,1822,,
Paraguay,PRY,1823,,
Paraguay,PRY,1824,,
Paraguay,PRY,1825,,
Paraguay,PRY,1826,,
Paraguay,PRY,1827,,
Paraguay,PRY,1828,,
Paraguay,PRY,1829,,
Paraguay,PRY,1830,,
Paraguay,PRY,1831,,
Paraguay,PRY,1832,,
Paraguay,PRY,1833,,
Paraguay,PRY,1834,,
Paraguay,PRY,1835,,
Paraguay,PRY,1836,,
Paraguay,PRY,1837,,
Paraguay,PRY,1838,,
Paraguay,PRY,1839,,
Paraguay,PRY,1840,,
Paraguay,PRY,1841,,
Paraguay,PRY,1842,,
Paraguay,PRY,1843,,
Paraguay,PRY,1844,,
Paraguay,PRY,1845,,
Paraguay,PRY,1846,,
Paraguay,PRY,1847,,
Paraguay,PRY,1848,,
Paraguay,PRY,1849,,
Paraguay,PRY,1850,,
Paraguay,PRY,1851,,
Paraguay,PRY,1852,,
Paraguay,PRY,1853,,
Paraguay,PRY,1854,,
Paraguay,PRY,1855,,
Paraguay,PRY,1856,,
Paraguay,PRY,1857,,
Paraguay,PRY,1858,,
Paraguay,PRY,1859,,
Paraguay,PRY,1860,,
Paraguay,PRY,1861,,
Paraguay,PRY,1862,,
Paraguay,PRY,1863,,
Paraguay,PRY,1864,,
Paraguay,PRY,1865,,
Paraguay,PRY,1866,,
Paraguay,PRY,1867,,
Paraguay,PRY,1868,,
Paraguay,PRY,1869,,
Paraguay,PRY,1870,,
Paraguay,PRY,1871,,
Paraguay,PRY,1872,,
Paraguay,PRY,1873,,
Paraguay,PRY,1874,,
Paraguay,PRY,1875,,
Paraguay,PRY,1876,,
Paraguay,PRY,1877,,
Paraguay,PRY,1878,,
Paraguay,PRY,1879,,
Paraguay,PRY,1880,,
Paraguay,PRY,1881,,
Paraguay,PRY,1882,,
Paraguay,PRY,1883,,
Paraguay,PRY,1884,,
Paraguay,PRY,1885,,
Paraguay,PRY,1886,,
Paraguay,PRY,1887,,
Paraguay,PRY,1888,,
Paraguay,PRY,1889,,
Paraguay,PRY,1890,,
Paraguay,PRY,1891,,
Paraguay,PRY,1892,,
Paraguay,PRY,1893,,
Paraguay,PRY,1894,,
Paraguay,PRY,1895,,
Paraguay,PRY,1896,,
Paraguay,PRY,1897,,
Paraguay,PRY,1898,,
Paraguay,PRY,1899,,
Paraguay,PRY,1900,0.0,1.0
Paraguay,PRY,1901,0.0,1.0
Paraguay,PRY,1902,0.0,1.0
Paraguay,PRY,1903,1.0,3.0
Paraguay,PRY,1904,0.0,1.0
Paraguay,PRY,1905,0.0,1.0
Paraguay,PRY,1906,1.0,3.0
Paraguay,PRY,1907,1.0,3.0
Paraguay,PRY,1908,0.0,1.0
Paraguay,PRY,1909,0.0,0.0
Paraguay,PRY,1910,0.0,0.0
Paraguay,PRY,1911,0.0,0.0
Paraguay,PRY,1912,0.0,0.0
Paraguay,PRY,1913,0.0,0.0
Paraguay,PRY,1914,0.0,0.0
Paraguay,PRY,1915,0.0,0.0
Paraguay,PRY,1916,0.0,0.0
Paraguay,PRY,1917,0.0,0.0
Paraguay,PRY,1918,0.0,0.0
Paraguay,PRY,1919,0.0,0.0
Paraguay,PRY,1920,0.0,0.0
Paraguay,PRY,1921,0.0,0.0
Paraguay,PRY,1922,0.0,0.0
Paraguay,PRY,1923,0.0,0.0
Paraguay,PRY,1924,0.0,0.0
Paraguay,PRY,1925,0.0,0.0
Paraguay,PRY,1926,0.0,0.0
Paraguay,PRY,1927,0.0,0.0
Paraguay,PRY,1928,0.0,0.0
Paraguay,PRY,1929,0.0,0.0
Paraguay,PRY,1930,0.0,0.0
Paraguay,PRY,1931,0.0,0.0
Paraguay,PRY,1932,0.0,0.0
Paraguay,PRY,1933,0.0,0.0
Paraguay,PRY,1934,0.0,0.0
Paraguay,PRY,1935,0.0,0.0
Paraguay,PRY,1936,0.0,0.0
Paraguay,PRY,1937,0.0,0.0
Paraguay,PRY,1938,0.0,0.0
Paraguay,PRY,1939,0.0,0.0
Paraguay,PRY,1940,0.0,0.0
Paraguay,PRY,1941,0.0,0.0
Paraguay,PRY,1942,0.0,0.0
Paraguay,PRY,1943,1.0,3.0
Paraguay,PRY,1944,1.0,3.0
Paraguay,PRY,1945,1.0,3.0
Paraguay,PRY,1946,1.0,3.0
Paraguay,PRY,1947,1.0,3.0
Paraguay,PRY,1948,1.0,2.0
Paraguay,PRY,1949,1.0,2.0
Paraguay,PRY,1950,1.0,2.0
Paraguay,PRY,1951,1.0,2.0
Paraguay,PRY,1952,1.0,2.0
Paraguay,PRY,1953,1.0,2.0
Paraguay,PRY,1954,0.0,1.0
Paraguay,PRY,1955,0.0,1.0
Paraguay,PRY,1956,0.0,1.0
Paraguay,PRY,1957,0.0,1.0
Paraguay,PRY,1958,0.0,0.0
Paraguay,PRY,1959,0.0,0.0
Paraguay,PRY,1960,0.0,0.0
Paraguay,PRY,1961,0.0,0.0
Paraguay,PRY,1962,0.0,0.0
Paraguay,PRY,1963,1.0,3.0
Paraguay,PRY,1964,1.0,3.0
Paraguay,PRY,1965,1.0,3.0
Paraguay,PRY,1966,1.0,3.0
Paraguay,PRY,1967,1.0,3.0
Paraguay,PRY,1968,1.0,3.0
Paraguay,PRY,1969,1.0,3.0
Paraguay,PRY,1970,1.0,3.0
Paraguay,PRY,1971,1.0,3.0
Paraguay,PRY,1972,1.0,3.0
Paraguay,PRY,1973,1.0,3.0
Paraguay,PRY,1974,1.0,3.0
Paraguay,PRY,1975,1.0,3.0
Paraguay,PRY,1976,1.0,3.0
Paraguay,PRY,1977,1.0,3.0
Paraguay,PRY,1978,1.0,3.0
Paraguay,PRY,1979,1.0,3.0
Paraguay,PRY,1980,1.0,3.0
Paraguay,PRY,1981,1.0,3.0
Paraguay,PRY,1982,1.0,3.0
Paraguay,PRY,1983,1.0,3.0
Paraguay,PRY,1984,1.0,3.0
Paraguay,PRY,1985,1.0,3.0
Paraguay,PRY,1986,1.0,3.0
Paraguay,PRY,1987,1.0,3.0
Paraguay,PRY,1988,1.0,3.0
Paraguay,PRY,1989,1.0,3.0
Paraguay,PRY,1990,1.0,3.0
Paraguay,PRY,1991,1.0,3.0
Paraguay,PRY,1992,1.0,4.0
Paraguay,PRY,1993,2.0,5.0
Paraguay,PRY,1994,2.0,5.0
Paraguay,PRY,1995,2.0,5.0
Paraguay,PRY,1996,2.0,5.0
Paraguay,PRY,1997,2.0,5.0
Paraguay,PRY,1998,2.0,5.0
Paraguay,PRY,1999,2.0,5.0
Paraguay,PRY,2000,2.0,5.0
Paraguay,PRY,2001,2.0,5.0
Paraguay,PRY,2002,2.0,5.0
Paraguay,PRY,2003,2.0,6.0
Paraguay,PRY,2004,2.0,6.0
Paraguay,PRY,2005,2.0,6.0
Paraguay,PRY,2006,2.0,6.0
Paraguay,PRY,2007,2.0,6.0
Paraguay,PRY,2008,2.0,6.0
Paraguay,PRY,2009,2.0,6.0
Paraguay,PRY,2010,2.0,6.0
Paraguay,PRY,2011,2.0,6.0
Paraguay,PRY,2012,2.0,6.0
Paraguay,PRY,2013,2.0,6.0
Paraguay,PRY,2014,2.0,6.0
Paraguay,PRY,2015,2.0,6.0
Paraguay,PRY,2016,2.0,6.0
Paraguay,PRY,2017,2.0,6.0
Paraguay,PRY,2018,2.0,6.0
Paraguay,PRY,2019,2.0,6.0
Paraguay,PRY,2020,2.0,6.0
Paraguay,PRY,2021,2.0,6.0
Paraguay,PRY,2022,2.0,6.0
Paraguay,PRY,2023,2.0,6.0
Paraguay,PRY,2024,2.0,6.0
Paraguay,PRY,2025,2.0,6.0
Romania,ROU,1789,,
Romania,ROU,1790,,
Romania,ROU,1791,,
Romania,ROU,1792,,
Romania,ROU,1793,,
Romania,ROU,1794,,
Romania,ROU,1795,,
Romania,ROU,1796,,
Romania,ROU,1797,,
Romania,ROU,1798,,
Romania,ROU,1799,,
Romania,ROU,1800,,
Romania,ROU,1801,,
Romania,ROU,1802,,
Romania,ROU,1803,,
Romania,ROU,1804,,
Romania,ROU,1805,,
Romania,ROU,1806,,
Romania,ROU,1807,,
Romania,ROU,1808,,
Romania,ROU,1809,,
Romania,ROU,1810,,
Romania,ROU,1811,,
Romania,ROU,1812,,
Romania,ROU,1813,,
Romania,ROU,1814,,
Romania,ROU,1815,,
Romania,ROU,1816,,
Romania,ROU,1817,,
Romania,ROU,1818,,
Romania,ROU,1819,,
Romania,ROU,1820,,
Romania,ROU,1821,,
Romania,ROU,1822,,
Romania,ROU,1823,,
Romania,ROU,1824,,
Romania,ROU,1825,,
Romania,ROU,1826,,
Romania,ROU,1827,,
Romania,ROU,1828,,
Romania,ROU,1829,,
Romania,ROU,1830,,
Romania,ROU,1831,,
Romania,ROU,1832,,
Romania,ROU,1833,,
Romania,ROU,1834,,
Romania,ROU,1835,,
Romania,ROU,1836,,
Romania,ROU,1837,,
Romania,ROU,1838,,
Romania,ROU,1839,,
Romania,ROU,1840,,
Romania,ROU,1841,,
Romania,ROU,1842,,
Romania,ROU,1843,,
Romania,ROU,1844,,
Romania,ROU,1845,,
Romania,ROU,1846,,
Romania,ROU,1847,,
Romania,ROU,1848,,
Romania,ROU,1849,,
Romania,ROU,1850,,
Romania,ROU,1851,,
Romania,ROU,1852,,
Romania,ROU,1853,,
Romania,ROU,1854,,
Romania,ROU,1855,,
Romania,ROU,1856,,
Romania,ROU,1857,,
Romania,ROU,1858,,
Romania,ROU,1859,,
Romania,ROU,1860,,
Romania,ROU,1861,,
Romania,ROU,1862,,
Romania,ROU,1863,,
Romania,ROU,1864,,
Romania,ROU,1865,,
Romania,ROU,1866,,
Romania,ROU,1867,,
Romania,ROU,1868,,
Romania,ROU,1869,,
Romania,ROU,1870,,
Romania,ROU,1871,,
Romania,ROU,1872,,
Romania,ROU,1873,,
Romania,ROU,1874,,
Romania,ROU,1875,,
Romania,ROU,1876,,
Romania,ROU,1877,,
Romania,ROU,1878,,
Romania,ROU,1879,,
Romania,ROU,1880,,
Romania,ROU,1881,,
Romania,ROU,1882,,
Romania,ROU,1883,,
Romania,ROU,1884,,
Romania,ROU,1885,,
Romania,ROU,1886,,
Romania,ROU,1887,,
Romania,ROU,1888,,
Romania,ROU,1889,,
Romania,ROU,1890,,
Romania,ROU,1891,,
Romania,ROU,1892,,
Romania,ROU,1893,,
Romania,ROU,1894,,
Romania,ROU,1895,,
Romania,ROU,1896,,
Romania,ROU,1897,,
Romania,ROU,1898,,
Romania,ROU,1899,,
Romania,ROU,1900,0.0,0.0
Romania,ROU,1901,0.0,0.0
Romania,ROU,1902,0.0,0.0
Romania,ROU,1903,0.0,0.0
Romania,ROU,1904,0.0,0.0
Romania,ROU,1905,0.0,0.0
Romania,ROU,1906,0.0,0.0
Romania,ROU,1907,0.0,0.0
Romania,ROU,1908,0.0,0.0
Romania,ROU,1909,0.0,0.0
Romania,ROU,1910,0.0,0.0
Romania,ROU,1911,0.0,0.0
Romania,ROU,1912,0.0,0.0
Romania,ROU,1913,0.0,0.0
Romania,ROU,1914,0.0,0.0
Romania,ROU,1915,0.0,0.0
Romania,ROU,1916,0.0,0.0
Romania,ROU,1917,0.0,0.0
Romania,ROU,1918,0.0,0.0
Romania,ROU,1919,0.0,0.0
Romania,ROU,1920,0.0,0.0
Romania,ROU,1921,0.0,0.0
Romania,ROU,1922,0.0,0.0
Romania,ROU,1923,0.0,0.0
Romania,ROU,1924,0.0,0.0
Romania,ROU,1925,0.0,0.0
Romania,ROU,1926,0.0,0.0
Romania,ROU,1927,0.0,0.0
Romania,ROU,1928,0.0,0.0
Romania,ROU,1929,0.0,0.0
Romania,ROU,1930,0.0,0.0
Romania,ROU,1931,0.0,0.0
Romania,ROU,1932,0.0,0.0
Romania,ROU,1933,0.0,0.0
Romania,ROU,1934,0.0,0.0
Romania,ROU,1935,0.0,0.0
Romania,ROU,1936,0.0,0.0
Romania,ROU,1937,0.0,0.0
Romania,ROU,1938,0.0,0.0
Romania,ROU,1939,0.0,0.0
Romania,ROU,1940,0.0,0.0
Romania,ROU,1941,0.0,0.0
Romania,ROU,1942,0.0,0.0
Romania,ROU,1943,0.0,0.0
Romania,ROU,1944,0.0,0.0
Romania,ROU,1945,0.0,0.0
Romania,ROU,1946,0.0,0.0
Romania,ROU,1947,0.0,0.0
Romania,ROU,1948,0.0,0.0
Romania,ROU,1949,0.0,0.0
Romania,ROU,1950,0.0,0.0
Romania,ROU,1951,0.0,0.0
Romania,ROU,1952,0.0,0.0
Romania,ROU,1953,0.0,0.0
Romania,ROU,1954,0.0,0.0
Romania,ROU,1955,0.0,0.0
Romania,ROU,1956,0.0,0.0
Romania,ROU,1957,0.0,0.0
Romania,ROU,1958,0.0,0.0
Romania,ROU,1959,0.0,0.0
Romania,ROU,1960,0.0,0.0
Romania,ROU,1961,0.0,1.0
Romania,ROU,1962,0.0,1.0
Romania,ROU,1963,0.0,1.0
Romania,ROU,1964,0.0,1.0
Romania,ROU,1965,0.0,1.0
Romania,ROU,1966,0.0,1.0
Romania,ROU,1967,0.0,1.0
Romania,ROU,1968,0.0,1.0
Romania,ROU,1969,0.0,1.0
Romania,ROU,1970,0.0,1.0
Romania,ROU,1971,0.0,1.0
Romania,ROU,1972,0.0,1.0
Romania,ROU,1973,0.0,1.0
Romania,ROU,1974,0.0,1.0
Romania,ROU,1975,0.0,1.0
Romania,ROU,1976,0.0,1.0
Romania,ROU,1977,0.0,1.0
Romania,ROU,1978,0.0,1.0
Romania,ROU,1979,0.0,1.0
Romania,ROU,1980,0.0,1.0
Romania,ROU,1981,0.0,1.0
Romania,ROU,1982,0.0,1.0
Romania,ROU,1983,0.0,1.0
Romania,ROU,1984,0.0,1.0
Romania,ROU,1985,0.0,1.0
Romania,ROU,1986,0.0,1.0
Romania,ROU,1987,0.0,1.0
Romania,ROU,1988,0.0,1.0
Romania,ROU,1989,0.0,1.0
Romania,ROU,1990,2.0,5.0
Romania,ROU,1991,2.0,5.0
Romania,ROU,1992,2.0,5.0
Romania,ROU,1993,2.0,5.0
Romania,ROU,1994,2.0,5.0
Romania,ROU,1995,2.0,5.0
Romania,ROU,1996,2.0,6.0
Romania,ROU,1997,2.0,6.0
Romania,ROU,1998,2.0,6.0
Romania,ROU,1999,2.0,6.0
Romania,ROU,2000,2.0,6.0
Romania,ROU,2001,2.0,6.0
Romania,ROU,2002,2.0,6.0
Romania,ROU,2003,2.0,6.0
Romania,ROU,2004,2.0,6.0
Romania,ROU,2005,2.0,6.0
Romania,ROU,2006,2.0,6.0
Romania,ROU,2007,2.0,6.0
Romania,ROU,2008,2.0,6.0
Romania,ROU,2009,2.0,6.0
Romania,ROU,2010,2.0,6.0
Romania,ROU,2011,2.0,6.0
Romania,ROU,2012,2.0,6.0
Romania,ROU,2013,2.0,6.0
Romania,ROU,2014,2.0,6.0
Romania,ROU,2015,2.0,6.0
Romania,ROU,2016,2.0,6.0
Romania,ROU,2017,2.0,6.0
Romania,ROU,2018,2.0,6.0
Romania,ROU,2019,2.0,6.0
Romania,ROU,2020,2.0,6.0
Romania,ROU,2021,2.0,6.0
Romania,ROU,2022,2.0,6.0
Romania,ROU,2023,2.0,6.0
Romania,ROU,2024,2.0,6.0
Romania,ROU,2025,2.0,6.0
Sao Tome and Principe,STP,1900,0.0,0.0
Sao Tome and Principe,STP,1901,0.0,0.0
Sao Tome and Principe,STP,1902,0.0,0.0
Sao Tome and Principe,STP,1903,0.0,0.0
Sao Tome and Principe,STP,1904,0.0,0.0
Sao Tome and Principe,STP,1905,0.0,0.0
Sao Tome and Principe,STP,1906,0.0,0.0
Sao Tome and Principe,STP,1907,0.0,0.0
Sao Tome and Principe,STP,1908,0.0,0.0
Sao Tome and Principe,STP,1909,0.0,0.0
Sao Tome and Principe,STP,1910,0.0,0.0
Sao Tome and Principe,STP,1911,0.0,0.0
Sao Tome and Principe,STP,1912,0.0,0.0
Sao Tome and Principe,STP,1913,0.0,0.0
Sao Tome and Principe,STP,1914,0.0,0.0
Sao Tome and Principe,STP,1915,0.0,0.0
Sao Tome and Principe,STP,1916,0.0,0.0
Sao Tome and Principe,STP,1917,0.0,0.0
Sao Tome and Principe,STP,1918,0.0,0.0
Sao Tome and Principe,STP,1919,0.0,0.0
Sao Tome and Principe,STP,1920,0.0,0.0
Sao Tome and Principe,STP,1921,0.0,0.0
Sao Tome and Principe,STP,1922,0.0,0.0
Sao Tome and Principe,STP,1923,0.0,0.0
Sao Tome and Principe,STP,1924,0.0,0.0
Sao Tome and Principe,STP,1925,0.0,0.0
Sao Tome and Principe,STP,1926,0.0,0.0
Sao Tome and Principe,STP,1927,0.0,0.0
Sao Tome and Principe,STP,1928,0.0,0.0
Sao Tome and Principe,STP,1929,0.0,0.0
Sao Tome and Principe,STP,1930,0.0,0.0
Sao Tome and Principe,STP,1931,0.0,0.0
Sao Tome and Principe,STP,1932,0.0,0.0
Sao Tome and Principe,STP,1933,0.0,0.0
Sao Tome and Principe,STP,1934,0.0,0.0
Sao Tome and Principe,STP,1935,0.0,0.0
Sao Tome and Principe,STP,1936,0.0,0.0
Sao Tome and Principe,STP,1937,0.0,0.0
Sao Tome and Principe,STP,1938,0.0,0.0
Sao Tome and Principe,STP,1939,0.0,0.0
Sao Tome and Principe,STP,1940,0.0,0.0
Sao Tome and Principe,STP,1941,0.0,0.0
Sao Tome and Principe,STP,1942,0.0,0.0
Sao Tome and Principe,STP,1943,0.0,0.0
Sao Tome and Principe,STP,1944,0.0,0.0
Sao Tome and Principe,STP,1945,0.0,0.0
Sao Tome and Principe,STP,1946,0.0,0.0
Sao Tome and Principe,STP,1947,0.0,0.0
Sao Tome and Principe,STP,1948,0.0,0.0
Sao Tome and Principe,STP,1949,0.0,0.0
Sao Tome and Principe,STP,1950,0.0,0.0
Sao Tome and Principe,STP,1951,0.0,0.0
Sao Tome and Principe,STP,1952,0.0,0.0
Sao Tome and Principe,STP,1953,0.0,0.0
Sao Tome and Principe,STP,1954,0.0,0.0
Sao Tome and Principe,STP,1955,0.0,0.0
Sao Tome and Principe,STP,1956,0.0,0.0
Sao Tome and Principe,STP,1957,0.0,0.0
Sao Tome and Principe,STP,1958,0.0,0.0
Sao Tome and Principe,STP,1959,0.0,0.0
Sao Tome and Principe,STP,1960,0.0,0.0
Sao Tome and Principe,STP,1961,0.0,0.0
Sao Tome and Principe,STP,1962,0.0,0.0
Sao Tome and Principe,STP,1963,0.0,0.0
Sao Tome and Principe,STP,1964,0.0,0.0
Sao Tome and Principe,STP,1965,0.0,0.0
Sao Tome and Principe,STP,1966,0.0,0.0
Sao Tome and Principe,STP,1967,0.0,0.0
Sao Tome and Principe,STP,1968,0.0,0.0
Sao Tome and Principe,STP,1969,0.0,0.0
Sao Tome and Principe,STP,1970,0.0,0.0
Sao Tome and Principe,STP,1971,0.0,0.0
Sao Tome and Principe,STP,1972,0.0,0.0
Sao Tome and Principe,STP,1973,0.0,0.0
Sao Tome and Principe,STP,1974,0.0,0.0
Sao Tome and Principe,STP,1975,0.0,0.0
Sao Tome and Principe,STP,1976,0.0,0.0
Sao Tome and Principe,STP,1977,0.0,0.0
Sao Tome and Principe,STP,1978,0.0,0.0
Sao Tome and Principe,STP,1979,0.0,0.0
Sao Tome and Principe,STP,1980,0.0,0.0
Sao Tome and Principe,STP,1981,0.0,0.0
Sao Tome and Principe,STP,1982,0.0,0.0
Sao Tome and Principe,STP,1983,0.0,0.0
Sao Tome and Principe,STP,1984,0.0,0.0
Sao Tome and Principe,STP,1985,0.0,0.0
Sao Tome and Principe,STP,1986,0.0,0.0
Sao Tome and Principe,STP,1987,0.0,0.0
Sao Tome and Principe,STP,1988,0.0,0.0
Sao Tome and Principe,STP,1989,0.0,0.0
Sao Tome and Principe,STP,1990,0.0,0.0
Sao Tome and Principe,STP,1991,2.0,5.0
Sao Tome and Principe,STP,1992,2.0,6.0
Sao Tome and Principe,STP,1993,2.0,6.0
Sao Tome and Principe,STP,1994,2.0,6.0
Sao Tome and Principe,STP,1995,2.0,6.0
Sao Tome and Principe,STP,1996,2.0,6.0
Sao Tome and Principe,STP,1997,2.0,6.0
Sao Tome and Principe,STP,1998,2.0,6.0
Sao Tome and Principe,STP,1999,2.0,6.0
Sao Tome and Principe,STP,2000,2.0,6.0
Sao Tome and Principe,STP,2001,2.0,6.0
Sao Tome and Principe,STP,2002,2.0,6.0
Sao Tome and Principe,STP,2003,2.0,6.0
Sao Tome and Principe,STP,2004,2.0,6.0
Sao Tome and Principe,STP,2005,2.0,6.0
Sao Tome and Principe,STP,2006,2.0,6.0
Sao Tome and Principe,STP,2007,2.0,6.0
Sao Tome and Principe,STP,2008,2.0,6.0
Sao Tome and Principe,STP,2009,2.0,6.0
Sao Tome and Principe,STP,2010,2.0,6.0
Sao Tome and Principe,STP,2011,2.0,6.0
Sao Tome and Principe,STP,2012,2.0,6.0
Sao Tome and Principe,STP,2013,2.0,6.0
Sao Tome and Principe,STP,2014,2.0,6.0
Sao Tome and Principe,STP,2015,2.0,6.0
Sao Tome and Principe,STP,2016,2.0,6.0
Sao Tome and Principe,STP,2017,2.0,6.0
Sao Tome and Principe,STP,2018,2.0,6.0
Sao Tome and Principe,STP,2019,2.0,6.0
Sao Tome and Principe,STP,2020,2.0,6.0
Sao Tome and Principe,STP,2021,2.0,6.0
Sao Tome and Principe,STP,2022,2.0,6.0
Sao Tome and Principe,STP,2023,2.0,6.0
Sao Tome and Principe,STP,2024,2.0,6.0
Sao Tome and Principe,STP,2025,2.0,6.0
Saudi Arabia,SAU,1789,,
Saudi Arabia,SAU,1790,,
Saudi Arabia,SAU,1791,,
Saudi Arabia,SAU,1792,,
Saudi Arabia,SAU,1793,,
Saudi Arabia,SAU,1794,,
Saudi Arabia,SAU,1795,,
Saudi Arabia,SAU,1796,,
Saudi Arabia,SAU,1797,,
Saudi Arabia,SAU,1798,,
Saudi Arabia,SAU,1799,,
Saudi Arabia,SAU,1800,,
Saudi Arabia,SAU,1801,,
Saudi Arabia,SAU,1802,,
Saudi Arabia,SAU,1803,,
Saudi Arabia,SAU,1804,,
Saudi Arabia,SAU,1805,,
Saudi Arabia,SAU,1806,,
Saudi Arabia,SAU,1807,,
Saudi Arabia,SAU,1808,,
Saudi Arabia,SAU,1809,,
Saudi Arabia,SAU,1810,,
Saudi Arabia,SAU,1811,,
Saudi Arabia,SAU,1812,,
Saudi Arabia,SAU,1813,,
Saudi Arabia,SAU,1814,,
Saudi Arabia,SAU,1815,,
Saudi Arabia,SAU,1816,,
Saudi Arabia,SAU,1817,,
Saudi Arabia,SAU,1818,,
Saudi Arabia,SAU,1822,,
Saudi Arabia,SAU,1823,,
Saudi Arabia,SAU,1824,,
Saudi Arabia,SAU,1825,,
Saudi Arabia,SAU,1826,,
Saudi Arabia,SAU,1827,,
Saudi Arabia,SAU,1828,,
Saudi Arabia,SAU,1829,,
Saudi Arabia,SAU,1830,,
Saudi Arabia,SAU,1831,,
Saudi Arabia,SAU,1832,,
Saudi Arabia,SAU,1833,,
Saudi Arabia,SAU,1834,,
Saudi Arabia,SAU,1835,,
Saudi Arabia,SAU,1836,,
Saudi Arabia,SAU,1837,,
Saudi Arabia,SAU,1838,,
Saudi Arabia,SAU,1839,,
Saudi Arabia,SAU,1840,,
Saudi Arabia,SAU,1841,,
Saudi Arabia,SAU,1842,,
Saudi Arabia,SAU,1843,,
Saudi Arabia,SAU,1844,,
Saudi Arabia,SAU,1845,,
Saudi Arabia,SAU,1846,,
Saudi Arabia,SAU,1847,,
Saudi Arabia,SAU,1848,,
Saudi Arabia,SAU,1849,,
Saudi Arabia,SAU,1850,,
Saudi Arabia,SAU,1851,,
Saudi Arabia,SAU,1852,,
Saudi Arabia,SAU,1853,,
Saudi Arabia,SAU,1854,,
Saudi Arabia,SAU,1855,,
Saudi Arabia,SAU,1856,,
Saudi Arabia,SAU,1857,,
Saudi Arabia,SAU,1858,,
Saudi Arabia,SAU,1859,,
Saudi Arabia,SAU,1860,,
Saudi Arabia,SAU,1861,,
Saudi Arabia,SAU,1862,,
Saudi Arabia,SAU,1863,,
Saudi Arabia,SAU,1864,,
Saudi Arabia,SAU,1865,,
Saudi Arabia,SAU,1866,,
Saudi Arabia,SAU,1867,,
Saudi Arabia,SAU,1868,,
Saudi Arabia,SAU,1869,,
Saudi Arabia,SAU,1870,,
Saudi Arabia,SAU,1871,,
Saudi Arabia,SAU,1872,,
Saudi Arabia,SAU,1873,,
Saudi Arabia,SAU,1874,,
Saudi Arabia,SAU,1875,,
Saudi Arabia,SAU,1876,,
Saudi Arabia,SAU,1877,,
Saudi Arabia,SAU,1878,,
Saudi Arabia,SAU,1879,,
Saudi Arabia,SAU,1880,,
Saudi Arabia,SAU,1881,,
Saudi Arabia,SAU,1882,,
Saudi Arabia,SAU,1883,,
Saudi Arabia,SAU,1884,,
Saudi Arabia,SAU,1885,,
Saudi Arabia,SAU,1886,,
Saudi Arabia,SAU,1887,,
Saudi Arabia,SAU,1888,,
Saudi Arabia,SAU,1889,,
Saudi Arabia,SAU,1890,,
Saudi Arabia,SAU,1891,,
Saudi Arabia,SAU,1892,,
Saudi Arabia,SAU,1893,,
Saudi Arabia,SAU,1894,,
Saudi Arabia,SAU,1895,,
Saudi Arabia,SAU,1896,,
Saudi Arabia,SAU,1897,,
Saudi Arabia,SAU,1898,,
Saudi Arabia,SAU,1899,,
Saudi Arabia,SAU,1900,0.0,0.0
Saudi Arabia,SAU,1901,0.0,0.0
Saudi Arabia,SAU,1902,0.0,0.0
Saudi Arabia,SAU,1903,0.0,0.0
Saudi Arabia,SAU,1904,0.0,0.0
Saudi Arabia,SAU,1905,0.0,0.0
Saudi Arabia,SAU,1906,0.0,0.0
Saudi Arabia,SAU,1907,0.0,0.0
Saudi Arabia,SAU,1908,0.0,0.0
Saudi Arabia,SAU,1909,0.0,0.0
Saudi Arabia,SAU,1910,0.0,0.0
Saudi Arabia,SAU,1911,0.0,0.0
Saudi Arabia,SAU,1912,0.0,0.0
Saudi Arabia,SAU,1913,0.0,0.0
Saudi Arabia,SAU,1914,0.0,0.0
Saudi Arabia,SAU,1915,0.0,0.0
Saudi Arabia,SAU,1916,0.0,0.0
Saudi Arabia,SAU,1917,0.0,0.0
Saudi Arabia,SAU,1918,0.0,0.0
Saudi Arabia,SAU,1919,0.0,0.0
Saudi Arabia,SAU,1920,0.0,0.0
Saudi Arabia,SAU,1921,0.0,0.0
Saudi Arabia,SAU,1922,0.0,0.0
Saudi Arabia,SAU,1923,0.0,0.0
Saudi Arabia,SAU,1924,0.0,0.0
Saudi Arabia,SAU,1925,0.0,0.0
Saudi Arabia,SAU,1926,0.0,0.0
Saudi Arabia,SAU,1927,0.0,0.0
Saudi Arabia,SAU,1928,0.0,0.0
Saudi Arabia,SAU,1929,0.0,0.0
Saudi Arabia,SAU,1930,0.0,0.0
Saudi Arabia,SAU,1931,0.0,0.0
Saudi Arabia,SAU,1932,0.0,0.0
Saudi Arabia,SAU,1933,0.0,0.0
Saudi Arabia,SAU,1934,0.0,0.0
Saudi Arabia,SAU,1935,0.0,0.0
Saudi Arabia,SAU,1936,0.0,0.0
Saudi Arabia,SAU,1937,0.0,0.0
Saudi Arabia,SAU,1938,0.0,0.0
Saudi Arabia,SAU,1939,0.0,0.0
Saudi Arabia,SAU,1940,0.0,0.0
Saudi Arabia,SAU,1941,0.0,0.0
Saudi Arabia,SAU,1942,0.0,0.0
Saudi Arabia,SAU,1943,0.0,0.0
Saudi Arabia,SAU,1944,0.0,0.0
Saudi Arabia,SAU,1945,0.0,0.0
Saudi Arabia,SAU,1946,0.0,0.0
Saudi Arabia,SAU,1947,0.0,0.0
Saudi Arabia,SAU,1948,0.0,0.0
Saudi Arabia,SAU,1949,0.0,0.0
Saudi Arabia,SAU,1950,0.0,0.0
Saudi Arabia,SAU,1951,0.0,0.0
Saudi Arabia,SAU,1952,0.0,0.0
Saudi Arabia,SAU,1953,0.0,0.0
Saudi Arabia,SAU,1954,0.0,0.0
Saudi Arabia,SAU,1955,0.0,0.0
Saudi Arabia,SAU,1956,0.0,0.0
Saudi Arabia,SAU,1957,0.0,0.0
Saudi Arabia,SAU,1958,0.0,0.0
Saudi Arabia,SAU,1959,0.0,0.0
Saudi Arabia,SAU,1960,0.0,0.0
Saudi Arabia,SAU,1961,0.0,0.0
Saudi Arabia,SAU,1962,0.0,0.0
Saudi Arabia,SAU,1963,0.0,0.0
Saudi Arabia,SAU,1964,0.0,0.0
Saudi Arabia,SAU,1965,0.0,0.0
Saudi Arabia,SAU,1966,0.0,0.0
Saudi Arabia,SAU,1967,0.0,0.0
Saudi Arabia,SAU,1968,0.0,0.0
Saudi Arabia,SAU,1969,0.0,0.0
Saudi Arabia,SAU,1970,0.0,0.0
Saudi Arabia,SAU,1971,0.0,0.0
Saudi Arabia,SAU,1972,0.0,0.0
Saudi Arabia,SAU,1973,0.0,0.0
Saudi Arabia,SAU,1974,0.0,0.0
Saudi Arabia,SAU,1975,0.0,0.0
Saudi Arabia,SAU,1976,0.0,0.0
Saudi Arabia,SAU,1977,0.0,0.0
Saudi Arabia,SAU,1978,0.0,0.0
Saudi Arabia,SAU,1979,0.0,0.0
Saudi Arabia,SAU,1980,0.0,0.0
Saudi Arabia,SAU,1981,0.0,0.0
Saudi Arabia,SAU,1982,0.0,0.0
Saudi Arabia,SAU,1983,0.0,0.0
Saudi Arabia,SAU,1984,0.0,0.0
Saudi Arabia,SAU,1985,0.0,0.0
Saudi Arabia,SAU,1986,0.0,0.0
Saudi Arabia,SAU,1987,0.0,0.0
Saudi Arabia,SAU,1988,0.0,0.0
Saudi Arabia,SAU,1989,0.0,0.0
Saudi Arabia,SAU,1990,0.0,0.0
Saudi Arabia,SAU,1991,0.0,0.0
Saudi Arabia,SAU,1992,0.0,0.0
Saudi Arabia,SAU,1993,0.0,0.0
Saudi Arabia,SAU,1994,0.0,0.0
Saudi Arabia,SAU,1995,0.0,0.0
Saudi Arabia,SAU,1996,0.0,0.0
Saudi Arabia,SAU,1997,0.0,0.0
Saudi Arabia,SAU,1998,0.0,0.0
Saudi Arabia,SAU,1999,0.0,0.0
Saudi Arabia,SAU,2000,0.0,0.0
Saudi Arabia,SAU,2001,0.0,0.0
Saudi Arabia,SAU,2002,0.0,0.0
Saudi Arabia,SAU,2003,0.0,0.0
Saudi Arabia,SAU,2004,0.0,0.0
Saudi Arabia,SAU,2005,0.0,0.0
Saudi Arabia,SAU,2006,0.0,0.0
Saudi Arabia,SAU,2007,0.0,0.0
Saudi Arabia,SAU,2008,0.0,0.0
Saudi Arabia,SAU,2009,0.0,0.0
Saudi Arabia,SAU,2010,0.0,0.0
Saudi Arabia,SAU,2011,0.0,0.0
Saudi Arabia,SAU,2012,0.0,0.0
Saudi Arabia,SAU,2013,0.0,0.0
Saudi Arabia,SAU,2014,0.0,0.0
Saudi Arabia,SAU,2015,0.0,0.0
Saudi Arabia,SAU,2016,0.0,0.0
Saudi Arabia,SAU,2017,0.0,0.0
Saudi Arabia,SAU,2018,0.0,0.0
Saudi Arabia,SAU,2019,0.0,0.0
Saudi Arabia,SAU,2020,0.0,0.0
Saudi Arabia,SAU,2021,0.0,0.0
Saudi Arabia,SAU,2022,0.0,0.0
Saudi Arabia,SAU,2023,0.0,0.0
Saudi Arabia,SAU,2024,0.0,0.0
Saudi Arabia,SAU,2025,0.0,0.0
Serbia,SRB,1804,,
Serbia,SRB,1805,,
Serbia,SRB,1806,,
Serbia,SRB,1807,,
Serbia,SRB,1808,,
Serbia,SRB,1809,,
Serbia,SRB,1810,,
Serbia,SRB,1811,,
Serbia,SRB,1812,,
Serbia,SRB,1813,,
Serbia,SRB,1815,,
Serbia,SRB,1816,,
Serbia,SRB,1817,,
Serbia,SRB,1818,,
Serbia,SRB,1819,,
Serbia,SRB,1820,,
Serbia,SRB,1821,,
Serbia,SRB,1822,,
Serbia,SRB,1823,,
Serbia,SRB,1824,,
Serbia,SRB,1825,,
Serbia,SRB,1826,,
Serbia,SRB,1827,,
Serbia,SRB,1828,,
Serbia,SRB,1829,,
Serbia,SRB,1830,,
Serbia,SRB,1831,,
Serbia,SRB,1832,,
Serbia,SRB,1833,,
Serbia,SRB,1834,,
Serbia,SRB,1835,,
Serbia,SRB,1836,,
Serbia,SRB,1837,,
Serbia,SRB,1838,,
Serbia,SRB,1839,,
Serbia,SRB,1840,,
Serbia,SRB,1841,,
Serbia,SRB,1842,,
Serbia,SRB,1843,,
Serbia,SRB,1844,,
Serbia,SRB,1845,,
Serbia,SRB,1846,,
Serbia,SRB,1847,,
Serbia,SRB,1848,,
Serbia,SRB,1849,,
Serbia,SRB,1850,,
Serbia,SRB,1851,,
Serbia,SRB,1852,,
Serbia,SRB,1853,,
Serbia,SRB,1854,,
Serbia,SRB,1855,,
Serbia,SRB,1856,,
Serbia,SRB,1857,,
Serbia,SRB,1858,,
Serbia,SRB,1859,,
Serbia,SRB,1860,,
Serbia,SRB,1861,,
Serbia,SRB,1862,,
Serbia,SRB,1863,,
Serbia,SRB,1864,,
Serbia,SRB,1865,,
Serbia,SRB,1866,,
Serbia,SRB,1867,,
Serbia,SRB,1868,,
Serbia,SRB,1869,,
Serbia,SRB,1870,,
Serbia,SRB,1871,,
Serbia,SRB,1872,,
Serbia,SRB,1873,,
Serbia,SRB,1874,,
Serbia,SRB,1875,,
Serbia,SRB,1876,,
Serbia,SRB,1877,,
Serbia,SRB,1878,,
Serbia,SRB,1879,,
Serbia,SRB,1880,,
Serbia,SRB,1881,,
Serbia,SRB,1882,,
Serbia,SRB,1883,,
Serbia,SRB,1884,,
Serbia,SRB,1885,,
Serbia,SRB,1886,,
Serbia,SRB,1887,,
Serbia,SRB,1888,,
Serbia,SRB,1889,,
Serbia,SRB,1890,,
Serbia,SRB,1891,,
Serbia,SRB,1892,,
Serbia,SRB,1893,,
Serbia,SRB,1894,,
Serbia,SRB,1895,,
Serbia,SRB,1896,,
Serbia,SRB,1897,,
Serbia,SRB,1898,,
Serbia,SRB,1899,,
Serbia,SRB,1900,0.0,0.0
Serbia,SRB,1901,0.0,0.0
Serbia,SRB,1902,0.0,0.0
Serbia,SRB,1903,0.0,0.0
Serbia,SRB,1904,0.0,0.0
Serbia,SRB,1905,0.0,0.0
Serbia,SRB,1906,0.0,0.0
Serbia,SRB,1907,0.0,0.0
Serbia,SRB,1908,0.0,0.0
Serbia,SRB,1909,0.0,0.0
Serbia,SRB,1910,0.0,0.0
Serbia,SRB,1911,0.0,0.0
Serbia,SRB,1912,0.0,0.0
Serbia,SRB,1913,0.0,0.0
Serbia,SRB,1914,0.0,0.0
Serbia,SRB,1915,0.0,0.0
Serbia,SRB,1916,0.0,0.0
Serbia,SRB,1917,0.0,0.0
Serbia,SRB,1918,0.0,0.0
Serbia,SRB,1919,0.0,0.0
Serbia,SRB,1920,0.0,0.0
Serbia,SRB,1921,0.0,0.0
Serbia,SRB,1922,0.0,0.0
Serbia,SRB,1923,0.0,0.0
Serbia,SRB,1924,0.0,0.0
Serbia,SRB,1925,0.0,0.0
Serbia,SRB,1926,0.0,0.0
Serbia,SRB,1927,0.0,0.0
Serbia,SRB,1928,0.0,0.0
Serbia,SRB,1929,0.0,0.0
Serbia,SRB,1930,0.0,0.0
Serbia,SRB,1931,0.0,0.0
Serbia,SRB,1932,,
Serbia,SRB,1933,,
Serbia,SRB,1934,,
Serbia,SRB,1935,0.0,0.0
Serbia,SRB,1936,0.0,0.0
Serbia,SRB,1937,0.0,0.0
Serbia,SRB,1938,0.0,0.0
Serbia,SRB,1939,0.0,0.0
Serbia,SRB,1940,0.0,0.0
Serbia,SRB,1941,0.0,0.0
Serbia,SRB,1942,0.0,0.0
Serbia,SRB,1943,0.0,0.0
Serbia,SRB,1944,0.0,0.0
Serbia,SRB,1945,0.0,0.0
Serbia,SRB,1946,0.0,0.0
Serbia,SRB,1947,0.0,0.0
Serbia,SRB,1948,0.0,0.0
Serbia,SRB,1949,0.0,0.0
Serbia,SRB,1950,0.0,0.0
Serbia,SRB,1951,0.0,0.0
Serbia,SRB,1952,0.0,0.0
Serbia,SRB,1953,0.0,0.0
Serbia,SRB,1954,0.0,0.0
Serbia,SRB,1955,0.0,0.0
Serbia,SRB,1956,0.0,0.0
Serbia,SRB,1957,0.0,0.0
Serbia,SRB,1958,0.0,0.0
Serbia,SRB,1959,0.0,0.0
Serbia,SRB,1960,0.0,0.0
Serbia,SRB,1961,0.0,0.0
Serbia,SRB,1962,0.0,0.0
Serbia,SRB,1963,0.0,0.0
Serbia,SRB,1964,0.0,0.0
Serbia,SRB,1965,0.0,0.0
Serbia,SRB,1966,0.0,0.0
Serbia,SRB,1967,0.0,0.0
Serbia,SRB,1968,0.0,0.0
Serbia,SRB,1969,0.0,0.0
Serbia,SRB,1970,0.0,0.0
Serbia,SRB,1971,0.0,0.0
Serbia,SRB,1972,0.0,0.0
Serbia,SRB,1973,0.0,0.0
Serbia,SRB,1974,0.0,0.0
Serbia,SRB,1975,0.0,0.0
Serbia,SRB,1976,0.0,0.0
Serbia,SRB,1977,0.0,0.0
Serbia,SRB,1978,0.0,0.0
Serbia,SRB,1979,0.0,0.0
Serbia,SRB,1980,0.0,1.0
Serbia,SRB,1981,0.0,1.0
Serbia,SRB,1982,0.0,1.0
Serbia,SRB,1983,0.0,1.0
Serbia,SRB,1984,0.0,1.0
Serbia,SRB,1985,0.0,1.0
Serbia,SRB,1986,0.0,1.0
Serbia,SRB,1987,0.0,1.0
Serbia,SRB,1988,0.0,1.0
Serbia,SRB,1989,0.0,1.0
Serbia,SRB,1990,0.0,1.0
Serbia,SRB,1991,0.0,0.0
Serbia,SRB,1992,1.0,3.0
Serbia,SRB,1993,1.0,3.0
Serbia,SRB,1994,1.0,3.0
Serbia,SRB,1995,1.0,3.0
Serbia,SRB,1996,1.0,3.0
Serbia,SRB,1997,1.0,3.0
Serbia,SRB,1998,1.0,3.0
Serbia,SRB,1999,1.0,3.0
Serbia,SRB,2000,1.0,3.0
Serbia,SRB,2001,2.0,7.0
Serbia,SRB,2002,2.0,6.0
Serbia,SRB,2003,2.0,6.0
Serbia,SRB,2004,2.0,6.0
Serbia,SRB,2005,2.0,6.0
Serbia,SRB,2006,2.0,6.0
Serbia,SRB,2007,3.0,8.0
Serbia,SRB,2008,3.0,8.0
Serbia,SRB,2009,3.0,8.0
Serbia,SRB,2010,3.0,8.0
Serbia,SRB,2011,3.0,8.0
Serbia,SRB,2012,3.0,8.0
Serbia,SRB,2013,2.0,5.0
Serbia,SRB,2014,1.0,3.0
Serbia,SRB,2015,1.0,3.0
Serbia,SRB,2016,1.0,3.0
Serbia,SRB,2017,1.0,3.0
Serbia,SRB,2018,1.0,3.0
Serbia,SRB,2019,1.0,3.0
Serbia,SRB,2020,1.0,3.0
Serbia,SRB,2021,1.0,3.0
Serbia,SRB,2022,1.0,3.0
Serbia,SRB,2023,1.0,3.0
Serbia,SRB,2024,1.0,3.0
Serbia,SRB,2025,1.0,3.0
Seychelles,SYC,1903,0.0,0.0
Seychelles,SYC,1904,0.0,0.0
Seychelles,SYC,1905,0.0,0.0
Seychelles,SYC,1906,0.0,0.0
Seychelles,SYC,1907,0.0,0.0
Seychelles,SYC,1908,0.0,0.0
Seychelles,SYC,1909,0.0,0.0
Seychelles,SYC,1910,0.0,0.0
Seychelles,SYC,1911,0.0,0.0
Seychelles,SYC,1912,0.0,0.0
Seychelles,SYC,1913,0.0,0.0
Seychelles,SYC,1914,0.0,0.0
Seychelles,SYC,1915,0.0,0.0
Seychelles,SYC,1916,0.0,0.0
Seychelles,SYC,1917,0.0,0.0
Seychelles,SYC,1918,0.0,0.0
Seychelles,SYC,1919,0.0,0.0
Seychelles,SYC,1920,0.0,0.0
Seychelles,SYC,1921,0.0,0.0
Seychelles,SYC,1922,0.0,0.0
Seychelles,SYC,1923,0.0,0.0
Seychelles,SYC,1924,0.0,0.0
Seychelles,SYC,1925,0.0,0.0
Seychelles,SYC,1926,0.0,0.0
Seychelles,SYC,1927,0.0,0.0
Seychelles,SYC,1928,0.0,0.0
Seychelles,SYC,1929,0.0,0.0
Seychelles,SYC,1930,0.0,0.0
Seychelles,SYC,1931,0.0,0.0
Seychelles,SYC,1932,0.0,0.0
Seychelles,SYC,1933,0.0,0.0
Seychelles,SYC,1934,0.0,0.0
Seychelles,SYC,1935,0.0,0.0
Seychelles,SYC,1936,0.0,0.0
Seychelles,SYC,1937,0.0,0.0
Seychelles,SYC,1938,0.0,0.0
Seychelles,SYC,1939,0.0,0.0
Seychelles,SYC,1940,0.0,0.0
Seychelles,SYC,1941,0.0,0.0
Seychelles,SYC,1942,0.0,0.0
Seychelles,SYC,1943,0.0,0.0
Seychelles,SYC,1944,0.0,0.0
Seychelles,SYC,1945,0.0,0.0
Seychelles,SYC,1946,0.0,0.0
Seychelles,SYC,1947,0.0,0.0
Seychelles,SYC,1948,0.0,0.0
Seychelles,SYC,1949,0.0,0.0
Seychelles,SYC,1950,0.0,0.0
Seychelles,SYC,1951,0.0,0.0
Seychelles,SYC,1952,0.0,0.0
Seychelles,SYC,1953,0.0,0.0
Seychelles,SYC,1954,0.0,0.0
Seychelles,SYC,1955,0.0,0.0
Seychelles,SYC,1956,0.0,0.0
Seychelles,SYC,1957,0.0,0.0
Seychelles,SYC,1958,0.0,0.0
Seychelles,SYC,1959,0.0,0.0
Seychelles,SYC,1960,0.0,0.0
Seychelles,SYC,1961,0.0,0.0
Seychelles,SYC,1962,0.0,0.0
Seychelles,SYC,1963,0.0,0.0
Seychelles,SYC,1964,0.0,0.0
Seychelles,SYC,1965,0.0,0.0
Seychelles,SYC,1966,0.0,0.0
Seychelles,SYC,1967,0.0,0.0
Seychelles,SYC,1968,0.0,0.0
Seychelles,SYC,1969,0.0,0.0
Seychelles,SYC,1970,1.0,3.0
Seychelles,SYC,1971,1.0,3.0
Seychelles,SYC,1972,1.0,3.0
Seychelles,SYC,1973,1.0,3.0
Seychelles,SYC,1974,1.0,3.0
Seychelles,SYC,1975,1.0,3.0
Seychelles,SYC,1976,1.0,3.0
Seychelles,SYC,1977,0.0,0.0
Seychelles,SYC,1978,0.0,0.0
Seychelles,SYC,1979,1.0,2.0
Seychelles,SYC,1980,1.0,2.0
Seychelles,SYC,1981,1.0,2.0
Seychelles,SYC,1982,1.0,2.0
Seychelles,SYC,1983,1.0,2.0
Seychelles,SYC,1984,1.0,2.0
Seychelles,SYC,1985,1.0,2.0
Seychelles,SYC,1986,1.0,2.0
Seychelles,SYC,1987,0.0,0.0
Seychelles,SYC,1988,0.0,0.0
Seychelles,SYC,1989,0.0,0.0
Seychelles,SYC,1990,0.0,0.0
Seychelles,SYC,1991,0.0,0.0
Seychelles,SYC,1992,1.0,2.0
Seychelles,SYC,1993,1.0,3.0
Seychelles,SYC,1994,1.0,3.0
Seychelles,SYC,1995,1.0,3.0
Seychelles,SYC,1996,1.0,3.0
Seychelles,SYC,1997,1.0,3.0
Seychelles,SYC,1998,1.0,3.0
Seychelles,SYC,1999,1.0,3.0
Seychelles,SYC,2000,1.0,3.0
Seychelles,SYC,2001,1.0,3.0
Seychelles,SYC,2002,1.0,3.0
Seychelles,SYC,2003,1.0,3.0
Seychelles,SYC,2004,1.0,3.0
Seychelles,SYC,2005,1.0,3.0
Seychelles,SYC,2006,1.0,3.0
Seychelles,SYC,2007,1.0,4.0
Seychelles,SYC,2008,1.0,4.0
Seychelles,SYC,2009,1.0,4.0
Seychelles,SYC,2010,1.0,4.0
Seychelles,SYC,2011,1.0,4.0
Seychelles,SYC,2012,1.0,4.0
Seychelles,SYC,2013,1.0,4.0
Seychelles,SYC,2014,1.0,4.0
Seychelles,SYC,2015,2.0,5.0
Seychelles,SYC,2016,3.0,8.0
Seychelles,SYC,2017,3.0,8.0
Seychelles,SYC,2018,3.0,8.0
Seychelles,SYC,2019,3.0,8.0
Seychelles,SYC,2020,3.0,9.0
Seychelles,SYC,2021,3.0,9.0
Seychelles,SYC,2022,3.0,9.0
Seychelles,SYC,2023,3.0,9.0
Seychelles,SYC,2024,3.0,9.0
Seychelles,SYC,2025,3.0,9.0
Singapore,SGP,1867,,
Singapore,SGP,1868,,
Singapore,SGP,1869,,
Singapore,SGP,1870,,
Singapore,SGP,1871,,
Singapore,SGP,1872,,
Singapore,SGP,1873,,
Singapore,SGP,1874,,
Singapore,SGP,1875,,
Singapore,SGP,1876,,
Singapore,SGP,1877,,
Singapore,SGP,1878,,
Singapore,SGP,1879,,
Singapore,SGP,1880,,
Singapore,SGP,1881,,
Singapore,SGP,1882,,
Singapore,SGP,1883,,
Singapore,SGP,1884,,
Singapore,SGP,1885,,
Singapore,SGP,1886,,
Singapore,SGP,1887,,
Singapore,SGP,1888,,
Singapore,SGP,1889,,
Singapore,SGP,1890,,
Singapore,SGP,1891,,
Singapore,SGP,1892,,
Singapore,SGP,1893,,
Singapore,SGP,1894,,
Singapore,SGP,1895,,
Singapore,SGP,1896,,
Singapore,SGP,1897,,
Singapore,SGP,1898,,
Singapore,SGP,1899,,
Singapore,SGP,1900,0.0,0.0
Singapore,SGP,1901,0.0,0.0
Singapore,SGP,1902,0.0,0.0
Singapore,SGP,1903,0.0,0.0
Singapore,SGP,1904,0.0,0.0
Singapore,SGP,1905,0.0,0.0
Singapore,SGP,1906,0.0,0.0
Singapore,SGP,1907,0.0,0.0
Singapore,SGP,1908,0.0,0.0
Singapore,SGP,1909,0.0,0.0
Singapore,SGP,1910,0.0,0.0
Singapore,SGP,1911,0.0,0.0
Singapore,SGP,1912,0.0,0.0
Singapore,SGP,1913,0.0,0.0
Singapore,SGP,1914,0.0,0.0
Singapore,SGP,1915,0.0,0.0
Singapore,SGP,1916,0.0,0.0
Singapore,SGP,1917,0.0,0.0
Singapore,SGP,1918,0.0,0.0
Singapore,SGP,1919,0.0,0.0
Singapore,SGP,1920,0.0,0.0
Singapore,SGP,1921,0.0,0.0
Singapore,SGP,1922,0.0,0.0
Singapore,SGP,1923,0.0,0.0
Singapore,SGP,1924,0.0,0.0
Singapore,SGP,1925,0.0,0.0
Singapore,SGP,1926,0.0,0.0
Singapore,SGP,1927,0.0,0.0
Singapore,SGP,1928,0.0,0.0
Singapore,SGP,1929,0.0,0.0
Singapore,SGP,1930,0.0,0.0
Singapore,SGP,1931,0.0,0.0
Singapore,SGP,1932,0.0,0.0
Singapore,SGP,1933,0.0,0.0
Singapore,SGP,1934,0.0,0.0
Singapore,SGP,1935,0.0,0.0
Singapore,SGP,1936,0.0,0.0
Singapore,SGP,1937,0.0,0.0
Singapore,SGP,1938,0.0,0.0
Singapore,SGP,1939,0.0,0.0
Singapore,SGP,1940,0.0,0.0
Singapore,SGP,1941,0.0,0.0
Singapore,SGP,1942,0.0,0.0
Singapore,SGP,1943,0.0,0.0
Singapore,SGP,1944,0.0,0.0
Singapore,SGP,1945,0.0,0.0
Singapore,SGP,1946,0.0,0.0
Singapore,SGP,1947,0.0,0.0
Singapore,SGP,1948,0.0,0.0
Singapore,SGP,1949,0.0,0.0
Singapore,SGP,1950,0.0,0.0
Singapore,SGP,1951,0.0,0.0
Singapore,SGP,1952,0.0,0.0
Singapore,SGP,1953,0.0,0.0
Singapore,SGP,1954,0.0,0.0
Singapore,SGP,1955,1.0,3.0
Singapore,SGP,1956,1.0,3.0
Singapore,SGP,1957,1.0,3.0
Singapore,SGP,1958,1.0,3.0
Singapore,SGP,1959,1.0,3.0
Singapore,SGP,1960,1.0,3.0
Singapore,SGP,1961,1.0,3.0
Singapore,SGP,1962,1.0,3.0
Singapore,SGP,1963,1.0,3.0
Singapore,SGP,1964,1.0,3.0
Singapore,SGP,1965,1.0,3.0
Singapore,SGP,1966,1.0,3.0
Singapore,SGP,1967,1.0,3.0
Singapore,SGP,1968,1.0,3.0
Singapore,SGP,1969,1.0,3.0
Singapore,SGP,1970,1.0,3.0
Singapore,SGP,1971,1.0,3.0
Singapore,SGP,1972,1.0,3.0
Singapore,SGP,1973,1.0,3.0
Singapore,SGP,1974,1.0,3.0
Singapore,SGP,1975,1.0,3.0
Singapore,SGP,1976,1.0,3.0
Singapore,SGP,1977,1.0,3.0
Singapore,SGP,1978,1.0,3.0
Singapore,SGP,1979,1.0,3.0
Singapore,SGP,1980,1.0,3.0
Singapore,SGP,1981,1.0,3.0
Singapore,SGP,1982,1.0,3.0
Singapore,SGP,1983,1.0,3.0
Singapore,SGP,1984,1.0,3.0
Singapore,SGP,1985,1.0,3.0
Singapore,SGP,1986,1.0,3.0
Singapore,SGP,1987,1.0,3.0
Singapore,SGP,1988,1.0,3.0
Singapore,SGP,1989,1.0,3.0
Singapore,SGP,1990,1.0,3.0
Singapore,SGP,1991,1.0,3.0
Singapore,SGP,1992,1.0,3.0
Singapore,SGP,1993,1.0,3.0
Singapore,SGP,1994,1.0,3.0
Singapore,SGP,1995,1.0,3.0
Singapore,SGP,1996,1.0,3.0
Singapore,SGP,1997,1.0,3.0
Singapore,SGP,1998,1.0,3.0
Singapore,SGP,1999,1.0,3.0
Singapore,SGP,2000,1.0,3.0
Singapore,SGP,2001,1.0,3.0
Singapore,SGP,2002,1.0,3.0
Singapore,SGP,2003,1.0,3.0
Singapore,SGP,2004,1.0,3.0
Singapore,SGP,2005,1.0,3.0
Singapore,SGP,2006,1.0,3.0
Singapore,SGP,2007,1.0,3.0
Singapore,SGP,2008,1.0,3.0
Singapore,SGP,2009,1.0,3.0
Singapore,SGP,2010,1.0,3.0
Singapore,SGP,2011,1.0,3.0
Singapore,SGP,2012,1.0,3.0
Singapore,SGP,2013,1.0,3.0
Singapore,SGP,2014,1.0,3.0
Singapore,SGP,2015,1.0,3.0
Singapore,SGP,2016,1.0,3.0
Singapore,SGP,2017,1.0,3.0
Singapore,SGP,2018,1.0,3.0
Singapore,SGP,2019,1.0,3.0
Singapore,SGP,2020,1.0,3.0
Singapore,SGP,2021,1.0,3.0
Singapore,SGP,2022,1.0,3.0
Singapore,SGP,2023,1.0,3.0
Singapore,SGP,2024,1.0,3.0
Singapore,SGP,2025,1.0,3.0
Slovakia,SVK,1939,,
Slovakia,SVK,1940,,
Slovakia,SVK,1941,,
Slovakia,SVK,1942,,
Slovakia,SVK,1943,,
Slovakia,SVK,1944,,
Slovakia,SVK,1993,0.0,0.0
Slovakia,SVK,1994,2.0,6.0
Slovakia,SVK,1995,2.0,6.0
Slovakia,SVK,1996,2.0,6.0
Slovakia,SVK,1997,2.0,6.0
Slovakia,SVK,1998,2.0,6.0
Slovakia,SVK,1999,3.0,8.0
Slovakia,SVK,2000,3.0,8.0
Slovakia,SVK,2001,3.0,8.0
Slovakia,SVK,2002,3.0,8.0
Slovakia,SVK,2003,3.0,8.0
Slovakia,SVK,2004,3.0,8.0
Slovakia,SVK,2005,3.0,8.0
Slovakia,SVK,2006,3.0,8.0
Slovakia,SVK,2007,3.0,8.0
Slovakia,SVK,2008,3.0,8.0
Slovakia,SVK,2009,3.0,8.0
Slovakia,SVK,2010,3.0,9.0
Slovakia,SVK,2011,3.0,9.0
Slovakia,SVK,2012,3.0,8.0
Slovakia,SVK,2013,3.0,8.0
Slovakia,SVK,2014,3.0,8.0
Slovakia,SVK,2015,3.0,8.0
Slovakia,SVK,2016,3.0,8.0
Slovakia,SVK,2017,3.0,8.0
Slovakia,SVK,2018,3.0,8.0
Slovakia,SVK,2019,2.0,7.0
Slovakia,SVK,2020,3.0,8.0
Slovakia,SVK,2021,3.0,8.0
Slovakia,SVK,2022,3.0,8.0
Slovakia,SVK,2023,2.0,6.0
Slovakia,SVK,2024,2.0,6.0
Slovakia,SVK,2025,2.0,6.0
Slovenia,SVN,1989,0.0,0.0
Slovenia,SVN,1990,2.0,7.0
Slovenia,SVN,1991,3.0,9.0
Slovenia,SVN,1992,3.0,9.0
Slovenia,SVN,1993,3.0,9.0
Slovenia,SVN,1994,3.0,9.0
Slovenia,SVN,1995,3.0,9.0
Slovenia,SVN,1996,3.0,9.0
Slovenia,SVN,1997,3.0,9.0
Slovenia,SVN,1998,3.0,9.0
Slovenia,SVN,1999,3.0,9.0
Slovenia,SVN,2000,3.0,9.0
Slovenia,SVN,2001,3.0,9.0
Slovenia,SVN,2002,3.0,9.0
Slovenia,SVN,2003,3.0,9.0
Slovenia,SVN,2004,3.0,9.0
Slovenia,SVN,2005,3.0,9.0
Slovenia,SVN,2006,3.0,9.0
Slovenia,SVN,2007,3.0,9.0
Slovenia,SVN,2008,3.0,9.0
Slovenia,SVN,2009,3.0,9.0
Slovenia,SVN,2010,3.0,9.0
Slovenia,SVN,2011,3.0,9.0
Slovenia,SVN,2012,3.0,9.0
Slovenia,SVN,2013,3.0,9.0
Slovenia,SVN,2014,3.0,9.0
Slovenia,SVN,2015,3.0,9.0
Slovenia,SVN,2016,3.0,9.0
Slovenia,SVN,2017,3.0,9.0
Slovenia,SVN,2018,3.0,9.0
Slovenia,SVN,2019,3.0,9.0
Slovenia,SVN,2020,3.0,8.0
Slovenia,SVN,2021,2.0,6.0
Slovenia,SVN,2022,3.0,8.0
Slovenia,SVN,2023,2.0,7.0
Slovenia,SVN,2024,2.0,7.0
Slovenia,SVN,2025,2.0,6.0
Solomon Islands,SLB,1900,0.0,0.0
Solomon Islands,SLB,1901,0.0,0.0
Solomon Islands,SLB,1902,0.0,0.0
Solomon Islands,SLB,1903,0.0,0.0
Solomon Islands,SLB,1904,0.0,0.0
Solomon Islands,SLB,1905,0.0,0.0
Solomon Islands,SLB,1906,0.0,0.0
Solomon Islands,SLB,1907,0.0,0.0
Solomon Islands,SLB,1908,0.0,0.0
Solomon Islands,SLB,1909,0.0,0.0
Solomon Islands,SLB,1910,0.0,0.0
Solomon Islands,SLB,1911,0.0,0.0
Solomon Islands,SLB,1912,0.0,0.0
Solomon Islands,SLB,1913,0.0,0.0
Solomon Islands,SLB,1914,0.0,0.0
Solomon Islands,SLB,1915,0.0,0.0
Solomon Islands,SLB,1916,0.0,0.0
Solomon Islands,SLB,1917,0.0,0.0
Solomon Islands,SLB,1918,0.0,0.0
Solomon Islands,SLB,1919,0.0,0.0
Solomon Islands,SLB,1920,0.0,0.0
Solomon Islands,SLB,1921,0.0,0.0
Solomon Islands,SLB,1922,0.0,0.0
Solomon Islands,SLB,1923,0.0,0.0
Solomon Islands,SLB,1924,0.0,0.0
Solomon Islands,SLB,1925,0.0,0.0
Solomon Islands,SLB,1926,0.0,0.0
Solomon Islands,SLB,1927,0.0,0.0
Solomon Islands,SLB,1928,0.0,0.0
Solomon Islands,SLB,1929,0.0,0.0
Solomon Islands,SLB,1930,0.0,0.0
Solomon Islands,SLB,1931,0.0,0.0
Solomon Islands,SLB,1932,0.0,0.0
Solomon Islands,SLB,1933,0.0,0.0
Solomon Islands,SLB,1934,0.0,0.0
Solomon Islands,SLB,1935,0.0,0.0
Solomon Islands,SLB,1936,0.0,0.0
Solomon Islands,SLB,1937,0.0,0.0
Solomon Islands,SLB,1938,0.0,0.0
Solomon Islands,SLB,1939,0.0,0.0
Solomon Islands,SLB,1940,0.0,0.0
Solomon Islands,SLB,1941,0.0,0.0
Solomon Islands,SLB,1942,0.0,0.0
Solomon Islands,SLB,1943,0.0,0.0
Solomon Islands,SLB,1944,0.0,0.0
Solomon Islands,SLB,1945,0.0,0.0
Solomon Islands,SLB,1946,0.0,0.0
Solomon Islands,SLB,1947,0.0,0.0
Solomon Islands,SLB,1948,0.0,0.0
Solomon Islands,SLB,1949,0.0,0.0
Solomon Islands,SLB,1950,0.0,0.0
Solomon Islands,SLB,1951,0.0,0.0
Solomon Islands,SLB,1952,0.0,0.0
Solomon Islands,SLB,1953,0.0,0.0
Solomon Islands,SLB,1954,0.0,0.0
Solomon Islands,SLB,1955,0.0,0.0
Solomon Islands,SLB,1956,0.0,0.0
Solomon Islands,SLB,1957,0.0,0.0
Solomon Islands,SLB,1958,0.0,0.0
Solomon Islands,SLB,1959,0.0,0.0
Solomon Islands,SLB,1960,0.0,0.0
Solomon Islands,SLB,1961,0.0,0.0
Solomon Islands,SLB,1962,0.0,0.0
Solomon Islands,SLB,1963,0.0,0.0
Solomon Islands,SLB,1964,0.0,0.0
Solomon Islands,SLB,1965,0.0,0.0
Solomon Islands,SLB,1966,0.0,0.0
Solomon Islands,SLB,1967,0.0,0.0
Solomon Islands,SLB,1968,0.0,0.0
Solomon Islands,SLB,1969,0.0,0.0
Solomon Islands,SLB,1970,0.0,0.0
Solomon Islands,SLB,1971,0.0,0.0
Solomon Islands,SLB,1972,0.0,0.0
Solomon Islands,SLB,1973,0.0,0.0
Solomon Islands,SLB,1974,1.0,3.0
Solomon Islands,SLB,1975,1.0,3.0
Solomon Islands,SLB,1976,1.0,3.0
Solomon Islands,SLB,1977,1.0,3.0
Solomon Islands,SLB,1978,1.0,4.0
Solomon Islands,SLB,1979,2.0,5.0
Solomon Islands,SLB,1980,2.0,5.0
Solomon Islands,SLB,1981,2.0,5.0
Solomon Islands,SLB,1982,2.0,5.0
Solomon Islands,SLB,1983,2.0,5.0
Solomon Islands,SLB,1984,2.0,5.0
Solomon Islands,SLB,1985,2.0,5.0
Solomon Islands,SLB,1986,2.0,5.0
Solomon Islands,SLB,1987,2.0,5.0
Solomon Islands,SLB,1988,2.0,5.0
Solomon Islands,SLB,1989,2.0,5.0
Solomon Islands,SLB,1990,2.0,5.0
Solomon Islands,SLB,1991,2.0,5.0
Solomon Islands,SLB,1992,2.0,5.0
Solomon Islands,SLB,1993,2.0,5.0
Solomon Islands,SLB,1994,2.0,5.0
Solomon Islands,SLB,1995,2.0,5.0
Solomon Islands,SLB,1996,2.0,5.0
Solomon Islands,SLB,1997,2.0,5.0
Solomon Islands,SLB,1998,2.0,5.0
Solomon Islands,SLB,1999,2.0,5.0
Solomon Islands,SLB,2000,1.0,3.0
Solomon Islands,SLB,2001,1.0,3.0
Solomon Islands,SLB,2002,2.0,5.0
Solomon Islands,SLB,2003,2.0,5.0
Solomon Islands,SLB,2004,2.0,5.0
Solomon Islands,SLB,2005,2.0,5.0
Solomon Islands,SLB,2006,1.0,4.0
Solomon Islands,SLB,2007,2.0,6.0
Solomon Islands,SLB,2008,2.0,6.0
Solomon Islands,SLB,2009,2.0,5.0
Solomon Islands,SLB,2010,2.0,6.0
Solomon Islands,SLB,2011,2.0,6.0
Solomon Islands,SLB,2012,2.0,6.0
Solomon Islands,SLB,2013,2.0,6.0
Solomon Islands,SLB,2014,2.0,6.0
Solomon Islands,SLB,2015,2.0,6.0
Solomon Islands,SLB,2016,2.0,6.0
Solomon Islands,SLB,2017,2.0,6.0
Solomon Islands,SLB,2018,2.0,6.0
Solomon Islands,SLB,2019,2.0,6.0
Solomon Islands,SLB,2020,2.0,6.0
Solomon Islands,SLB,2021,2.0,6.0
Solomon Islands,SLB,2022,2.0,6.0
Solomon Islands,SLB,2023,2.0,6.0
Solomon Islands,SLB,2024,2.0,6.0
Solomon Islands,SLB,2025,2.0,6.0
Vanuatu,VUT,1900,0.0,0.0
Vanuatu,VUT,1901,0.0,0.0
Vanuatu,VUT,1902,0.0,0.0
Vanuatu,VUT,1903,0.0,0.0
Vanuatu,VUT,1904,0.0,0.0
Vanuatu,VUT,1905,0.0,0.0
Vanuatu,VUT,1906,0.0,0.0
Vanuatu,VUT,1907,0.0,0.0
Vanuatu,VUT,1908,0.0,0.0
Vanuatu,VUT,1909,0.0,0.0
Vanuatu,VUT,1910,0.0,0.0
Vanuatu,VUT,1911,0.0,0.0
Vanuatu,VUT,1912,0.0,0.0
Vanuatu,VUT,1913,0.0,0.0
Vanuatu,VUT,1914,0.0,0.0
Vanuatu,VUT,1915,0.0,0.0
Vanuatu,VUT,1916,0.0,0.0
Vanuatu,VUT,1917,0.0,0.0
Vanuatu,VUT,1918,0.0,0.0
Vanuatu,VUT,1919,0.0,0.0
Vanuatu,VUT,1920,0.0,0.0
Vanuatu,VUT,1921,0.0,0.0
Vanuatu,VUT,1922,0.0,0.0
Vanuatu,VUT,1923,0.0,0.0
Vanuatu,VUT,1924,0.0,0.0
Vanuatu,VUT,1925,0.0,0.0
Vanuatu,VUT,1926,0.0,0.0
Vanuatu,VUT,1927,0.0,0.0
Vanuatu,VUT,1928,0.0,0.0
Vanuatu,VUT,1929,0.0,0.0
Vanuatu,VUT,1930,0.0,0.0
Vanuatu,VUT,1931,0.0,0.0
Vanuatu,VUT,1932,0.0,0.0
Vanuatu,VUT,1933,0.0,0.0
Vanuatu,VUT,1934,0.0,0.0
Vanuatu,VUT,1935,0.0,0.0
Vanuatu,VUT,1936,0.0,0.0
Vanuatu,VUT,1937,0.0,0.0
Vanuatu,VUT,1938,0.0,0.0
Vanuatu,VUT,1939,0.0,0.0
Vanuatu,VUT,1940,0.0,0.0
Vanuatu,VUT,1941,0.0,0.0
Vanuatu,VUT,1942,0.0,0.0
Vanuatu,VUT,1943,0.0,0.0
Vanuatu,VUT,1944,0.0,0.0
Vanuatu,VUT,1945,0.0,0.0
Vanuatu,VUT,1946,0.0,0.0
Vanuatu,VUT,1947,0.0,0.0
Vanuatu,VUT,1948,0.0,0.0
Vanuatu,VUT,1949,0.0,0.0
Vanuatu,VUT,1950,0.0,0.0
Vanuatu,VUT,1951,0.0,0.0
Vanuatu,VUT,1952,0.0,0.0
Vanuatu,VUT,1953,0.0,0.0
Vanuatu,VUT,1954,0.0,0.0
Vanuatu,VUT,1955,0.0,0.0
Vanuatu,VUT,1956,0.0,0.0
Vanuatu,VUT,1957,0.0,0.0
Vanuatu,VUT,1958,0.0,0.0
Vanuatu,VUT,1959,0.0,0.0
Vanuatu,VUT,1960,0.0,0.0
Vanuatu,VUT,1961,0.0,0.0
Vanuatu,VUT,1962,0.0,0.0
Vanuatu,VUT,1963,0.0,0.0
Vanuatu,VUT,1964,0.0,0.0
Vanuatu,VUT,1965,0.0,0.0
Vanuatu,VUT,1966,0.0,0.0
Vanuatu,VUT,1967,0.0,0.0
Vanuatu,VUT,1968,0.0,0.0
Vanuatu,VUT,1969,0.0,0.0
Vanuatu,VUT,1970,0.0,0.0
Vanuatu,VUT,1971,0.0,0.0
Vanuatu,VUT,1972,0.0,0.0
Vanuatu,VUT,1973,0.0,0.0
Vanuatu,VUT,1974,0.0,0.0
Vanuatu,VUT,1975,0.0,0.0
Vanuatu,VUT,1976,0.0,0.0
Vanuatu,VUT,1977,1.0,3.0
Vanuatu,VUT,1978,1.0,3.0
Vanuatu,VUT,1979,1.0,4.0
Vanuatu,VUT,1980,2.0,7.0
Vanuatu,VUT,1981,2.0,7.0
Vanuatu,VUT,1982,2.0,7.0
Vanuatu,VUT,1983,2.0,7.0
Vanuatu,VUT,1984,2.0,7.0
Vanuatu,VUT,1985,2.0,7.0
Vanuatu,VUT,1986,2.0,7.0
Vanuatu,VUT,1987,2.0,7.0
Vanuatu,VUT,1988,2.0,7.0
Vanuatu,VUT,1989,2.0,7.0
Vanuatu,VUT,1990,2.0,7.0
Vanuatu,VUT,1991,2.0,7.0
Vanuatu,VUT,1992,2.0,7.0
Vanuatu,VUT,1993,2.0,7.0
Vanuatu,VUT,1994,2.0,7.0
Vanuatu,VUT,1995,2.0,7.0
Vanuatu,VUT,1996,2.0,7.0
Vanuatu,VUT,1997,2.0,7.0
Vanuatu,VUT,1998,2.0,7.0
Vanuatu,VUT,1999,2.0,7.0
Vanuatu,VUT,2000,2.0,7.0
Vanuatu,VUT,2001,2.0,7.0
Vanuatu,VUT,2002,2.0,7.0
Vanuatu,VUT,2003,2.0,7.0
Vanuatu,VUT,2004,2.0,7.0
Vanuatu,VUT,2005,2.0,7.0
Vanuatu,VUT,2006,2.0,7.0
Vanuatu,VUT,2007,2.0,7.0
Vanuatu,VUT,2008,2.0,7.0
Vanuatu,VUT,2009,2.0,7.0
Vanuatu,VUT,2010,2.0,7.0
Vanuatu,VUT,2011,2.0,7.0
Vanuatu,VUT,2012,2.0,7.0
Vanuatu,VUT,2013,2.0,7.0
Vanuatu,VUT,2014,2.0,7.0
Vanuatu,VUT,2015,2.0,7.0
Vanuatu,VUT,2016,2.0,7.0
Vanuatu,VUT,2017,2.0,7.0
Vanuatu,VUT,2018,2.0,7.0
Vanuatu,VUT,2019,2.0,7.0
Vanuatu,VUT,2020,2.0,7.0
Vanuatu,VUT,2021,2.0,7.0
Vanuatu,VUT,2022,2.0,7.0
Vanuatu,VUT,2023,2.0,7.0
Vanuatu,VUT,2024,2.0,7.0
Vanuatu,VUT,2025,2.0,7.0
United Arab Emirates,ARE,1971,0.0,0.0
United Arab Emirates,ARE,1972,0.0,0.0
United Arab Emirates,ARE,1973,0.0,0.0
United Arab Emirates,ARE,1974,0.0,0.0
United Arab Emirates,ARE,1975,0.0,0.0
United Arab Emirates,ARE,1976,0.0,0.0
United Arab Emirates,ARE,1977,0.0,0.0
United Arab Emirates,ARE,1978,0.0,0.0
United Arab Emirates,ARE,1979,0.0,0.0
United Arab Emirates,ARE,1980,0.0,0.0
United Arab Emirates,ARE,1981,0.0,0.0
United Arab Emirates,ARE,1982,0.0,0.0
United Arab Emirates,ARE,1983,0.0,0.0
United Arab Emirates,ARE,1984,0.0,0.0
United Arab Emirates,ARE,1985,0.0,0.0
United Arab Emirates,ARE,1986,0.0,0.0
United Arab Emirates,ARE,1987,0.0,0.0
United Arab Emirates,ARE,1988,0.0,0.0
United Arab Emirates,ARE,1989,0.0,0.0
United Arab Emirates,ARE,1990,0.0,0.0
United Arab Emirates,ARE,1991,0.0,0.0
United Arab Emirates,ARE,1992,0.0,0.0
United Arab Emirates,ARE,1993,0.0,0.0
United Arab Emirates,ARE,1994,0.0,0.0
United Arab Emirates,ARE,1995,0.0,0.0
United Arab Emirates,ARE,1996,0.0,0.0
United Arab Emirates,ARE,1997,0.0,0.0
United Arab Emirates,ARE,1998,0.0,0.0
United Arab Emirates,ARE,1999,0.0,0.0
United Arab Emirates,ARE,2000,0.0,0.0
United Arab Emirates,ARE,2001,0.0,0.0
United Arab Emirates,ARE,2002,0.0,0.0
United Arab Emirates,ARE,2003,0.0,0.0
United Arab Emirates,ARE,2004,0.0,0.0
United Arab Emirates,ARE,2005,0.0,0.0
United Arab Emirates,ARE,2006,0.0,0.0
United Arab Emirates,ARE,2007,0.0,0.0
United Arab Emirates,ARE,2008,0.0,0.0
United Arab Emirates,ARE,2009,0.0,0.0
United Arab Emirates,ARE,2010,0.0,0.0
United Arab Emirates,ARE,2011,0.0,0.0
United Arab Emirates,ARE,2012,0.0,0.0
United Arab Emirates,ARE,2013,0.0,0.0
United Arab Emirates,ARE,2014,0.0,0.0
United Arab Emirates,ARE,2015,0.0,0.0
United Arab Emirates,ARE,2016,0.0,0.0
United Arab Emirates,ARE,2017,0.0,0.0
United Arab Emirates,ARE,2018,0.0,0.0
United Arab Emirates,ARE,2019,0.0,0.0
United Arab Emirates,ARE,2020,0.0,0.0
United Arab Emirates,ARE,2021,0.0,0.0
United Arab Emirates,ARE,2022,0.0,0.0
United Arab Emirates,ARE,2023,0.0,0.0
United Arab Emirates,ARE,2024,0.0,0.0
United Arab Emirates,ARE,2025,0.0,0.0
Palestine/British Mandate,PSB,1918,0.0,0.0
Palestine/British Mandate,PSB,1919,0.0,0.0
Palestine/British Mandate,PSB,1920,0.0,0.0
Palestine/British Mandate,PSB,1921,0.0,0.0
Palestine/British Mandate,PSB,1922,0.0,0.0
Palestine/British Mandate,PSB,1923,0.0,0.0
Palestine/British Mandate,PSB,1924,0.0,0.0
Palestine/British Mandate,PSB,1925,0.0,0.0
Palestine/British Mandate,PSB,1926,0.0,0.0
Palestine/British Mandate,PSB,1927,0.0,0.0
Palestine/British Mandate,PSB,1928,0.0,0.0
Palestine/British Mandate,PSB,1929,0.0,0.0
Palestine/British Mandate,PSB,1930,0.0,0.0
Palestine/British Mandate,PSB,1931,0.0,0.0
Palestine/British Mandate,PSB,1932,0.0,0.0
Palestine/British Mandate,PSB,1933,0.0,0.0
Palestine/British Mandate,PSB,1934,0.0,0.0
Palestine/British Mandate,PSB,1935,0.0,0.0
Palestine/British Mandate,PSB,1936,0.0,0.0
Palestine/British Mandate,PSB,1937,0.0,0.0
Palestine/British Mandate,PSB,1938,0.0,0.0
Palestine/British Mandate,PSB,1939,0.0,0.0
Palestine/British Mandate,PSB,1940,0.0,0.0
Palestine/British Mandate,PSB,1941,0.0,0.0
Palestine/British Mandate,PSB,1942,0.0,0.0
Palestine/British Mandate,PSB,1943,0.0,0.0
Palestine/British Mandate,PSB,1944,0.0,0.0
Palestine/British Mandate,PSB,1945,0.0,0.0
Palestine/British Mandate,PSB,1946,0.0,0.0
Palestine/British Mandate,PSB,1947,0.0,0.0
Palestine/British Mandate,PSB,1948,0.0,0.0
Hungary,HUN,1789,,
Hungary,HUN,1790,,
Hungary,HUN,1791,,
Hungary,HUN,1792,,
Hungary,HUN,1793,,
Hungary,HUN,1794,,
Hungary,HUN,1795,,
Hungary,HUN,1796,,
Hungary,HUN,1797,,
Hungary,HUN,1798,,
Hungary,HUN,1799,,
Hungary,HUN,1800,,
Hungary,HUN,1801,,
Hungary,HUN,1802,,
Hungary,HUN,1803,,
Hungary,HUN,1804,,
Hungary,HUN,1805,,
Hungary,HUN,1806,,
Hungary,HUN,1807,,
Hungary,HUN,1808,,
Hungary,HUN,1809,,
Hungary,HUN,1810,,
Hungary,HUN,1811,,
Hungary,HUN,1812,,
Hungary,HUN,1813,,
Hungary,HUN,1814,,
Hungary,HUN,1815,,
Hungary,HUN,1816,,
Hungary,HUN,1817,,
Hungary,HUN,1818,,
Hungary,HUN,1819,,
Hungary,HUN,1820,,
Hungary,HUN,1821,,
Hungary,HUN,1822,,
Hungary,HUN,1823,,
Hungary,HUN,1824,,
Hungary,HUN,1825,,
Hungary,HUN,1826,,
Hungary,HUN,1827,,
Hungary,HUN,1828,,
Hungary,HUN,1829,,
Hungary,HUN,1830,,
Hungary,HUN,1831,,
Hungary,HUN,1832,,
Hungary,HUN,1833,,
Hungary,HUN,1834,,
Hungary,HUN,1835,,
Hungary,HUN,1836,,
Hungary,HUN,1837,,
Hungary,HUN,1838,,
Hungary,HUN,1839,,
Hungary,HUN,1840,,
Hungary,HUN,1841,,
Hungary,HUN,1842,,
Hungary,HUN,1843,,
Hungary,HUN,1844,,
Hungary,HUN,1845,,
Hungary,HUN,1846,,
Hungary,HUN,1847,,
Hungary,HUN,1848,,
Hungary,HUN,1849,,
Hungary,HUN,1850,,
Hungary,HUN,1851,,
Hungary,HUN,1852,,
Hungary,HUN,1853,,
Hungary,HUN,1854,,
Hungary,HUN,1855,,
Hungary,HUN,1856,,
Hungary,HUN,1857,,
Hungary,HUN,1858,,
Hungary,HUN,1859,,
Hungary,HUN,1860,,
Hungary,HUN,1861,,
Hungary,HUN,1862,,
Hungary,HUN,1863,,
Hungary,HUN,1864,,
Hungary,HUN,1865,,
Hungary,HUN,1866,,
Hungary,HUN,1867,,
Hungary,HUN,1868,,
Hungary,HUN,1869,,
Hungary,HUN,1870,,
Hungary,HUN,1871,,
Hungary,HUN,1872,,
Hungary,HUN,1873,,
Hungary,HUN,1874,,
Hungary,HUN,1875,,
Hungary,HUN,1876,,
Hungary,HUN,1877,,
Hungary,HUN,1878,,
Hungary,HUN,1879,,
Hungary,HUN,1880,,
Hungary,HUN,1881,,
Hungary,HUN,1882,,
Hungary,HUN,1883,,
Hungary,HUN,1884,,
Hungary,HUN,1885,,
Hungary,HUN,1886,,
Hungary,HUN,1887,,
Hungary,HUN,1888,,
Hungary,HUN,1889,,
Hungary,HUN,1890,,
Hungary,HUN,1891,,
Hungary,HUN,1892,,
Hungary,HUN,1893,,
Hungary,HUN,1894,,
Hungary,HUN,1895,,
Hungary,HUN,1896,,
Hungary,HUN,1897,,
Hungary,HUN,1898,,
Hungary,HUN,1899,,
Hungary,HUN,1900,1.0,3.0
Hungary,HUN,1901,1.0,3.0
Hungary,HUN,1902,1.0,3.0
Hungary,HUN,1903,1.0,3.0
Hungary,HUN,1904,1.0,3.0
Hungary,HUN,1905,1.0,3.0
Hungary,HUN,1906,1.0,3.0
Hungary,HUN,1907,1.0,3.0
Hungary,HUN,1908,1.0,3.0
Hungary,HUN,1909,1.0,3.0
Hungary,HUN,1910,1.0,3.0
Hungary,HUN,1911,1.0,3.0
Hungary,HUN,1912,1.0,3.0
Hungary,HUN,1913,1.0,3.0
Hungary,HUN,1914,1.0,3.0
Hungary,HUN,1915,1.0,3.0
Hungary,HUN,1916,1.0,3.0
Hungary,HUN,1917,1.0,3.0
Hungary,HUN,1918,1.0,3.0
Hungary,HUN,1919,0.0,0.0
Hungary,HUN,1920,1.0,3.0
Hungary,HUN,1921,1.0,3.0
Hungary,HUN,1922,1.0,3.0
Hungary,HUN,1923,1.0,3.0
Hungary,HUN,1924,1.0,3.0
Hungary,HUN,1925,1.0,3.0
Hungary,HUN,1926,1.0,3.0
Hungary,HUN,1927,1.0,3.0
Hungary,HUN,1928,1.0,3.0
Hungary,HUN,1929,1.0,3.0
Hungary,HUN,1930,1.0,3.0
Hungary,HUN,1931,1.0,3.0
Hungary,HUN,1932,1.0,3.0
Hungary,HUN,1933,1.0,3.0
Hungary,HUN,1934,1.0,3.0
Hungary,HUN,1935,1.0,3.0
Hungary,HUN,1936,1.0,3.0
Hungary,HUN,1937,1.0,3.0
Hungary,HUN,1938,1.0,3.0
Hungary,HUN,1939,1.0,3.0
Hungary,HUN,1940,1.0,3.0
Hungary,HUN,1941,1.0,3.0
Hungary,HUN,1942,1.0,3.0
Hungary,HUN,1943,1.0,3.0
Hungary,HUN,1944,1.0,3.0
Hungary,HUN,1945,0.0,0.0
Hungary,HUN,1946,0.0,0.0
Hungary,HUN,1947,0.0,0.0
Hungary,HUN,1948,0.0,0.0
Hungary,HUN,1949,0.0,0.0
Hungary,HUN,1950,0.0,0.0
Hungary,HUN,1951,0.0,0.0
Hungary,HUN,1952,0.0,0.0
Hungary,HUN,1953,0.0,1.0
Hungary,HUN,1954,0.0,1.0
Hungary,HUN,1955,0.0,0.0
Hungary,HUN,1956,0.0,0.0
Hungary,HUN,1957,0.0,0.0
Hungary,HUN,1958,0.0,0.0
Hungary,HUN,1959,0.0,0.0
Hungary,HUN,1960,0.0,0.0
Hungary,HUN,1961,0.0,0.0
Hungary,HUN,1962,0.0,0.0
Hungary,HUN,1963,0.0,0.0
Hungary,HUN,1964,0.0,0.0
Hungary,HUN,1965,0.0,0.0
Hungary,HUN,1966,0.0,0.0
Hungary,HUN,1967,0.0,0.0
Hungary,HUN,1968,0.0,0.0
Hungary,HUN,1969,0.0,0.0
Hungary,HUN,1970,0.0,0.0
Hungary,HUN,1971,0.0,0.0
Hungary,HUN,1972,0.0,0.0
Hungary,HUN,1973,0.0,0.0
Hungary,HUN,1974,0.0,0.0
Hungary,HUN,1975,0.0,0.0
Hungary,HUN,1976,0.0,0.0
Hungary,HUN,1977,0.0,0.0
Hungary,HUN,1978,0.0,0.0
Hungary,HUN,1979,0.0,0.0
Hungary,HUN,1980,0.0,0.0
Hungary,HUN,1981,0.0,0.0
Hungary,HUN,1982,0.0,0.0
Hungary,HUN,1983,0.0,0.0
Hungary,HUN,1984,0.0,0.0
Hungary,HUN,1985,0.0,0.0
Hungary,HUN,1986,0.0,0.0
Hungary,HUN,1987,0.0,0.0
Hungary,HUN,1988,0.0,0.0
Hungary,HUN,1989,1.0,2.0
Hungary,HUN,1990,2.0,7.0
Hungary,HUN,1991,3.0,8.0
Hungary,HUN,1992,3.0,8.0
Hungary,HUN,1993,3.0,8.0
Hungary,HUN,1994,3.0,8.0
Hungary,HUN,1995,3.0,8.0
Hungary,HUN,1996,3.0,8.0
Hungary,HUN,1997,3.0,9.0
Hungary,HUN,1998,3.0,9.0
Hungary,HUN,1999,3.0,9.0
Hungary,HUN,2000,3.0,9.0
Hungary,HUN,2001,3.0,9.0
Hungary,HUN,2002,3.0,9.0
Hungary,HUN,2003,3.0,9.0
Hungary,HUN,2004,3.0,9.0
Hungary,HUN,2005,3.0,9.0
Hungary,HUN,2006,3.0,8.0
Hungary,HUN,2007,3.0,9.0
Hungary,HUN,2008,3.0,9.0
Hungary,HUN,2009,3.0,9.0
Hungary,HUN,2010,2.0,6.0
Hungary,HUN,2011,2.0,6.0
Hungary,HUN,2012,2.0,6.0
Hungary,HUN,2013,2.0,6.0
Hungary,HUN,2014,2.0,6.0
Hungary,HUN,2015,2.0,6.0
Hungary,HUN,2016,2.0,6.0
Hungary,HUN,2017,2.0,5.0
Hungary,HUN,2018,1.0,4.0
Hungary,HUN,2019,1.0,4.0
Hungary,HUN,2020,1.0,4.0
Hungary,HUN,2021,1.0,4.0
Hungary,HUN,2022,1.0,3.0
Hungary,HUN,2023,1.0,3.0
Hungary,HUN,2024,1.0,3.0
Hungary,HUN,2025,1.0,3.0
Zanzibar,ZZB,1856,,
Zanzibar,ZZB,1857,,
Zanzibar,ZZB,1858,,
Zanzibar,ZZB,1859,,
Zanzibar,ZZB,1860,,
Zanzibar,ZZB,1861,,
Zanzibar,ZZB,1862,,
Zanzibar,ZZB,1863,,
Zanzibar,ZZB,1864,,
Zanzibar,ZZB,1865,,
Zanzibar,ZZB,1866,,
Zanzibar,ZZB,1867,,
Zanzibar,ZZB,1868,,
Zanzibar,ZZB,1869,,
Zanzibar,ZZB,1870,,
Zanzibar,ZZB,1871,,
Zanzibar,ZZB,1872,,
Zanzibar,ZZB,1873,,
Zanzibar,ZZB,1874,,
Zanzibar,ZZB,1875,,
Zanzibar,ZZB,1876,,
Zanzibar,ZZB,1877,,
Zanzibar,ZZB,1878,,
Zanzibar,ZZB,1879,,
Zanzibar,ZZB,1880,,
Zanzibar,ZZB,1881,,
Zanzibar,ZZB,1882,,
Zanzibar,ZZB,1883,,
Zanzibar,ZZB,1884,,
Zanzibar,ZZB,1885,,
Zanzibar,ZZB,1886,,
Zanzibar,ZZB,1887,,
Zanzibar,ZZB,1888,,
Zanzibar,ZZB,1889,,
Zanzibar,ZZB,1890,,
Zanzibar,ZZB,1891,,
Zanzibar,ZZB,1892,,
Zanzibar,ZZB,1893,,
Zanzibar,ZZB,1894,,
Zanzibar,ZZB,1895,,
Zanzibar,ZZB,1896,,
Zanzibar,ZZB,1897,,
Zanzibar,ZZB,1898,,
Zanzibar,ZZB,1899,,
Zanzibar,ZZB,1900,0.0,0.0
Zanzibar,ZZB,1901,0.0,0.0
Zanzibar,ZZB,1902,0.0,0.0
Zanzibar,ZZB,1903,0.0,0.0
Zanzibar,ZZB,1904,0.0,0.0
Zanzibar,ZZB,1905,0.0,0.0
Zanzibar,ZZB,1906,0.0,0.0
Zanzibar,ZZB,1907,0.0,0.0
Zanzibar,ZZB,1908,0.0,0.0
Zanzibar,ZZB,1909,0.0,0.0
Zanzibar,ZZB,1910,0.0,0.0
Zanzibar,ZZB,1911,0.0,0.0
Zanzibar,ZZB,1912,0.0,0.0
Zanzibar,ZZB,1913,0.0,0.0
Zanzibar,ZZB,1914,0.0,0.0
Zanzibar,ZZB,1915,0.0,0.0
Zanzibar,ZZB,1916,0.0,0.0
Zanzibar,ZZB,1917,0.0,0.0
Zanzibar,ZZB,1918,0.0,0.0
Zanzibar,ZZB,1919,0.0,0.0
Zanzibar,ZZB,1920,0.0,0.0
Zanzibar,ZZB,1921,0.0,0.0
Zanzibar,ZZB,1922,0.0,0.0
Zanzibar,ZZB,1923,0.0,0.0
Zanzibar,ZZB,1924,0.0,0.0
Zanzibar,ZZB,1925,0.0,0.0
Zanzibar,ZZB,1926,0.0,0.0
Zanzibar,ZZB,1927,0.0,0.0
Zanzibar,ZZB,1928,0.0,0.0
Zanzibar,ZZB,1929,0.0,0.0
Zanzibar,ZZB,1930,0.0,0.0
Zanzibar,ZZB,1931,0.0,0.0
Zanzibar,ZZB,1932,0.0,0.0
Zanzibar,ZZB,1933,0.0,0.0
Zanzibar,ZZB,1934,0.0,0.0
Zanzibar,ZZB,1935,0.0,0.0
Zanzibar,ZZB,1936,0.0,0.0
Zanzibar,ZZB,1937,0.0,0.0
Zanzibar,ZZB,1938,0.0,0.0
Zanzibar,ZZB,1939,0.0,0.0
Zanzibar,ZZB,1940,0.0,0.0
Zanzibar,ZZB,1941,0.0,0.0
Zanzibar,ZZB,1942,0.0,0.0
Zanzibar,ZZB,1943,0.0,0.0
Zanzibar,ZZB,1944,0.0,0.0
Zanzibar,ZZB,1945,0.0,0.0
Zanzibar,ZZB,1946,0.0,0.0
Zanzibar,ZZB,1947,0.0,0.0
Zanzibar,ZZB,1948,0.0,0.0
Zanzibar,ZZB,1949,0.0,0.0
Zanzibar,ZZB,1950,0.0,0.0
Zanzibar,ZZB,1951,0.0,0.0
Zanzibar,ZZB,1952,0.0,0.0
Zanzibar,ZZB,1953,0.0,0.0
Zanzibar,ZZB,1954,0.0,0.0
Zanzibar,ZZB,1955,0.0,0.0
Zanzibar,ZZB,1956,0.0,0.0
Zanzibar,ZZB,1957,0.0,0.0
Zanzibar,ZZB,1958,0.0,0.0
Zanzibar,ZZB,1959,0.0,0.0
Zanzibar,ZZB,1960,0.0,0.0
Zanzibar,ZZB,1961,0.0,0.0
Zanzibar,ZZB,1962,0.0,0.0
Zanzibar,ZZB,1963,0.0,0.0
Zanzibar,ZZB,1964,0.0,0.0
Zanzibar,ZZB,1965,0.0,0.0
Zanzibar,ZZB,1966,0.0,0.0
Zanzibar,ZZB,1967,0.0,0.0
Zanzibar,ZZB,1968,0.0,0.0
Zanzibar,ZZB,1969,0.0,0.0
Zanzibar,ZZB,1970,0.0,0.0
Zanzibar,ZZB,1971,0.0,0.0
Zanzibar,ZZB,1972,0.0,0.0
Zanzibar,ZZB,1973,0.0,0.0
Zanzibar,ZZB,1974,0.0,0.0
Zanzibar,ZZB,1975,0.0,0.0
Zanzibar,ZZB,1976,0.0,0.0
Zanzibar,ZZB,1977,0.0,0.0
Zanzibar,ZZB,1978,0.0,0.0
Zanzibar,ZZB,1979,0.0,0.0
Zanzibar,ZZB,1980,0.0,0.0
Zanzibar,ZZB,1981,0.0,0.0
Zanzibar,ZZB,1982,0.0,0.0
Zanzibar,ZZB,1983,0.0,0.0
Zanzibar,ZZB,1984,0.0,0.0
Zanzibar,ZZB,1985,0.0,0.0
Zanzibar,ZZB,1986,0.0,0.0
Zanzibar,ZZB,1987,0.0,0.0
Zanzibar,ZZB,1988,0.0,0.0
Zanzibar,ZZB,1989,0.0,0.0
Zanzibar,ZZB,1990,0.0,0.0
Zanzibar,ZZB,1991,0.0,0.0
Zanzibar,ZZB,1992,0.0,0.0
Zanzibar,ZZB,1993,0.0,0.0
Zanzibar,ZZB,1994,0.0,0.0
Zanzibar,ZZB,1995,1.0,3.0
Zanzibar,ZZB,1996,1.0,3.0
Zanzibar,ZZB,1997,1.0,3.0
Zanzibar,ZZB,1998,1.0,3.0
Zanzibar,ZZB,1999,1.0,3.0
Zanzibar,ZZB,2000,1.0,3.0
Zanzibar,ZZB,2001,1.0,3.0
Zanzibar,ZZB,2002,1.0,3.0
Zanzibar,ZZB,2003,1.0,3.0
Zanzibar,ZZB,2004,1.0,3.0
Zanzibar,ZZB,2005,1.0,3.0
Zanzibar,ZZB,2006,1.0,3.0
Zanzibar,ZZB,2007,1.0,3.0
Zanzibar,ZZB,2008,1.0,3.0
Zanzibar,ZZB,2009,1.0,3.0
Zanzibar,ZZB,2010,1.0,3.0
Zanzibar,ZZB,2011,1.0,3.0
Zanzibar,ZZB,2012,1.0,3.0
Zanzibar,ZZB,2013,1.0,3.0
Zanzibar,ZZB,2014,1.0,3.0
Zanzibar,ZZB,2015,1.0,3.0
Zanzibar,ZZB,2016,1.0,3.0
Zanzibar,ZZB,2017,1.0,3.0
Zanzibar,ZZB,2018,1.0,3.0
Zanzibar,ZZB,2019,1.0,3.0
Zanzibar,ZZB,2020,1.0,3.0
Zanzibar,ZZB,2021,1.0,3.0
Zanzibar,ZZB,2022,1.0,3.0
Zanzibar,ZZB,2023,1.0,3.0
Zanzibar,ZZB,2024,1.0,3.0
Zanzibar,ZZB,2025,1.0,3.0
Baden,BDN,1789,,
Baden,BDN,1790,,
Baden,BDN,1791,,
Baden,BDN,1792,,
Baden,BDN,1793,,
Baden,BDN,1794,,
Baden,BDN,1795,,
Baden,BDN,1796,,
Baden,BDN,1797,,
Baden,BDN,1798,,
Baden,BDN,1799,,
Baden,BDN,1800,,
Baden,BDN,1801,,
Baden,BDN,1802,,
Baden,BDN,1803,,
Baden,BDN,1804,,
Baden,BDN,1805,,
Baden,BDN,1806,,
Baden,BDN,1807,,
Baden,BDN,1808,,
Baden,BDN,1809,,
Baden,BDN,1810,,
Baden,BDN,1811,,
Baden,BDN,1812,,
Baden,BDN,1813,,
Baden,BDN,1814,,
Baden,BDN,1815,,
Baden,BDN,1816,,
Baden,BDN,1817,,
Baden,BDN,1818,,
Baden,BDN,1819,,
Baden,BDN,1820,,
Baden,BDN,1821,,
Baden,BDN,1822,,
Baden,BDN,1823,,
Baden,BDN,1824,,
Baden,BDN,1825,,
Baden,BDN,1826,,
Baden,BDN,1827,,
Baden,BDN,1828,,
Baden,BDN,1829,,
Baden,BDN,1830,,
Baden,BDN,1831,,
Baden,BDN,1832,,
Baden,BDN,1833,,
Baden,BDN,1834,,
Baden,BDN,1835,,
Baden,BDN,1836,,
Baden,BDN,1837,,
Baden,BDN,1838,,
Baden,BDN,1839,,
Baden,BDN,1840,,
Baden,BDN,1841,,
Baden,BDN,1842,,
Baden,BDN,1843,,
Baden,BDN,1844,,
Baden,BDN,1845,,
Baden,BDN,1846,,
Baden,BDN,1847,,
Baden,BDN,1848,,
Baden,BDN,1849,,
Baden,BDN,1850,,
Baden,BDN,1851,,
Baden,BDN,1852,,
Baden,BDN,1853,,
Baden,BDN,1854,,
Baden,BDN,1855,,
Baden,BDN,1856,,
Baden,BDN,1857,,
Baden,BDN,1858,,
Baden,BDN,1859,,
Baden,BDN,1860,,
Baden,BDN,1861,,
Baden,BDN,1862,,
Baden,BDN,1863,,
Baden,BDN,1864,,
Baden,BDN,1865,,
Baden,BDN,1866,,
Baden,BDN,1867,,
Baden,BDN,1868,,
Baden,BDN,1869,,
Baden,BDN,1870,,
Baden,BDN,1871,,
Bavaria,BVR,1789,,
Bavaria,BVR,1790,,
Bavaria,BVR,1791,,
Bavaria,BVR,1792,,
Bavaria,BVR,1793,,
Bavaria,BVR,1794,,
Bavaria,BVR,1795,,
Bavaria,BVR,1796,,
Bavaria,BVR,1797,,
Bavaria,BVR,1798,,
Bavaria,BVR,1799,,
Bavaria,BVR,1800,,
Bavaria,BVR,1801,,
Bavaria,BVR,1802,,
Bavaria,BVR,1803,,
Bavaria,BVR,1804,,
Bavaria,BVR,1805,,
Bavaria,BVR,1806,,
Bavaria,BVR,1807,,
Bavaria,BVR,1808,,
Bavaria,BVR,1809,,
Bavaria,BVR,1810,,
Bavaria,BVR,1811,,
Bavaria,BVR,1812,,
Bavaria,BVR,1813,,
Bavaria,BVR,1814,,
Bavaria,BVR,1815,,
Bavaria,BVR,1816,,
Bavaria,BVR,1817,,
Bavaria,BVR,1818,,
Bavaria,BVR,1819,,
Bavaria,BVR,1820,,
Bavaria,BVR,1821,,
Bavaria,BVR,1822,,
Bavaria,BVR,1823,,
Bavaria,BVR,1824,,
Bavaria,BVR,1825,,
Bavaria,BVR,1826,,
Bavaria,BVR,1827,,
Bavaria,BVR,1828,,
Bavaria,BVR,1829,,
Bavaria,BVR,1830,,
Bavaria,BVR,1831,,
Bavaria,BVR,1832,,
Bavaria,BVR,1833,,
Bavaria,BVR,1834,,
Bavaria,BVR,1835,,
Bavaria,BVR,1836,,
Bavaria,BVR,1837,,
Bavaria,BVR,1838,,
Bavaria,BVR,1839,,
Bavaria,BVR,1840,,
Bavaria,BVR,1841,,
Bavaria,BVR,1842,,
Bavaria,BVR,1843,,
Bavaria,BVR,1844,,
Bavaria,BVR,1845,,
Bavaria,BVR,1846,,
Bavaria,BVR,1847,,
Bavaria,BVR,1848,,
Bavaria,BVR,1849,,
Bavaria,BVR,1850,,
Bavaria,BVR,1851,,
Bavaria,BVR,1852,,
Bavaria,BVR,1853,,
Bavaria,BVR,1854,,
Bavaria,BVR,1855,,
Bavaria,BVR,1856,,
Bavaria,BVR,1857,,
Bavaria,BVR,1858,,
Bavaria,BVR,1859,,
Bavaria,BVR,1860,,
Bavaria,BVR,1861,,
Bavaria,BVR,1862,,
Bavaria,BVR,1863,,
Bavaria,BVR,1864,,
Bavaria,BVR,1865,,
Bavaria,BVR,1866,,
Bavaria,BVR,1867,,
Bavaria,BVR,1868,,
Bavaria,BVR,1869,,
Bavaria,BVR,1870,,
Bavaria,BVR,1871,,
Modena,MDN,1789,,
Modena,MDN,1790,,
Modena,MDN,1791,,
Modena,MDN,1792,,
Modena,MDN,1793,,
Modena,MDN,1794,,
Modena,MDN,1795,,
Modena,MDN,1796,,
Modena,MDN,1797,,
Modena,MDN,1814,,
Modena,MDN,1815,,
Modena,MDN,1816,,
Modena,MDN,1817,,
Modena,MDN,1818,,
Modena,MDN,1819,,
Modena,MDN,1820,,
Modena,MDN,1821,,
Modena,MDN,1822,,
Modena,MDN,1823,,
Modena,MDN,1824,,
Modena,MDN,1825,,
Modena,MDN,1826,,
Modena,MDN,1827,,
Modena,MDN,1828,,
Modena,MDN,1829,,
Modena,MDN,1830,,
Modena,MDN,1831,,
Modena,MDN,1832,,
Modena,MDN,1833,,
Modena,MDN,1834,,
Modena,MDN,1835,,
Modena,MDN,1836,,
Modena,MDN,1837,,
Modena,MDN,1838,,
Modena,MDN,1839,,
Modena,MDN,1840,,
Modena,MDN,1841,,
Modena,MDN,1842,,
Modena,MDN,1843,,
Modena,MDN,1844,,
Modena,MDN,1845,,
Modena,MDN,1846,,
Modena,MDN,1847,,
Modena,MDN,1848,,
Modena,MDN,1849,,
Modena,MDN,1850,,
Modena,MDN,1851,,
Modena,MDN,1852,,
Modena,MDN,1853,,
Modena,MDN,1854,,
Modena,MDN,1855,,
Modena,MDN,1856,,
Modena,MDN,1857,,
Modena,MDN,1858,,
Modena,MDN,1859,,
Parma,PRM,1789,,
Parma,PRM,1790,,
Parma,PRM,1791,,
Parma,PRM,1792,,
Parma,PRM,1793,,
Parma,PRM,1794,,
Parma,PRM,1795,,
Parma,PRM,1796,,
Parma,PRM,1797,,
Parma,PRM,1798,,
Parma,PRM,1799,,
Parma,PRM,1800,,
Parma,PRM,1801,,
Parma,PRM,1802,,
Parma,PRM,1814,,
Parma,PRM,1815,,
Parma,PRM,1816,,
Parma,PRM,1817,,
Parma,PRM,1818,,
Parma,PRM,1819,,
Parma,PRM,1820,,
Parma,PRM,1821,,
Parma,PRM,1822,,
Parma,PRM,1823,,
Parma,PRM,1824,,
Parma,PRM,1825,,
Parma,PRM,1826,,
Parma,PRM,1827,,
Parma,PRM,1828,,
Parma,PRM,1829,,
Parma,PRM,1830,,
Parma,PRM,1831,,
Parma,PRM,1832,,
Parma,PRM,1833,,
Parma,PRM,1834,,
Parma,PRM,1835,,
Parma,PRM,1836,,
Parma,PRM,1837,,
Parma,PRM,1838,,
Parma,PRM,1839,,
Parma,PRM,1840,,
Parma,PRM,1841,,
Parma,PRM,1842,,
Parma,PRM,1843,,
Parma,PRM,1844,,
Parma,PRM,1845,,
Parma,PRM,1846,,
Parma,PRM,1847,,
Parma,PRM,1848,,
Parma,PRM,1849,,
Parma,PRM,1850,,
Parma,PRM,1851,,
Parma,PRM,1852,,
Parma,PRM,1853,,
Parma,PRM,1854,,
Parma,PRM,1855,,
Parma,PRM,1856,,
Parma,PRM,1857,,
Parma,PRM,1858,,
Parma,PRM,1859,,
Saxony,SXN,1789,,
Saxony,SXN,1790,,
Saxony,SXN,1791,,
Saxony,SXN,1792,,
Saxony,SXN,1793,,
Saxony,SXN,1794,,
Saxony,SXN,1795,,
Saxony,SXN,1796,,
Saxony,SXN,1797,,
Saxony,SXN,1798,,
Saxony,SXN,1799,,
Saxony,SXN,1800,,
Saxony,SXN,1801,,
Saxony,SXN,1802,,
Saxony,SXN,1803,,
Saxony,SXN,1804,,
Saxony,SXN,1805,,
Saxony,SXN,1806,,
Saxony,SXN,1807,,
Saxony,SXN,1808,,
Saxony,SXN,1809,,
Saxony,SXN,1810,,
Saxony,SXN,1811,,
Saxony,SXN,1812,,
Saxony,SXN,1813,,
Saxony,SXN,1814,,
Saxony,SXN,1815,,
Saxony,SXN,1816,,
Saxony,SXN,1817,,
Saxony,SXN,1818,,
Saxony,SXN,1819,,
Saxony,SXN,1820,,
Saxony,SXN,1821,,
Saxony,SXN,1822,,
Saxony,SXN,1823,,
Saxony,SXN,1824,,
Saxony,SXN,1825,,
Saxony,SXN,1826,,
Saxony,SXN,1827,,
Saxony,SXN,1828,,
Saxony,SXN,1829,,
Saxony,SXN,1830,,
Saxony,SXN,1831,,
Saxony,SXN,1832,,
Saxony,SXN,1833,,
Saxony,SXN,1834,,
Saxony,SXN,1835,,
Saxony,SXN,1836,,
Saxony,SXN,1837,,
Saxony,SXN,1838,,
Saxony,SXN,1839,,
Saxony,SXN,1840,,
Saxony,SXN,1841,,
Saxony,SXN,1842,,
Saxony,SXN,1843,,
Saxony,SXN,1844,,
Saxony,SXN,1845,,
Saxony,SXN,1846,,
Saxony,SXN,1847,,
Saxony,SXN,1848,,
Saxony,SXN,1849,,
Saxony,SXN,1850,,
Saxony,SXN,1851,,
Saxony,SXN,1852,,
Saxony,SXN,1853,,
Saxony,SXN,1854,,
Saxony,SXN,1855,,
Saxony,SXN,1856,,
Saxony,SXN,1857,,
Saxony,SXN,1858,,
Saxony,SXN,1859,,
Saxony,SXN,1860,,
Saxony,SXN,1861,,
Saxony,SXN,1862,,
Saxony,SXN,1863,,
Saxony,SXN,1864,,
Saxony,SXN,1865,,
Saxony,SXN,1866,,
Saxony,SXN,1867,,
Tuscany,TSC,1789,,
Tuscany,TSC,1790,,
Tuscany,TSC,1791,,
Tuscany,TSC,1792,,
Tuscany,TSC,1793,,
Tuscany,TSC,1794,,
Tuscany,TSC,1795,,
Tuscany,TSC,1796,,
Tuscany,TSC,1797,,
Tuscany,TSC,1798,,
Tuscany,TSC,1799,,
Tuscany,TSC,1800,,
Tuscany,TSC,1801,,
Tuscany,TSC,1802,,
Tuscany,TSC,1803,,
Tuscany,TSC,1804,,
Tuscany,TSC,1805,,
Tuscany,TSC,1806,,
Tuscany,TSC,1807,,
Tuscany,TSC,1814,,
Tuscany,TSC,1815,,
Tuscany,TSC,1816,,
Tuscany,TSC,1817,,
Tuscany,TSC,1818,,
Tuscany,TSC,1819,,
Tuscany,TSC,1820,,
Tuscany,TSC,1821,,
Tuscany,TSC,1822,,
Tuscany,TSC,1823,,
Tuscany,TSC,1824,,
Tuscany,TSC,1825,,
Tuscany,TSC,1826,,
Tuscany,TSC,1827,,
Tuscany,TSC,1828,,
Tuscany,TSC,1829,,
Tuscany,TSC,1830,,
Tuscany,TSC,1831,,
Tuscany,TSC,1832,,
Tuscany,TSC,1833,,
Tuscany,TSC,1834,,
Tuscany,TSC,1835,,
Tuscany,TSC,1836,,
Tuscany,TSC,1837,,
Tuscany,TSC,1838,,
Tuscany,TSC,1839,,
Tuscany,TSC,1840,,
Tuscany,TSC,1841,,
Tuscany,TSC,1842,,
Tuscany,TSC,1843,,
Tuscany,TSC,1844,,
Tuscany,TSC,1845,,
Tuscany,TSC,1846,,
Tuscany,TSC,1847,,
Tuscany,TSC,1848,,
Tuscany,TSC,1849,,
Tuscany,TSC,1850,,
Tuscany,TSC,1851,,
Tuscany,TSC,1852,,
Tuscany,TSC,1853,,
Tuscany,TSC,1854,,
Tuscany,TSC,1855,,
Tuscany,TSC,1856,,
Tuscany,TSC,1857,,
Tuscany,TSC,1858,,
Tuscany,TSC,1859,,
Tuscany,TSC,1860,,
Tuscany,TSC,1861,,
Würtemberg,WRG,1789,,
Würtemberg,WRG,1790,,
Würtemberg,WRG,1791,,
Würtemberg,WRG,1792,,
Würtemberg,WRG,1793,,
Würtemberg,WRG,1794,,
Würtemberg,WRG,1795,,
Würtemberg,WRG,1796,,
Würtemberg,WRG,1797,,
Würtemberg,WRG,1798,,
Würtemberg,WRG,1799,,
Würtemberg,WRG,1800,,
Würtemberg,WRG,1801,,
Würtemberg,WRG,1802,,
Würtemberg,WRG,1803,,
Würtemberg,WRG,1804,,
Würtemberg,WRG,1805,,
Würtemberg,WRG,1806,,
Würtemberg,WRG,1807,,
Würtemberg,WRG,1808,,
Würtemberg,WRG,1809,,
Würtemberg,WRG,1810,,
Würtemberg,WRG,1811,,
Würtemberg,WRG,1812,,
Würtemberg,WRG,1813,,
Würtemberg,WRG,1814,,
Würtemberg,WRG,1815,,
Würtemberg,WRG,1816,,
Würtemberg,WRG,1817,,
Würtemberg,WRG,1818,,
Würtemberg,WRG,1819,,
Würtemberg,WRG,1820,,
Würtemberg,WRG,1821,,
Würtemberg,WRG,1822,,
Würtemberg,WRG,1823,,
Würtemberg,WRG,1824,,
Würtemberg,WRG,1825,,
Würtemberg,WRG,1826,,
Würtemberg,WRG,1827,,
Würtemberg,WRG,1828,,
Würtemberg,WRG,1829,,
Würtemberg,WRG,1830,,
Würtemberg,WRG,1831,,
Würtemberg,WRG,1832,,
Würtemberg,WRG,1833,,
Würtemberg,WRG,1834,,
Würtemberg,WRG,1835,,
Würtemberg,WRG,1836,,
Würtemberg,WRG,1837,,
Würtemberg,WRG,1838,,
Würtemberg,WRG,1839,,
Würtemberg,WRG,1840,,
Würtemberg,WRG,1841,,
Würtemberg,WRG,1842,,
Würtemberg,WRG,1843,,
Würtemberg,WRG,1844,,
Würtemberg,WRG,1845,,
Würtemberg,WRG,1846,,
Würtemberg,WRG,1847,,
Würtemberg,WRG,1848,,
Würtemberg,WRG,1849,,
Würtemberg,WRG,1850,,
Würtemberg,WRG,1851,,
Würtemberg,WRG,1852,,
Würtemberg,WRG,1853,,
Würtemberg,WRG,1854,,
Würtemberg,WRG,1855,,
Würtemberg,WRG,1856,,
Würtemberg,WRG,1857,,
Würtemberg,WRG,1858,,
Würtemberg,WRG,1859,,
Würtemberg,WRG,1860,,
Würtemberg,WRG,1861,,
Würtemberg,WRG,1862,,
Würtemberg,WRG,1863,,
Würtemberg,WRG,1864,,
Würtemberg,WRG,1865,,
Würtemberg,WRG,1866,,
Würtemberg,WRG,1867,,
Würtemberg,WRG,1868,,
Würtemberg,WRG,1869,,
Würtemberg,WRG,1870,,
Würtemberg,WRG,1871,,
Two Sicilies,TWS,1789,,
Two Sicilies,TWS,1790,,
Two Sicilies,TWS,1791,,
Two Sicilies,TWS,1792,,
Two Sicilies,TWS,1793,,
Two Sicilies,TWS,1794,,
Two Sicilies,TWS,1795,,
Two Sicilies,TWS,1796,,
Two Sicilies,TWS,1797,,
Two Sicilies,TWS,1798,,
Two Sicilies,TWS,1799,,
Two Sicilies,TWS,1800,,
Two Sicilies,TWS,1801,,
Two Sicilies,TWS,1802,,
Two Sicilies,TWS,1803,,
Two Sicilies,TWS,1804,,
Two Sicilies,TWS,1805,,
Two Sicilies,TWS,1806,,
Two Sicilies,TWS,1807,,
Two Sicilies,TWS,1808,,
Two Sicilies,TWS,1809,,
Two Sicilies,TWS,1810,,
Two Sicilies,TWS,1811,,
Two Sicilies,TWS,1812,,
Two Sicilies,TWS,1813,,
Two Sicilies,TWS,1814,,
Two Sicilies,TWS,1815,,
Two Sicilies,TWS,1816,,
Two Sicilies,TWS,1817,,
Two Sicilies,TWS,1818,,
Two Sicilies,TWS,1819,,
Two Sicilies,TWS,1820,,
Two Sicilies,TWS,1821,,
Two Sicilies,TWS,1822,,
Two Sicilies,TWS,1823,,
Two Sicilies,TWS,1824,,
Two Sicilies,TWS,1825,,
Two Sicilies,TWS,1826,,
Two Sicilies,TWS,1827,,
Two Sicilies,TWS,1828,,
Two Sicilies,TWS,1829,,
Two Sicilies,TWS,1830,,
Two Sicilies,TWS,1831,,
Two Sicilies,TWS,1832,,
Two Sicilies,TWS,1833,,
Two Sicilies,TWS,1834,,
Two Sicilies,TWS,1835,,
Two Sicilies,TWS,1836,,
Two Sicilies,TWS,1837,,
Two Sicilies,TWS,1838,,
Two Sicilies,TWS,1839,,
Two Sicilies,TWS,1840,,
Two Sicilies,TWS,1841,,
Two Sicilies,TWS,1842,,
Two Sicilies,TWS,1843,,
Two Sicilies,TWS,1844,,
Two Sicilies,TWS,1845,,
Two Sicilies,TWS,1846,,
Two Sicilies,TWS,1847,,
Two Sicilies,TWS,1848,,
Two Sicilies,TWS,1849,,
Two Sicilies,TWS,1850,,
Two Sicilies,TWS,1851,,
Two Sicilies,TWS,1852,,
Two Sicilies,TWS,1853,,
Two Sicilies,TWS,1854,,
Two Sicilies,TWS,1855,,
Two Sicilies,TWS,1856,,
Two Sicilies,TWS,1857,,
Two Sicilies,TWS,1858,,
Two Sicilies,TWS,1859,,
Two Sicilies,TWS,1860,,
Hanover,HVR,1789,,
Hanover,HVR,1790,,
Hanover,HVR,1791,,
Hanover,HVR,1792,,
Hanover,HVR,1793,,
Hanover,HVR,1794,,
Hanover,HVR,1795,,
Hanover,HVR,1796,,
Hanover,HVR,1797,,
Hanover,HVR,1798,,
Hanover,HVR,1799,,
Hanover,HVR,1800,,
Hanover,HVR,1801,,
Hanover,HVR,1802,,
Hanover,HVR,1803,,
Hanover,HVR,1804,,
Hanover,HVR,1805,,
Hanover,HVR,1806,,
Hanover,HVR,1807,,
Hanover,HVR,1808,,
Hanover,HVR,1809,,
Hanover,HVR,1810,,
Hanover,HVR,1813,,
Hanover,HVR,1814,,
Hanover,HVR,1815,,
Hanover,HVR,1816,,
Hanover,HVR,1817,,
Hanover,HVR,1818,,
Hanover,HVR,1819,,
Hanover,HVR,1820,,
Hanover,HVR,1821,,
Hanover,HVR,1822,,
Hanover,HVR,1823,,
Hanover,HVR,1824,,
Hanover,HVR,1825,,
Hanover,HVR,1826,,
Hanover,HVR,1827,,
Hanover,HVR,1828,,
Hanover,HVR,1829,,
Hanover,HVR,1830,,
Hanover,HVR,1831,,
Hanover,HVR,1832,,
Hanover,HVR,1833,,
Hanover,HVR,1834,,
Hanover,HVR,1835,,
Hanover,HVR,1836,,
Hanover,HVR,1837,,
Hanover,HVR,1838,,
Hanover,HVR,1839,,
Hanover,HVR,1840,,
Hanover,HVR,1841,,
Hanover,HVR,1842,,
Hanover,HVR,1843,,
Hanover,HVR,1844,,
Hanover,HVR,1845,,
Hanover,HVR,1846,,
Hanover,HVR,1847,,
Hanover,HVR,1848,,
Hanover,HVR,1849,,
Hanover,HVR,1850,,
Hanover,HVR,1851,,
Hanover,HVR,1852,,
Hanover,HVR,1853,,
Hanover,HVR,1854,,
Hanover,HVR,1855,,
Hanover,HVR,1856,,
Hanover,HVR,1857,,
Hanover,HVR,1858,,
Hanover,HVR,1859,,
Hanover,HVR,1860,,
Hanover,HVR,1861,,
Hanover,HVR,1862,,
Hanover,HVR,1863,,
Hanover,HVR,1864,,
Hanover,HVR,1865,,
Hanover,HVR,1866,,
Hesse-Kassel,HKS,1789,,
Hesse-Kassel,HKS,1790,,
Hesse-Kassel,HKS,1791,,
Hesse-Kassel,HKS,1792,,
Hesse-Kassel,HKS,1793,,
Hesse-Kassel,HKS,1794,,
Hesse-Kassel,HKS,1795,,
Hesse-Kassel,HKS,1796,,
Hesse-Kassel,HKS,1797,,
Hesse-Kassel,HKS,1798,,
Hesse-Kassel,HKS,1799,,
Hesse-Kassel,HKS,1800,,
Hesse-Kassel,HKS,1801,,
Hesse-Kassel,HKS,1802,,
Hesse-Kassel,HKS,1803,,
Hesse-Kassel,HKS,1804,,
Hesse-Kassel,HKS,1805,,
Hesse-Kassel,HKS,1806,,
Hesse-Kassel,HKS,1807,,
Hesse-Kassel,HKS,1808,,
Hesse-Kassel,HKS,1809,,
Hesse-Kassel,HKS,1810,,
Hesse-Kassel,HKS,1811,,
Hesse-Kassel,HKS,1812,,
Hesse-Kassel,HKS,1813,,
Hesse-Kassel,HKS,1814,,
Hesse-Kassel,HKS,1815,,
Hesse-Kassel,HKS,1816,,
Hesse-Kassel,HKS,1817,,
Hesse-Kassel,HKS,1818,,
Hesse-Kassel,HKS,1819,,
Hesse-Kassel,HKS,1820,,
Hesse-Kassel,HKS,1821,,
Hesse-Kassel,HKS,1822,,
Hesse-Kassel,HKS,1823,,
Hesse-Kassel,HKS,1824,,
Hesse-Kassel,HKS,1825,,
Hesse-Kassel,HKS,1826,,
Hesse-Kassel,HKS,1827,,
Hesse-Kassel,HKS,1828,,
Hesse-Kassel,HKS,1829,,
Hesse-Kassel,HKS,1830,,
Hesse-Kassel,HKS,1831,,
Hesse-Kassel,HKS,1832,,
Hesse-Kassel,HKS,1833,,
Hesse-Kassel,HKS,1834,,
Hesse-Kassel,HKS,1835,,
Hesse-Kassel,HKS,1836,,
Hesse-Kassel,HKS,1837,,
Hesse-Kassel,HKS,1838,,
Hesse-Kassel,HKS,1839,,
Hesse-Kassel,HKS,1840,,
Hesse-Kassel,HKS,1841,,
Hesse-Kassel,HKS,1842,,
Hesse-Kassel,HKS,1843,,
Hesse-Kassel,HKS,1844,,
Hesse-Kassel,HKS,1845,,
Hesse-Kassel,HKS,1846,,
Hesse-Kassel,HKS,1847,,
Hesse-Kassel,HKS,1848,,
Hesse-Kassel,HKS,1849,,
Hesse-Kassel,HKS,1850,,
Hesse-Kassel,HKS,1851,,
Hesse-Kassel,HKS,1852,,
Hesse-Kassel,HKS,1853,,
Hesse-Kassel,HKS,1854,,
Hesse-Kassel,HKS,1855,,
Hesse-Kassel,HKS,1856,,
Hesse-Kassel,HKS,1857,,
Hesse-Kassel,HKS,1858,,
Hesse-Kassel,HKS,1859,,
Hesse-Kassel,HKS,1860,,
Hesse-Kassel,HKS,1861,,
Hesse-Kassel,HKS,1862,,
Hesse-Kassel,HKS,1863,,
Hesse-Kassel,HKS,1864,,
Hesse-Kassel,HKS,1865,,
Hesse-Kassel,HKS,1866,,
Hesse-Darmstadt,HDM,1789,,
Hesse-Darmstadt,HDM,1790,,
Hesse-Darmstadt,HDM,1791,,
Hesse-Darmstadt,HDM,1792,,
Hesse-Darmstadt,HDM,1793,,
Hesse-Darmstadt,HDM,1794,,
Hesse-Darmstadt,HDM,1795,,
Hesse-Darmstadt,HDM,1796,,
Hesse-Darmstadt,HDM,1797,,
Hesse-Darmstadt,HDM,1798,,
Hesse-Darmstadt,HDM,1799,,
Hesse-Darmstadt,HDM,1800,,
Hesse-Darmstadt,HDM,1801,,
Hesse-Darmstadt,HDM,1802,,
Hesse-Darmstadt,HDM,1803,,
Hesse-Darmstadt,HDM,1804,,
Hesse-Darmstadt,HDM,1805,,
Hesse-Darmstadt,HDM,1806,,
Hesse-Darmstadt,HDM,1807,,
Hesse-Darmstadt,HDM,1808,,
Hesse-Darmstadt,HDM,1809,,
Hesse-Darmstadt,HDM,1810,,
Hesse-Darmstadt,HDM,1811,,
Hesse-Darmstadt,HDM,1812,,
Hesse-Darmstadt,HDM,1813,,
Hesse-Darmstadt,HDM,1814,,
Hesse-Darmstadt,HDM,1815,,
Hesse-Darmstadt,HDM,1816,,
Hesse-Darmstadt,HDM,1817,,
Hesse-Darmstadt,HDM,1818,,
Hesse-Darmstadt,HDM,1819,,
Hesse-Darmstadt,HDM,1820,,
Hesse-Darmstadt,HDM,1821,,
Hesse-Darmstadt,HDM,1822,,
Hesse-Darmstadt,HDM,1823,,
Hesse-Darmstadt,HDM,1824,,
Hesse-Darmstadt,HDM,1825,,
Hesse-Darmstadt,HDM,1826,,
Hesse-Darmstadt,HDM,1827,,
Hesse-Darmstadt,HDM,1828,,
Hesse-Darmstadt,HDM,1829,,
Hesse-Darmstadt,HDM,1830,,
Hesse-Darmstadt,HDM,1831,,
Hesse-Darmstadt,HDM,1832,,
Hesse-Darmstadt,HDM,1833,,
Hesse-Darmstadt,HDM,1834,,
Hesse-Darmstadt,HDM,1835,,
Hesse-Darmstadt,HDM,1836,,
Hesse-Darmstadt,HDM,1837,,
Hesse-Darmstadt,HDM,1838,,
Hesse-Darmstadt,HDM,1839,,
Hesse-Darmstadt,HDM,1840,,
Hesse-Darmstadt,HDM,1841,,
Hesse-Darmstadt,HDM,1842,,
Hesse-Darmstadt,HDM,1843,,
Hesse-Darmstadt,HDM,1844,,
Hesse-Darmstadt,HDM,1845,,
Hesse-Darmstadt,HDM,1846,,
Hesse-Darmstadt,HDM,1847,,
Hesse-Darmstadt,HDM,1848,,
Hesse-Darmstadt,HDM,1849,,
Hesse-Darmstadt,HDM,1850,,
Hesse-Darmstadt,HDM,1851,,
Hesse-Darmstadt,HDM,1852,,
Hesse-Darmstadt,HDM,1853,,
Hesse-Darmstadt,HDM,1854,,
Hesse-Darmstadt,HDM,1855,,
Hesse-Darmstadt,HDM,1856,,
Hesse-Darmstadt,HDM,1857,,
Hesse-Darmstadt,HDM,1858,,
Hesse-Darmstadt,HDM,1859,,
Hesse-Darmstadt,HDM,1860,,
Hesse-Darmstadt,HDM,1861,,
Hesse-Darmstadt,HDM,1862,,
Hesse-Darmstadt,HDM,1863,,
Hesse-Darmstadt,HDM,1864,,
Hesse-Darmstadt,HDM,1865,,
Hesse-Darmstadt,HDM,1866,,
Hesse-Darmstadt,HDM,1867,,
Hesse-Darmstadt,HDM,1868,,
Hesse-Darmstadt,HDM,1869,,
Hesse-Darmstadt,HDM,1870,,
Hesse-Darmstadt,HDM,1871,,
Mecklenburg Schwerin,MCL,1789,,
Mecklenburg Schwerin,MCL,1790,,
Mecklenburg Schwerin,MCL,1791,,
Mecklenburg Schwerin,MCL,1792,,
Mecklenburg Schwerin,MCL,1793,,
Mecklenburg Schwerin,MCL,1794,,
Mecklenburg Schwerin,MCL,1795,,
Mecklenburg Schwerin,MCL,1796,,
Mecklenburg Schwerin,MCL,1797,,
Mecklenburg Schwerin,MCL,1798,,
Mecklenburg Schwerin,MCL,1799,,
Mecklenburg Schwerin,MCL,1800,,
Mecklenburg Schwerin,MCL,1801,,
Mecklenburg Schwerin,MCL,1802,,
Mecklenburg Schwerin,MCL,1803,,
Mecklenburg Schwerin,MCL,1804,,
Mecklenburg Schwerin,MCL,1805,,
Mecklenburg Schwerin,MCL,1806,,
Mecklenburg Schwerin,MCL,1807,,
Mecklenburg Schwerin,MCL,1808,,
Mecklenburg Schwerin,MCL,1809,,
Mecklenburg Schwerin,MCL,1810,,
Mecklenburg Schwerin,MCL,1811,,
Mecklenburg Schwerin,MCL,1812,,
Mecklenburg Schwerin,MCL,1813,,
Mecklenburg Schwerin,MCL,1814,,
Mecklenburg Schwerin,MCL,1815,,
Mecklenburg Schwerin,MCL,1816,,
Mecklenburg Schwerin,MCL,1817,,
Mecklenburg Schwerin,MCL,1818,,
Mecklenburg Schwerin,MCL,1819,,
Mecklenburg Schwerin,MCL,1820,,
Mecklenburg Schwerin,MCL,1821,,
Mecklenburg Schwerin,MCL,1822,,
Mecklenburg Schwerin,MCL,1823,,
Mecklenburg Schwerin,MCL,1824,,
Mecklenburg Schwerin,MCL,1825,,
Mecklenburg Schwerin,MCL,1826,,
Mecklenburg Schwerin,MCL,1827,,
Mecklenburg Schwerin,MCL,1828,,
Mecklenburg Schwerin,MCL,1829,,
Mecklenburg Schwerin,MCL,1830,,
Mecklenburg Schwerin,MCL,1831,,
Mecklenburg Schwerin,MCL,1832,,
Mecklenburg Schwerin,MCL,1833,,
Mecklenburg Schwerin,MCL,1834,,
Mecklenburg Schwerin,MCL,1835,,
Mecklenburg Schwerin,MCL,1836,,
Mecklenburg Schwerin,MCL,1837,,
Mecklenburg Schwerin,MCL,1838,,
Mecklenburg Schwerin,MCL,1839,,
Mecklenburg Schwerin,MCL,1840,,
Mecklenburg Schwerin,MCL,1841,,
Mecklenburg Schwerin,MCL,1842,,
Mecklenburg Schwerin,MCL,1843,,
Mecklenburg Schwerin,MCL,1844,,
Mecklenburg Schwerin,MCL,1845,,
Mecklenburg Schwerin,MCL,1846,,
Mecklenburg Schwerin,MCL,1847,,
Mecklenburg Schwerin,MCL,1848,,
Mecklenburg Schwerin,MCL,1849,,
Mecklenburg Schwerin,MCL,1850,,
Mecklenburg Schwerin,MCL,1851,,
Mecklenburg Schwerin,MCL,1852,,
Mecklenburg Schwerin,MCL,1853,,
Mecklenburg Schwerin,MCL,1854,,
Mecklenburg Schwerin,MCL,1855,,
Mecklenburg Schwerin,MCL,1856,,
Mecklenburg Schwerin,MCL,1857,,
Mecklenburg Schwerin,MCL,1858,,
Mecklenburg Schwerin,MCL,1859,,
Mecklenburg Schwerin,MCL,1860,,
Mecklenburg Schwerin,MCL,1861,,
Mecklenburg Schwerin,MCL,1862,,
Mecklenburg Schwerin,MCL,1863,,
Mecklenburg Schwerin,MCL,1864,,
Mecklenburg Schwerin,MCL,1865,,
Mecklenburg Schwerin,MCL,1866,,
Mecklenburg Schwerin,MCL,1867,,
Papal States,PPS,1789,,
Papal States,PPS,1790,,
Papal States,PPS,1791,,
Papal States,PPS,1792,,
Papal States,PPS,1793,,
Papal States,PPS,1794,,
Papal States,PPS,1795,,
Papal States,PPS,1796,,
Papal States,PPS,1797,,
Papal States,PPS,1798,,
Papal States,PPS,1799,,
Papal States,PPS,1800,,
Papal States,PPS,1801,,
Papal States,PPS,1802,,
Papal States,PPS,1803,,
Papal States,PPS,1804,,
Papal States,PPS,1805,,
Papal States,PPS,1806,,
Papal States,PPS,1807,,
Papal States,PPS,1808,,
Papal States,PPS,1809,,
Papal States,PPS,1814,,
Papal States,PPS,1815,,
Papal States,PPS,1816,,
Papal States,PPS,1817,,
Papal States,PPS,1818,,
Papal States,PPS,1819,,
Papal States,PPS,1820,,
Papal States,PPS,1821,,
Papal States,PPS,1822,,
Papal States,PPS,1823,,
Papal States,PPS,1824,,
Papal States,PPS,1825,,
Papal States,PPS,1826,,
Papal States,PPS,1827,,
Papal States,PPS,1828,,
Papal States,PPS,1829,,
Papal States,PPS,1830,,
Papal States,PPS,1831,,
Papal States,PPS,1832,,
Papal States,PPS,1833,,
Papal States,PPS,1834,,
Papal States,PPS,1835,,
Papal States,PPS,1836,,
Papal States,PPS,1837,,
Papal States,PPS,1838,,
Papal States,PPS,1839,,
Papal States,PPS,1840,,
Papal States,PPS,1841,,
Papal States,PPS,1842,,
Papal States,PPS,1843,,
Papal States,PPS,1844,,
Papal States,PPS,1845,,
Papal States,PPS,1846,,
Papal States,PPS,1847,,
Papal States,PPS,1848,,
Papal States,PPS,1849,,
Papal States,PPS,1850,,
Papal States,PPS,1851,,
Papal States,PPS,1852,,
Papal States,PPS,1853,,
Papal States,PPS,1854,,
Papal States,PPS,1855,,
Papal States,PPS,1856,,
Papal States,PPS,1857,,
Papal States,PPS,1858,,
Papal States,PPS,1859,,
Papal States,PPS,1860,,
Papal States,PPS,1861,,
Papal States,PPS,1862,,
Papal States,PPS,1863,,
Papal States,PPS,1864,,
Papal States,PPS,1865,,
Papal States,PPS,1866,,
Papal States,PPS,1867,,
Papal States,PPS,1868,,
Papal States,PPS,1869,,
Papal States,PPS,1870,,
Hamburg,HRG,1789,,
Hamburg,HRG,1790,,
Hamburg,HRG,1791,,
Hamburg,HRG,1792,,
Hamburg,HRG,1793,,
Hamburg,HRG,1794,,
Hamburg,HRG,1795,,
Hamburg,HRG,1796,,
Hamburg,HRG,1797,,
Hamburg,HRG,1798,,
Hamburg,HRG,1799,,
Hamburg,HRG,1800,,
Hamburg,HRG,1801,,
Hamburg,HRG,1802,,
Hamburg,HRG,1803,,
Hamburg,HRG,1804,,
Hamburg,HRG,1805,,
Hamburg,HRG,1806,,
Hamburg,HRG,1807,,
Hamburg,HRG,1808,,
Hamburg,HRG,1809,,
Hamburg,HRG,1810,,
Hamburg,HRG,1811,,
Hamburg,HRG,1812,,
Hamburg,HRG,1813,,
Hamburg,HRG,1814,,
Hamburg,HRG,1815,,
Hamburg,HRG,1816,,
Hamburg,HRG,1817,,
Hamburg,HRG,1818,,
Hamburg,HRG,1819,,
Hamburg,HRG,1820,,
Hamburg,HRG,1821,,
Hamburg,HRG,1822,,
Hamburg,HRG,1823,,
Hamburg,HRG,1824,,
Hamburg,HRG,1825,,
Hamburg,HRG,1826,,
Hamburg,HRG,1827,,
Hamburg,HRG,1828,,
Hamburg,HRG,1829,,
Hamburg,HRG,1830,,
Hamburg,HRG,1831,,
Hamburg,HRG,1832,,
Hamburg,HRG,1833,,
Hamburg,HRG,1834,,
Hamburg,HRG,1835,,
Hamburg,HRG,1836,,
Hamburg,HRG,1837,,
Hamburg,HRG,1838,,
Hamburg,HRG,1839,,
Hamburg,HRG,1840,,
Hamburg,HRG,1841,,
Hamburg,HRG,1842,,
Hamburg,HRG,1843,,
Hamburg,HRG,1844,,
Hamburg,HRG,1845,,
Hamburg,HRG,1846,,
Hamburg,HRG,1847,,
Hamburg,HRG,1848,,
Hamburg,HRG,1849,,
Hamburg,HRG,1850,,
Hamburg,HRG,1851,,
Hamburg,HRG,1852,,
Hamburg,HRG,1853,,
Hamburg,HRG,1854,,
Hamburg,HRG,1855,,
Hamburg,HRG,1856,,
Hamburg,HRG,1857,,
Hamburg,HRG,1858,,
Hamburg,HRG,1859,,
Hamburg,HRG,1860,,
Hamburg,HRG,1861,,
Hamburg,HRG,1862,,
Hamburg,HRG,1863,,
Hamburg,HRG,1864,,
Hamburg,HRG,1865,,
Hamburg,HRG,1866,,
Hamburg,HRG,1867,,
Brunswick,BRW,1789,,
Brunswick,BRW,1790,,
Brunswick,BRW,1791,,
Brunswick,BRW,1792,,
Brunswick,BRW,1793,,
Brunswick,BRW,1794,,
Brunswick,BRW,1795,,
Brunswick,BRW,1796,,
Brunswick,BRW,1797,,
Brunswick,BRW,1798,,
Brunswick,BRW,1799,,
Brunswick,BRW,1800,,
Brunswick,BRW,1801,,
Brunswick,BRW,1802,,
Brunswick,BRW,1803,,
Brunswick,BRW,1804,,
Brunswick,BRW,1805,,
Brunswick,BRW,1806,,
Brunswick,BRW,1807,,
Brunswick,BRW,1813,,
Brunswick,BRW,1814,,
Brunswick,BRW,1815,,
Brunswick,BRW,1816,,
Brunswick,BRW,1817,,
Brunswick,BRW,1818,,
Brunswick,BRW,1819,,
Brunswick,BRW,1820,,
Brunswick,BRW,1821,,
Brunswick,BRW,1822,,
Brunswick,BRW,1823,,
Brunswick,BRW,1824,,
Brunswick,BRW,1825,,
Brunswick,BRW,1826,,
Brunswick,BRW,1827,,
Brunswick,BRW,1828,,
Brunswick,BRW,1829,,
Brunswick,BRW,1830,,
Brunswick,BRW,1831,,
Brunswick,BRW,1832,,
Brunswick,BRW,1833,,
Brunswick,BRW,1834,,
Brunswick,BRW,1835,,
Brunswick,BRW,1836,,
Brunswick,BRW,1837,,
Brunswick,BRW,1838,,
Brunswick,BRW,1839,,
Brunswick,BRW,1840,,
Brunswick,BRW,1841,,
Brunswick,BRW,1842,,
Brunswick,BRW,1843,,
Brunswick,BRW,1844,,
Brunswick,BRW,1845,,
Brunswick,BRW,1846,,
Brunswick,BRW,1847,,
Brunswick,BRW,1848,,
Brunswick,BRW,1849,,
Brunswick,BRW,1850,,
Brunswick,BRW,1851,,
Brunswick,BRW,1852,,
Brunswick,BRW,1853,,
Brunswick,BRW,1854,,
Brunswick,BRW,1855,,
Brunswick,BRW,1856,,
Brunswick,BRW,1857,,
Brunswick,BRW,1858,,
Brunswick,BRW,1859,,
Brunswick,BRW,1860,,
Brunswick,BRW,1861,,
Brunswick,BRW,1862,,
Brunswick,BRW,1863,,
Brunswick,BRW,1864,,
Brunswick,BRW,1865,,
Brunswick,BRW,1866,,
Brunswick,BRW,1867,,
Oldenburg,OLD,1789,,
Oldenburg,OLD,1790,,
Oldenburg,OLD,1791,,
Oldenburg,OLD,1792,,
Oldenburg,OLD,1793,,
Oldenburg,OLD,1794,,
Oldenburg,OLD,1795,,
Oldenburg,OLD,1796,,
Oldenburg,OLD,1797,,
Oldenburg,OLD,1798,,
Oldenburg,OLD,1799,,
Oldenburg,OLD,1800,,
Oldenburg,OLD,1801,,
Oldenburg,OLD,1802,,
Oldenburg,OLD,1803,,
Oldenburg,OLD,1804,,
Oldenburg,OLD,1805,,
Oldenburg,OLD,1806,,
Oldenburg,OLD,1807,,
Oldenburg,OLD,1808,,
Oldenburg,OLD,1809,,
Oldenburg,OLD,1810,,
Oldenburg,OLD,1813,,
Oldenburg,OLD,1814,,
Oldenburg,OLD,1815,,
Oldenburg,OLD,1816,,
Oldenburg,OLD,1817,,
Oldenburg,OLD,1818,,
Oldenburg,OLD,1819,,
Oldenburg,OLD,1820,,
Oldenburg,OLD,1821,,
Oldenburg,OLD,1822,,
Oldenburg,OLD,1823,,
Oldenburg,OLD,1824,,
Oldenburg,OLD,1825,,
Oldenburg,OLD,1826,,
Oldenburg,OLD,1827,,
Oldenburg,OLD,1828,,
Oldenburg,OLD,1829,,
Oldenburg,OLD,1830,,
Oldenburg,OLD,1831,,
Oldenburg,OLD,1832,,
Oldenburg,OLD,1833,,
Oldenburg,OLD,1834,,
Oldenburg,OLD,1835,,
Oldenburg,OLD,1836,,
Oldenburg,OLD,1837,,
Oldenburg,OLD,1838,,
Oldenburg,OLD,1839,,
Oldenburg,OLD,1840,,
Oldenburg,OLD,1841,,
Oldenburg,OLD,1842,,
Oldenburg,OLD,1843,,
Oldenburg,OLD,1844,,
Oldenburg,OLD,1845,,
Oldenburg,OLD,1846,,
Oldenburg,OLD,1847,,
Oldenburg,OLD,1848,,
Oldenburg,OLD,1849,,
Oldenburg,OLD,1850,,
Oldenburg,OLD,1851,,
Oldenburg,OLD,1852,,
Oldenburg,OLD,1853,,
Oldenburg,OLD,1854,,
Oldenburg,OLD,1855,,
Oldenburg,OLD,1856,,
Oldenburg,OLD,1857,,
Oldenburg,OLD,1858,,
Oldenburg,OLD,1859,,
Oldenburg,OLD,1860,,
Oldenburg,OLD,1861,,
Oldenburg,OLD,1862,,
Oldenburg,OLD,1863,,
Oldenburg,OLD,1864,,
Oldenburg,OLD,1865,,
Oldenburg,OLD,1866,,
Oldenburg,OLD,1867,,
Saxe-Weimar-Eisenach,SAX,1809,,
Saxe-Weimar-Eisenach,SAX,1810,,
Saxe-Weimar-Eisenach,SAX,1811,,
Saxe-Weimar-Eisenach,SAX,1812,,
Saxe-Weimar-Eisenach,SAX,1813,,
Saxe-Weimar-Eisenach,SAX,1814,,
Saxe-Weimar-Eisenach,SAX,1815,,
Saxe-Weimar-Eisenach,SAX,1816,,
Saxe-Weimar-Eisenach,SAX,1817,,
Saxe-Weimar-Eisenach,SAX,1818,,
Saxe-Weimar-Eisenach,SAX,1819,,
Saxe-Weimar-Eisenach,SAX,1820,,
Saxe-Weimar-Eisenach,SAX,1821,,
Saxe-Weimar-Eisenach,SAX,1822,,
Saxe-Weimar-Eisenach,SAX,1823,,
Saxe-Weimar-Eisenach,SAX,1824,,
Saxe-Weimar-Eisenach,SAX,1825,,
Saxe-Weimar-Eisenach,SAX,1826,,
Saxe-Weimar-Eisenach,SAX,1827,,
Saxe-Weimar-Eisenach,SAX,1828,,
Saxe-Weimar-Eisenach,SAX,1829,,
Saxe-Weimar-Eisenach,SAX,1830,,
Saxe-Weimar-Eisenach,SAX,1831,,
Saxe-Weimar-Eisenach,SAX,1832,,
Saxe-Weimar-Eisenach,SAX,1833,,
Saxe-Weimar-Eisenach,SAX,1834,,
Saxe-Weimar-Eisenach,SAX,1835,,
Saxe-Weimar-Eisenach,SAX,1836,,
Saxe-Weimar-Eisenach,SAX,1837,,
Saxe-Weimar-Eisenach,SAX,1838,,
Saxe-Weimar-Eisenach,SAX,1839,,
Saxe-Weimar-Eisenach,SAX,1840,,
Saxe-Weimar-Eisenach,SAX,1841,,
Saxe-Weimar-Eisenach,SAX,1842,,
Saxe-Weimar-Eisenach,SAX,1843,,
Saxe-Weimar-Eisenach,SAX,1844,,
Saxe-Weimar-Eisenach,SAX,1845,,
Saxe-Weimar-Eisenach,SAX,1846,,
Saxe-Weimar-Eisenach,SAX,1847,,
Saxe-Weimar-Eisenach,SAX,1848,,
Saxe-Weimar-Eisenach,SAX,1849,,
Saxe-Weimar-Eisenach,SAX,1850,,
Saxe-Weimar-Eisenach,SAX,1851,,
Saxe-Weimar-Eisenach,SAX,1852,,
Saxe-Weimar-Eisenach,SAX,1853,,
Saxe-Weimar-Eisenach,SAX,1854,,
Saxe-Weimar-Eisenach,SAX,1855,,
Saxe-Weimar-Eisenach,SAX,1856,,
Saxe-Weimar-Eisenach,SAX,1857,,
Saxe-Weimar-Eisenach,SAX,1858,,
Saxe-Weimar-Eisenach,SAX,1859,,
Saxe-Weimar-Eisenach,SAX,1860,,
Saxe-Weimar-Eisenach,SAX,1861,,
Saxe-Weimar-Eisenach,SAX,1862,,
Saxe-Weimar-Eisenach,SAX,1863,,
Saxe-Weimar-Eisenach,SAX,1864,,
Saxe-Weimar-Eisenach,SAX,1865,,
Saxe-Weimar-Eisenach,SAX,1866,,
Saxe-Weimar-Eisenach,SAX,1867,,
Nassau,NSS,1806,,
Nassau,NSS,1807,,
Nassau,NSS,1808,,
Nassau,NSS,1809,,
Nassau,NSS,1810,,
Nassau,NSS,1811,,
Nassau,NSS,1812,,
Nassau,NSS,1813,,
Nassau,NSS,1814,,
Nassau,NSS,1815,,
Nassau,NSS,1816,,
Nassau,NSS,1817,,
Nassau,NSS,1818,,
Nassau,NSS,1819,,
Nassau,NSS,1820,,
Nassau,NSS,1821,,
Nassau,NSS,1822,,
Nassau,NSS,1823,,
Nassau,NSS,1824,,
Nassau,NSS,1825,,
Nassau,NSS,1826,,
Nassau,NSS,1827,,
Nassau,NSS,1828,,
Nassau,NSS,1829,,
Nassau,NSS,1830,,
Nassau,NSS,1831,,
Nassau,NSS,1832,,
Nassau,NSS,1833,,
Nassau,NSS,1834,,
Nassau,NSS,1835,,
Nassau,NSS,1836,,
Nassau,NSS,1837,,
Nassau,NSS,1838,,
Nassau,NSS,1839,,
Nassau,NSS,1840,,
Nassau,NSS,1841,,
Nassau,NSS,1842,,
Nassau,NSS,1843,,
Nassau,NSS,1844,,
Nassau,NSS,1845,,
Nassau,NSS,1846,,
Nassau,NSS,1847,,
Nassau,NSS,1848,,
Nassau,NSS,1849,,
Nassau,NSS,1850,,
Nassau,NSS,1851,,
Nassau,NSS,1852,,
Nassau,NSS,1853,,
Nassau,NSS,1854,,
Nassau,NSS,1855,,
Nassau,NSS,1856,,
Nassau,NSS,1857,,
Nassau,NSS,1858,,
Nassau,NSS,1859,,
Nassau,NSS,1860,,
Nassau,NSS,1861,,
Nassau,NSS,1862,,
Nassau,NSS,1863,,
Nassau,NSS,1864,,
Nassau,NSS,1865,,
Nassau,NSS,1866,,
Piedmont-Sardinia,SPD,1789,,
Piedmont-Sardinia,SPD,1790,,
Piedmont-Sardinia,SPD,1791,,
Piedmont-Sardinia,SPD,1792,,
Piedmont-Sardinia,SPD,1793,,
Piedmont-Sardinia,SPD,1794,,
Piedmont-Sardinia,SPD,1795,,
Piedmont-Sardinia,SPD,1796,,
Piedmont-Sardinia,SPD,1797,,
Piedmont-Sardinia,SPD,1798,,
Piedmont-Sardinia,SPD,1799,,
Piedmont-Sardinia,SPD,1800,,
Piedmont-Sardinia,SPD,1801,,
Piedmont-Sardinia,SPD,1802,,
Piedmont-Sardinia,SPD,1803,,
Piedmont-Sardinia,SPD,1804,,
Piedmont-Sardinia,SPD,1805,,
Piedmont-Sardinia,SPD,1806,,
Piedmont-Sardinia,SPD,1807,,
Piedmont-Sardinia,SPD,1808,,
Piedmont-Sardinia,SPD,1809,,
Piedmont-Sardinia,SPD,1810,,
Piedmont-Sardinia,SPD,1811,,
Piedmont-Sardinia,SPD,1812,,
Piedmont-Sardinia,SPD,1813,,
Piedmont-Sardinia,SPD,1814,,
Piedmont-Sardinia,SPD,1815,,
Piedmont-Sardinia,SPD,1816,,
Piedmont-Sardinia,SPD,1817,,
Piedmont-Sardinia,SPD,1818,,
Piedmont-Sardinia,SPD,1819,,
Piedmont-Sardinia,SPD,1820,,
Piedmont-Sardinia,SPD,1821,,
Piedmont-Sardinia,SPD,1822,,
Piedmont-Sardinia,SPD,1823,,
Piedmont-Sardinia,SPD,1824,,
Piedmont-Sardinia,SPD,1825,,
Piedmont-Sardinia,SPD,1826,,
Piedmont-Sardinia,SPD,1827,,
Piedmont-Sardinia,SPD,1828,,
Piedmont-Sardinia,SPD,1829,,
Piedmont-Sardinia,SPD,1830,,
Piedmont-Sardinia,SPD,1831,,
Piedmont-Sardinia,SPD,1832,,
Piedmont-Sardinia,SPD,1833,,
Piedmont-Sardinia,SPD,1834,,
Piedmont-Sardinia,SPD,1835,,
Piedmont-Sardinia,SPD,1836,,
Piedmont-Sardinia,SPD,1837,,
Piedmont-Sardinia,SPD,1838,,
Piedmont-Sardinia,SPD,1839,,
Piedmont-Sardinia,SPD,1840,,
Piedmont-Sardinia,SPD,1841,,
Piedmont-Sardinia,SPD,1842,,
Piedmont-Sardinia,SPD,1843,,
Piedmont-Sardinia,SPD,1844,,
Piedmont-Sardinia,SPD,1845,,
Piedmont-Sardinia,SPD,1846,,
Piedmont-Sardinia,SPD,1847,,
Piedmont-Sardinia,SPD,1848,,
Piedmont-Sardinia,SPD,1849,,
Piedmont-Sardinia,SPD,1850,,
Piedmont-Sardinia,SPD,1851,,
Piedmont-Sardinia,SPD,1852,,
Piedmont-Sardinia,SPD,1853,,
Piedmont-Sardinia,SPD,1854,,
Piedmont-Sardinia,SPD,1855,,
Piedmont-Sardinia,SPD,1856,,
Piedmont-Sardinia,SPD,1857,,
Piedmont-Sardinia,SPD,1858,,
Piedmont-Sardinia,SPD,1859,,
Piedmont-Sardinia,SPD,1860,,
Piedmont-Sardinia,SPD,1861,,
